file,TestFunction,dim,DrawMethod,log2n,shift,baker,mean,var,skewness,kurtosis,    ,MSE[A_r],MSE[M_r],MSE[L_r],MSE[N(3)_r],MSE[N(2)_r],MSE[N(3;1.0)_r]
RepsFixedparRQMC/IndSumNormal-4-Lat-RS-6-10000.dat,IndSumNormal,4,Lat,6,RS,False,6.0371068542949936e-05,0.0015540769433593756,-0.11054444272710187,2.5406124283679543,    ,6.757220742067249e-05,0.00014702878015953927,0.00015233307424595747,8.620538023529412e-05,7.514290149025207e-05,7.406231980145567e-05
RepsFixedparRQMC/IndSumNormal-4-Lat-RSB-6-10000.dat,IndSumNormal,4,Lat,6,RS,True,0.00014943356854296935,0.0027716229858398434,-0.4011127327135561,2.367458770372185,    ,0.00012052767760183546,0.00029574909331975307,0.00034491995865605147,0.00017712675731790036,0.00014241606855962355,0.00014352535856324372
RepsFixedparRQMC/IndSumNormal-4-Lat-RS-8-10000.dat,IndSumNormal,4,Lat,8,RS,False,-1.7363306456919635e-05,0.00028862933822631885,-0.1719853108170681,2.794749621777041,    ,1.254940314642498e-05,2.0085128962706364e-05,2.105833979431227e-05,1.555123628213383e-05,1.415125960743241e-05,1.3702835881074113e-05
RepsFixedparRQMC/IndSumNormal-4-Lat-RSB-8-10000.dat,IndSumNormal,4,Lat,8,RS,True,6.115231854310765e-05,0.00018495077575683637,0.05051776991942423,2.7316378018852316,    ,8.045077682447389e-06,1.547450160896335e-05,1.6162280832666572e-05,1.0364154425735613e-05,9.108540546261253e-06,8.952395310284292e-06
RepsFixedparRQMC/IndSumNormal-4-Lat-RS-10-10000.dat,IndSumNormal,4,Lat,10,RS,False,1.4843497931880293e-06,2.0311298131942777e-05,0.19398442940899155,2.6772476205714524,    ,8.831021220744292e-07,1.6354316501527864e-06,1.7815084544106786e-06,1.138886856175881e-06,9.776831849680968e-07,9.698088098311914e-07
RepsFixedparRQMC/IndSumNormal-4-Lat-RSB-10-10000.dat,IndSumNormal,4,Lat,10,RS,True,5.097631043202816e-06,5.2161206016540596e-05,-0.04929267805583183,2.575250731676555,    ,2.2679045083005393e-06,4.430556585865969e-06,4.782256702686561e-06,2.907278964639049e-06,2.519139626537469e-06,2.495811251580695e-06
RepsFixedparRQMC/IndSumNormal-4-Lat-RS-12-10000.dat,IndSumNormal,4,Lat,12,RS,False,-4.021486895899299e-05,1.0285160312651972e-05,0.37116382676011384,2.0805412158879766,    ,4.487981188441704e-07,1.4532161618901175e-06,1.7434449477398087e-06,6.973122585921583e-07,5.422290584914013e-07,5.552966525499473e-07
RepsFixedparRQMC/IndSumNormal-4-Lat-RSB-12-10000.dat,IndSumNormal,4,Lat,12,RS,True,-2.2685572086137513e-05,3.970868527889003e-06,-0.0004271295935529663,2.945265420496324,    ,1.731610929151798e-07,2.701302478730242e-07,2.878092757629305e-07,2.125258831948436e-07,1.8910048356283e-07,1.850514381486538e-07
RepsFixedparRQMC/IndSumNormal-4-Lat-RS-14-10000.dat,IndSumNormal,4,Lat,14,RS,False,-1.5063728597665096e-06,2.8495829924943003e-07,0.05323856317465695,2.8593066664009674,    ,1.239176043090699e-08,1.9303242375187555e-08,2.0701712123517928e-08,1.4815000447315546e-08,1.3237536150104763e-08,1.2929630760233297e-08
RepsFixedparRQMC/IndSumNormal-4-Lat-RSB-14-10000.dat,IndSumNormal,4,Lat,14,RS,True,-9.035723255245744e-08,5.717299936712598e-07,-0.07214070025823427,3.157991192715235,    ,2.4857833976223378e-08,3.766025099329015e-08,3.968972487061938e-08,2.9545708230023147e-08,2.6479963639872757e-08,2.590119926054385e-08
RepsFixedparRQMC/IndSumNormal-4-Lat-RS-16-10000.dat,IndSumNormal,4,Lat,16,RS,False,1.069310690456872e-06,3.7993974834632796e-08,0.052041373032147765,2.9722779495306524,    ,1.6530553746845862e-09,2.580700093045238e-09,2.7698332578711376e-09,2.0105994102599085e-09,1.7915136602705033e-09,1.7598789879353807e-09
RepsFixedparRQMC/IndSumNormal-4-Lat-RSB-16-10000.dat,IndSumNormal,4,Lat,16,RS,True,-7.98365102281291e-07,1.3675490707145775e-07,0.023459676124866137,3.082463063420292,    ,5.94650291168253e-09,9.671333060175162e-09,1.0362348569877795e-08,7.298086797938953e-09,6.5172469979355705e-09,6.413490733591406e-09
RepsRanparRQMC/IndSumNormal-4-Lat-Rp-RS-6-10000.dat,IndSumNormal,4,Lat-Rp,6,RS,False,-0.0005269991190383909,0.0015286375547990557,0.18644671790304929,3.7789050547802416,    ,6.674023045403487e-05,9.612354161609602e-05,9.833792150612114e-05,7.660877496703828e-05,6.960046373176795e-05,6.746829983867847e-05
RepsRanparRQMC/IndSumNormal-4-Lat-Rp-RSB-6-10000.dat,IndSumNormal,4,Lat-Rp,6,RS,True,7.03705414596393e-05,0.00145662932359187,-0.07205316891297346,3.6286996264145563,    ,6.333666173449097e-05,8.740446172635369e-05,8.709999567440191e-05,7.044489759842605e-05,6.651474431374206e-05,6.333369893605058e-05
RepsRanparQMC/IndSumNormal-4-Lat-Rp-6-10000.dat,IndSumNormal,4,Lat-Rp,6,qmc,False,-0.018321990663342898,0.002699521041530914,-0.12695962475736267,2.650188446407742,    ,0.0004530658219341858,0.00046202225008261746,0.0004629841480356103,0.00045830936397465657,0.0004493999369090573,0.00044799075587748484
RepsRanparQMC/IndSumNormal-4-Lat-Rp-B-6-10000.dat,IndSumNormal,4,Lat-Rp,6,qmc,True,0.005416748759777506,0.0022759301420310608,0.23905516285106398,3.0547732791656266,    ,0.00012829465156268422,0.00016941053893101493,0.00017397088668711866,0.00014164713615446735,0.0001328780662067267,0.00013053410821225244
RepsRanparRQMC/IndSumNormal-4-Lat-Rp-RS-8-10000.dat,IndSumNormal,4,Lat-Rp,8,RS,False,-7.477044485519069e-05,0.000381782473166323,0.12306651914331003,6.699033688514917,    ,1.6604828583177018e-05,1.74378788339913e-05,1.747116085201122e-05,1.6335823039689684e-05,1.613074421395931e-05,1.5111059024689011e-05
RepsRanparRQMC/IndSumNormal-4-Lat-Rp-RSB-8-10000.dat,IndSumNormal,4,Lat-Rp,8,RS,True,-0.00013345437289645829,0.00036194679093758635,-0.16328654462152856,5.677484717197166,    ,1.5754627066931548e-05,1.7974409021018553e-05,1.8018303852345817e-05,1.5702478460037716e-05,1.547670238644043e-05,1.4610506041420343e-05
RepsRanparQMC/IndSumNormal-4-Lat-Rp-8-10000.dat,IndSumNormal,4,Lat-Rp,8,qmc,False,-0.00513152574485032,0.000851216169188894,-0.5411488372338276,4.336438465594301,    ,6.334195513044833e-05,5.2065778216028244e-05,5.00483346222678e-05,5.5470855176877706e-05,5.8615723207478753e-05,5.6057609398346254e-05
RepsRanparQMC/IndSumNormal-4-Lat-Rp-B-8-10000.dat,IndSumNormal,4,Lat-Rp,8,qmc,True,0.0018598876415388166,0.0005595889412121806,0.4292808530796598,3.704772529062863,    ,2.7789136004895806e-05,3.274668256686779e-05,3.2933120881009905e-05,2.897015423352761e-05,2.810512917808483e-05,2.6899670852416537e-05
RepsRanparRQMC/IndSumNormal-4-Lat-Rp-RS-10-10000.dat,IndSumNormal,4,Lat-Rp,10,RS,False,0.00029745010297771803,8.822877805804792e-05,0.9719469244979215,30.5251200705998,    ,3.9245103923722344e-06,2.6973033166372667e-06,2.639805533987165e-06,2.9219295664915877e-06,3.167692441586663e-06,2.864816831716386e-06
RepsRanparRQMC/IndSumNormal-4-Lat-Rp-RSB-10-10000.dat,IndSumNormal,4,Lat-Rp,10,RS,True,0.00010328783388615468,8.941819814391033e-05,-0.46636237529319813,15.761645380661387,    ,3.8984161220163e-06,3.279989757861499e-06,3.36255906557912e-06,3.2261601316475737e-06,3.2750521563275183e-06,3.047680262411865e-06
RepsRanparQMC/IndSumNormal-4-Lat-Rp-10-10000.dat,IndSumNormal,4,Lat-Rp,10,qmc,False,-0.0015243598866034596,0.0002240912372167998,-1.070738753051919,9.968319685866868,    ,1.2066770334181356e-05,7.115065913830424e-06,6.7212675828285395e-06,8.434875297303394e-06,9.48800354798311e-06,8.572820463806151e-06
RepsRanparQMC/IndSumNormal-4-Lat-Rp-B-10-10000.dat,IndSumNormal,4,Lat-Rp,10,qmc,True,0.0005720538220814351,0.00014348265098617494,0.9843110965505729,7.257621756737956,    ,6.5656217051916706e-06,6.515992474403763e-06,6.716096563544749e-06,5.997247405589054e-06,5.941494960600244e-06,5.609408266032129e-06
RepsRanparRQMC/IndSumNormal-4-Lat-Rp-RS-12-10000.dat,IndSumNormal,4,Lat-Rp,12,RS,False,-3.0162585241204436e-05,2.286096849336773e-05,1.1702036556417643,89.37253737105726,    ,9.948649334339864e-07,4.3932714807882487e-07,4.226113834139446e-07,4.938845855062249e-07,5.667560248518959e-07,4.96668720643435e-07
RepsRanparRQMC/IndSumNormal-4-Lat-Rp-RSB-12-10000.dat,IndSumNormal,4,Lat-Rp,12,RS,True,1.2900604748406846e-05,2.103018760723715e-05,-0.5489431203093156,49.84226034493407,    ,9.145224085262289e-07,7.075435692277449e-07,7.08397845734789e-07,6.768903316120867e-07,6.966121437940067e-07,6.365245255342532e-07
RepsRanparQMC/IndSumNormal-4-Lat-Rp-12-10000.dat,IndSumNormal,4,Lat-Rp,12,qmc,False,-0.0005339429471684183,5.582269897492538e-05,-2.2233967761126125,33.61430393283118,    ,2.712168939305913e-06,8.397479785164076e-07,7.743648480619298e-07,1.256521710923392e-06,1.6350833526113045e-06,1.3751636977466743e-06
RepsRanparQMC/IndSumNormal-4-Lat-Rp-B-12-10000.dat,IndSumNormal,4,Lat-Rp,12,qmc,True,0.00011336551440050653,3.490184176753896e-05,2.225238305864429,23.051240870973064,    ,1.5303231210526373e-06,1.4989284370337819e-06,1.5149143727653639e-06,1.3083975911516234e-06,1.2691562947921542e-06,1.2016829255964447e-06
RepsRanparRQMC/IndSumNormal-4-Lat-Rp-RS-14-10000.dat,IndSumNormal,4,Lat-Rp,14,RS,False,1.4744122363535423e-05,4.531252292476331e-06,-0.8719952805079099,137.91874766638693,    ,1.9722835838237224e-07,6.82446385961044e-08,6.536310619923589e-08,7.76694737784219e-08,9.255347125579321e-08,8.014165052808709e-08
RepsRanparRQMC/IndSumNormal-4-Lat-Rp-RSB-14-10000.dat,IndSumNormal,4,Lat-Rp,14,RS,True,-3.542671927901834e-05,5.3234691597061125e-06,-7.169160246135115,227.59229870217655,    ,2.3271023329566187e-07,1.3570839227120166e-07,1.3506669359626432e-07,1.2853236590583146e-07,1.3407966149486482e-07,1.2262709610948817e-07
RepsRanparQMC/IndSumNormal-4-Lat-Rp-14-10000.dat,IndSumNormal,4,Lat-Rp,14,qmc,False,-0.00010612183358397727,1.5574325043928537e-05,-7.171791677322157,159.66287162544165,    ,6.88406410690553e-07,1.1188892129185578e-07,1.0405828510524611e-07,1.595421227465323e-07,2.605001734023354e-07,1.773410976580256e-07
RepsRanparQMC/IndSumNormal-4-Lat-Rp-B-14-10000.dat,IndSumNormal,4,Lat-Rp,14,qmc,True,6.562659475019371e-05,8.91353861460499e-06,4.454159785691921,78.2200448049382,    ,3.9185200709524486e-07,2.819151933915538e-07,2.835006080885951e-07,2.670856272931863e-07,2.716144011755954e-07,2.5209764652558354e-07
RepsRanparRQMC/IndSumNormal-4-Lat-Rp-RS-16-10000.dat,IndSumNormal,4,Lat-Rp,16,RS,False,3.204232682603581e-05,1.4485819584125158e-06,7.430258201949239,396.3652934696882,    ,6.400853498723153e-08,1.0657534090970007e-08,1.0324547069753576e-08,1.2577419908581508e-08,1.5678250772729947e-08,1.307146165921737e-08
RepsRanparRQMC/IndSumNormal-4-Lat-Rp-RSB-16-10000.dat,IndSumNormal,4,Lat-Rp,16,RS,True,-5.756633625102037e-07,1.0110535933240636e-06,1.0616172615391462,110.63799245211626,    ,4.3959183271961877e-08,2.3209711252970312e-08,2.294315037267482e-08,2.373082166729811e-08,2.5647934610252184e-08,2.340957116955522e-08
RepsRanparQMC/IndSumNormal-4-Lat-Rp-16-10000.dat,IndSumNormal,4,Lat-Rp,16,qmc,False,-1.6280815572163904e-05,3.5228782321705115e-06,-16.06183607874688,756.6145658551691,    ,1.5343368374571704e-07,1.6244202859117568e-08,1.5223876112472418e-08,2.1609608443175804e-08,3.160527052111238e-08,2.4037371774000527e-08
RepsRanparQMC/IndSumNormal-4-Lat-Rp-B-16-10000.dat,IndSumNormal,4,Lat-Rp,16,qmc,True,1.2663275518215272e-05,2.068373767991848e-06,7.58506395180135,275.44123457953765,    ,9.008965280736535e-08,5.0283322084581035e-08,4.984529991273555e-08,4.99529894980864e-08,5.411085576708012e-08,4.890744228567959e-08
RepsRanparRQMC/IndSumNormal-4-Lat-Rv-RS-6-10000.dat,IndSumNormal,4,Lat-Rv,6,RS,False,-0.0005740039314570543,0.0012076328515625004,0.14818428471031558,4.598511041855287,    ,5.283525666821947e-05,8.123774295410198e-05,7.344030572861605e-05,5.722075407951385e-05,5.40347724945089e-05,5.1796785769222486e-05
RepsRanparRQMC/IndSumNormal-4-Lat-Rv-RSB-6-10000.dat,IndSumNormal,4,Lat-Rv,6,RS,True,0.0003588085685429486,0.0015173843725585939,-0.09536456499554478,3.6954956062856112,    ,6.610197717836391e-05,0.00010395092160832362,9.667164344402599e-05,7.561480066644335e-05,7.077869886161175e-05,6.835962174639729e-05
RepsRanparQMC/IndSumNormal-4-Lat-Rv-6-10000.dat,IndSumNormal,4,Lat-Rv,6,qmc,False,-0.01307712893145704,0.0026361110839843733,-0.2745277902656935,2.716368503741863,    ,0.00028562482648057566,0.000275807588468936,0.00025846388418762867,0.00028116897311092267,0.00028308155075212015,0.0002781927551373656
RepsRanparQMC/IndSumNormal-4-Lat-Rv-B-6-10000.dat,IndSumNormal,4,Lat-Rv,6,qmc,True,-0.006336503931457055,0.002083568710937501,0.5994145022852468,3.09888613852759,    ,0.0001307412260271751,0.00037398996336437945,0.0003863322553180701,0.00019058683720594877,0.00015665077027799946,0.0001562114683356313
RepsRanparRQMC/IndSumNormal-4-Lat-Rv-RS-8-10000.dat,IndSumNormal,4,Lat-Rv,8,RS,False,-0.000140800806457018,0.00028313061386108396,0.023631940775546798,9.122994539880759,    ,1.2329851556711293e-05,1.259676126267632e-05,1.2001561807458747e-05,1.1246922321950778e-05,1.1166564581079646e-05,1.0579157387619095e-05
RepsRanparRQMC/IndSumNormal-4-Lat-Rv-RSB-8-10000.dat,IndSumNormal,4,Lat-Rv,8,RS,True,0.0003756054435429854,0.0003691695921325683,-0.415264337971718,7.947667055801855,    ,1.619193128106992e-05,1.4961366116739012e-05,1.4105644912972793e-05,1.4212835369468046e-05,1.4987188153213415e-05,1.3634563654089096e-05
RepsRanparQMC/IndSumNormal-4-Lat-Rv-8-10000.dat,IndSumNormal,4,Lat-Rv,8,qmc,False,-0.003598222681456977,0.0007312245306396475,-0.8364537565895662,5.523442504142443,    ,4.473957736272742e-05,3.451689022769669e-05,3.2098091486840114e-05,3.6296201903081804e-05,3.994150940139719e-05,3.747641333124667e-05
RepsRanparQMC/IndSumNormal-4-Lat-Rv-B-8-10000.dat,IndSumNormal,4,Lat-Rv,8,qmc,True,-0.0033443164314570064,0.000517147946777344,0.9367717877687498,4.772961278029315,    ,3.366914573185872e-05,6.032900021206711e-05,6.350783726853536e-05,4.717481287634848e-05,4.021632824900311e-05,3.877158786686537e-05
RepsRanparRQMC/IndSumNormal-4-Lat-Rv-RS-10-10000.dat,IndSumNormal,4,Lat-Rv,10,RS,False,-8.386721270695066e-05,7.483377036094656e-05,0.5139890920597792,40.74753612906166,    ,3.260675898973605e-06,1.929160879218945e-06,1.8606396635107465e-06,1.9683980755829852e-06,2.182788402452665e-06,1.939315110144681e-06
RepsRanparRQMC/IndSumNormal-4-Lat-Rv-RSB-10-10000.dat,IndSumNormal,4,Lat-Rv,10,RS,True,0.00019601559979305017,8.946209174156201e-05,-0.7886114351158775,23.944457080239317,    ,3.928078278038839e-06,2.939172709483835e-06,2.8944082404148217e-06,2.6306851212132077e-06,2.8484728473059815e-06,2.577775294293112e-06
RepsRanparQMC/IndSumNormal-4-Lat-Rv-10-10000.dat,IndSumNormal,4,Lat-Rv,10,qmc,False,-0.0009624804939569161,0.0001834158794784544,-1.612985182040628,15.483084251240383,    ,8.900972156832523e-06,4.175105613934637e-06,3.861696378351337e-06,5.2606551465182605e-06,6.448015547356732e-06,5.472582079795299e-06
RepsRanparQMC/IndSumNormal-4-Lat-Rv-B-10-10000.dat,IndSumNormal,4,Lat-Rv,10,qmc,True,-0.0010554492439569473,0.00012438652339935295,1.496929718840221,10.197817290331804,    ,6.522082819584637e-06,7.3023825261979144e-06,7.122594072278751e-06,6.969717494245245e-06,6.885800365291625e-06,6.288010103599525e-06
RepsRanparRQMC/IndSumNormal-4-Lat-Rv-RS-12-10000.dat,IndSumNormal,4,Lat-Rv,12,RS,False,-7.300295489440282e-05,1.8314612006545707e-05,1.4298573687500582,192.67374228782222,    ,8.016169099687798e-07,3.006569647165715e-07,2.89257632957136e-07,3.2599951435714924e-07,3.812572610817869e-07,3.3015670467906827e-07
RepsRanparRQMC/IndSumNormal-4-Lat-Rv-RSB-12-10000.dat,IndSumNormal,4,Lat-Rv,12,RS,True,8.373532635558547e-05,2.28946276897188e-05,-0.12571559309158423,68.50765228443883,    ,1.0024302000850417e-06,4.860242466133178e-07,4.867776794603144e-07,4.790574633691579e-07,5.434023479528511e-07,4.7344448143725253e-07
RepsRanparQMC/IndSumNormal-4-Lat-Rv-12-10000.dat,IndSumNormal,4,Lat-Rv,12,qmc,False,-0.0002911670173944174,4.6087624043821956e-05,-3.1742605566912667,55.01862357878032,    ,2.088587973054098e-06,5.895782949613164e-07,5.470206868552122e-07,7.64412912419512e-07,1.0392406434844746e-06,8.248717132272539e-07
RepsRanparQMC/IndSumNormal-4-Lat-Rv-B-12-10000.dat,IndSumNormal,4,Lat-Rv,12,qmc,True,-0.00034753908770690495,3.181407889365894e-05,2.930581205267771,31.10536016786633,    ,1.5040042389475798e-06,1.1098120281091514e-06,1.0675507708837178e-06,1.0895890270649012e-06,1.1826251409058078e-06,1.0535273335080865e-06
RepsRanparRQMC/IndSumNormal-4-Lat-Rv-RS-14-10000.dat,IndSumNormal,4,Lat-Rv,14,RS,False,-3.492922442563346e-05,5.619640301316735e-06,-12.452126293245605,373.6991296694778,    ,2.4555223773274733e-07,4.5229775079687516e-08,4.315243600588589e-08,5.317418165719594e-08,7.158851709906479e-08,5.626778234977465e-08
RepsRanparRQMC/IndSumNormal-4-Lat-Rv-RSB-14-10000.dat,IndSumNormal,4,Lat-Rv,14,RS,True,6.366696698063021e-05,7.22339965164758e-06,3.0143794968471482,248.51313998221698,    ,3.1811433710397265e-07,8.983816809153828e-08,9.007805895027673e-08,9.408343369842031e-08,1.1126093968522244e-07,9.345704353481349e-08
RepsRanparQMC/IndSumNormal-4-Lat-Rv-14-10000.dat,IndSumNormal,4,Lat-Rv,14,qmc,False,-0.00012982058184753584,1.1648078663313655e-05,-8.528456608327907,233.82585063141897,    ,5.232915862240004e-07,7.272906705042154e-08,6.743564009058835e-08,1.0417537797288536e-07,1.4947064498644897e-07,1.1589773594047732e-07
RepsRanparQMC/IndSumNormal-4-Lat-Rv-B-14-10000.dat,IndSumNormal,4,Lat-Rv,14,qmc,True,-9.714846270685654e-05,7.429798483850364e-06,5.08863910382227,109.21968866992063,    ,3.324725404954517e-07,1.9445977483042603e-07,1.9469072676851113e-07,1.8961527333799694e-07,2.036401802810839e-07,1.84800958063972e-07
RepsRanparRQMC/IndSumNormal-4-Lat-Rv-RS-16-10000.dat,IndSumNormal,4,Lat-Rv,16,RS,False,-4.764124328017485e-06,1.23439488414477e-06,-14.627847292705175,1235.3482512239318,    ,5.3692039669515856e-08,7.18940062526764e-09,7.015234078302878e-09,8.33124279143563e-09,1.0996163747021099e-08,8.790169828768102e-09
RepsRanparRQMC/IndSumNormal-4-Lat-Rv-RSB-16-10000.dat,IndSumNormal,4,Lat-Rv,16,RS,True,-3.3908333123947774e-06,2.040939179189638e-06,-7.693293546955281,1199.8365941058694,    ,8.874798380227584e-08,1.6296678440349235e-08,1.6122281324719842e-08,1.7101995844087276e-08,1.964549654842108e-08,1.713004471612589e-08
RepsRanparQMC/IndSumNormal-4-Lat-Rv-16-10000.dat,IndSumNormal,4,Lat-Rv,16,qmc,False,-3.3595606261694024e-05,2.791054025059677e-06,-23.53197871567619,1096.8886619096356,    ,1.2247883976268543e-07,9.634090891075907e-09,9.0690970853674e-09,1.3886906013306206e-08,1.946677707989479e-08,1.5248844803527283e-08
RepsRanparQMC/IndSumNormal-4-Lat-Rv-B-16-10000.dat,IndSumNormal,4,Lat-Rv,16,qmc,True,-2.408938067571505e-05,1.6733295507712629e-06,8.805942635123635,430.97527695880115,    ,7.333375699052486e-08,3.443659622802105e-08,3.381266869368294e-08,3.466930370514961e-08,3.650877737809131e-08,3.344470087267483e-08
RepsFixedparRQMC/IndSumNormal-4-Sob-DS-6-10000.dat,IndSumNormal,4,Sob,6,DS,False,0.00014005856854294577,0.0006965731420898438,0.0818439772332915,2.9528382145092182,    ,3.0305405189137246e-05,5.667719607910205e-05,5.26947720602128e-05,3.648573202511842e-05,3.3003889632455494e-05,3.2051759108694735e-05
RepsFixedparRQMC/IndSumNormal-4-Sob-DS-8-10000.dat,IndSumNormal,4,Sob,8,DS,False,0.00012208981854295586,0.00016269517517089857,0.12396107838377132,2.645002439433068,    ,7.08860919209179e-06,1.312759390483263e-05,1.3900710240389937e-05,8.877812229050992e-06,7.73753084386115e-06,7.610402877069938e-06
RepsFixedparRQMC/IndSumNormal-4-Sob-DS-10-10000.dat,IndSumNormal,4,Sob,10,DS,False,7.326169354301244e-05,2.7790599822998064e-05,-0.07343482986016266,2.7824957527248073,    ,1.213654224566793e-06,2.136368527610516e-06,2.265868362279925e-06,1.5214728522303548e-06,1.3377565591593987e-06,1.3196643326613433e-06
RepsFixedparRQMC/IndSumNormal-4-Sob-DS-12-10000.dat,IndSumNormal,4,Sob,12,DS,False,-3.276857989440415e-05,5.935037536025056e-06,0.11386434443819447,2.862392226815635,    ,2.5911889009025486e-07,4.2536290090270274e-07,4.621676881997796e-07,3.2435434895839376e-07,2.8917612597971454e-07,2.8186201249848366e-07
RepsFixedparRQMC/IndSumNormal-4-Sob-DS-14-10000.dat,IndSumNormal,4,Sob,14,DS,False,-1.1070581847472662e-05,7.556918573007019e-07,0.050601144150347124,2.9445157950862377,    ,3.297872549116776e-08,5.144665804815328e-08,5.46182334585742e-08,4.024594220906235e-08,3.610261203783291e-08,3.542636161035992e-08
RepsFixedparRQMC/IndSumNormal-4-Sob-DS-16-10000.dat,IndSumNormal,4,Sob,16,DS,False,-9.212061339620936e-06,1.4728681906126443e-07,0.15882612220672773,2.909111512322938,    ,6.488636815919044e-09,1.0800444547791602e-08,1.1688595025666592e-08,8.15731222664331e-09,7.291335131102293e-09,7.102540123265545e-09
RepsRanparRQMC/IndSumNormal-4-Sob-LMS-DS-6-10000.dat,IndSumNormal,4,Sob-LMS,6,DS,False,-4.119143145705401e-05,0.0006746602319335939,0.05967353658251473,2.930365884206757,    ,2.9334750296355648e-05,5.924130174222191e-05,5.553482043693696e-05,3.60389717484799e-05,3.228283905284979e-05,3.149406955159679e-05
RepsRanparQMC/IndSumNormal-4-Sob-LMS-6-10000.dat,IndSumNormal,4,Sob-LMS,6,qmc,False,0.002336933568542946,0.0006502899780273438,0.07001142537732574,3.012508529187676,    ,3.3734735809319554e-05,6.95780845710749e-05,6.273096772176812e-05,3.940442377924171e-05,3.5993627809905956e-05,3.5316900213572555e-05
RepsRanparRQMC/IndSumNormal-4-Sob-LMS-DS-8-10000.dat,IndSumNormal,4,Sob-LMS,8,DS,False,0.0001416210685429535,0.00014879907226562507,0.03558727871801853,2.9662121382338604,    ,6.489581408169381e-06,1.147600250306802e-05,1.15929910344191e-05,7.966485474218404e-06,7.111736595997678e-06,6.987866461925954e-06
RepsRanparQMC/IndSumNormal-4-Sob-LMS-8-10000.dat,IndSumNormal,4,Sob-LMS,8,qmc,False,-2.5175806457046995e-05,0.00014842916122436524,0.015916478473187008,2.97481625940945,    ,6.454075613594468e-06,1.1420437305629866e-05,1.1518350220075243e-05,8.040187919204756e-06,7.163351088231086e-06,6.989305031233215e-06
RepsRanparRQMC/IndSumNormal-4-Sob-LMS-DS-10-10000.dat,IndSumNormal,4,Sob-LMS,10,DS,False,-4.6367212706986795e-05,2.982164359092712e-05,0.02751866811908343,2.9725210706729115,    ,1.298743118019742e-06,2.090189212761878e-06,2.1842840567637444e-06,1.5979802516433675e-06,1.4428163666254187e-06,1.3997347099436615e-06
RepsRanparQMC/IndSumNormal-4-Sob-LMS-10-10000.dat,IndSumNormal,4,Sob-LMS,10,qmc,False,7.599606854301338e-05,3.0031714782714904e-05,0.028650819669833606,2.962144191467732,    ,1.3115021321172511e-06,2.1217354122002463e-06,2.2158898369376708e-06,1.5888902240043815e-06,1.4206535406833564e-06,1.3978245191175257e-06
RepsRanparRQMC/IndSumNormal-4-Sob-LMS-DS-12-10000.dat,IndSumNormal,4,Sob-LMS,12,DS,False,1.737790448058649e-05,5.058049344420438e-06,0.011215382423467988,3.1498462573773365,    ,2.2021718045198153e-07,3.408726515948985e-07,3.578226263059909e-07,2.5780854624992726e-07,2.3450792396377628e-07,2.2691910025082479e-07
RepsRanparQMC/IndSumNormal-4-Sob-LMS-12-10000.dat,IndSumNormal,4,Sob-LMS,12,qmc,False,2.4140599793085915e-05,4.9583065128326465e-06,-0.05093669215969488,3.083299136907298,    ,2.1616131259457196e-07,3.331847678533047e-07,3.5356095740979986e-07,2.608940830367409e-07,2.3505595042993244e-07,2.2816215331217773e-07
RepsRanparRQMC/IndSumNormal-4-Sob-LMS-DS-14-10000.dat,IndSumNormal,4,Sob-LMS,14,DS,False,-1.3011499816227851e-05,8.573184525594097e-07,0.012210736871475544,3.1593880927246065,    ,3.744401445613768e-08,5.615042802631151e-08,5.9357476389278746e-08,4.335457596369522e-08,3.948137334998023e-08,3.8399168662326546e-08
RepsRanparQMC/IndSumNormal-4-Sob-LMS-14-10000.dat,IndSumNormal,4,Sob-LMS,14,qmc,False,1.0780004090022376e-05,8.702512588724502e-07,0.04757519009168642,3.204366139275495,    ,3.7953219743504824e-08,5.58147576322033e-08,5.87416869920254e-08,4.498152425276957e-08,4.1108533795969474e-08,3.984350337403519e-08
RepsRanparRQMC/IndSumNormal-4-Sob-LMS-DS-16-10000.dat,IndSumNormal,4,Sob-LMS,16,DS,False,4.069188660376534e-06,1.5198659925721635e-07,0.03487224721941433,3.2112296140786016,    ,6.624671307537056e-09,9.960251789607341e-09,1.0378129498524502e-08,7.766581506662576e-09,7.047310993240357e-09,6.821430288503383e-09
RepsRanparQMC/IndSumNormal-4-Sob-LMS-16-10000.dat,IndSumNormal,4,Sob-LMS,16,qmc,False,-1.558917165384692e-08,1.5073222525185005e-07,-0.021769865857006968,3.0102595134510675,    ,6.553575253972275e-09,9.905010995997837e-09,1.0521625171273292e-08,7.783679510889223e-09,7.0598187707791916e-09,6.847236936740183e-09
RepsRanparRQMC/IndSumNormal-4-Sob-NUS-6-10000.dat,IndSumNormal,4,Sob-NUS,6,NUS,False,5.683568542945982e-06,0.0006732645288085938,0.036224647755858416,2.8833403023239157,    ,2.9272403120716333e-05,6.296041945737601e-05,5.8150594963375215e-05,3.584362356646281e-05,3.1684255678501005e-05,3.1131384266866025e-05
RepsRanparRQMC/IndSumNormal-4-Sob-NUS-8-10000.dat,IndSumNormal,4,Sob-NUS,8,NUS,False,-7.947268145704627e-05,0.00015241544860839843,0.01944668919583298,2.9115630323109563,    ,6.633074542245731e-06,1.186013208629756e-05,1.2199133930961646e-05,8.274281327747465e-06,7.372877207220773e-06,7.220655732318845e-06
RepsRanparRQMC/IndSumNormal-4-Sob-NUS-10-10000.dat,IndSumNormal,4,Sob-NUS,10,NUS,False,-6.140627520698628e-05,2.984945296287539e-05,0.046797333536113914,2.93611513848001,    ,1.3015730333685087e-06,2.1650006117470346e-06,2.2870481312630313e-06,1.5839581184261053e-06,1.3966304463486828e-06,1.3723150239976614e-06
RepsRanparRQMC/IndSumNormal-4-Sob-NUS-12-10000.dat,IndSumNormal,4,Sob-NUS,12,NUS,False,-1.6142603331912298e-05,5.016941926479334e-06,0.0178557362881465,2.9688585200444457,    ,2.1838849348925904e-07,3.618645556632557e-07,3.817299910576994e-07,2.7582317728476213e-07,2.4676906899338657e-07,2.427843472516897e-07
RepsRanparRQMC/IndSumNormal-4-Sob-NUS-14-10000.dat,IndSumNormal,4,Sob-NUS,14,NUS,False,2.0702872931477516e-06,8.348546528816254e-07,0.038787492356933746,3.0342549426136394,    ,3.63023144756338e-08,5.717877632402101e-08,6.083829157219445e-08,4.4427652570262094e-08,3.970828750705875e-08,3.8807751802885526e-08
RepsRanparRQMC/IndSumNormal-4-Sob-NUS-16-10000.dat,IndSumNormal,4,Sob-NUS,16,NUS,False,-6.99343340993501e-06,1.536098491027951e-07,0.04768807664715204,3.0348974345726027,    ,6.727597202285069e-09,9.761823261579656e-09,1.043100202828106e-08,8.114261552124812e-09,7.288545530798693e-09,7.1361710116618116e-09
RepsFixedparRQMC/IndSumNormal-8-Lat-RS-6-10000.dat,IndSumNormal,8,Lat,6,RS,False,-0.00025525393145705617,0.0011587075781250003,-0.011913642007652176,2.930417363178297,    ,5.0443744922785164e-05,9.672687551080308e-05,9.388097372629712e-05,6.20303900492404e-05,5.546007104285734e-05,5.429117596360539e-05
RepsFixedparRQMC/IndSumNormal-8-Lat-RSB-6-10000.dat,IndSumNormal,8,Lat,6,RS,True,-3.337893145705274e-05,0.0016439835839843753,-0.028319666401264362,2.8077363423076327,    ,7.147866128282067e-05,0.00013461673453328527,0.00013483712503779352,8.877784089357623e-05,7.991056488640062e-05,7.779252754751058e-05
RepsFixedparRQMC/IndSumNormal-8-Lat-RS-8-10000.dat,IndSumNormal,8,Lat,8,RS,False,-0.00018064455645695664,0.00024352370834350613,-0.08926517798253779,2.9917447959942622,    ,1.0620619775060405e-05,1.7999837060935785e-05,1.8559542210348136e-05,1.3153703790719562e-05,1.1761100939514557e-05,1.1457116727983757e-05
RepsFixedparRQMC/IndSumNormal-8-Lat-RSB-8-10000.dat,IndSumNormal,8,Lat,8,RS,True,-0.00014080080645692677,0.0002140906968688968,0.034599565209927303,2.9709633445719685,    ,9.328116035311825e-06,1.533032105303176e-05,1.5764007137458817e-05,1.1298510237480152e-05,1.0061722001801952e-05,9.817827647754623e-06
RepsFixedparRQMC/IndSumNormal-8-Lat-RS-10-10000.dat,IndSumNormal,8,Lat,10,RS,False,-0.00017937502520682795,6.504811430931095e-05,-0.10885666525750573,2.8319243138294667,    ,2.8603542826814695e-06,4.534989431108973e-06,4.877094452742784e-06,3.5008040561464587e-06,3.0765455622305573e-06,3.029035000507068e-06
RepsFixedparRQMC/IndSumNormal-8-Lat-RSB-10-10000.dat,IndSumNormal,8,Lat,10,RS,True,-6.833986895681212e-05,6.384463405609136e-05,-0.011268127076034735,2.8216443072548216,    ,2.780523992301702e-06,4.621828317415858e-06,4.9414349106972915e-06,3.404116253269256e-06,3.062655472463375e-06,2.975810716597711e-06
RepsFixedparRQMC/IndSumNormal-8-Lat-RS-12-10000.dat,IndSumNormal,8,Lat,12,RS,False,-2.4272486144552688e-05,7.935133203863929e-06,0.06605065750236781,2.9921435828736316,    ,3.455949450559822e-07,5.254147856972348e-07,5.548605425144376e-07,4.206191090413508e-07,3.818841807502681e-07,3.706377527526235e-07
RepsFixedparRQMC/IndSumNormal-8-Lat-RSB-12-10000.dat,IndSumNormal,8,Lat,12,RS,True,-4.6538111145552716e-05,8.235858816504267e-06,-0.00017352938475257568,2.897144477254372,    ,3.60246613897877e-07,5.61885660995588e-07,6.031773239475301e-07,4.387444306326035e-07,3.9185781442452934e-07,3.841923089351787e-07
RepsFixedparRQMC/IndSumNormal-8-Lat-RS-14-10000.dat,IndSumNormal,8,Lat,14,RS,False,8.155492371767256e-06,1.054343187473735e-06,0.06059917793956698,2.995018810047252,    ,4.5907520206857915e-08,6.82231013418637e-08,7.368352391570866e-08,5.617024336471065e-08,5.0398188141352064e-08,4.9078636975814714e-08
RepsFixedparRQMC/IndSumNormal-8-Lat-RSB-14-10000.dat,IndSumNormal,8,Lat,14,RS,True,-1.4982935359297738e-05,1.5676404951514695e-06,-0.024512434891997156,2.9751782672404055,    ,6.838277074987088e-08,1.0544675411678812e-07,1.1265110902891839e-07,8.484556750204853e-08,7.556150936151933e-08,7.402867110607773e-08
RepsFixedparRQMC/IndSumNormal-8-Lat-RS-16-10000.dat,IndSumNormal,8,Lat,16,RS,False,7.520726722490784e-06,2.782015882056576e-07,0.025255257257192,2.9361114239854222,    ,1.2152282556767329e-08,1.9134658567367823e-08,2.059479992622666e-08,1.4689710636850054e-08,1.2972337984838423e-08,1.2744151745761609e-08
RepsFixedparRQMC/IndSumNormal-8-Lat-RSB-16-10000.dat,IndSumNormal,8,Lat,16,RS,True,-9.215113138542039e-06,3.581817917896201e-07,-0.01692526378883898,2.9734204831208126,    ,1.5658039692313525e-08,2.3511570098162034e-08,2.5049093334465453e-08,1.905610918635614e-08,1.714868147716173e-08,1.6759795483255732e-08
RepsRanparRQMC/IndSumNormal-8-Lat-Rp-RS-6-10000.dat,IndSumNormal,8,Lat-Rp,6,RS,False,0.0005266881456798276,0.001659340891051606,0.0627300057696965,3.0827973368276442,    ,7.242265653547818e-05,0.00011529137352352265,0.00011933619545923186,8.765983673708913e-05,7.945026130041718e-05,7.743388695052125e-05
RepsRanparRQMC/IndSumNormal-8-Lat-Rp-RSB-6-10000.dat,IndSumNormal,8,Lat-Rp,6,RS,True,-0.00024727229812595013,0.0015000265105890019,0.019391683871008585,3.128367057323871,    ,6.527968752807275e-05,0.00010619580677856635,0.00010891465772777309,7.964106376263386e-05,7.14356457884674e-05,7.023184235395572e-05
RepsRanparQMC/IndSumNormal-8-Lat-Rp-6-10000.dat,IndSumNormal,8,Lat-Rp,6,qmc,False,-0.018940840193457292,0.0032229218166278137,0.19281247148389535,2.895659731731673,    ,0.0004988824627396444,0.0006519092492980622,0.0006862061171585902,0.0005645853471572396,0.0005321487791253823,0.0005274813450162412
RepsRanparQMC/IndSumNormal-8-Lat-Rp-B-6-10000.dat,IndSumNormal,8,Lat-Rp,6,qmc,True,0.015549033903991875,0.0029579042496046875,0.1692992084752244,3.0022148317271036,    ,0.00037037698793899695,0.0003996739369534006,0.0003977075205587571,0.0003753680620421852,0.00037077977898172885,0.000365727624722188
RepsRanparRQMC/IndSumNormal-8-Lat-Rp-RS-8-10000.dat,IndSumNormal,8,Lat-Rp,8,RS,False,0.00018985881723817727,0.0004014521771259445,0.040812334719525015,3.337542555811299,    ,1.7490488854219797e-05,2.5795359940666746e-05,2.6821391488134116e-05,2.0130960064278235e-05,1.8367411831260584e-05,1.7900360944852357e-05
RepsRanparRQMC/IndSumNormal-8-Lat-Rp-RSB-8-10000.dat,IndSumNormal,8,Lat-Rp,8,RS,True,-0.0004180749188870409,0.0003861225935189377,-0.03831064643893231,3.6096813877023863,    ,1.696272548645187e-05,2.3958339014032765e-05,2.4858861900551694e-05,1.955385770028258e-05,1.8219122404229794e-05,1.7588323149391887e-05
RepsRanparQMC/IndSumNormal-8-Lat-Rp-8-10000.dat,IndSumNormal,8,Lat-Rp,8,qmc,False,-0.005863609226180948,0.0010358041984433,-0.011420613600624543,3.140494605193935,    ,7.941687830706302e-05,0.00010980107624715974,0.00011358570882080507,8.891578636605117e-05,8.397399840436883e-05,8.239387276728904e-05
RepsRanparQMC/IndSumNormal-8-Lat-Rp-B-8-10000.dat,IndSumNormal,8,Lat-Rp,8,qmc,True,0.003981452694472082,0.0007250701248520204,0.3044604096540866,3.191527081600343,    ,4.7376753595363367e-05,5.552633344320492e-05,5.641596169429493e-05,5.047718876297255e-05,4.9600405089798775e-05,4.8196272027161e-05
RepsRanparRQMC/IndSumNormal-8-Lat-Rp-RS-10-10000.dat,IndSumNormal,8,Lat-Rp,10,RS,False,-6.51192940052702e-05,9.424779437971607e-05,0.0358118944541767,3.9148852403412495,    ,4.101970712874182e-06,5.798066686086999e-06,6.019260854978025e-06,4.653196676332121e-06,4.300024596490541e-06,4.125997590368642e-06
RepsRanparRQMC/IndSumNormal-8-Lat-Rp-RSB-10-10000.dat,IndSumNormal,8,Lat-Rp,10,RS,True,-0.00013281118494837404,9.474592819711722e-05,-0.1517266667102273,5.372394052387448,    ,4.137026993330748e-06,4.779496066655842e-06,4.896573840966103e-06,4.175295217347718e-06,4.0020518104637e-06,3.808374756126009e-06
RepsRanparQMC/IndSumNormal-8-Lat-Rp-10-10000.dat,IndSumNormal,8,Lat-Rp,10,qmc,False,-0.002023939773097537,0.00028759607811208314,-0.04802712019476711,4.4349886333150925,    ,1.6600509514347116e-05,1.7757196605997277e-05,1.773074539014596e-05,1.6907242367353996e-05,1.666791224709884e-05,1.5985771978666644e-05
RepsRanparQMC/IndSumNormal-8-Lat-Rp-B-10-10000.dat,IndSumNormal,8,Lat-Rp,10,qmc,True,0.0008504589400205562,0.00018161146723055755,0.5533171640780339,4.035971735312527,    ,8.619431157815564e-06,9.629477991228958e-06,9.863840419873139e-06,8.998161054015834e-06,8.754984994212496e-06,8.262082017223347e-06
RepsRanparRQMC/IndSumNormal-8-Lat-Rp-RS-12-10000.dat,IndSumNormal,8,Lat-Rp,12,RS,False,-4.983104469298899e-05,2.434386166489583e-05,0.003196415066628578,8.400017535922405,    ,1.0609119010541438e-06,1.2524938062309156e-06,1.2809604579099223e-06,1.0823895625152908e-06,1.018026821262669e-06,9.766426071197723e-07
RepsRanparRQMC/IndSumNormal-8-Lat-Rp-RSB-12-10000.dat,IndSumNormal,8,Lat-Rp,12,RS,True,-7.601409815817548e-05,2.5012422925420657e-05,-0.5211236785446656,15.129347534992718,    ,1.0932747920501336e-06,1.0359024367048414e-06,1.0747489315804594e-06,9.25752552869127e-07,9.076415949208563e-07,8.633797730682437e-07
RepsRanparQMC/IndSumNormal-8-Lat-Rp-12-10000.dat,IndSumNormal,8,Lat-Rp,12,qmc,False,-0.0006533287190021607,7.419805309573905e-05,-0.4262103205020805,8.537758205440301,    ,3.6528407235833978e-06,2.7348814203349234e-06,2.6712672410287163e-06,3.064729077595643e-06,3.2658324574923057e-06,3.0134344214453094e-06
RepsRanparQMC/IndSumNormal-8-Lat-Rp-B-12-10000.dat,IndSumNormal,8,Lat-Rp,12,qmc,True,0.0002657893749312669,4.536200769652219e-05,1.1590783528567363,7.824121812087932,    ,2.0429051960229704e-06,2.1431895221601434e-06,2.1986675337852716e-06,1.9188745319747003e-06,1.9105668843860184e-06,1.8024317670308731e-06
RepsRanparRQMC/IndSumNormal-8-Lat-Rp-RS-14-10000.dat,IndSumNormal,8,Lat-Rp,14,RS,False,1.344590101120639e-05,6.260374577964193e-06,-0.03514048034330649,14.20679195007023,    ,2.723709912959246e-07,2.374957220146791e-07,2.402521333076452e-07,2.3664641029125182e-07,2.393767932080836e-07,2.233416843675816e-07
RepsRanparRQMC/IndSumNormal-8-Lat-Rp-RSB-14-10000.dat,IndSumNormal,8,Lat-Rp,14,RS,True,-1.9490220040073454e-05,6.435283819695072e-06,-2.079337721242931,69.89455388733256,    ,2.801748173596049e-07,2.4979393834453987e-07,2.605743381851042e-07,2.1445678859660914e-07,2.056000428331188e-07,1.967061203756418e-07
RepsRanparQMC/IndSumNormal-8-Lat-Rp-14-10000.dat,IndSumNormal,8,Lat-Rp,14,qmc,False,-0.00017582735852763508,1.864548311594686e-05,-1.0779212449540334,20.22258946248325,    ,8.415884389610169e-07,5.184574454177097e-07,5.032912312816718e-07,5.544022124198195e-07,6.386379588969054e-07,5.601299220779228e-07
RepsRanparQMC/IndSumNormal-8-Lat-Rp-B-14-10000.dat,IndSumNormal,8,Lat-Rp,14,qmc,True,6.436256385221125e-05,1.1168191453998021e-05,2.3820929870081478,22.635209840536763,    ,4.897160811038049e-07,4.727150052658777e-07,4.961058011520889e-07,4.0902983553499537e-07,4.0187757616349985e-07,3.7743466044156513e-07
RepsRanparRQMC/IndSumNormal-8-Lat-Rp-RS-16-10000.dat,IndSumNormal,8,Lat-Rp,16,RS,False,-3.770213675991197e-06,1.432179275653787e-06,0.5275760774184033,25.61195936401032,    ,6.228287867002294e-08,4.6534107482288016e-08,4.709343458755229e-08,4.5982186907967896e-08,4.697611099700107e-08,4.4006743934527155e-08
RepsRanparRQMC/IndSumNormal-8-Lat-Rp-RSB-16-10000.dat,IndSumNormal,8,Lat-Rp,16,RS,True,-3.18116093226299e-05,1.6523404963209598e-06,-6.158141518637832,175.26471275130746,    ,7.285286963208519e-08,5.256571472989195e-08,5.3928704036317164e-08,4.6721004382574984e-08,4.587015961526218e-08,4.3350792226691655e-08
RepsRanparQMC/IndSumNormal-8-Lat-Rp-16-10000.dat,IndSumNormal,8,Lat-Rp,16,qmc,False,-8.932107223752023e-05,4.369379943731994e-06,-3.26569215822918,74.82915427968864,    ,1.9795129497748614e-07,8.929162960621352e-08,8.610035389326365e-08,9.751997783962935e-08,1.1321477718477689e-07,9.86748880249988e-08
RepsRanparQMC/IndSumNormal-8-Lat-Rp-B-16-10000.dat,IndSumNormal,8,Lat-Rp,16,qmc,True,3.307854700392395e-05,2.5708276394872163e-06,4.070167629088976,73.29592340922899,    ,1.1286930503220456e-07,1.0912536359202853e-07,1.1423103860232161e-07,9.400216351031964e-08,8.713372654519125e-08,8.39483372492823e-08
RepsRanparRQMC/IndSumNormal-8-Lat-Rv-RS-6-10000.dat,IndSumNormal,8,Lat-Rv,6,RS,False,-0.00011775393145705551,0.0012705485937500002,0.10655184021693437,3.0980917378900292,    ,5.525510919489534e-05,0.00010104517844206869,9.835396391636403e-05,6.665863819293953e-05,5.915552881283501e-05,5.8245196732484547e-05
RepsRanparRQMC/IndSumNormal-8-Lat-Rv-RSB-6-10000.dat,IndSumNormal,8,Lat-Rv,6,RS,True,0.0005822460685429464,0.0015482037500000002,0.09320206502293503,2.993119893028697,    ,6.765221700607286e-05,0.00012470877760379563,0.00012262562852465985,8.327304212295268e-05,7.43225805744921e-05,7.313742214228681e-05
RepsRanparQMC/IndSumNormal-8-Lat-Rv-6-10000.dat,IndSumNormal,8,Lat-Rv,6,qmc,False,-0.017628691431457035,0.0029614842553710927,-0.007540237979510545,2.639293339478387,    ,0.00043953094660166114,0.0005296261193387958,0.0005374372137895629,0.0004641590697901866,0.00044715524831327144,0.00044467423182642697
RepsRanparQMC/IndSumNormal-8-Lat-Rv-B-6-10000.dat,IndSumNormal,8,Lat-Rv,6,qmc,True,-0.01441775393145705,0.0025133170312499997,0.3639625044995019,3.0499415837435913,    ,0.0003171462819606539,0.0005172911027047927,0.0005269686957857826,0.00038881470098379826,0.00035286666328619465,0.0003515552707396278
RepsRanparRQMC/IndSumNormal-8-Lat-Rv-RS-8-10000.dat,IndSumNormal,8,Lat-Rv,8,RS,False,2.716794354299214e-05,0.0003123496202087403,0.021032956614357955,3.718006142389688,    ,1.3581156367101585e-05,2.0266605179715587e-05,2.0677837953266293e-05,1.5809371626019038e-05,1.4369569972426833e-05,1.4011178949237407e-05
RepsRanparRQMC/IndSumNormal-8-Lat-Rv-RSB-8-10000.dat,IndSumNormal,8,Lat-Rv,8,RS,True,0.00020373044354299834,0.0004000428709411622,0.0010647653336004136,3.7069317403104267,    ,1.7434674395415888e-05,2.2948315327063686e-05,2.3309567342406717e-05,1.957726201838308e-05,1.8138164123015906e-05,1.7430491589885956e-05
RepsRanparQMC/IndSumNormal-8-Lat-Rv-8-10000.dat,IndSumNormal,8,Lat-Rv,8,qmc,False,-0.005355253931456953,0.0009129863427734368,-0.03170396870295016,3.4688788267019133,    ,6.837380305183893e-05,7.955792087328225e-05,8.11817850963843e-05,7.26797133194561e-05,6.996169766143968e-05,6.831296537815755e-05
RepsRanparQMC/IndSumNormal-8-Lat-Rv-B-8-10000.dat,IndSumNormal,8,Lat-Rv,8,qmc,True,-0.005998222681456984,0.0007061701654052729,0.5197067255816884,3.4400910383933634,    ,6.668172600613948e-05,0.0001200289322320053,0.00013034065612991058,8.681560908093219e-05,7.600876335640591e-05,7.537647078620224e-05
RepsRanparRQMC/IndSumNormal-8-Lat-Rv-RS-10-10000.dat,IndSumNormal,8,Lat-Rv,10,RS,False,7.570309979307222e-05,7.399497961997987e-05,-0.15612203886425524,5.486953394749942,    ,3.2229039862739266e-06,4.178632893889233e-06,4.275805590124321e-06,3.4329265706351496e-06,3.243550332434754e-06,3.1134002106073233e-06
RepsRanparRQMC/IndSumNormal-8-Lat-Rv-RSB-10-10000.dat,IndSumNormal,8,Lat-Rv,10,RS,True,0.00017365231854306822,9.89560845947266e-05,-0.06993907873117025,5.9249894706555315,    ,4.332593588375671e-06,4.472716403134623e-06,4.416922022784981e-06,4.2138828644225594e-06,4.187099089750791e-06,3.9402548599154275e-06
RepsRanparQMC/IndSumNormal-8-Lat-Rv-10-10000.dat,IndSumNormal,8,Lat-Rv,10,qmc,False,-0.0013542773689568838,0.00024378165584564192,-0.20009280288193057,5.248155415529308,    ,1.2433269620140167e-05,1.2173460705218968e-05,1.1792523174489428e-05,1.208312117191782e-05,1.2166786004411873e-05,1.1506328392941576e-05
RepsRanparQMC/IndSumNormal-8-Lat-Rv-B-10-10000.dat,IndSumNormal,8,Lat-Rv,10,qmc,True,-0.0018890429939569155,0.00017696512416839595,0.8824554792627547,4.616724160921598,    ,1.1262619266426226e-05,1.983654707672445e-05,2.188095686182423e-05,1.5561319800035224e-05,1.3307473368414999e-05,1.2868066187877535e-05
RepsRanparRQMC/IndSumNormal-8-Lat-Rv-RS-12-10000.dat,IndSumNormal,8,Lat-Rv,12,RS,False,1.220212323063986e-05,1.876661040723338e-05,-0.299119061265444,11.620538337237706,    ,8.160884747345262e-07,8.533643048551242e-07,8.675908902194227e-07,7.697123243469934e-07,7.397866663332593e-07,7.059133592878977e-07
RepsRanparRQMC/IndSumNormal-8-Lat-Rv-RSB-12-10000.dat,IndSumNormal,8,Lat-Rv,12,RS,True,5.038571698062547e-05,2.5604051417708508e-05,-0.3280576217719823,14.992084912985952,    ,1.1157583473325432e-06,8.681416420096066e-07,8.858048193658224e-07,7.840382167743571e-07,8.336075699119044e-07,7.537629708472184e-07
RepsRanparQMC/IndSumNormal-8-Lat-Rv-12-10000.dat,IndSumNormal,8,Lat-Rv,12,qmc,False,-0.0003966601814568942,6.11228811836254e-05,-0.5045204411947403,10.523603573932608,    ,2.814855872754521e-06,1.8446266707324875e-06,1.7673088585460114e-06,2.0499766619136243e-06,2.300274180219903e-06,2.078068210067801e-06
RepsRanparQMC/IndSumNormal-8-Lat-Rv-B-12-10000.dat,IndSumNormal,8,Lat-Rv,12,qmc,True,-0.0005602832283318637,4.584773486852591e-05,1.7800383755787215,10.124061483090404,    ,2.3072970728424063e-06,2.9829867373149117e-06,3.1039624099058604e-06,2.7596632928863643e-06,2.5565784927502528e-06,2.3251423796402956e-06
RepsRanparRQMC/IndSumNormal-8-Lat-Rv-RS-14-10000.dat,IndSumNormal,8,Lat-Rv,14,RS,False,1.783566815252607e-05,5.064523369036592e-06,1.266907097392284,97.53460436262081,    ,2.205147792774293e-07,1.7721246420668748e-07,1.800148566404888e-07,1.6015084579092134e-07,1.599805087426953e-07,1.50762599303219e-07
RepsRanparRQMC/IndSumNormal-8-Lat-Rv-RSB-14-10000.dat,IndSumNormal,8,Lat-Rv,14,RS,True,1.0261205261928245e-05,6.781719082444443e-06,-1.0804707803936746,58.84539673861619,    ,2.9496264374405533e-07,1.7640136124271536e-07,1.8079417934879698e-07,1.6412806511873914e-07,1.6843183063340354e-07,1.5405005849837963e-07
RepsRanparQMC/IndSumNormal-8-Lat-Rv-14-10000.dat,IndSumNormal,8,Lat-Rv,14,qmc,False,-0.00017662233966004887,1.6621102417967986e-05,-1.3113851061846113,37.091556353104835,    ,7.53852077735163e-07,3.4270490748220583e-07,3.31289034155748e-07,3.620931547901213e-07,4.3795646158222473e-07,3.761040520456557e-07
RepsRanparQMC/IndSumNormal-8-Lat-Rv-B-14-10000.dat,IndSumNormal,8,Lat-Rv,14,qmc,True,-0.0001714038338005657,1.1606901584715498e-05,3.471140503128946,30.570355639048206,    ,5.340271692291623e-07,4.308755456311166e-07,4.2965726962272035e-07,4.1166276183523307e-07,4.2987888371878306e-07,3.8113140980375015e-07
RepsRanparRQMC/IndSumNormal-8-Lat-Rv-RS-16-10000.dat,IndSumNormal,8,Lat-Rv,16,RS,False,7.114842957076151e-06,1.3019931481677472e-06,12.842264453982583,621.683786830486,    ,5.665901873672764e-08,3.376644711202797e-08,3.4235892062915955e-08,3.1235761692254745e-08,3.1454128416547384e-08,2.9652029967066793e-08
RepsRanparRQMC/IndSumNormal-8-Lat-Rv-RSB-16-10000.dat,IndSumNormal,8,Lat-Rv,16,RS,True,-6.9125618280955535e-06,1.5508881590123775e-06,-2.4584353133132653,226.8529012720918,    ,6.747770346808713e-08,3.7697495121599433e-08,3.870529459043644e-08,3.414734031079342e-08,3.3936732660085313e-08,3.182338977955353e-08
RepsRanparQMC/IndSumNormal-8-Lat-Rv-16-10000.dat,IndSumNormal,8,Lat-Rv,16,qmc,False,-4.161867755100468e-05,4.117001227515265e-06,-4.52335280641684,133.10651271240374,    ,1.807321676913234e-07,6.084035156225584e-08,5.907198812483877e-08,6.392704699560391e-08,7.299684773617716e-08,6.37610577617833e-08
RepsRanparQMC/IndSumNormal-8-Lat-Rv-B-16-10000.dat,IndSumNormal,8,Lat-Rv,16,qmc,True,-1.8492456847815615e-05,2.9112174656584465e-06,7.375560623145062,121.68601152975155,    ,1.2691664338020077e-07,7.417989030313447e-08,7.572690198449876e-08,6.816041125386413e-08,7.073621302580374e-08,6.446079584387379e-08
RepsFixedparRQMC/IndSumNormal-8-Sob-DS-6-10000.dat,IndSumNormal,8,Sob,6,DS,False,0.0004025585685429456,0.0008918476342773438,0.08169087691642996,3.114257253646693,    ,3.8938037500122296e-05,7.651949098837351e-05,7.104093189213198e-05,4.698951640799383e-05,4.213769853316898e-05,4.1214500861193356e-05
RepsFixedparRQMC/IndSumNormal-8-Sob-DS-8-10000.dat,IndSumNormal,8,Sob,8,DS,False,-2.439455645704116e-05,0.0001711061058044434,0.0531279234551114,2.915894062963745,    ,7.439990998925753e-06,1.2633925670598071e-05,1.286096757066247e-05,9.034146822605935e-06,8.100275779544438e-06,7.898186898089474e-06
RepsFixedparRQMC/IndSumNormal-8-Sob-DS-10-10000.dat,IndSumNormal,8,Sob,10,DS,False,-3.7187525206972356e-05,3.8313255300521863e-05,0.04944401478873934,3.0026397485864336,    ,1.667176620749361e-06,2.6065861586610895e-06,2.7568018665992053e-06,2.0254273265901604e-06,1.818632806146037e-06,1.7685567099509026e-06
RepsFixedparRQMC/IndSumNormal-8-Sob-DS-12-10000.dat,IndSumNormal,8,Sob,12,DS,False,1.0615209168110542e-05,8.226517369747166e-06,0.0845642560644984,2.961994530090405,    ,3.577873509155595e-07,5.844964133838734e-07,6.200586203184046e-07,4.4519522284501973e-07,3.983888516249195e-07,3.8947739766574317e-07
RepsFixedparRQMC/IndSumNormal-8-Sob-DS-14-10000.dat,IndSumNormal,8,Sob,14,DS,False,-1.4439722472452274e-05,2.1966361432895067e-06,0.03446950139291414,3.097449631801646,    ,9.571442485853826e-08,1.5109779378290566e-07,1.6162798754472064e-07,1.1868544369263256e-07,1.0685983253431148e-07,1.0392484541838607e-07
RepsFixedparRQMC/IndSumNormal-8-Sob-DS-16-10000.dat,IndSumNormal,8,Sob,16,DS,False,-6.409021788824618e-06,3.643603309779529e-07,-0.018532861899889987,2.9857628511581953,    ,1.5882829081070188e-08,2.4664389888334353e-08,2.626041219917457e-08,1.9116833126075095e-08,1.744193504999088e-08,1.6824021265155527e-08
RepsRanparRQMC/IndSumNormal-8-Sob-LMS-DS-6-10000.dat,IndSumNormal,8,Sob-LMS,6,DS,False,5.255856854294512e-05,0.0008224991967773437,0.06685353780773007,2.971490056477641,    ,3.5763597045620486e-05,7.156231497653168e-05,6.69727540456511e-05,4.321801634222847e-05,3.8784186175518944e-05,3.772183346119801e-05
RepsRanparQMC/IndSumNormal-8-Sob-LMS-6-10000.dat,IndSumNormal,8,Sob-LMS,6,qmc,False,-0.02471931643145706,0.0007783765600585941,0.05835495117597916,2.860233678124603,    ,0.0006448870639714854,0.0006913218465402419,0.0006876559147726269,0.0006558603697042761,0.0006480828552899357,0.0006468968869312867
RepsRanparRQMC/IndSumNormal-8-Sob-LMS-DS-8-10000.dat,IndSumNormal,8,Sob-LMS,8,DS,False,6.076169354295858e-05,0.00016769043441772465,0.013103743768172646,2.997187490532527,    ,7.2945804363467585e-06,1.2008971847589689e-05,1.2119468773481826e-05,8.782338148124732e-06,7.995017156332411e-06,7.728396539146055e-06
RepsRanparQMC/IndSumNormal-8-Sob-LMS-8-10000.dat,IndSumNormal,8,Sob-LMS,8,qmc,False,-0.003991191431457037,0.00015366461181640553,-0.019448277745444147,2.9102051105670896,    ,2.2610679121510223e-05,2.6593763518026646e-05,2.6756984072920254e-05,2.370800341214572e-05,2.2923299494255602e-05,2.268972468211747e-05
RepsRanparRQMC/IndSumNormal-8-Sob-LMS-DS-10-10000.dat,IndSumNormal,8,Sob-LMS,10,DS,False,9.980443543029253e-06,4.104412246704105e-05,0.07074054184542143,2.9454507486506003,    ,1.784626673037709e-06,2.8730076334083405e-06,3.0376411125036547e-06,2.1767193158161524e-06,1.9563706022552185e-06,1.914081503677741e-06
RepsRanparQMC/IndSumNormal-8-Sob-LMS-10-10000.dat,IndSumNormal,8,Sob-LMS,10,qmc,False,0.0008618359122930283,3.9730958700179973e-05,0.043282384854130794,3.0166757052530957,    ,2.470194126682303e-06,3.4055665107850754e-06,3.5457798492903308e-06,2.8261739982905184e-06,2.6352747643207162e-06,2.5836903416535346e-06
RepsRanparRQMC/IndSumNormal-8-Sob-LMS-DS-12-10000.dat,IndSumNormal,8,Sob-LMS,12,DS,False,-4.6757837706888726e-05,8.583096971511837e-06,0.009300675440970529,3.0758446561459825,    ,3.7536442458319055e-07,5.832374677370288e-07,6.13053747931251e-07,4.4928899026501846e-07,4.072633282331852e-07,3.963796568556973e-07
RepsRanparQMC/IndSumNormal-8-Sob-LMS-12-10000.dat,IndSumNormal,8,Sob-LMS,12,qmc,False,-3.7431665831888405e-05,8.189735295772577e-06,0.0872645685987135,3.0491499663820116,    ,3.574765772492361e-07,5.412573431122771e-07,5.675976713909134e-07,4.276496589828224e-07,3.8062975176094717e-07,3.7294548173237537e-07
RepsRanparRQMC/IndSumNormal-8-Sob-LMS-DS-14-10000.dat,IndSumNormal,8,Sob-LMS,14,DS,False,-2.5139185363077526e-05,1.891114497035741e-06,0.025952277062931624,2.9130436469793954,    ,8.285434807705574e-08,1.3587327743014876e-07,1.45339940981118e-07,1.0206440548539577e-07,9.066576457874579e-08,8.887471430466951e-08
RepsRanparQMC/IndSumNormal-8-Sob-LMS-14-10000.dat,IndSumNormal,8,Sob-LMS,14,qmc,False,2.2608617371296857e-05,1.8310042485222258e-06,-0.013645811692319178,2.889283807764856,    ,8.012002994997326e-08,1.251199501562274e-07,1.3409286938298432e-07,9.719246292492093e-08,8.685939127116201e-08,8.459357466820048e-08
RepsRanparRQMC/IndSumNormal-8-Sob-LMS-DS-16-10000.dat,IndSumNormal,8,Sob-LMS,16,DS,False,-7.678474724174228e-07,3.9579461697489256e-07,-0.0028367563575405572,2.9362790258330422,    ,1.7209051197344924e-08,2.8185218089099687e-08,2.9905034557457476e-08,2.078489593375928e-08,1.8519405114276082e-08,1.814982913000167e-08
RepsRanparQMC/IndSumNormal-8-Sob-LMS-16-10000.dat,IndSumNormal,8,Sob-LMS,16,qmc,False,-2.860903399586028e-05,3.8447789064607913e-07,0.050518761212426155,3.0869945066800444,    ,1.7534906854266686e-08,2.6902084477932383e-08,2.859331439999409e-08,2.143342343744157e-08,1.9183374299067052e-08,1.8747411957021076e-08
RepsRanparRQMC/IndSumNormal-8-Sob-NUS-6-10000.dat,IndSumNormal,8,Sob-NUS,6,NUS,False,-3.6914314570547725e-06,0.0007919131616210937,0.023247440313503565,2.898604369791338,    ,3.443102065367027e-05,7.079038901099463e-05,6.67440632696615e-05,4.2070658286814655e-05,3.7406349898581857e-05,3.662028660404394e-05
RepsRanparRQMC/IndSumNormal-8-Sob-NUS-8-10000.dat,IndSumNormal,8,Sob-NUS,8,NUS,False,0.0001853710685429586,0.00016856026855468757,0.05584130230510643,2.933192801151464,    ,7.363069761517435e-06,1.2905393594690248e-05,1.3052995847070508e-05,9.10505514214834e-06,8.218139359355244e-06,7.999239290245622e-06
RepsRanparRQMC/IndSumNormal-8-Sob-NUS-10-10000.dat,IndSumNormal,8,Sob-NUS,10,NUS,False,9.884763104302912e-05,4.082115016937259e-05,-0.002792337934284116,3.108905397431424,    ,1.7846034702224966e-06,2.898312467646605e-06,3.0435341463826037e-06,2.150210988041775e-06,1.9168945583069116e-06,1.8876467778794695e-06
RepsRanparRQMC/IndSumNormal-8-Sob-NUS-12-10000.dat,IndSumNormal,8,Sob-NUS,12,NUS,False,2.412084168112241e-06,8.510524079799648e-06,0.01824964906442676,2.915593843407392,    ,3.7002860422827967e-07,5.836784528513114e-07,6.210007617741808e-07,4.601403182237314e-07,4.011724721605392e-07,3.9739749412185026e-07
RepsRanparRQMC/IndSumNormal-8-Sob-NUS-14-10000.dat,IndSumNormal,8,Sob-NUS,14,NUS,False,-1.4281031066203254e-05,1.886198402605949e-06,-0.01998848001417577,2.974232736643752,    ,8.221257404857251e-08,1.2932030556740592e-07,1.3649641075038168e-07,1.0123481662921655e-07,9.104360180949636e-08,8.878757757988318e-08
RepsRanparRQMC/IndSumNormal-8-Sob-NUS-16-10000.dat,IndSumNormal,8,Sob-NUS,16,NUS,False,1.8291984260184503e-06,4.0112538254819996e-07,-0.006761417998424891,3.0512566934836878,    ,1.7443579990716528e-08,2.6723038075357487e-08,2.8374895655042964e-08,2.097036589972028e-08,1.8986059785833627e-08,1.8400682915051614e-08
RepsFixedparRQMC/IndSumNormal-16-Lat-RS-6-10000.dat,IndSumNormal,16,Lat,6,RS,False,0.0001588085685429448,0.001245940231933594,0.08065781805684843,3.0001319044707238,    ,5.419653459333805e-05,0.00010139268411967732,9.896835561683656e-05,6.540290081442445e-05,5.888806012291399e-05,5.725405885573248e-05
RepsFixedparRQMC/IndSumNormal-16-Lat-RSB-6-10000.dat,IndSumNormal,16,Lat,6,RS,True,-0.0005286914314570538,0.001556219724121094,0.06239325002684519,2.9073099910533813,    ,6.794124176539585e-05,0.00012578330480358984,0.00012385957590866498,8.027948339699487e-05,7.249554376246838e-05,7.010584357744632e-05
RepsFixedparRQMC/IndSumNormal-16-Lat-RS-8-10000.dat,IndSumNormal,16,Lat,8,RS,False,2.013669354304284e-05,0.00034170201400756864,0.004763829878168044,2.972499123593954,    ,1.4857014791103745e-05,2.416365560711855e-05,2.500096970499167e-05,1.783718917118462e-05,1.58872886102272e-05,1.5561980134588416e-05
RepsFixedparRQMC/IndSumNormal-16-Lat-RSB-8-10000.dat,IndSumNormal,16,Lat,8,RS,True,-0.00022244143145693095,0.0004328970727539067,-0.014962031964382144,2.791441024465876,    ,1.8871092049294117e-05,3.1082541150291974e-05,3.261846093580967e-05,2.3135369116903426e-05,2.0458158638377746e-05,2.017207625714158e-05
RepsFixedparRQMC/IndSumNormal-16-Lat-RS-10-10000.dat,IndSumNormal,16,Lat,10,RS,False,-2.8593775206849426e-05,6.994400435447694e-05,-0.07934310449033517,2.9519099278522813,    ,3.0418612715665336e-06,4.726097297181641e-06,4.992782231582874e-06,3.673887431016711e-06,3.3175636574096315e-06,3.2307817847567867e-06
RepsFixedparRQMC/IndSumNormal-16-Lat-RSB-10-10000.dat,IndSumNormal,16,Lat,10,RS,True,-4.031252520682925e-05,6.373717223167424e-05,0.010071035990232007,3.006091158963289,    ,2.7728065010656918e-06,4.383972070033582e-06,4.6010434038136815e-06,3.4004923566463155e-06,3.0774962466217047e-06,2.991519150433252e-06
RepsFixedparRQMC/IndSumNormal-16-Lat-RS-12-10000.dat,IndSumNormal,16,Lat,12,RS,False,-6.084009581781123e-06,1.3337675988674164e-05,-0.023094764192690388,2.9904504850483824,    ,5.799359712019027e-07,9.02590630821947e-07,9.576644598134763e-07,7.083074215071929e-07,6.36395672733403e-07,6.206416837938842e-07
RepsFixedparRQMC/IndSumNormal-16-Lat-RSB-12-10000.dat,IndSumNormal,16,Lat,12,RS,True,2.1992162293224407e-05,1.1907174348831174e-05,0.056093916989166874,3.0014573299561977,    ,5.181868877602086e-07,8.428420632580014e-07,8.966342701979828e-07,6.223725237170848e-07,5.592278097081514e-07,5.475423086487293e-07
RepsFixedparRQMC/IndSumNormal-16-Lat-RS-14-10000.dat,IndSumNormal,16,Lat,14,RS,False,1.094479900980324e-05,2.8326087854802577e-06,0.0474709542681393,2.9332456434068934,    ,1.2327669234189793e-07,1.875134052435185e-07,2.0277523064420808e-07,1.4918494424343055e-07,1.3231724218316564e-07,1.2986529011848688e-07
RepsFixedparRQMC/IndSumNormal-16-Lat-RSB-14-10000.dat,IndSumNormal,16,Lat,14,RS,True,-8.275171689885026e-06,2.061594507061092e-06,-0.0033697906461903357,2.9827624137703044,    ,8.970302225176194e-08,1.3868641019622877e-07,1.4819228160806123e-07,1.0966001465649842e-07,9.83877730137638e-08,9.573546731281782e-08
RepsFixedparRQMC/IndSumNormal-16-Lat-RS-16-10000.dat,IndSumNormal,16,Lat,16,RS,False,1.0775426445690229e-05,6.49930722636273e-07,0.024197979828746555,3.007601949752969,    ,2.8373967321011394e-08,4.266662795412421e-08,4.553812930717174e-08,3.374660882475927e-08,3.061533433299916e-08,2.970060312619771e-08
RepsFixedparRQMC/IndSumNormal-16-Lat-RSB-16-10000.dat,IndSumNormal,16,Lat,16,RS,True,8.75821451173701e-06,5.244999653442298e-07,-0.005144371762252897,2.9913332706504736,    ,2.288105264074794e-08,3.432621297483113e-08,3.6930979665660236e-08,2.7925055167278536e-08,2.5183974331016933e-08,2.450817945658824e-08
RepsRanparRQMC/IndSumNormal-16-Lat-Rp-RS-6-10000.dat,IndSumNormal,16,Lat-Rp,6,RS,False,-0.00038245002603305744,0.0016677148085751028,0.105176341349502,3.111673075918607,    ,7.265560752567803e-05,0.00011767795593022643,0.0001226826706305327,8.679936232886993e-05,7.849477327871569e-05,7.57354618789926e-05
RepsRanparRQMC/IndSumNormal-16-Lat-Rp-RSB-6-10000.dat,IndSumNormal,16,Lat-Rp,6,RS,True,-0.0003238445654966492,0.001575508623998344,0.05236942651072419,2.94666650802044,    ,6.860525025905146e-05,0.00011169975423783606,0.00011567911748642596,8.390668983608361e-05,7.480457428507808e-05,7.290612826724358e-05
RepsRanparQMC/IndSumNormal-16-Lat-Rp-6-10000.dat,IndSumNormal,16,Lat-Rp,6,qmc,False,-0.01996449537957994,0.003306212974322039,0.23098338142976102,2.9216941877567693,    ,0.0005423294659491835,0.0007012072434459471,0.0007394364226450083,0.0006175109154235255,0.0005744406065873379,0.0005756768993707697
RepsRanparQMC/IndSumNormal-16-Lat-Rp-B-6-10000.dat,IndSumNormal,16,Lat-Rp,6,qmc,True,0.029897812989734752,0.003328195302804989,0.14960945556463762,2.920800488162396,    ,0.001038583365169369,0.0010669119226228516,0.0010515132342353729,0.0010421304657043772,0.0010436644987176762,0.0010386238084406365
RepsRanparRQMC/IndSumNormal-16-Lat-Rp-RS-8-10000.dat,IndSumNormal,16,Lat-Rp,8,RS,False,9.744088006156078e-05,0.0004117676342803046,0.06071814044965183,3.2264197286825467,    ,1.7912435345989978e-05,2.508053691163263e-05,2.6455099698014167e-05,2.0551742847939547e-05,1.8989570326224497e-05,1.8374087932330153e-05
RepsRanparRQMC/IndSumNormal-16-Lat-Rp-RSB-8-10000.dat,IndSumNormal,16,Lat-Rp,8,RS,True,4.244157153405811e-05,0.0004043531116946383,0.03389473689747395,3.1857202909961457,    ,1.7582371360674205e-05,2.7010098230013364e-05,2.8498087306875858e-05,2.079340628760456e-05,1.9042337390180665e-05,1.8415911829327903e-05
RepsRanparQMC/IndSumNormal-16-Lat-Rp-8-10000.dat,IndSumNormal,16,Lat-Rp,8,qmc,False,-0.0066008850310398035,0.0011246441081126097,0.1262431052381173,3.033178020495866,    ,9.246925311094491e-05,0.00012729636953189464,0.00013433357563894332,0.00010600824026030469,9.837468628244184e-05,9.675542243520265e-05
RepsRanparQMC/IndSumNormal-16-Lat-Rp-B-8-10000.dat,IndSumNormal,16,Lat-Rp,8,qmc,True,0.008230190850082435,0.0008230333972614727,0.22773424562217745,3.1206973447262167,    ,0.00010352010217927944,0.00010351323761718568,0.00010267794686199665,0.00010244810607789101,0.00010215863168853147,0.0001008628479526567
RepsRanparRQMC/IndSumNormal-16-Lat-Rp-RS-10-10000.dat,IndSumNormal,16,Lat-Rp,10,RS,False,5.4115061246317594e-05,9.903571182375126e-05,0.052336776489553795,3.239310709083667,    ,4.308828953929835e-06,6.464269980673236e-06,6.814076922807481e-06,5.196378973125784e-06,4.682483041932703e-06,4.564755043285502e-06
RepsRanparRQMC/IndSumNormal-16-Lat-Rp-RSB-10-10000.dat,IndSumNormal,16,Lat-Rp,10,RS,True,-0.0001657647228758325,9.420269660343295e-05,-0.03889180841109822,3.715277291185902,    ,4.123247360890665e-06,5.061540340642287e-06,5.2623959457077805e-06,4.535018381563397e-06,4.174326302288527e-06,4.040787871495607e-06
RepsRanparQMC/IndSumNormal-16-Lat-Rp-10-10000.dat,IndSumNormal,16,Lat-Rp,10,qmc,False,-0.0018575284600824736,0.0003060331891251625,0.0467969996607089,3.3982696609575487,    ,1.675620281154517e-05,2.142158288484809e-05,2.2328395710029553e-05,1.877910819647051e-05,1.7451527173430793e-05,1.6992787816453898e-05
RepsRanparQMC/IndSumNormal-16-Lat-Rp-B-10-10000.dat,IndSumNormal,16,Lat-Rp,10,qmc,True,0.0020864947461825536,0.00019822896901865292,0.3278386916799767,3.4319543367223786,    ,1.2972111152745352e-05,1.4207707903182858e-05,1.4315950511152892e-05,1.3377067158398442e-05,1.3168375719609274e-05,1.2781267049603346e-05
RepsRanparRQMC/IndSumNormal-16-Lat-Rp-RS-12-10000.dat,IndSumNormal,16,Lat-Rp,12,RS,False,-1.0082553772559932e-05,2.4121688725982066e-05,-0.045357024743160335,3.6094968144520254,    ,1.048870732933275e-06,1.4422142306532378e-06,1.524838550371374e-06,1.211501310393092e-06,1.1181943381959064e-06,1.0822171662504626e-06
RepsRanparRQMC/IndSumNormal-16-Lat-Rp-RSB-12-10000.dat,IndSumNormal,16,Lat-Rp,12,RS,True,-6.4919203086457254e-06,2.4584585063408816e-05,-0.06763266910719318,5.055538191257689,    ,1.0689371477861988e-06,1.217579964878263e-06,1.235164673409353e-06,1.0953519936059404e-06,1.0723719332834666e-06,1.0092900848030584e-06
RepsRanparQMC/IndSumNormal-16-Lat-Rp-12-10000.dat,IndSumNormal,16,Lat-Rp,12,qmc,False,-0.0004808483221421901,8.441872070718271e-05,-0.1239794228863497,4.049046842466032,    ,3.901594270088816e-06,4.71658730978608e-06,4.8491321250549354e-06,4.178301625838574e-06,3.92598459525402e-06,3.7798610303578633e-06
RepsRanparQMC/IndSumNormal-16-Lat-Rp-B-12-10000.dat,IndSumNormal,16,Lat-Rp,12,qmc,True,0.0005633746139613501,5.029098117828159e-05,0.6907678626860791,4.488878421126409,    ,2.5039553547118216e-06,2.5002675580822455e-06,2.531421303662192e-06,2.4570304425905654e-06,2.4158707937468627e-06,2.3151062545940493e-06
RepsRanparRQMC/IndSumNormal-16-Lat-Rp-RS-14-10000.dat,IndSumNormal,16,Lat-Rp,14,RS,False,-2.4467027410262497e-05,6.192999886079476e-06,-0.25293784452454215,4.997126096053441,    ,2.6985950004244566e-07,3.5864074598955555e-07,3.688429096776356e-07,2.946040613427112e-07,2.7529725046636254e-07,2.6536410082090075e-07
RepsRanparRQMC/IndSumNormal-16-Lat-Rp-RSB-14-10000.dat,IndSumNormal,16,Lat-Rp,14,RS,True,-6.428408564034069e-06,6.356705533009835e-06,-0.3469545007162685,11.600726730210758,    ,2.7641982587187635e-07,2.7286538004401263e-07,2.8605494727253777e-07,2.439082266470152e-07,2.3634827428704036e-07,2.237263984385505e-07
RepsRanparQMC/IndSumNormal-16-Lat-Rp-14-10000.dat,IndSumNormal,16,Lat-Rp,14,qmc,False,-0.00021393851605407366,2.2406312778422793e-05,-0.28066335105937196,6.78404940194159,    ,1.019957200756758e-06,8.747999410610776e-07,8.64885930746782e-07,9.002151880734608e-07,9.311835307127275e-07,8.606486717884246e-07
RepsRanparQMC/IndSumNormal-16-Lat-Rp-B-14-10000.dat,IndSumNormal,16,Lat-Rp,14,qmc,True,0.0001764625474008332,1.2873705630655217e-05,1.4047045390930324,8.527602495005983,    ,5.908653624028094e-07,5.789688976519461e-07,5.982881416910326e-07,5.16897822869009e-07,5.31257307191097e-07,4.876902867967059e-07
RepsRanparRQMC/IndSumNormal-16-Lat-Rp-RS-16-10000.dat,IndSumNormal,16,Lat-Rp,16,RS,False,-1.0309214326363839e-05,1.5275641160834845e-06,-0.5066737847377711,10.676751463732197,    ,6.652211103409145e-08,7.615991453671758e-08,7.837318507495721e-08,6.440939067232875e-08,6.203606167250359e-08,5.900784156941013e-08
RepsRanparRQMC/IndSumNormal-16-Lat-Rp-RSB-16-10000.dat,IndSumNormal,16,Lat-Rp,16,RS,True,1.0197751528417127e-05,1.4930340655951967e-06,0.46578409208813965,28.837051244277745,    ,6.501851872733085e-08,6.590535571196164e-08,6.847467262116028e-08,5.685469858687893e-08,5.348601297937992e-08,5.135888714900191e-08
RepsRanparQMC/IndSumNormal-16-Lat-Rp-16-10000.dat,IndSumNormal,16,Lat-Rp,16,qmc,False,-7.150166917252316e-05,5.763229185801568e-06,-0.6204260823554417,16.223343930593533,    ,2.556876706858295e-07,1.631408593771538e-07,1.6129648292516207e-07,1.7141596411546711e-07,1.904944347380348e-07,1.7029732682419352e-07
RepsRanparQMC/IndSumNormal-16-Lat-Rp-B-16-10000.dat,IndSumNormal,16,Lat-Rp,16,qmc,True,5.967044571414577e-05,3.4493020897922668e-06,2.90615709320123,24.585916035369053,    ,1.5353021816964945e-07,1.2692171317845163e-07,1.31262399643012e-07,1.1303043769106992e-07,1.1771409389236566e-07,1.0585335529005747e-07
RepsRanparRQMC/IndSumNormal-16-Lat-Rv-RS-6-10000.dat,IndSumNormal,16,Lat-Rv,6,RS,False,-0.00012244143145705556,0.001259412790527344,0.07476623996196345,2.9581669005096134,    ,5.477206975315221e-05,0.00010296835214985636,9.927665337289216e-05,6.595569651458483e-05,5.9339838981773854e-05,5.8074367963309494e-05
RepsRanparRQMC/IndSumNormal-16-Lat-Rv-RSB-6-10000.dat,IndSumNormal,16,Lat-Rv,6,RS,True,-9.900393145705293e-05,0.0016361851171875007,0.08928299453433426,2.9749304045452742,    ,7.114828513442223e-05,0.00012839718834315524,0.0001253784330124839,8.504677778553856e-05,7.542807306176315e-05,7.38525477060365e-05
RepsRanparQMC/IndSumNormal-16-Lat-Rv-6-10000.dat,IndSumNormal,16,Lat-Rv,6,qmc,False,-0.015272441431457034,0.0030911493530273427,0.00822189961913142,2.703617841142629,    ,0.00036764526523499596,0.000459475011875001,0.00046402944024705704,0.0003970657203532267,0.0003788850416881674,0.0003752134073239344
RepsRanparQMC/IndSumNormal-16-Lat-Rv-B-6-10000.dat,IndSumNormal,16,Lat-Rv,6,qmc,True,-0.01225525393145705,0.0027508290625000006,0.2803142685302098,2.9275481986549106,    ,0.00026979251251145004,0.0004713559653786579,0.0004749205624667816,0.0003244744683748084,0.00029187797215156147,0.00029085731563180585
RepsRanparRQMC/IndSumNormal-16-Lat-Rv-RS-8-10000.dat,IndSumNormal,16,Lat-Rv,8,RS,False,-0.00016619143145700675,0.0003116522485351563,0.022386653498427198,3.0892996112750986,    ,1.3577717354287829e-05,2.0358262216086413e-05,2.108075168848679e-05,1.580469865089974e-05,1.425193670877862e-05,1.3820383077879175e-05
RepsRanparRQMC/IndSumNormal-16-Lat-Rv-RSB-8-10000.dat,IndSumNormal,16,Lat-Rv,8,RS,True,-0.00024626955645699867,0.0003995151170349122,0.0760182931722007,3.0858696711158378,    ,1.743087117421632e-05,2.6811611477052953e-05,2.7647202600074383e-05,2.0803106339980533e-05,1.9075825497129677e-05,1.8456418600028048e-05
RepsRanparQMC/IndSumNormal-16-Lat-Rv-8-10000.dat,IndSumNormal,16,Lat-Rv,8,qmc,False,-0.005558769556456949,0.0009569483445739738,-0.021680644457998253,2.9741024421603774,    ,7.250636874587841e-05,9.887416585407593e-05,0.00010215556788680845,8.150833954968368e-05,7.60312961364702e-05,7.509859673551417e-05
RepsRanparQMC/IndSumNormal-16-Lat-Rv-B-8-10000.dat,IndSumNormal,16,Lat-Rv,8,qmc,True,-0.00539119143145698,0.000791792185058593,0.34189192114656536,3.120164790343353,    ,6.349069222707573e-05,0.00010942968326714792,0.0001173183598126011,8.122388511171288e-05,7.190825424608343e-05,7.133881137685846e-05
RepsRanparRQMC/IndSumNormal-16-Lat-Rv-RS-10-10000.dat,IndSumNormal,16,Lat-Rv,10,RS,False,-4.1972681456919394e-05,7.488384246826172e-05,0.0236263837666577,3.2192604842342565,    ,3.2575809437391933e-06,4.841594873398116e-06,5.111183045459255e-06,3.87790897288791e-06,3.484782788365108e-06,3.3969134881675146e-06
RepsRanparRQMC/IndSumNormal-16-Lat-Rv-RSB-10-10000.dat,IndSumNormal,16,Lat-Rv,10,RS,True,4.923825604307879e-05,9.822618526458742e-05,-0.020366463943905747,3.664937941438874,    ,4.273128113014138e-06,5.570113452813462e-06,5.737824426861576e-06,4.861112552433662e-06,4.609344132524424e-06,4.406652474644915e-06
RepsRanparQMC/IndSumNormal-16-Lat-Rv-10-10000.dat,IndSumNormal,16,Lat-Rv,10,qmc,False,-0.0016053515877068692,0.00025844724196434003,-0.12382819777814114,3.2566985360810117,    ,1.3813990327298184e-05,1.785713159533196e-05,1.8396650151743424e-05,1.547897489702584e-05,1.4298365504506511e-05,1.4129213319201394e-05
RepsRanparQMC/IndSumNormal-16-Lat-Rv-B-10-10000.dat,IndSumNormal,16,Lat-Rv,10,qmc,True,-0.0019390429939569,0.00020468377040863027,0.4700786537960471,3.4295426990927895,    ,1.2659182098005959e-05,2.3155458278877535e-05,2.5458807180444408e-05,1.7012460652921115e-05,1.4779398196924112e-05,1.4572035652101414e-05
RepsRanparRQMC/IndSumNormal-16-Lat-Rv-RS-12-10000.dat,IndSumNormal,16,Lat-Rv,12,RS,False,-4.080080645684793e-05,1.8702998695373533e-05,-0.07119180194859658,3.662082950634107,    ,8.148385621281175e-07,1.1916514363927325e-06,1.2335676360357154e-06,9.39534884063597e-07,8.774783994594842e-07,8.410429132083387e-07
RepsRanparRQMC/IndSumNormal-16-Lat-Rv-RSB-12-10000.dat,IndSumNormal,16,Lat-Rv,12,RS,True,-3.3745142394353866e-05,2.534818245828151e-05,-0.07020958711612163,5.509876963983483,    ,1.1032336241257157e-06,1.1143142375890125e-06,1.1023333361072098e-06,1.055151571910643e-06,1.0443763460838388e-06,9.873190285814456e-07
RepsRanparQMC/IndSumNormal-16-Lat-Rv-12-10000.dat,IndSumNormal,16,Lat-Rv,12,qmc,False,-0.0004985644783318277,6.890127801656739e-05,-0.2173677966277711,4.26703504777097,    ,3.2442742789050438e-06,3.550737397362348e-06,3.5498437322664043e-06,3.378813084965286e-06,3.2605854590449847e-06,3.137154850675785e-06
RepsRanparQMC/IndSumNormal-16-Lat-Rv-B-12-10000.dat,IndSumNormal,16,Lat-Rv,12,qmc,True,-0.0005179004158318449,5.0251497247219004e-05,0.8446043188123576,4.5228061036242915,    ,2.4530685471196246e-06,4.201243795550523e-06,4.685908679110698e-06,3.4443725405902743e-06,2.9220258674900586e-06,2.8351427246000946e-06
RepsRanparRQMC/IndSumNormal-16-Lat-Rv-RS-14-10000.dat,IndSumNormal,16,Lat-Rv,14,RS,False,1.6064201056625576e-06,4.683561041951266e-06,-0.08930822797053983,7.658859326931278,    ,2.036356693660457e-07,2.470401008521057e-07,2.5856397547817914e-07,2.1073902641249566e-07,1.9873399898594448e-07,1.9145490491838791e-07
RepsRanparRQMC/IndSumNormal-16-Lat-Rv-RSB-14-10000.dat,IndSumNormal,16,Lat-Rv,14,RS,True,2.0216039246243887e-05,6.1844271674380935e-06,-0.26433066826864493,13.61135306756353,    ,2.692968259575054e-07,2.3937297811421896e-07,2.454784394309966e-07,2.1118126991031792e-07,2.1747266596257757e-07,2.016029444196501e-07
RepsRanparQMC/IndSumNormal-16-Lat-Rv-14-10000.dat,IndSumNormal,16,Lat-Rv,14,qmc,False,-0.00016259035723829244,1.8527863776535437e-05,-0.5103439336470021,9.046902795197905,    ,8.319949188988511e-07,6.246431914658391e-07,6.186384489541007e-07,6.747164688721842e-07,7.181770100058028e-07,6.552697659418489e-07
RepsRanparQMC/IndSumNormal-16-Lat-Rv-B-14-10000.dat,IndSumNormal,16,Lat-Rv,14,qmc,True,-0.00012579836505074342,1.3514674709881974e-05,1.9020973668872854,10.125659030364016,    ,6.034197812530042e-07,7.421048700227148e-07,7.912079818027134e-07,6.950050450474173e-07,6.576374430721208e-07,5.829937453232084e-07
RepsRanparRQMC/IndSumNormal-16-Lat-Rv-RS-16-10000.dat,IndSumNormal,16,Lat-Rv,16,RS,False,-1.335024493360864e-05,1.125002365177435e-06,-0.5865281436733758,15.41862137343638,    ,4.9091375351849734e-08,6.145106996952237e-08,6.368837359957865e-08,4.9590353707153946e-08,4.672111073277869e-08,4.5072435641889334e-08
RepsRanparRQMC/IndSumNormal-16-Lat-Rv-RSB-16-10000.dat,IndSumNormal,16,Lat-Rv,16,RS,True,-5.455347472572899e-06,1.5130366109683592e-06,-0.6944238948073145,48.81762524594088,    ,6.58139612929317e-08,5.277824921906146e-08,5.4793375538925834e-08,4.564858847028674e-08,4.602948808770478e-08,4.2677126062725595e-08
RepsRanparQMC/IndSumNormal-16-Lat-Rv-16-10000.dat,IndSumNormal,16,Lat-Rv,16,qmc,False,-3.7704798156639336e-05,4.4848484443292356e-06,-0.6940751580356537,24.55648635526261,    ,1.9641506242704316e-07,1.1030766672966268e-07,1.09717529542766e-07,1.1698285951409798e-07,1.3060807152815121e-07,1.1635563406304703e-07
RepsRanparQMC/IndSumNormal-16-Lat-Rv-B-16-10000.dat,IndSumNormal,16,Lat-Rv,16,qmc,True,-4.3071314269686434e-05,3.3378653079292823e-06,3.624385438824048,29.994618334042563,    ,1.4697971671853907e-07,1.3396984644854526e-07,1.383937172193954e-07,1.1789690897530003e-07,1.1794721530299229e-07,1.0456378074910422e-07
RepsFixedparRQMC/IndSumNormal-16-Sob-DS-6-10000.dat,IndSumNormal,16,Sob,6,DS,False,0.00022443356854294488,0.000955316188964844,0.07935968614081597,2.96524412299465,    ,4.158585690342127e-05,8.767559622653166e-05,8.291671312113719e-05,5.0542702234306124e-05,4.5350798257196365e-05,4.404069768124961e-05
RepsFixedparRQMC/IndSumNormal-16-Sob-DS-8-10000.dat,IndSumNormal,16,Sob,8,DS,False,6.464818542962958e-06,0.000186136127319336,0.046157839325895046,2.916726846072849,    ,8.092916894719488e-06,1.4301353871595296e-05,1.4763884854777582e-05,1.0045677904255393e-05,8.91743778025704e-06,8.71522462243851e-06
RepsFixedparRQMC/IndSumNormal-16-Sob-DS-10-10000.dat,IndSumNormal,16,Sob,10,DS,False,0.00010910153729303565,4.535619727134706e-05,-0.014311931169275632,2.977921991184647,    ,1.9839117224547933e-06,3.0713298201579864e-06,3.242868471752166e-06,2.4001914257917366e-06,2.143157429826108e-06,2.098449548579436e-06
RepsFixedparRQMC/IndSumNormal-16-Sob-DS-12-10000.dat,IndSumNormal,16,Sob,12,DS,False,4.252438885562183e-05,1.1702347921729091e-05,0.0024970709140005607,2.879979146125607,    ,5.106060593748959e-07,8.055655367067885e-07,8.597209319688796e-07,6.160982483556862e-07,5.553125415187524e-07,5.403509645036825e-07
RepsFixedparRQMC/IndSumNormal-16-Sob-DS-14-10000.dat,IndSumNormal,16,Sob,14,DS,False,2.7137425965056516e-05,2.534563409946862e-06,-0.06351419205054767,2.977541062232124,    ,1.1093484901613336e-07,1.6166873962978397e-07,1.724054233205488e-07,1.3155455728324392e-07,1.1971850703535828e-07,1.1579781675733429e-07
RepsFixedparRQMC/IndSumNormal-16-Sob-DS-16-10000.dat,IndSumNormal,16,Sob,16,DS,False,1.9512687384923076e-06,5.908929570670968e-07,0.013040619619542108,3.0245899083973184,    ,2.569480558304185e-08,3.865697825950645e-08,4.118498499129783e-08,3.1215921040593165e-08,2.8068498788686846e-08,2.74251677052279e-08
RepsRanparRQMC/IndSumNormal-16-Sob-LMS-DS-6-10000.dat,IndSumNormal,16,Sob-LMS,6,DS,False,-0.00011150393145705551,0.0009260863671875,0.07895266599240126,2.985955985173735,    ,4.0277057787056465e-05,7.935091563272064e-05,7.461919950224724e-05,4.8898601803608234e-05,4.317899649503767e-05,4.248761362287859e-05
RepsRanparQMC/IndSumNormal-16-Sob-LMS-6-10000.dat,IndSumNormal,16,Sob-LMS,6,qmc,False,-0.04224119143145705,0.0009782592163085926,0.14899631436407554,2.8787076192461556,    ,0.0018268512629537217,0.0019190693678339122,0.0019306604777030206,0.001861036481250581,0.0018384879481762337,0.0018395071452759644
RepsRanparRQMC/IndSumNormal-16-Sob-LMS-DS-8-10000.dat,IndSumNormal,16,Sob-LMS,8,DS,False,2.3652318542964124e-05,0.00020439094177246097,-0.011605995300882391,3.0198290988744345,    ,8.887122117931632e-06,1.4535604176219671e-05,1.50928935348512e-05,1.0735213221487958e-05,9.681655020288602e-06,9.448396813221174e-06
RepsRanparQMC/IndSumNormal-16-Sob-LMS-8-10000.dat,IndSumNormal,16,Sob-LMS,8,qmc,False,-0.020120097681456964,0.00017380027770995903,0.054602034607743356,3.011971038573648,    ,0.00041237486452484637,0.00041907468917265386,0.0004201680134619075,0.0004154110061124145,0.00041350076141867314,0.00041346034877266807
RepsRanparRQMC/IndSumNormal-16-Sob-LMS-DS-10-10000.dat,IndSumNormal,16,Sob-LMS,10,DS,False,-4.4218775206962664e-05,4.519407912254333e-05,-0.03581495941426189,2.929634102357426,    ,1.966915261930514e-06,3.053864189410249e-06,3.2306476463007237e-06,2.3624864514120734e-06,2.1587913953848894e-06,2.0862701229552186e-06
RepsRanparQMC/IndSumNormal-16-Sob-LMS-10-10000.dat,IndSumNormal,16,Sob-LMS,10,qmc,False,-0.007768632837706863,4.066118010520848e-05,-0.008458704742076835,2.923603628781745,    ,6.211953356297602e-05,6.317290420419887e-05,6.332904507872365e-05,6.226416683418984e-05,6.215466763447189e-05,6.204202025702835e-05
RepsRanparRQMC/IndSumNormal-16-Sob-LMS-DS-12-10000.dat,IndSumNormal,16,Sob-LMS,12,DS,False,2.3041966980621608e-05,1.1095679778456693e-05,0.0055172857174208565,2.910552469686467,    ,4.829517921752357e-07,7.437095612076056e-07,7.903694523395838e-07,5.778108021184505e-07,5.186163525315157e-07,5.055627107850641e-07
RepsRanparQMC/IndSumNormal-16-Sob-LMS-12-10000.dat,IndSumNormal,16,Sob-LMS,12,qmc,False,-0.0005460742439568333,9.733243522643792e-06,-0.028270203936700298,3.0479447664885906,    ,7.213815808975397e-07,9.514841398544701e-07,9.783704286761041e-07,8.19728712422278e-07,7.678817332446272e-07,7.602626887621526e-07
RepsRanparRQMC/IndSumNormal-16-Sob-LMS-DS-14-10000.dat,IndSumNormal,16,Sob-LMS,14,DS,False,-6.737085753693149e-06,2.6233245160803177e-06,0.025985795113718093,2.96027369357484,    ,1.1410297598011859e-07,1.7947899046898666e-07,1.9204789828126608e-07,1.4110075225236144e-07,1.2812545590824002e-07,1.2404946526758998e-07
RepsRanparQMC/IndSumNormal-16-Sob-LMS-14-10000.dat,IndSumNormal,16,Sob-LMS,14,qmc,False,-6.638674395680947e-05,2.4366095662116624e-06,-0.046200243656328806,2.943832544029528,    ,1.1034674613021577e-07,1.6513611606771383e-07,1.7654858670644698e-07,1.3315808187979953e-07,1.195389589230581e-07,1.1652986395399066e-07
RepsRanparRQMC/IndSumNormal-16-Sob-LMS-DS-16-10000.dat,IndSumNormal,16,Sob-LMS,16,DS,False,-1.2332405388628822e-06,6.834455556212667e-07,0.025351262295596276,2.892165934724768,    ,2.9716545039673072e-08,4.6784117910396946e-08,5.033711341382875e-08,3.6276864526997606e-08,3.2612889487634654e-08,3.170209286787051e-08
RepsRanparQMC/IndSumNormal-16-Sob-LMS-16-10000.dat,IndSumNormal,16,Sob-LMS,16,qmc,False,8.373532635568354e-05,6.153745067864164e-07,-0.03228377848076435,2.9287462554043526,    ,3.376701821843268e-08,5.02029501719318e-08,5.3226332435138285e-08,4.041904692389499e-08,3.664885698777204e-08,3.6032137284573314e-08
RepsRanparRQMC/IndSumNormal-16-Sob-NUS-6-10000.dat,IndSumNormal,16,Sob-NUS,6,NUS,False,-0.00026619143145705556,0.0009255269506835939,0.05251053200608333,3.0663762410576196,    ,4.031116008181567e-05,7.815898528462569e-05,7.326592650185234e-05,4.644216421987314e-05,4.214310545969601e-05,4.096074563002699e-05
RepsRanparRQMC/IndSumNormal-16-Sob-NUS-8-10000.dat,IndSumNormal,16,Sob-NUS,8,NUS,False,7.052731854296366e-05,0.0001943099603271485,0.03348421962907931,2.9692583488032684,    ,8.45323324731949e-06,1.4070560117734806e-05,1.4310988307724875e-05,1.0117227609632515e-05,8.998901266254292e-06,8.836575590452611e-06
RepsRanparRQMC/IndSumNormal-16-Sob-NUS-10-10000.dat,IndSumNormal,16,Sob-NUS,10,NUS,False,1.1933568543037105e-05,4.635256286621095e-05,0.022166488422653445,2.9951934895730994,    ,2.0154712303282126e-06,3.1226275063165498e-06,3.2842472605430364e-06,2.4334453469654285e-06,2.1509872230613707e-06,2.1109031151606825e-06
RepsRanparRQMC/IndSumNormal-16-Sob-NUS-12-10000.dat,IndSumNormal,16,Sob-NUS,12,NUS,False,3.852513855620533e-06,1.113454083859921e-05,0.03216077727412258,2.939703159864826,    ,4.841253131064517e-07,7.407341902841698e-07,7.97403025806208e-07,5.797179939208631e-07,5.150306185859971e-07,5.052180777168097e-07
RepsRanparRQMC/IndSumNormal-16-Sob-NUS-14-10000.dat,IndSumNormal,16,Sob-NUS,14,NUS,False,-1.427492755056773e-05,2.654623216241598e-06,0.006370123853430985,2.9859591637256924,    ,1.1562217426273039e-07,1.7807697896154033e-07,1.8919588281244448e-07,1.3936150180067125e-07,1.260009839305458e-07,1.223595639038738e-07
RepsRanparRQMC/IndSumNormal-16-Sob-NUS-16-10000.dat,IndSumNormal,16,Sob-NUS,16,NUS,False,4.444554871294797e-06,6.804455341771102e-07,0.038238087442663056,2.905417171629354,    ,2.9604342510487006e-08,4.58867160822824e-08,4.9074103671817674e-08,3.6004887159934495e-08,3.205880622864071e-08,3.137433530771755e-08
RepsFixedparRQMC/IndSumNormal-32-Lat-RS-6-10000.dat,IndSumNormal,32,Lat,6,RS,False,0.00038380856854294365,0.0012003998413085942,0.07246420766455684,2.997937667684024,    ,5.233860646548673e-05,9.906457356240178e-05,9.589284942659395e-05,6.286764876620855e-05,5.6545090075233474e-05,5.5262374045713836e-05
RepsFixedparRQMC/IndSumNormal-32-Lat-RSB-6-10000.dat,IndSumNormal,32,Lat,6,RS,True,6.662106854294573e-05,0.0016388605371093757,0.12986091877050226,2.901866835056043,    ,7.1259244328051e-05,0.00013082786327952322,0.00013077488021719086,8.664794739366058e-05,7.718892120582752e-05,7.545999901075084e-05
RepsFixedparRQMC/IndSumNormal-32-Lat-RS-8-10000.dat,IndSumNormal,32,Lat,8,RS,False,0.00016232419354301745,0.00031074915634155296,-0.006549564541990366,2.9071893271646854,    ,1.3537182028224738e-05,2.2245211187462854e-05,2.3165568820438193e-05,1.681721879050299e-05,1.5059901030279685e-05,1.4700727662164608e-05
RepsFixedparRQMC/IndSumNormal-32-Lat-RSB-8-10000.dat,IndSumNormal,32,Lat,8,RS,True,0.00022521481854304048,0.0004427144232177737,0.019730473953531988,2.9123626163659027,    ,1.929917489787284e-05,3.1875374704663824e-05,3.3758290187054566e-05,2.352293017082713e-05,2.1129303114090546e-05,2.056822987358593e-05
RepsFixedparRQMC/IndSumNormal-32-Lat-RS-10-10000.dat,IndSumNormal,32,Lat,10,RS,False,9.503903729312616e-05,6.936127081871034e-05,0.03248882698427385,2.9542631358728535,    ,3.024739845510054e-06,4.899031850857635e-06,5.187701343838072e-06,3.74174120618273e-06,3.3301570365597997e-06,3.251599811946416e-06
RepsFixedparRQMC/IndSumNormal-32-Lat-RSB-10-10000.dat,IndSumNormal,32,Lat,10,RS,True,0.0001833202872931533,8.354100180625917e-05,0.04946393202588292,2.865898586810946,    ,3.6658237975705995e-06,5.922895981854659e-06,6.332327244852902e-06,4.4227399266412524e-06,3.958591127209406e-06,3.851552612487939e-06
RepsFixedparRQMC/IndSumNormal-32-Lat-RS-12-10000.dat,IndSumNormal,32,Lat,12,RS,False,8.480954510571058e-05,2.09508287614584e-05,0.18202733897073028,2.9539620769045847,    ,9.180982572653159e-07,1.424367354012406e-06,1.5323815200516383e-06,1.112478176818458e-06,9.995773748570237e-07,9.729733574962413e-07
RepsFixedparRQMC/IndSumNormal-32-Lat-RSB-12-10000.dat,IndSumNormal,32,Lat,12,RS,True,0.0002147411857307208,3.699982212483884e-05,-0.018623802718201504,2.3507117912459603,    ,1.6548016953202896e-06,3.4158256312549843e-06,3.848269848731717e-06,2.2039948103301218e-06,1.874086114128066e-06,1.8665061703982897e-06
RepsFixedparRQMC/IndSumNormal-32-Lat-RS-14-10000.dat,IndSumNormal,32,Lat,14,RS,False,1.4948705258607373e-05,3.468783621638784e-06,0.0015846356512835107,2.9835842113713866,    ,1.51040142990595e-07,2.397840687775903e-07,2.538843539222442e-07,1.8188642864272125e-07,1.6190212137194482e-07,1.5815367315663866e-07
RepsFixedparRQMC/IndSumNormal-32-Lat-RSB-14-10000.dat,IndSumNormal,32,Lat,14,RS,True,2.7416740080828365e-06,2.6568165169656073e-06,0.03028136801995992,2.9950579802298125,    ,1.1552127838356691e-07,1.7920782397601115e-07,1.892651165007369e-07,1.428729614379382e-07,1.29170394322687e-07,1.2568866829852651e-07
RepsFixedparRQMC/IndSumNormal-32-Lat-RS-16-10000.dat,IndSumNormal,32,Lat,16,RS,False,4.5025382731861405e-06,8.399598054493153e-07,0.05952266910030781,2.9705481873364468,    ,3.654026439217609e-08,5.7078653751069544e-08,6.090283765894279e-08,4.4640118720735053e-08,4.005072757273727e-08,3.891622910006787e-08
RepsFixedparRQMC/IndSumNormal-32-Lat-RSB-16-10000.dat,IndSumNormal,32,Lat,16,RS,True,1.3714347515651002e-06,8.740907850766788e-07,0.013566500653004205,2.8879217416644463,    ,3.80058280105247e-08,6.130256632135403e-08,6.552666792015385e-08,4.7118071502216e-08,4.207499370043856e-08,4.12008959743862e-08
RepsRanparRQMC/IndSumNormal-32-Lat-Rp-RS-6-10000.dat,IndSumNormal,32,Lat-Rp,6,RS,False,-0.00041894383864640315,0.0017077625964831153,0.08712182636766488,3.0615776615360386,    ,7.442606161311871e-05,0.00011994449776232814,0.00012419886612670235,8.784762010566562e-05,7.77164901871706e-05,7.644658064198674e-05
RepsRanparRQMC/IndSumNormal-32-Lat-Rp-RSB-6-10000.dat,IndSumNormal,32,Lat-Rp,6,RS,True,-0.0005643838717501414,0.0015734587196457046,0.10156957028204266,3.022655065272187,    ,6.872977783493971e-05,0.00011030883012330528,0.00011439061729605484,8.346796779268734e-05,7.420253512526141e-05,7.263180528301176e-05
RepsRanparQMC/IndSumNormal-32-Lat-Rp-6-10000.dat,IndSumNormal,32,Lat-Rp,6,qmc,False,-0.02041900089078903,0.003298252342405228,0.25528910642723435,2.937486679127408,    ,0.0005603378731347922,0.0007339634219720718,0.0007807446212003314,0.0006445909518258614,0.0005975339040971239,0.0005967783006195014
RepsRanparQMC/IndSumNormal-32-Lat-Rp-B-6-10000.dat,IndSumNormal,32,Lat-Rp,6,qmc,True,0.052246249304127676,0.0035377727748310242,0.12628328405157296,3.013367860822999,    ,0.002883486773950411,0.002839932155505596,0.002815850374626958,0.0028699902155454446,0.002891579165779901,0.0028806129742490775
RepsRanparRQMC/IndSumNormal-32-Lat-Rp-RS-8-10000.dat,IndSumNormal,32,Lat-Rp,8,RS,False,2.9435576646193894e-05,0.000410197581736042,0.07441952470969612,3.1407475179804427,    ,1.783554391995693e-05,2.7570159519583657e-05,2.9273748391094223e-05,2.1292590007642795e-05,1.9008734446126855e-05,1.8505005879118996e-05
RepsRanparRQMC/IndSumNormal-32-Lat-Rp-RSB-8-10000.dat,IndSumNormal,32,Lat-Rp,8,RS,True,-0.00038089471586144223,0.00041007509125453413,0.06951330791256066,3.1869174526899275,    ,1.7974432578246563e-05,2.713544494777884e-05,2.8721664187442314e-05,2.1324483453199214e-05,1.9335124399936882e-05,1.8728852451778465e-05
RepsRanparQMC/IndSumNormal-32-Lat-Rp-8-10000.dat,IndSumNormal,32,Lat-Rp,8,qmc,False,-0.007307783302770816,0.0011590115083207557,0.151182909942082,3.16577401932104,    ,0.00010379550150985401,0.00014807134349957205,0.0001547017729584013,0.00012023724534588134,0.0001120143279733113,0.00011064266160537648
RepsRanparQMC/IndSumNormal-32-Lat-Rp-B-8-10000.dat,IndSumNormal,32,Lat-Rp,8,qmc,True,0.014789680722700127,0.0008586490960064365,0.1558185565350658,3.0983172507620274,    ,0.0002560672252709919,0.00026112948510167977,0.0002589128041899395,0.00025772788295981943,0.00025864534600114007,0.0002567721120072809
RepsRanparRQMC/IndSumNormal-32-Lat-Rp-RS-10-10000.dat,IndSumNormal,32,Lat-Rp,10,RS,False,-2.305284576205938e-05,0.00010188268401313949,0.042266755307310826,3.2483045225817433,    ,4.43021334731249e-06,7.11268927130593e-06,7.5401433325824886e-06,5.464815110403342e-06,4.968607577309014e-06,4.81509905000648e-06
RepsRanparRQMC/IndSumNormal-32-Lat-Rp-RSB-10-10000.dat,IndSumNormal,32,Lat-Rp,10,RS,True,-8.563033990683451e-05,0.0001009937894026923,-0.014975724687277772,3.171171544804541,    ,4.398366876968747e-06,6.379397849381966e-06,6.714742394305675e-06,5.267815062642252e-06,4.755759026811987e-06,4.64178869399503e-06
RepsRanparQMC/IndSumNormal-32-Lat-Rp-10-10000.dat,IndSumNormal,32,Lat-Rp,10,qmc,False,-0.0019294803821383983,0.0003300260571993622,0.07019422743819774,3.1226422751500875,    ,1.8071853553724862e-05,2.5586087970321347e-05,2.6927754352611265e-05,2.0945590316111572e-05,1.9210515797440045e-05,1.876038791108599e-05
RepsRanparQMC/IndSumNormal-32-Lat-Rp-B-10-10000.dat,IndSumNormal,32,Lat-Rp,10,qmc,True,0.003894573731232589,0.00021430639753123887,0.2371946066658665,3.322404323966068,    ,2.4485374005886882e-05,2.5112390354480073e-05,2.5232203099626393e-05,2.4293661807882238e-05,2.426830063062013e-05,2.387049319308549e-05
RepsRanparRQMC/IndSumNormal-32-Lat-Rp-RS-12-10000.dat,IndSumNormal,32,Lat-Rp,12,RS,False,-0.00014589604173252638,2.5627003648932123e-05,0.007898465260163632,3.1483226656644274,    ,1.1355032049467897e-06,1.6416189958988185e-06,1.7356253315536324e-06,1.3260083861622924e-06,1.2132929692264916e-06,1.1756215034682557e-06
RepsRanparRQMC/IndSumNormal-32-Lat-Rp-RSB-12-10000.dat,IndSumNormal,32,Lat-Rp,12,RS,True,-8.039261518406892e-07,2.5811022202114984e-05,-0.04105391682802461,3.599657010666878,    ,1.1222190029109525e-06,1.574738284237972e-06,1.635823727206847e-06,1.270611699743866e-06,1.1621086144748064e-06,1.131174064305484e-06
RepsRanparQMC/IndSumNormal-32-Lat-Rp-12-10000.dat,IndSumNormal,32,Lat-Rp,12,qmc,False,-0.0005879260980506334,9.075827297950228e-05,0.0030890451203050328,3.3525906388616513,    ,4.291668965443055e-06,5.994435476019057e-06,6.258240112470284e-06,4.989645889385326e-06,4.582493313837328e-06,4.439235076790543e-06
RepsRanparQMC/IndSumNormal-32-Lat-Rp-B-12-10000.dat,IndSumNormal,32,Lat-Rp,12,qmc,True,0.0011132083995156142,5.391412919852111e-05,0.38060709085634853,3.4507434525987803,    ,3.583325514600859e-06,3.7085920305055703e-06,3.7119745767276342e-06,3.5060892142061964e-06,3.4842775899499154e-06,3.3846976873255636e-06
RepsRanparRQMC/IndSumNormal-32-Lat-Rp-RS-14-10000.dat,IndSumNormal,32,Lat-Rp,14,RS,False,-1.887677882600065e-05,6.376538346488291e-06,-0.007622752109487111,3.522551649692454,    ,2.775971304522497e-07,3.8600875631917397e-07,4.093915478246753e-07,3.2127620801901635e-07,2.932286314012944e-07,2.843092003870879e-07
RepsRanparRQMC/IndSumNormal-32-Lat-Rp-RSB-14-10000.dat,IndSumNormal,32,Lat-Rp,14,RS,True,-2.5946089189271337e-05,6.422745860512756e-06,-0.07912650944297533,5.3268814685225445,    ,2.799230195665114e-07,3.1415246553943864e-07,3.2089127428754855e-07,2.9130250827249205e-07,2.824953389498371e-07,2.688139520288716e-07
RepsRanparQMC/IndSumNormal-32-Lat-Rp-14-10000.dat,IndSumNormal,32,Lat-Rp,14,qmc,False,-0.0001614121299906731,2.234565965014197e-05,-0.042520134365447916,3.8150543845439953,    ,9.97604295279516e-07,1.301561898783887e-06,1.3319073223886208e-06,1.1342738406597178e-06,1.0522017926396435e-06,1.017050022948611e-06
RepsRanparQMC/IndSumNormal-32-Lat-Rp-B-14-10000.dat,IndSumNormal,32,Lat-Rp,14,qmc,True,0.000305336511803259,1.3427856865103e-05,0.7972992072996673,4.7616885236773765,    ,6.770502491403122e-07,6.819083018789632e-07,6.896174511020405e-07,6.645741195799277e-07,6.619619290932972e-07,6.26147128488813e-07
RepsRanparRQMC/IndSumNormal-32-Lat-Rp-RS-16-10000.dat,IndSumNormal,32,Lat-Rp,16,RS,False,-8.882962701775198e-06,1.6526494870594131e-06,-0.07896778360021704,5.111751415447994,    ,7.193323255068343e-08,9.903024909614665e-08,1.04005495671998e-07,8.033228099464386e-08,7.404735852930715e-08,7.157419096885213e-08
RepsRanparRQMC/IndSumNormal-32-Lat-Rp-RSB-16-10000.dat,IndSumNormal,32,Lat-Rp,16,RS,True,1.5589106863812957e-05,1.6864158124035162e-06,0.14143546065775478,11.883433807454411,    ,7.356544687905122e-08,7.531947648093866e-08,7.78225319730261e-08,6.541623605853232e-08,6.382872417793109e-08,6.083405164379009e-08
RepsRanparQMC/IndSumNormal-32-Lat-Rp-16-10000.dat,IndSumNormal,32,Lat-Rp,16,qmc,False,-2.187271571469154e-05,5.777657043841358e-06,-0.05717623981660771,5.9471648374873665,    ,2.5168089585975126e-07,2.503059198996252e-07,2.483993950235531e-07,2.4055152891308516e-07,2.3856980060105046e-07,2.251037103991034e-07
RepsRanparQMC/IndSumNormal-32-Lat-Rp-B-16-10000.dat,IndSumNormal,32,Lat-Rp,16,qmc,True,8.058047750580882e-05,3.3495581123680097e-06,1.576718434771307,10.323442951143962,    ,1.5212617476236892e-07,1.482400918616112e-07,1.5388876798498363e-07,1.312259892057785e-07,1.3265180428178882e-07,1.225883121003206e-07
RepsRanparRQMC/IndSumNormal-32-Lat-Rv-RS-6-10000.dat,IndSumNormal,32,Lat-Rv,6,RS,False,7.912106854294345e-05,0.0012548142089843753,0.08286262150194229,2.944009813658177,    ,5.456339966454718e-05,0.00010166711918268232,9.901589154877978e-05,6.731157286702207e-05,5.960631168130325e-05,5.873225178031527e-05
RepsRanparRQMC/IndSumNormal-32-Lat-Rv-RSB-6-10000.dat,IndSumNormal,32,Lat-Rv,6,RS,True,-0.0006646289314570535,0.0016713842871093757,0.14290011561490265,2.9309450047905417,    ,7.311061366476348e-05,0.00013811147910961137,0.00013866561404757646,8.993016659493602e-05,8.053184964518177e-05,7.800562905226049e-05
RepsRanparQMC/IndSumNormal-32-Lat-Rv-6-10000.dat,IndSumNormal,32,Lat-Rv,6,qmc,False,-0.017608378931457037,0.003125896240234374,0.09106493398104676,2.7246516010431723,    ,0.0004459635407778833,0.0005752458652422853,0.0005879873948248285,0.0004865125455629682,0.00046378570038589927,0.0004607047432516026
RepsRanparQMC/IndSumNormal-32-Lat-Rv-B-6-10000.dat,IndSumNormal,32,Lat-Rv,6,qmc,True,-0.014289628931457047,0.0029128631933593753,0.2996184532725805,2.9787647144229275,    ,0.000330839720796968,0.0005604543645312764,0.0005649888139778773,0.0004014741634761511,0.00036471709317695777,0.00036257118059984623
RepsRanparRQMC/IndSumNormal-32-Lat-Rv-RS-8-10000.dat,IndSumNormal,32,Lat-Rv,8,RS,False,-4.5878931457005856e-05,0.0003103116455078126,0.07667599874939998,3.064188531976825,    ,1.3493915550604358e-05,2.181002653422644e-05,2.2670362170550194e-05,1.6340369352268923e-05,1.4804460031106734e-05,1.4332266336442661e-05
RepsRanparRQMC/IndSumNormal-32-Lat-Rv-RSB-8-10000.dat,IndSumNormal,32,Lat-Rv,8,RS,True,-6.150393145699431e-05,0.0004228820800781251,0.07684967178641683,3.008064793449025,    ,1.8389960128285758e-05,2.991133673820044e-05,3.1244386942612914e-05,2.2377102555627882e-05,2.0457291878610996e-05,1.9849835930633642e-05
RepsRanparQMC/IndSumNormal-32-Lat-Rv-8-10000.dat,IndSumNormal,32,Lat-Rv,8,qmc,False,-0.005440019556456947,0.0009799762937927237,0.006742457104289211,2.9173411206041715,    ,7.220147772214377e-05,9.605469767292452e-05,0.00010002968712703051,8.180302103401688e-05,7.620896029698123e-05,7.548606943786346e-05
RepsRanparQMC/IndSumNormal-32-Lat-Rv-B-8-10000.dat,IndSumNormal,32,Lat-Rv,8,qmc,True,-0.00600759768145698,0.000837999682006835,0.23382828921035373,3.17820937601346,    ,7.252599868515314e-05,0.00010602611825359967,0.00011079522234021116,8.565241258337225e-05,7.867943697963573e-05,7.739361037483945e-05
RepsRanparRQMC/IndSumNormal-32-Lat-Rv-RS-10-10000.dat,IndSumNormal,32,Lat-Rv,10,RS,False,-4.695315020691657e-05,7.883411215782163e-05,0.00012207417768794203,3.0041471130958386,    ,3.4297746921326846e-06,5.405858769626375e-06,5.746557520429906e-06,4.170899995058645e-06,3.734901530641372e-06,3.6603903178010336e-06
RepsRanparRQMC/IndSumNormal-32-Lat-Rv-RSB-10-10000.dat,IndSumNormal,32,Lat-Rv,10,RS,True,-2.4394556456912714e-05,0.00010537219619750977,0.045665276720177395,3.2118087582045383,    ,4.581994929059068e-06,7.125475045714049e-06,7.460010395578862e-06,5.518815716566296e-06,4.994121006600211e-06,4.868326160583044e-06
RepsRanparQMC/IndSumNormal-32-Lat-Rv-10-10000.dat,IndSumNormal,32,Lat-Rv,10,qmc,False,-0.001597929712706864,0.00027553450308799723,0.0012183480887522067,3.013564083725575,    ,1.4533140370577407e-05,2.1604767797433645e-05,2.2909617598196282e-05,1.7076285946706506e-05,1.5869841338147818e-05,1.5363433551490432e-05
RepsRanparQMC/IndSumNormal-32-Lat-Rv-B-10-10000.dat,IndSumNormal,32,Lat-Rv,10,qmc,True,-0.002121074243956896,0.00021736766719818098,0.28536881455636526,3.129063343265477,    ,1.3949724087428664e-05,2.3247764111157634e-05,2.5056260795420543e-05,1.7450681224215198e-05,1.557056799541868e-05,1.5294952149130874e-05
RepsRanparRQMC/IndSumNormal-32-Lat-Rv-RS-12-10000.dat,IndSumNormal,32,Lat-Rv,12,RS,False,3.144040448065529e-05,1.9333990067839615e-05,-0.0712751682711217,3.149673478361896,    ,8.41596762853021e-07,1.2973747410787358e-06,1.3780442064990712e-06,1.0095095769167006e-06,9.08307653323443e-07,8.853685648932282e-07
RepsRanparRQMC/IndSumNormal-32-Lat-Rv-RSB-12-10000.dat,IndSumNormal,32,Lat-Rv,12,RS,True,-2.2246118956848237e-05,2.6275049648284888e-05,-0.0834304697822733,3.789828305350332,    ,1.1428883527775504e-06,1.4963648029637926e-06,1.5162075894455348e-06,1.2723600822437976e-06,1.198279412778204e-06,1.148855878096694e-06
RepsRanparQMC/IndSumNormal-32-Lat-Rv-12-10000.dat,IndSumNormal,32,Lat-Rv,12,qmc,False,-0.000409428736144316,6.967142283856865e-05,-0.055902447321253976,3.2642434599562673,    ,3.1968241873098034e-06,4.553095078295601e-06,4.74594209623537e-06,3.751933954049633e-06,3.4681384595176555e-06,3.358506551622834e-06
RepsRanparQMC/IndSumNormal-32-Lat-Rv-B-12-10000.dat,IndSumNormal,32,Lat-Rv,12,qmc,True,-0.000612089868956835,5.431897121429442e-05,0.46371415808080707,3.4547787349083494,    ,2.736348408301092e-06,4.8072537830561255e-06,5.285842947295995e-06,3.6322131042758505e-06,3.1688912053688693e-06,3.1015460633610175e-06
RepsRanparRQMC/IndSumNormal-32-Lat-Rv-RS-14-10000.dat,IndSumNormal,32,Lat-Rv,14,RS,False,1.5253881043171488e-05,4.7786241853237515e-06,-0.05405841310697906,3.821201890873185,    ,2.0799894981399886e-07,2.8672986204302737e-07,3.0048407325596865e-07,2.3616968388370298e-07,2.1993386632774696e-07,2.1200712837302504e-07
RepsRanparRQMC/IndSumNormal-32-Lat-Rv-RSB-14-10000.dat,IndSumNormal,32,Lat-Rv,14,RS,True,-3.795191222489249e-06,6.660656369291365e-06,-0.08789485349151244,5.5625458867093425,    ,2.8960815866299635e-07,2.9371257755792586e-07,2.923095852571057e-07,2.8496871906500073e-07,2.8577772153285207e-07,2.650657384807782e-07
RepsRanparQMC/IndSumNormal-32-Lat-Rv-14-10000.dat,IndSumNormal,32,Lat-Rv,14,qmc,False,-0.00015273317950398506,1.907403145697021e-05,-0.08353010429410303,4.240757507755614,    ,8.526331396418405e-07,9.721412376065204e-07,9.749091203289806e-07,9.144600943142435e-07,8.786630761849079e-07,8.396796941507045e-07
RepsRanparQMC/IndSumNormal-32-Lat-Rv-B-14-10000.dat,IndSumNormal,32,Lat-Rv,14,qmc,True,-0.00016757082598819797,1.4050343227234851e-05,1.034097843211181,5.126246417741966,    ,6.389644698630127e-07,1.069267503194074e-06,1.2068779986010997e-06,8.825261756275392e-07,7.569288564063853e-07,7.212670354775342e-07
RepsRanparRQMC/IndSumNormal-32-Lat-Rv-RS-16-10000.dat,IndSumNormal,32,Lat-Rv,16,RS,False,1.473050457807773e-05,1.2093753471945953e-06,-0.11891398975662101,6.796445666964432,    ,5.279852459967239e-08,6.3514319790744e-08,6.638637576501363e-08,5.429074950556076e-08,5.151810561803053e-08,4.880846591375892e-08
RepsRanparRQMC/IndSumNormal-32-Lat-Rv-RSB-16-10000.dat,IndSumNormal,32,Lat-Rv,16,RS,True,3.0471471375049362e-05,1.6207323625475317e-06,0.3772687381260273,13.522825006545554,    ,7.13951350263488e-08,6.181637383547116e-08,6.373254294123867e-08,5.5424892262530054e-08,5.743071058510374e-08,5.3925199547194655e-08
RepsRanparQMC/IndSumNormal-32-Lat-Rv-16-10000.dat,IndSumNormal,32,Lat-Rv,16,qmc,False,-4.8054834777983525e-05,4.596016894569433e-06,-0.16025112370360972,8.24184124221521,    ,2.0213608864855815e-07,1.6740215122240618e-07,1.6474748256225855e-07,1.705615634993781e-07,1.779511699987801e-07,1.6323080727391042e-07
RepsRanparQMC/IndSumNormal-32-Lat-Rv-B-16-10000.dat,IndSumNormal,32,Lat-Rv,16,qmc,True,-6.961855548067205e-05,3.4057527195586705e-06,2.037403116476922,12.288855737927635,    ,1.5292294846541847e-07,1.8547925746342596e-07,1.9846238627501092e-07,1.736430772256444e-07,1.6709722978592353e-07,1.4674112539416806e-07
RepsFixedparRQMC/IndSumNormal-32-Sob-DS-6-10000.dat,IndSumNormal,32,Sob,6,DS,False,-0.00042712893145705665,0.0009267022558593752,0.0892384302038332,2.904292997159473,    ,4.0473841552756135e-05,8.373132910109611e-05,7.942463236132944e-05,5.00597595743901e-05,4.489866187253367e-05,4.3784905831268467e-05
RepsFixedparRQMC/IndSumNormal-32-Sob-DS-8-10000.dat,IndSumNormal,32,Sob,8,DS,False,-0.00011580080645703555,0.00020228251327514656,0.01775425618352324,2.985672031106396,    ,8.808301708304212e-06,1.5004203463722515e-05,1.538620021149035e-05,1.0876197142993227e-05,9.862905358884169e-06,9.597963123329206e-06
RepsFixedparRQMC/IndSumNormal-32-Sob-DS-10-10000.dat,IndSumNormal,32,Sob,10,DS,False,-6.687502520695742e-05,5.313345885276796e-05,-0.01207405129791158,2.9728595681697105,    ,2.314622653899386e-06,3.7099528285832254e-06,3.93845580524356e-06,2.8449958950972245e-06,2.5361356247034657e-06,2.4839205545235666e-06
RepsFixedparRQMC/IndSumNormal-32-Sob-DS-12-10000.dat,IndSumNormal,32,Sob,12,DS,False,4.5942357605624815e-05,1.1784976243376729e-05,-0.03394872708731327,3.019153211105186,    ,5.145009716735253e-07,7.942940808505388e-07,8.515840866188894e-07,6.230394291636488e-07,5.586698758430028e-07,5.459844697485796e-07
RepsFixedparRQMC/IndSumNormal-32-Sob-DS-14-10000.dat,IndSumNormal,32,Sob,14,DS,False,1.1689427918184242e-05,2.841454592943194e-06,0.02981810222546091,2.955322793751925,    ,1.2367814676606285e-07,2.0111312966443776e-07,2.1463926921089878e-07,1.4961026103680837e-07,1.3325871963832432e-07,1.3080254784325635e-07
RepsFixedparRQMC/IndSumNormal-32-Sob-DS-16-10000.dat,IndSumNormal,32,Sob,16,DS,False,5.199864929879455e-06,6.82681400270632e-07,0.05149811494215649,3.073423886380222,    ,2.9708838607055602e-08,4.6637606102522145e-08,4.9673459365664985e-08,3.63702180014734e-08,3.272893861725309e-08,3.2066181402508626e-08
RepsRanparRQMC/IndSumNormal-32-Sob-LMS-DS-6-10000.dat,IndSumNormal,32,Sob-LMS,6,DS,False,0.0005025585685429444,0.001028287790527344,0.014526879383408572,3.004325759885891,    ,4.496072992035263e-05,8.943043479632862e-05,8.565592384032357e-05,5.461344568246065e-05,4.9052633736284584e-05,4.773044723975063e-05
RepsRanparQMC/IndSumNormal-32-Sob-LMS-6-10000.dat,IndSumNormal,32,Sob-LMS,6,qmc,False,-0.05425525393145706,0.0007708060156249991,0.21352432459988743,3.002981911317869,    ,0.002977145884194061,0.0031458139249894183,0.003165332268492323,0.0030470868628398565,0.00301490246233529,0.003016335247983486
RepsRanparRQMC/IndSumNormal-32-Sob-LMS-DS-8-10000.dat,IndSumNormal,32,Sob-LMS,8,DS,False,6.855443542973627e-06,0.0002578764915466309,0.0057981453577408415,2.848961696518068,    ,1.121206836869882e-05,1.9051223412372103e-05,1.9881299002038628e-05,1.4015713637335227e-05,1.2384898083676159e-05,1.2165916962736123e-05
RepsRanparQMC/IndSumNormal-32-Sob-LMS-8-10000.dat,IndSumNormal,32,Sob-LMS,8,qmc,False,-0.024146660181456947,0.00020763657165527146,0.08832022587640721,3.0501055191883073,    ,0.0005920888749472485,0.0006024191508352153,0.0006045828295132902,0.0005972892933198356,0.000594080287436698,0.000594078181412864
RepsRanparRQMC/IndSumNormal-32-Sob-LMS-DS-10-10000.dat,IndSumNormal,32,Sob-LMS,10,DS,False,5.2753881043050034e-05,5.788680171966552e-05,3.068477422581252e-05,2.9823635430212216,    ,2.519600438037518e-06,4.0347550822358125e-06,4.256849085683344e-06,3.0494831953794025e-06,2.731126533855449e-06,2.6724703894477157e-06
RepsRanparQMC/IndSumNormal-32-Sob-LMS-10-10000.dat,IndSumNormal,32,Sob-LMS,10,qmc,False,-0.014481035181456827,4.735978759765568e-05,0.04676497952046692,2.9209829017437636,    ,0.00021175950112648843,0.00021572966369919348,0.00021659614652329905,0.00021326049289921512,0.00021257231408922634,0.0002124629208354321
RepsRanparRQMC/IndSumNormal-32-Sob-LMS-DS-12-10000.dat,IndSumNormal,32,Sob-LMS,12,DS,False,-4.521509581865995e-06,1.5469637181758884e-05,-0.002603554935255532,2.9769188407668037,    ,6.726133649949374e-07,1.0743657618581831e-06,1.1445870635784312e-06,8.177080415610059e-07,7.341386382667131e-07,7.1626823522352e-07
RepsRanparQMC/IndSumNormal-32-Sob-LMS-12-10000.dat,IndSumNormal,32,Sob-LMS,12,qmc,False,-0.0023937304939567992,1.2588475475311007e-05,0.018021375707784074,2.8929256787671833,    ,6.277270698364358e-06,6.778127215674006e-06,6.838638217395627e-06,6.367247021687561e-06,6.312119380233916e-06,6.283654766258358e-06
RepsRanparRQMC/IndSumNormal-32-Sob-LMS-DS-14-10000.dat,IndSumNormal,32,Sob-LMS,14,DS,False,-1.8443628722434113e-05,2.8863756721839314e-06,0.006669642231979631,2.9712333405495706,    ,1.2583476188323063e-07,1.9792604768796885e-07,2.100600403861115e-07,1.5552090702869757e-07,1.401433608387038e-07,1.363863541255529e-07
RepsRanparQMC/IndSumNormal-32-Sob-LMS-14-10000.dat,IndSumNormal,32,Sob-LMS,14,qmc,False,-0.0012231372322380441,2.303804170936305e-06,-0.010274098788222502,3.0062211551428146,    ,1.596230087623304e-06,1.6376784637148021e-06,1.6469158873299043e-06,1.6155703670237265e-06,1.603248854822376e-06,1.6034460963579374e-06
RepsRanparRQMC/IndSumNormal-32-Sob-LMS-DS-16-10000.dat,IndSumNormal,32,Sob-LMS,16,DS,False,-8.797022277160143e-06,6.850781530048494e-07,0.030329065870643268,3.014594358133276,    ,2.986339425332961e-08,4.4059372437191884e-08,4.680740300815828e-08,3.5414737606217274e-08,3.2316885959956366e-08,3.126053038210114e-08
RepsRanparQMC/IndSumNormal-32-Sob-LMS-16-10000.dat,IndSumNormal,32,Sob-LMS,16,qmc,False,0.00018158231121895426,5.72602228538454e-07,0.00550726695423984,3.013654475234749,    ,5.7867884814506474e-08,7.102038375456073e-08,7.319755448856769e-08,6.318709052318219e-08,6.027167996627578e-08,5.964805497455822e-08
RepsRanparRQMC/IndSumNormal-32-Sob-NUS-6-10000.dat,IndSumNormal,32,Sob-NUS,6,NUS,False,-0.0004255664314570557,0.0010358025170898438,0.11239848370469534,3.0274799806885113,    ,4.52159988349676e-05,8.407894916063566e-05,7.987942813701165e-05,5.421078965837773e-05,4.8692833642283074e-05,4.729936332655092e-05
RepsRanparRQMC/IndSumNormal-32-Sob-NUS-8-10000.dat,IndSumNormal,32,Sob-NUS,8,NUS,False,0.00025646481854297274,0.0002501997991943361,0.012113179991165887,2.935567510076833,    ,1.0944026342034459e-05,1.877242517876877e-05,1.9489485514666142e-05,1.3226370459674822e-05,1.1849497156746868e-05,1.1552850787363045e-05
RepsRanparRQMC/IndSumNormal-32-Sob-NUS-10-10000.dat,IndSumNormal,32,Sob-NUS,10,NUS,False,-0.00010408205645694959,5.7313326873779304e-05,0.023552371486741917,2.9384410809033863,    ,2.502716851597147e-06,4.054484243634306e-06,4.3277721398028874e-06,3.0141280168276707e-06,2.6851487512545472e-06,2.6281764362966154e-06
RepsRanparRQMC/IndSumNormal-32-Sob-NUS-12-10000.dat,IndSumNormal,32,Sob-NUS,12,NUS,False,3.419919354313383e-05,1.5537818431854254e-05,0.007216187447960132,2.9449255994158845,    ,6.767269079630987e-07,1.0568831377814742e-06,1.1234125317989113e-06,8.244743053106088e-07,7.358148396072945e-07,7.158334441746038e-07
RepsRanparRQMC/IndSumNormal-32-Sob-NUS-14-10000.dat,IndSumNormal,32,Sob-NUS,14,NUS,False,1.7468009650653225e-06,2.7956483599171056e-06,0.025472740702248416,3.010643312506199,    ,1.2155298000565962e-07,1.8407438829564183e-07,1.9503936153829668e-07,1.4389902440401062e-07,1.2940403017467266e-07,1.2645947779998042e-07
RepsRanparRQMC/IndSumNormal-32-Sob-NUS-16-10000.dat,IndSumNormal,32,Sob-NUS,16,NUS,False,-9.122034484185718e-06,6.718233268684821e-07,0.0015388770341522898,2.8958953758429216,    ,2.9292921376977722e-08,4.538205690060577e-08,4.875937076521189e-08,3.568861024636349e-08,3.1950332839766356e-08,3.107675020659919e-08
RepsFixedparRQMC/MC2-4-Lat-RS-6-10000.dat,MC2,4,Lat,6,RS,False,-2.0161993331869854e-06,1.9644662312853135e-05,0.22930563419724526,2.8420114815075657,    ,8.541198177924961e-07,1.4444004735992837e-06,1.5569518663497822e-06,1.0910151583839553e-06,9.505492364015596e-07,9.353870089084146e-07
RepsFixedparRQMC/MC2-4-Lat-RSB-6-10000.dat,MC2,4,Lat,6,RS,True,3.313630392842779e-05,2.3436298393098205e-05,-0.018830480094896882,1.626023512304485,    ,1.020067509990133e-06,3.868198328200237e-06,4.74007767513501e-06,1.6240293356880053e-06,1.2383405830816087e-06,1.2842311175453404e-06
RepsFixedparRQMC/MC2-4-Lat-RS-8-10000.dat,MC2,4,Lat,8,RS,False,6.1091525168056495e-06,1.6339039680609694e-06,-0.28394040771794093,2.570771089745601,    ,7.107662470364617e-08,1.4453811191787643e-07,1.6370974436519463e-07,9.296286386801802e-08,8.000185783108509e-08,7.873508865666057e-08
RepsFixedparRQMC/MC2-4-Lat-RSB-8-10000.dat,MC2,4,Lat,8,RS,True,-1.7950308393164027e-06,2.7545931529484667e-07,0.014192529732600922,1.5260051323264565,    ,1.1979714105055257e-08,4.865358849480512e-08,6.019689009561787e-08,1.916271725238874e-08,1.457276611899677e-08,1.516906443754981e-08
RepsFixedparRQMC/MC2-4-Lat-RS-10-10000.dat,MC2,4,Lat,10,RS,False,2.4607245642750076e-06,4.3743325300594375e-08,0.08963280326914048,2.9514618889626862,    ,1.907938874102721e-09,3.017971955483098e-09,3.216934364614859e-09,2.3092118550555198e-09,2.061296390485978e-09,2.026797696320332e-09
RepsFixedparRQMC/MC2-4-Lat-RSB-10-10000.dat,MC2,4,Lat,10,RS,True,-7.107327545807785e-09,7.508402877079419e-12,-0.01080447844453504,1.868121357643741,    ,3.265028131082964e-13,1.0212766323334282e-12,1.2113617236332084e-12,4.720168637351895e-13,3.8123475358444824e-13,3.8743738450322715e-13
RepsFixedparRQMC/MC2-4-Lat-RS-12-10000.dat,MC2,4,Lat,12,RS,False,8.724812479639632e-07,3.119313114327358e-09,-0.047719517455427844,2.8697972440165525,    ,1.3638353284662954e-10,2.2160436612196374e-10,2.364821411657701e-10,1.6930449349845935e-10,1.5038148372036105e-10,1.4812724164268213e-10
RepsFixedparRQMC/MC2-4-Lat-RSB-12-10000.dat,MC2,4,Lat,12,RS,True,5.921628950189551e-10,8.80003367662428e-14,-0.01692900024233738,2.173218876983532,    ,3.826452255426533e-15,8.92821257539898e-15,1.0259302803790648e-14,5.199132748871189e-15,4.314589616978366e-15,4.349347081316978e-15
RepsFixedparRQMC/MC2-4-Lat-RS-14-10000.dat,MC2,4,Lat,14,RS,False,1.4924626656536156e-07,1.5144935901299594e-10,-0.011264613312442889,2.8089065004451883,    ,6.607029187779174e-12,1.0836185851180266e-11,1.1654576098011984e-11,8.253098250362504e-12,7.282742514168314e-12,7.148693564890802e-12
RepsFixedparRQMC/MC2-4-Lat-RSB-14-10000.dat,MC2,4,Lat,14,RS,True,-4.679138237984049e-11,1.0365172208795557e-17,0.011425321847977558,2.6902148413742366,    ,4.528490947169972e-19,7.546659730211971e-19,8.276488855925772e-19,5.550583874793581e-19,4.896744226565608e-19,4.822848909234564e-19
RepsFixedparRQMC/MC2-4-Lat-RS-16-10000.dat,MC2,4,Lat,16,RS,False,9.224651465467027e-09,1.4018193837486741e-11,0.020372892602490218,2.9803530597500774,    ,6.095717827810393e-13,9.185419900032305e-13,9.843242807346887e-13,7.465244289839017e-13,6.694196144950367e-13,6.515664559520992e-13
RepsFixedparRQMC/MC2-4-Lat-RSB-16-10000.dat,MC2,4,Lat,16,RS,True,7.3529691335672e-12,1.29847381438922e-18,-0.01692378946407534,2.8255056446058577,    ,5.650944938939311e-20,9.096894163957486e-20,9.677686141526885e-20,6.91474933974402e-20,6.088684235972704e-20,6.017968956762819e-20
RepsRanparRQMC/MC2-4-Lat-Rp-RS-6-10000.dat,MC2,4,Lat-Rp,6,RS,False,-8.874875423850059e-05,1.82572039507183e-05,0.012305121266195892,3.1357365573594844,    ,8.016678174970728e-07,1.1606557277128826e-06,1.2206139553473785e-06,9.44361846038683e-07,8.610309631382286e-07,8.338559928927377e-07
RepsRanparRQMC/MC2-4-Lat-Rp-RSB-6-10000.dat,MC2,4,Lat-Rp,6,RS,True,3.1741458431323254e-06,6.009785909387147e-06,0.13721231368378997,7.5841158555784265,    ,2.6130511474040506e-07,1.588453703471828e-08,1.378141054143313e-08,1.6143743451884419e-07,2.1948977532096833e-07,1.6973583108596283e-07
RepsRanparQMC/MC2-4-Lat-Rp-6-10000.dat,MC2,4,Lat-Rp,6,qmc,False,0.014952001811608282,2.5734707459365956e-05,0.5348157268061748,3.668451741860293,    ,0.0002246812584986576,0.00021221181711858855,0.00020949609197327295,0.00021879411060412007,0.00022179927351085834,0.0002213503281594234
RepsRanparQMC/MC2-4-Lat-Rp-B-6-10000.dat,MC2,4,Lat-Rp,6,qmc,True,0.0031602631018889694,1.1256947786315263e-05,2.036600049814148,8.654435049842764,    ,1.0476695385609381e-05,3.074119753977002e-06,2.732088824525357e-06,7.55118636245669e-06,9.011155238190286e-06,8.435265389262319e-06
RepsRanparRQMC/MC2-4-Lat-Rp-RS-8-10000.dat,MC2,4,Lat-Rp,8,RS,False,-1.4708313893239967e-05,2.3322273319806507e-06,0.028011446296990983,5.085486437574439,    ,1.016175228445669e-07,1.1938375997673447e-07,1.2047213409609375e-07,1.0810404554650634e-07,1.039853095231092e-07,9.872801989904938e-08
RepsRanparRQMC/MC2-4-Lat-Rp-RSB-8-10000.dat,MC2,4,Lat-Rp,8,RS,True,-2.038623313462795e-06,1.4512922938244266e-06,0.00858365266491148,23.42202966307141,    ,6.31038209339023e-08,2.0428610922804601e-10,2.1410082767531515e-10,9.317938971966407e-09,2.7431476342797703e-08,1.1229049898784098e-08
RepsRanparQMC/MC2-4-Lat-Rp-8-10000.dat,MC2,4,Lat-Rp,8,qmc,False,0.003913280231276923,7.035351782287852e-06,0.4994145357209285,5.651964834173354,    ,1.561964702860224e-05,1.4324160952357037e-05,1.4109850179256541e-05,1.4965224277053985e-05,1.5268495721886215e-05,1.5208000912568367e-05
RepsRanparQMC/MC2-4-Lat-Rp-B-8-10000.dat,MC2,4,Lat-Rp,8,qmc,True,0.0007452207569078146,2.9990305370035323e-06,3.9045299716933783,21.159283816904413,    ,6.85746608569888e-07,4.905420543608546e-08,4.0891106270662476e-08,2.0134650409426512e-07,4.0833009060493665e-07,2.621542277401104e-07
RepsRanparRQMC/MC2-4-Lat-Rp-RS-10-10000.dat,MC2,4,Lat-Rp,10,RS,False,6.038442000200262e-06,4.1137803180858805e-07,0.14473936754330266,23.919776616107153,    ,1.7922464164771872e-08,1.0293423403229807e-08,9.829001394434421e-09,1.1623212917788439e-08,1.3282940657624045e-08,1.1672312214542345e-08
RepsRanparRQMC/MC2-4-Lat-Rp-RSB-10-10000.dat,MC2,4,Lat-Rp,10,RS,True,5.505251901219244e-06,3.5586634736356566e-07,0.9744484487966593,95.182924655532,    ,1.5502757683868298e-08,2.557415059891628e-12,2.8436647914120263e-12,3.1634087278502403e-10,1.988467999576715e-09,4.1826510347950064e-10
RepsRanparQMC/MC2-4-Lat-Rp-10-10000.dat,MC2,4,Lat-Rp,10,qmc,False,0.0009516372228109839,1.7789115745504222e-06,0.31851473978696593,14.508840090465128,    ,9.829573853415947e-07,8.897411714984843e-07,8.81587959236444e-07,9.323038383997308e-07,9.54958788012515e-07,9.442975550283032e-07
RepsRanparQMC/MC2-4-Lat-Rp-B-10-10000.dat,MC2,4,Lat-Rp,10,qmc,True,0.0001813820737597809,7.592863588507009e-07,7.505685273392122,60.50153605389464,    ,6.591190706621167e-08,5.304183715576801e-10,4.305631802241931e-10,4.315357697237249e-09,1.8979722240747846e-08,6.3992937997293474e-09
RepsRanparRQMC/MC2-4-Lat-Rp-RS-12-10000.dat,MC2,4,Lat-Rp,12,RS,False,-2.8737767835508963e-06,9.218757948762095e-08,-1.7220863652256453,99.7993611192991,    ,4.0164142228982394e-09,8.525507227963983e-10,7.855852003523353e-10,1.2384056717819718e-09,1.666280067140287e-09,1.3365616267233467e-09
RepsRanparRQMC/MC2-4-Lat-Rp-RSB-12-10000.dat,MC2,4,Lat-Rp,12,RS,True,1.9041196767341507e-06,7.756363637438091e-08,3.871102706769206,426.04292574529995,    ,3.375957688020757e-09,2.4666929328471743e-14,2.8608444654715197e-14,6.730520581743135e-12,1.6651238867995845e-10,1.3097648486950925e-11
RepsRanparQMC/MC2-4-Lat-Rp-12-10000.dat,MC2,4,Lat-Rp,12,qmc,False,0.00023050481038986597,4.391401828280102e-07,0.12714496970749495,47.84211952266966,    ,7.222551904017286e-08,5.466108356233264e-08,5.45951555082259e-08,5.961833676621228e-08,6.251786440418463e-08,6.002035553248691e-08
RepsRanparQMC/MC2-4-Lat-Rp-B-12-10000.dat,MC2,4,Lat-Rp,12,qmc,True,4.355831012765989e-05,1.8104976250062533e-07,15.349927032369258,243.61413675383798,    ,9.769055185552413e-09,5.638433691194407e-12,4.4998662816256215e-12,1.344017108411618e-10,1.003741100805959e-09,1.8197429614803453e-10
RepsRanparRQMC/MC2-4-Lat-Rp-RS-14-10000.dat,MC2,4,Lat-Rp,14,RS,False,2.0924037009071417e-06,2.009897684453641e-08,0.34852168959072255,194.04027797601935,    ,8.782467117056746e-10,7.089206996087533e-11,6.505609718797223e-11,1.2414445695318057e-10,2.1487444103616685e-10,1.4538988621720406e-10
RepsRanparRQMC/MC2-4-Lat-Rp-RSB-14-10000.dat,MC2,4,Lat-Rp,14,RS,True,-3.3064674015336746e-06,1.909222508754662e-08,-35.50750269025901,1483.685123164927,    ,8.410294696142145e-10,2.51971228965698e-16,3.1191686439725384e-16,8.735885110978039e-14,2.615284608935998e-12,1.705909067836408e-13
RepsRanparQMC/MC2-4-Lat-Rp-14-10000.dat,MC2,4,Lat-Rp,14,qmc,False,5.840419817881671e-05,1.1580881184536541e-07,-4.208482424586073,195.31936198218372,    ,8.44621609731769e-09,3.762849267746771e-09,3.6966483343108475e-09,4.3644430117022325e-09,5.125065870509746e-09,4.485621238075576e-09
RepsRanparQMC/MC2-4-Lat-Rp-B-14-10000.dat,MC2,4,Lat-Rp,14,qmc,True,1.2094228184180733e-05,5.24795161101095e-08,28.739665404471143,849.6281226057683,    ,2.427988447114923e-09,5.913917483862185e-14,4.684474972548595e-14,1.298956288687589e-12,8.748032092576584e-11,3.903091168879333e-12
RepsRanparRQMC/MC2-4-Lat-Rp-RS-16-10000.dat,MC2,4,Lat-Rp,16,RS,False,1.3001270623895667e-06,5.348149393786566e-09,1.1856204543775921,618.5827411961659,    ,2.342185648908171e-10,5.9237362345699585e-12,5.279475111814208e-12,1.2014636237282612e-11,2.4949942460125346e-11,1.4400102930476668e-11
RepsRanparRQMC/MC2-4-Lat-Rp-RSB-16-10000.dat,MC2,4,Lat-Rp,16,RS,True,-1.8853199726582837e-07,1.9270809390105815e-09,-36.28561044107003,3769.2415442369975,    ,8.38216720970618e-11,2.4448375856381356e-18,3.06188157714948e-18,1.8623982078525573e-15,7.094898104073924e-14,2.9701089486792416e-15
RepsRanparQMC/MC2-4-Lat-Rp-16-10000.dat,MC2,4,Lat-Rp,16,qmc,False,1.3904102131408957e-05,2.2740552720511386e-08,-18.265322488669216,972.4824264031448,    ,1.1820437395811462e-09,2.34815164038848e-10,2.3132376787475605e-10,2.8146152971589703e-10,3.48074886856537e-10,2.934802865365771e-10
RepsRanparQMC/MC2-4-Lat-Rp-B-16-10000.dat,MC2,4,Lat-Rp,16,qmc,True,2.185525927360099e-06,9.415653717366978e-09,68.92950753455386,4825.764827805614,    ,4.141527721603362e-10,5.690793197158003e-16,4.479276247298024e-16,9.63536916195629e-15,3.5874815367249643e-13,1.9460663222263056e-14
RepsRanparRQMC/MC2-4-Lat-Rv-RS-6-10000.dat,MC2,4,Lat-Rv,6,RS,False,-2.3188203251572283e-05,1.235430586484403e-05,0.05912115318661,3.3956088694011344,    ,5.376814260241246e-07,7.977842352014442e-07,8.44583512876765e-07,6.394536218374475e-07,5.796524345146145e-07,5.622597215249174e-07
RepsRanparRQMC/MC2-4-Lat-Rv-RSB-6-10000.dat,MC2,4,Lat-Rv,6,RS,True,1.203804841211359e-05,8.931121354901732e-06,0.28862021531842547,6.324912364022838,    ,3.8845453873573463e-07,3.464701408475351e-08,3.286483089755726e-08,3.003084636063928e-07,3.5510651587280447e-07,3.0022695321461035e-07
RepsRanparQMC/MC2-4-Lat-Rv-6-10000.dat,MC2,4,Lat-Rv,6,qmc,False,0.010990473237845709,2.102577703794975e-05,0.5815122256802697,4.630508023494236,    ,0.00012170466621084403,0.00011950192559267925,0.00011904665422077173,0.00011892930374113702,0.00012013377255412641,0.00012007851988781343
RepsRanparQMC/MC2-4-Lat-Rv-B-6-10000.dat,MC2,4,Lat-Rv,6,qmc,True,0.0038704468237362798,1.615945794601231e-05,1.9636392900486388,9.488779649116346,    ,1.5682943743457748e-05,5.438818325020682e-06,5.094812329735071e-06,1.219012117075546e-05,1.380346962141118e-05,1.3365029649898608e-05
RepsRanparRQMC/MC2-4-Lat-Rv-RS-8-10000.dat,MC2,4,Lat-Rv,8,RS,False,-1.299737799837175e-05,1.7820015470575718e-06,0.09601026972750203,8.058200900407083,    ,7.764725996777046e-08,6.622442240179056e-08,6.568565982292073e-08,6.856685311619972e-08,6.997544089543568e-08,6.563069841882529e-08
RepsRanparRQMC/MC2-4-Lat-Rv-RSB-8-10000.dat,MC2,4,Lat-Rv,8,RS,True,2.4076502574314262e-05,2.1350412102682126e-06,0.34797028343768127,18.626804947961464,    ,9.340755668352456e-08,3.2632519471566907e-10,3.69671385208918e-10,1.81606313280159e-08,4.869084040134079e-08,2.203384305613826e-08
RepsRanparQMC/MC2-4-Lat-Rv-8-10000.dat,MC2,4,Lat-Rv,8,qmc,False,0.002779641705717056,6.100765282960191e-06,0.3802639750773515,8.247609363707658,    ,7.991658676638155e-06,7.659526652228317e-06,7.6194391332485676e-06,7.780675421981267e-06,7.832482653072525e-06,7.817582100104685e-06
RepsRanparQMC/MC2-4-Lat-Rv-B-8-10000.dat,MC2,4,Lat-Rv,8,qmc,True,0.0009399979438435913,4.314313793717252e-06,3.868988833432988,29.012379941942502,    ,1.0711749950265818e-06,6.031751545587852e-08,4.922032576602152e-08,3.643601807088202e-07,6.793991369865995e-07,4.6262205388437633e-07
RepsRanparRQMC/MC2-4-Lat-Rv-RS-10-10000.dat,MC2,4,Lat-Rv,10,RS,False,-6.4631389782711765e-06,3.676047540925526e-07,-0.5478771334934349,34.71360237025398,    ,1.6024587560780823e-08,5.937756296615111e-09,5.5898573766202975e-09,7.173871788065244e-09,9.097087129912767e-09,7.491384907187375e-09
RepsRanparRQMC/MC2-4-Lat-Rv-RSB-10-10000.dat,MC2,4,Lat-Rv,10,RS,True,5.994891058802887e-06,4.979228719948068e-07,0.5488229275853123,71.7886239169967,    ,2.1684759240320255e-08,3.1664889219707204e-12,3.8291039336609414e-12,6.594823949572514e-10,3.9379394739107e-09,8.690364928003289e-10
RepsRanparQMC/MC2-4-Lat-Rv-10-10000.dat,MC2,4,Lat-Rv,10,qmc,False,0.0007087355531369398,1.5571125504525554e-06,0.40706879261023593,21.018752519589295,    ,5.700066299521743e-07,4.935160858561126e-07,4.909736361540173e-07,5.155256591026516e-07,5.291620254832755e-07,5.217260725330082e-07
RepsRanparQMC/MC2-4-Lat-Rv-B-10-10000.dat,MC2,4,Lat-Rv,10,qmc,True,0.00022404365582436646,1.0133363703194065e-06,6.970288158722908,58.775951094252896,    ,9.425366277251267e-08,5.949809823579854e-10,4.739142398266475e-10,8.174371389083233e-09,3.0448996676327945e-08,1.179726178012236e-08
RepsRanparRQMC/MC2-4-Lat-Rv-RS-12-10000.dat,MC2,4,Lat-Rv,12,RS,False,-3.0264251101750794e-06,8.877470132888066e-08,-2.685536783431907,151.67889877893737,    ,3.868928871942309e-09,5.069837987471378e-10,4.696724919792727e-10,6.897182405071796e-10,1.0665578251757866e-09,7.665878614809034e-10
RepsRanparRQMC/MC2-4-Lat-Rv-RSB-12-10000.dat,MC2,4,Lat-Rv,12,RS,True,7.327631776367638e-06,1.372009450676988e-07,3.984760019248716,246.80197028772272,    ,6.018952668654328e-09,3.0786788269041004e-14,3.810521060509991e-14,8.78467745695129e-12,3.6407301367606683e-10,1.567275098135904e-11
RepsRanparQMC/MC2-4-Lat-Rv-12-10000.dat,MC2,4,Lat-Rv,12,qmc,False,0.00017466183154533105,3.923231600240677e-07,0.5750622584392098,73.73913514081433,    ,4.7564284095468196e-08,3.0323144203788516e-08,3.016983588203526e-08,3.2327549708900934e-08,3.496272251460877e-08,3.308110893511618e-08
RepsRanparQMC/MC2-4-Lat-Rv-B-12-10000.dat,MC2,4,Lat-Rv,12,qmc,True,5.577253324574969e-05,2.4646327852990654e-07,13.121226680011226,178.0286753699974,    ,1.3826370183339843e-08,5.480916373277813e-12,4.335839508592054e-12,8.676831623540334e-11,1.4035763606634536e-09,1.7068945510618045e-10
RepsRanparRQMC/MC2-4-Lat-Rv-RS-14-10000.dat,MC2,4,Lat-Rv,14,RS,False,-1.077568104850124e-06,3.445654784408067e-08,-12.688605411473139,586.0780316142194,    ,1.4992719288501845e-09,4.3259275707386154e-11,3.890717200454095e-11,7.833022480354729e-11,1.4346897596399536e-10,9.033122098165206e-11
RepsRanparRQMC/MC2-4-Lat-Rv-RSB-14-10000.dat,MC2,4,Lat-Rv,14,RS,True,5.181531053873578e-06,5.386370924813956e-08,14.802242953150268,682.6724275538352,    ,2.3687486661552804e-09,2.1338946584489402e-16,2.6310698627645465e-16,6.74387494381271e-13,6.171093230821804e-11,7.965037084790008e-13
RepsRanparQMC/MC2-4-Lat-Rv-14-10000.dat,MC2,4,Lat-Rv,14,qmc,False,3.7946778773491894e-05,8.997986626968231e-08,-3.5696674700314825,295.89447069965104,    ,5.352126117966175e-09,1.9350557036823918e-09,1.93092912535893e-09,2.1244314633126976e-09,2.409171028229224e-09,2.1470042286760897e-09
RepsRanparQMC/MC2-4-Lat-Rv-B-14-10000.dat,MC2,4,Lat-Rv,14,qmc,True,1.2339902803723569e-05,5.257942270930514e-08,28.673539518906253,846.786987300619,    ,2.4383350581316554e-09,4.140973533526824e-14,3.270692480680085e-14,2.3012636497919527e-12,8.498406513557346e-11,4.5618635491036445e-12
RepsRanparRQMC/MC2-4-Lat-Rv-RS-16-10000.dat,MC2,4,Lat-Rv,16,RS,False,-3.6973498746724063e-07,8.995482216923957e-09,-5.747406563858767,2042.245977391049,    ,3.9124462643591204e-10,3.755667249303104e-12,3.414903785908982e-12,6.819838587444243e-12,1.4818782645579954e-11,7.93533225373998e-12
RepsRanparRQMC/MC2-4-Lat-Rv-RSB-16-10000.dat,MC2,4,Lat-Rv,16,RS,True,1.619338426409267e-07,1.5690824986051004e-08,8.976783105308824,2481.6266905753514,    ,6.8223600457161e-10,1.7086352824052975e-18,2.1766871991024777e-18,1.180749676187904e-15,9.457556148348484e-13,1.881453336139537e-15
RepsRanparQMC/MC2-4-Lat-Rv-16-10000.dat,MC2,4,Lat-Rv,16,qmc,False,8.64099928669384e-06,1.7054389730728746e-08,-29.345550738405223,1519.5465752896664,    ,8.16162074356502e-10,1.2990075934344285e-10,1.291402822460541e-10,1.5096444865083253e-10,1.863652235997193e-10,1.5375846149913536e-10
RepsRanparQMC/MC2-4-Lat-Rv-B-16-10000.dat,MC2,4,Lat-Rv,16,qmc,True,2.351442797985359e-06,9.554671773640017e-09,67.56327710614865,4688.417340526073,    ,4.2094979512958926e-10,3.04048388157503e-16,2.416862162123507e-16,8.700635734612067e-15,3.9581731712673427e-13,2.2413446357579305e-14
RepsFixedparRQMC/MC2-4-Sob-DS-6-10000.dat,MC2,4,Sob,6,DS,False,-1.444604304709163e-07,6.6970059172401065e-06,0.006840194535885575,2.7124754061023966,    ,2.9117419118360317e-07,4.648960798066172e-07,5.02564622555358e-07,3.5283918051983224e-07,3.140604213255086e-07,3.062762149976689e-07
RepsFixedparRQMC/MC2-4-Sob-DS-8-10000.dat,MC2,4,Sob,8,DS,False,1.8938503455885324e-06,4.2024924565715864e-07,0.012140458539079184,2.6806273303700783,    ,1.8275293002051425e-08,3.0167126525524633e-08,3.2741015113843435e-08,2.2658809984249674e-08,2.008528524816575e-08,1.970780256164865e-08
RepsFixedparRQMC/MC2-4-Sob-DS-10-10000.dat,MC2,4,Sob,10,DS,False,7.095913608430871e-07,2.5932205502392452e-08,0.029853355525754084,2.6785277629973856,    ,1.1279907156555768e-09,1.881548768540275e-09,2.047447284424249e-09,1.381024401458555e-09,1.2204150975181952e-09,1.191845203484543e-09
RepsFixedparRQMC/MC2-4-Sob-DS-12-10000.dat,MC2,4,Sob,12,DS,False,5.578293201482954e-07,1.5872563964081537e-09,0.015577031375179106,2.736366094488307,    ,6.932232122033683e-11,1.0815343918987632e-10,1.1768548543956738e-10,8.684572710280004e-11,7.677335260702329e-11,7.566474125720845e-11
RepsFixedparRQMC/MC2-4-Sob-DS-14-10000.dat,MC2,4,Sob,14,DS,False,1.7054926921363788e-07,1.0103000822211032e-10,0.006864823940697267,2.694146611682589,    ,4.421696106364537e-12,7.28091416834299e-12,7.970517728645684e-12,5.6055021399396706e-12,4.93294446074882e-12,4.842993790446809e-12
RepsFixedparRQMC/MC2-4-Sob-DS-16-10000.dat,MC2,4,Sob,16,DS,False,1.3815034038255901e-08,6.348936073566481e-12,0.008363822660866426,2.7283405320578913,    ,2.7623155401619473e-13,4.495512059319899e-13,4.889160372377955e-13,3.445603012475679e-13,3.0441844887350824e-13,2.981623779685734e-13
RepsRanparRQMC/MC2-4-Sob-LMS-DS-6-10000.dat,MC2,4,Sob-LMS,6,DS,False,-7.03710862191389e-06,6.200040194082091e-07,0.00046243184266686686,3.7045098880046448,    ,2.7006217393765705e-08,1.2150490339949302e-08,1.2888583968807395e-08,2.8168576801605706e-08,2.807206980459197e-08,2.6060200298514442e-08
RepsRanparQMC/MC2-4-Sob-LMS-6-10000.dat,MC2,4,Sob-LMS,6,qmc,False,0.001003614565976687,4.865265081776434e-07,0.8742571959494542,3.004677351943251,    ,1.0283955234830802e-06,6.858615301904058e-07,6.232284876862139e-07,9.186067087545411e-07,9.753980297581976e-07,9.652151147816484e-07
RepsRanparRQMC/MC2-4-Sob-LMS-DS-8-10000.dat,MC2,4,Sob-LMS,8,DS,False,-1.3616666852736325e-06,4.4542628580818565e-09,-0.1485723481814946,9.43337333936901,    ,1.9551773868708218e-10,4.317716777623679e-11,4.060417244870311e-11,1.3102826912013096e-10,1.6195561838356685e-10,1.3652934015927332e-10
RepsRanparQMC/MC2-4-Sob-LMS-8-10000.dat,MC2,4,Sob-LMS,8,qmc,False,6.539458332178117e-05,4.4745054226115245e-09,2.221809792771113,9.222712654294282,    ,4.470995241855968e-09,2.061617889660191e-09,1.7594081587767108e-09,3.22946152343521e-09,3.827624880555903e-09,3.678024452567976e-09
RepsRanparRQMC/MC2-4-Sob-LMS-DS-10-10000.dat,MC2,4,Sob-LMS,10,DS,False,1.81177502891154e-08,6.836168194262768e-11,-0.1915018098008483,31.4487710390145,    ,2.972575293859351e-12,1.6945545707611235e-13,1.8037287208987025e-13,1.0354004456074275e-12,1.5666593941650193e-12,1.1711911020743044e-12
RepsRanparQMC/MC2-4-Sob-LMS-10-10000.dat,MC2,4,Sob-LMS,10,qmc,False,5.1510243890619975e-06,6.830028644460438e-11,4.604586783675316,34.08310051791129,    ,2.950262992821606e-11,7.701400649332159e-12,6.185544245615727e-12,1.5672681372907634e-11,2.0900046494533145e-11,1.9386296039914558e-11
RepsRanparRQMC/MC2-4-Sob-LMS-DS-12-10000.dat,MC2,4,Sob-LMS,12,DS,False,-1.072664396900444e-08,1.6514521123194145e-12,-1.0092225695324573,59.800562373850354,    ,7.191732664385581e-14,1.487879497370531e-16,2.942594863876068e-16,1.0900991781897183e-14,2.489343360743838e-14,1.3779592974322997e-14
RepsRanparQMC/MC2-4-Sob-LMS-12-10000.dat,MC2,4,Sob-LMS,12,qmc,False,4.651488051688544e-07,1.6194187193176398e-12,6.686395174055013,62.132282551322156,    ,2.867729204855624e-13,1.3061210064957923e-14,9.658941737066967e-15,7.611309182979079e-14,1.4292092916060023e-13,1.0846644793044629e-13
RepsRanparRQMC/MC2-4-Sob-LMS-DS-14-10000.dat,MC2,4,Sob-LMS,14,DS,False,1.7919965002630452e-09,2.869876621137194e-14,0.8532447920360933,195.96926909200752,    ,1.2509836954296482e-15,4.3800680233451814e-20,1.6087190623248043e-19,5.13551195539545e-17,1.9628863562860352e-16,6.667818779591541e-17
RepsRanparQMC/MC2-4-Sob-LMS-14-10000.dat,MC2,4,Sob-LMS,14,qmc,False,3.256854879940205e-08,2.26082500071426e-14,13.208485038942218,253.23817313611528,    ,2.0436777625139282e-15,3.1069009733468944e-18,2.643285798047629e-18,2.019329853982288e-16,5.536081545159095e-16,3.187406366320911e-16
RepsRanparRQMC/MC2-4-Sob-LMS-DS-16-10000.dat,MC2,4,Sob-LMS,16,DS,False,-6.436843504942832e-11,5.683264603804354e-16,10.607110525392697,684.8739499748806,    ,2.4713989398927903e-17,1.1135225071264145e-25,1.4960038267703003e-23,2.067428136434182e-19,1.8779963840198267e-18,2.8580688049572783e-19
RepsRanparQMC/MC2-4-Sob-LMS-16-10000.dat,MC2,4,Sob-LMS,16,qmc,False,3.129171032188274e-09,4.819912133783568e-16,23.00028158185302,822.0313916595625,    ,3.0747851060788703e-17,7.234427674884589e-20,7.290346672113172e-20,9.23938669261062e-19,3.8906692885703444e-18,1.4581199193962924e-18
RepsRanparRQMC/MC2-4-Sob-NUS-6-10000.dat,MC2,4,Sob-NUS,6,NUS,False,-7.401252286468496e-06,6.0248417479353e-07,-0.02986970948566089,2.7895931089522956,    ,2.6249742656865783e-08,4.358113367384832e-08,4.653586945256531e-08,3.231619592504809e-08,2.8695545640636907e-08,2.8071009715704704e-08
RepsRanparRQMC/MC2-4-Sob-NUS-8-10000.dat,MC2,4,Sob-NUS,8,NUS,False,5.19141916465038e-07,4.496967702729775e-09,-0.005199898623830754,3.1317278549025667,    ,1.9578984323072556e-10,3.059737383974426e-10,3.1955142365710783e-10,2.359316710632035e-10,2.1635039478250396e-10,2.0908699747857712e-10
RepsRanparRQMC/MC2-4-Sob-NUS-10-10000.dat,MC2,4,Sob-NUS,10,NUS,False,-9.005177567669165e-08,6.807525018639977e-11,0.004704140507747309,2.9979898489333987,    ,2.9679028086677327e-12,4.664622688150204e-12,4.9665938923309985e-12,3.662115287899612e-12,3.2531977624478923e-12,3.1970157579293873e-12
RepsRanparRQMC/MC2-4-Sob-NUS-12-10000.dat,MC2,4,Sob-NUS,12,NUS,False,9.387603378041565e-09,1.694700179620832e-12,-0.02194616065408634,3.1173809522858114,    ,7.377074360243698e-14,1.0787129366553475e-13,1.162542864966445e-13,8.884779404983723e-14,7.977821984252212e-14,7.783549364060801e-14
RepsRanparRQMC/MC2-4-Sob-NUS-14-10000.dat,MC2,4,Sob-NUS,14,NUS,False,-6.65228322438427e-10,2.727168978485065e-14,0.010812175326524287,3.334331247131948,    ,1.1861681715405677e-15,1.6891714129749977e-15,1.7858510919342935e-15,1.4068008465777943e-15,1.2834731170591295e-15,1.244594570656392e-15
RepsRanparRQMC/MC2-4-Sob-NUS-16-10000.dat,MC2,4,Sob-NUS,16,NUS,False,2.199010396219947e-10,3.9053702750594355e-16,-0.0050117326171732896,3.19389370318865,    ,1.7028227228354815e-17,2.5486786070338943e-17,2.7218467975944945e-17,2.0327476345473195e-17,1.8406388049174218e-17,1.7979232347428962e-17
RepsFixedparRQMC/MC2-8-Lat-RS-6-10000.dat,MC2,8,Lat,6,RS,False,-3.1670169666940696e-06,4.2684313806345365e-06,0.028367789610755336,2.930668308476171,    ,1.8559400306753415e-07,2.837674547830285e-07,3.0394548767461717e-07,2.2733553308117081e-07,2.0522315948907294e-07,1.9944290923100908e-07
RepsFixedparRQMC/MC2-8-Lat-RSB-6-10000.dat,MC2,8,Lat,6,RS,True,1.6354492281018595e-05,2.1517849403839824e-06,0.012348366081799048,2.3374003878744984,    ,9.382333639098652e-08,1.339066672038277e-07,1.5538552989209388e-07,1.1993436499546e-07,1.0462693689167989e-07,1.0329881005614256e-07
RepsFixedparRQMC/MC2-8-Lat-RS-8-10000.dat,MC2,8,Lat,8,RS,False,-2.2508772342810346e-06,3.830432574673575e-07,-0.033976452846273354,2.792315983055011,    ,1.665912112081761e-08,2.58546296370505e-08,2.81061252718123e-08,2.063511238884309e-08,1.8273197184035428e-08,1.7966345543849228e-08
RepsFixedparRQMC/MC2-8-Lat-RSB-8-10000.dat,MC2,8,Lat,8,RS,True,2.701056502720045e-06,2.996236826198152e-08,-0.03873732611743938,2.3994597975577374,    ,1.3100073697953e-09,2.2125761201429367e-09,2.5076040296756268e-09,1.7221885839827418e-09,1.49136120056604e-09,1.4744332975564568e-09
RepsFixedparRQMC/MC2-8-Lat-RS-10-10000.dat,MC2,8,Lat,10,RS,False,-1.5471331919543973e-06,6.492690011982752e-08,-0.4123502578260078,2.5436894174792966,    ,2.8253023219757128e-09,6.138956944536437e-09,7.181101831691109e-09,3.891137537126551e-09,3.226611846679023e-09,3.2020364215995642e-09
RepsFixedparRQMC/MC2-8-Lat-RSB-10-10000.dat,MC2,8,Lat,10,RS,True,1.0560358705508865e-06,1.3195318361535326e-08,-0.021093683536444568,1.5180160091941788,    ,5.74824705739687e-10,2.343515818877638e-09,2.885374433130244e-09,9.081393313581394e-10,6.822616903517597e-10,7.172364061263134e-10
RepsFixedparRQMC/MC2-8-Lat-RS-12-10000.dat,MC2,8,Lat,12,RS,False,4.796658368744766e-07,1.2613372830283076e-09,-0.06005673653330998,2.8950677830305516,    ,5.507083075107786e-11,8.487326390679073e-11,9.108410486413541e-11,6.653818142502187e-11,6.009379448781546e-11,5.856990364791589e-11
RepsFixedparRQMC/MC2-8-Lat-RSB-12-10000.dat,MC2,8,Lat,12,RS,True,4.608518936899397e-09,1.51177735095395e-13,-0.0003114725959920472,2.0972059173944864,    ,6.594183450939369e-15,1.765238115899566e-14,2.0299038711739934e-14,9.250204792552712e-15,7.654805144879634e-15,7.690098264559507e-15
RepsFixedparRQMC/MC2-8-Lat-RS-14-10000.dat,MC2,8,Lat,14,RS,False,6.75463075938798e-08,7.834665148859476e-11,-0.021361676060320377,2.907171936228048,    ,3.4109386553476e-12,5.4752765334705796e-12,5.83869219328787e-12,4.20912001339398e-12,3.734312831921898e-12,3.656816587150198e-12
RepsFixedparRQMC/MC2-8-Lat-RSB-14-10000.dat,MC2,8,Lat,14,RS,True,1.6257680335307612e-10,1.5493404181320468e-16,0.013219700488009982,2.8248878362143106,    ,6.762693904519143e-18,1.0678709416078437e-17,1.1415095463730473e-17,8.20612228109426e-18,7.325665172820886e-18,7.18047360753903e-18
RepsFixedparRQMC/MC2-8-Lat-RS-16-10000.dat,MC2,8,Lat,16,RS,False,1.1362423469174488e-08,5.841638338725847e-12,-0.019532559431606138,2.9288686087533295,    ,2.5411338026386884e-13,3.963871786146038e-13,4.2548611727017416e-13,3.090430392586765e-13,2.7740599456997357e-13,2.7143895500181556e-13
RepsFixedparRQMC/MC2-8-Lat-RSB-16-10000.dat,MC2,8,Lat,16,RS,True,3.999145107291824e-11,3.4111072593576277e-18,-0.0056231171842328525,2.498968770993716,    ,1.499083274353362e-19,2.6442625815922133e-19,2.9245433638797715e-19,1.9272775484388064e-19,1.6719117493004098e-19,1.6542932911569288e-19
RepsRanparRQMC/MC2-8-Lat-Rp-RS-6-10000.dat,MC2,8,Lat-Rp,6,RS,False,2.5785834205644166e-05,6.833852522753977e-06,0.0319980478670315,3.236088052707271,    ,2.977889319741148e-07,4.2347354417048445e-07,4.48101698878806e-07,3.470162793606036e-07,3.196080635376692e-07,3.0815360966126314e-07
RepsRanparRQMC/MC2-8-Lat-Rp-RSB-6-10000.dat,MC2,8,Lat-Rp,6,RS,True,-2.9523474535574135e-06,1.327767418814912e-06,0.3436829038578048,4.4801669386982645,    ,5.7737734564830526e-08,3.9643886933039506e-08,4.771609509486211e-08,6.328613908279393e-08,6.077540811977644e-08,5.776777596080156e-08
RepsRanparQMC/MC2-8-Lat-Rp-6-10000.dat,MC2,8,Lat-Rp,6,qmc,False,0.01434954120648589,1.052109411338936e-05,0.4039471642151539,3.057308755499136,    ,0.00020636677171113172,0.00020220906156779642,0.0002005399809865104,0.0002036024522849878,0.000204875914677908,0.00020481850183168957
RepsRanparQMC/MC2-8-Lat-Rp-B-6-10000.dat,MC2,8,Lat-Rp,6,qmc,True,0.003344313433145583,2.7796556514433256e-06,1.1750041128623299,5.577217630227501,    ,1.130528693265901e-05,9.651629811438173e-06,9.298096495815234e-06,1.048036332429198e-05,1.0874648836458295e-05,1.0837336409550663e-05
RepsRanparRQMC/MC2-8-Lat-Rp-RS-8-10000.dat,MC2,8,Lat-Rp,8,RS,False,1.4387622147052803e-06,7.056332767800386e-07,0.05962139179141863,3.4894435271749757,    ,3.06817777227991e-08,4.473776490322315e-08,4.632197283406396e-08,3.6287145600659845e-08,3.344441052332772e-08,3.20607601511958e-08
RepsRanparRQMC/MC2-8-Lat-Rp-RSB-8-10000.dat,MC2,8,Lat-Rp,8,RS,True,-5.32252439227403e-06,3.3516748691136525e-07,0.15523529837043115,7.795911024008608,    ,1.4600828696835276e-08,8.292048887492646e-10,7.557142318875887e-10,9.397500941223701e-09,1.2529375314410826e-08,9.820232713996077e-09
RepsRanparQMC/MC2-8-Lat-Rp-8-10000.dat,MC2,8,Lat-Rp,8,qmc,False,0.0037164966602513247,2.0136903943413517e-06,0.5950521268210315,3.9203265966126084,    ,1.3899899181934962e-05,1.3040840070551495e-05,1.2821247439548844e-05,1.345496857977064e-05,1.3663500363341353e-05,1.3645461133344653e-05
RepsRanparQMC/MC2-8-Lat-Rp-B-8-10000.dat,MC2,8,Lat-Rp,8,qmc,True,0.0007943408462015987,6.912115596079538e-07,1.868104981595809,7.37704677516288,    ,6.610300564489657e-07,1.948306941889074e-07,1.731751587306092e-07,4.927963252757149e-07,5.819374445686191e-07,5.507715359540069e-07
RepsRanparRQMC/MC2-8-Lat-Rp-RS-10-10000.dat,MC2,8,Lat-Rp,10,RS,False,7.299695064323786e-06,1.0281952646519644e-07,0.21047115369946848,6.978344543890079,    ,4.523699742171089e-09,4.170334978651881e-09,4.149357967803442e-09,4.2708353570076064e-09,4.252442580987789e-09,4.000600378769054e-09
RepsRanparRQMC/MC2-8-Lat-Rp-RSB-10-10000.dat,MC2,8,Lat-Rp,10,RS,True,-2.308391933151732e-06,7.97066138287004e-08,-0.09966359624152155,25.22493910486576,    ,3.47083362239097e-09,1.820942009506572e-11,1.909468694150683e-11,4.767105399464219e-10,1.456687977710462e-09,5.884978108899282e-10
RepsRanparQMC/MC2-8-Lat-Rp-10-10000.dat,MC2,8,Lat-Rp,10,qmc,False,0.0009006240472127697,4.2550054850879397e-07,0.3877275380569339,5.452828643702864,    ,8.296236982661176e-07,7.719256434992855e-07,7.617296510571571e-07,8.038890589833649e-07,8.17264630875526e-07,8.149861480455292e-07
RepsRanparQMC/MC2-8-Lat-Rp-B-10-10000.dat,MC2,8,Lat-Rp,10,qmc,True,0.00019177136512940463,1.6228159731787947e-07,3.4881331287587334,16.164123828353123,    ,4.3831978106111925e-08,4.438642975482288e-09,3.6891811230341885e-09,1.4703697223382412e-08,2.824249210390096e-08,1.8980544975171787e-08
RepsRanparRQMC/MC2-8-Lat-Rp-RS-12-10000.dat,MC2,8,Lat-Rp,12,RS,False,-1.5835274671872402e-06,2.26822533709016e-08,0.2782808877808574,20.539822948358072,    ,9.886924884089712e-10,4.245368880300476e-10,3.994795310487632e-10,6.03362680246762e-10,7.091390035527787e-10,6.156798465041386e-10
RepsRanparRQMC/MC2-8-Lat-Rp-RSB-12-10000.dat,MC2,8,Lat-Rp,12,RS,True,-1.5239842915587332e-06,2.2130295387908888e-08,-1.26364777635561,78.9568582651528,    ,9.645092841169564e-10,3.0714753957624116e-13,3.15870493228127e-13,2.4561792576569936e-11,1.7654705796202478e-10,3.386118749557164e-11
RepsRanparQMC/MC2-8-Lat-Rp-12-10000.dat,MC2,8,Lat-Rp,12,qmc,False,0.00022356812264775163,1.0504754159342196e-07,0.1631716347767611,13.570069239457437,    ,5.4549989881345413e-08,4.9841568463687744e-08,4.9527388059426285e-08,5.257302312692461e-08,5.331572309501668e-08,5.27442038544921e-08
RepsRanparQMC/MC2-8-Lat-Rp-B-12-10000.dat,MC2,8,Lat-Rp,12,qmc,True,4.76693293692946e-05,4.201690125637365e-08,6.922199783744698,51.42535714255695,    ,4.099186756273669e-09,6.24576364260856e-11,5.110219222960961e-11,3.701484078763066e-10,1.287926247865979e-09,5.345845509657449e-10
RepsRanparRQMC/MC2-8-Lat-Rp-RS-14-10000.dat,MC2,8,Lat-Rp,14,RS,False,4.4274047744926605e-07,5.637923458355768e-09,0.797263549862778,73.14145903414654,    ,2.453231260154054e-10,4.027839107134111e-11,3.646826753627752e-11,7.168777385480755e-11,1.0458783515643257e-10,7.897109806864283e-11
RepsRanparRQMC/MC2-8-Lat-Rp-RSB-14-10000.dat,MC2,8,Lat-Rp,14,RS,True,-3.663821682930335e-07,5.746991998002932e-09,-5.117972353164047,378.5986055991857,    ,2.500034531977184e-10,4.840923932508999e-15,5.181338888683388e-15,7.327660844352906e-13,1.1230719470749695e-11,8.425707540533059e-13
RepsRanparQMC/MC2-8-Lat-Rp-14-10000.dat,MC2,8,Lat-Rp,14,qmc,False,5.696586107155618e-05,2.606789183514727e-08,-0.21230315684857234,43.17116677713419,    ,4.378495929151982e-09,3.3213362137599717e-09,3.288465862992567e-09,3.5905625496121454e-09,3.814185284724449e-09,3.6569008297965593e-09
RepsRanparQMC/MC2-8-Lat-Rp-B-14-10000.dat,MC2,8,Lat-Rp,14,qmc,True,1.2015332519635136e-05,1.0614523876575633e-08,13.844380833380471,197.8762820423014,    ,6.058692536693857e-10,1.0250831141662316e-12,8.27922990019625e-13,6.382094362858453e-12,7.198733227129425e-11,1.172681346387675e-11
RepsRanparRQMC/MC2-8-Lat-Rp-RS-16-10000.dat,MC2,8,Lat-Rp,16,RS,False,-2.1376516994320305e-08,1.208044724525721e-09,1.6548889293499633,167.14371360491486,    ,5.252414063051016e-11,3.4290055868740844e-12,3.0658924668703367e-12,7.103574130803377e-12,1.3334072186979856e-11,8.302542325295625e-12
RepsRanparRQMC/MC2-8-Lat-Rp-RSB-16-10000.dat,MC2,8,Lat-Rp,16,RS,True,-9.170409796320444e-07,1.5764756033107292e-09,-21.33479645792617,949.1114202238421,    ,6.938338169357359e-11,6.465736178673838e-17,7.140441718737188e-17,1.50959097171598e-14,7.078992544463988e-13,2.1445492611690527e-14
RepsRanparQMC/MC2-8-Lat-Rp-16-10000.dat,MC2,8,Lat-Rp,16,qmc,False,1.272636730020602e-05,5.6278847649048e-09,-3.4956985158825313,163.44484981371656,    ,4.066510666121357e-10,2.0680013995255776e-10,2.0652548882486933e-10,2.305747023841535e-10,2.549564547760534e-10,2.3097897357575421e-10
RepsRanparQMC/MC2-8-Lat-Rp-B-16-10000.dat,MC2,8,Lat-Rp,16,qmc,True,2.4709297966411637e-06,2.0354946305158386e-09,31.885985531418644,1044.0853899447325,    ,9.460526060409604e-11,1.3945778389158144e-14,1.116829518436376e-14,1.1348111813037721e-13,6.865450366604002e-13,2.035320477944473e-13
RepsRanparRQMC/MC2-8-Lat-Rv-RS-6-10000.dat,MC2,8,Lat-Rv,6,RS,False,4.499788397998117e-06,4.211756394193365e-06,0.038962935653995126,2.9597577641714428,    ,1.8314009132142523e-07,2.833803732569864e-07,3.0342555632643304e-07,2.1846047101306125e-07,1.9990077174728563e-07,1.9277727972827468e-07
RepsRanparRQMC/MC2-8-Lat-Rv-RSB-6-10000.dat,MC2,8,Lat-Rv,6,RS,True,2.0260941204780247e-05,1.918381657437351e-06,0.3939078513408641,3.710700148937812,    ,8.381840388795361e-08,1.0649580240591665e-07,1.1796280432728098e-07,9.925108253295138e-08,8.956000080123127e-08,8.756849034481597e-08
RepsRanparQMC/MC2-8-Lat-Rv-6-10000.dat,MC2,8,Lat-Rv,6,qmc,False,0.010582756594208586,4.7175939293568785e-06,0.7483673048945806,3.912756971447882,    ,0.00011219984991180256,0.00010754688727384903,0.0001063029836619604,0.0001097470789278772,0.00011087582122240605,0.0001108452630047853
RepsRanparQMC/MC2-8-Lat-Rv-B-6-10000.dat,MC2,8,Lat-Rv,6,qmc,True,0.003949414942191012,3.498173406031835e-06,1.3092233817214112,6.236346642996778,    ,1.5749972881516062e-05,1.3225204022680526e-05,1.2763941816082604e-05,1.4540196646979448e-05,1.5121364639221371e-05,1.5056777100932288e-05
RepsRanparRQMC/MC2-8-Lat-Rv-RS-8-10000.dat,MC2,8,Lat-Rv,8,RS,False,3.7024597246750447e-06,4.992924345950462e-07,0.1597112219728477,3.992087158572399,    ,2.1722074929536588e-08,2.8178690238587037e-08,2.9073230292246638e-08,2.4253768437822e-08,2.2426382442506398e-08,2.159861354689228e-08
RepsRanparRQMC/MC2-8-Lat-Rv-RSB-8-10000.dat,MC2,8,Lat-Rv,8,RS,True,5.376935505899128e-06,4.7017795822188615e-07,0.1901555019880645,6.286645961956431,    ,2.0471431358125302e-08,1.6537870008656718e-09,1.7053459737780618e-09,1.5552409362642142e-08,1.863266268878745e-08,1.5572097834545064e-08
RepsRanparQMC/MC2-8-Lat-Rv-8-10000.dat,MC2,8,Lat-Rv,8,qmc,False,0.0026390700408054158,1.4012929983627379e-06,0.4832128210694282,4.282884633900572,    ,7.0256164628142095e-06,6.788178629085412e-06,6.732481070891829e-06,6.874649010327742e-06,6.938948406180552e-06,6.938999745648821e-06
RepsRanparQMC/MC2-8-Lat-Rv-B-8-10000.dat,MC2,8,Lat-Rv,8,qmc,True,0.0009812719865668464,9.6191148772794e-07,1.7276813688777355,7.565654702367862,    ,1.0047169502177122e-06,4.243579962796752e-07,3.839093410000749e-07,7.917064745088886e-07,8.925381996465063e-07,8.696137321709749e-07
RepsRanparRQMC/MC2-8-Lat-Rv-RS-10-10000.dat,MC2,8,Lat-Rv,10,RS,False,1.9726412970494377e-06,8.67017019131648e-08,0.08070785743001847,8.848549400504083,    ,3.773530527302686e-09,2.6176587575558232e-09,2.50352341475277e-09,3.0272880580502115e-09,3.275002091726513e-09,2.949275878501977e-09
RepsRanparRQMC/MC2-8-Lat-Rv-RSB-10-10000.dat,MC2,8,Lat-Rv,10,RS,True,3.394152565870201e-06,1.1707530697262653e-07,0.07556909090152865,15.660787027102055,    ,5.101751009580687e-09,2.0466114057943137e-11,2.2936493907860383e-11,1.1314601454378057e-09,2.8458983625648803e-09,1.3197372196999182e-09
RepsRanparQMC/MC2-8-Lat-Rv-10-10000.dat,MC2,8,Lat-Rv,10,qmc,False,0.0006670165299979526,3.6446795527346334e-07,0.12000260160253211,6.484939364862016,    ,4.607574841284863e-07,4.4824925795216764e-07,4.4558895609423806e-07,4.5492737253901747e-07,4.5846610009533524e-07,4.5638782873893633e-07
RepsRanparQMC/MC2-8-Lat-Rv-B-10-10000.dat,MC2,8,Lat-Rv,10,qmc,True,0.0002396658319950151,2.3412690273563115e-07,2.952540389572627,12.146158390455797,    ,6.761914157958591e-08,4.540560037878636e-09,3.7098925629358875e-09,2.6948013547206374e-08,4.590317194536435e-08,3.3682288969066356e-08
RepsRanparRQMC/MC2-8-Lat-Rv-RS-12-10000.dat,MC2,8,Lat-Rv,12,RS,False,7.534046697618035e-07,2.0585353170484322e-08,1.000750716633699,31.978213647376244,    ,8.955829738348677e-10,2.559604986586585e-10,2.364486024229355e-10,3.6211142717422123e-10,4.827037621233189e-10,3.848966201855935e-10
RepsRanparRQMC/MC2-8-Lat-Rv-RSB-12-10000.dat,MC2,8,Lat-Rv,12,RS,True,2.2038314078923425e-06,3.242093974827949e-08,0.19695359356832803,50.5665681072592,    ,1.4144629488865644e-09,2.4349662278935587e-13,2.6701803159802996e-13,3.298102327686146e-11,3.242622382147928e-10,4.5880878508372484e-11
RepsRanparQMC/MC2-8-Lat-Rv-12-10000.dat,MC2,8,Lat-Rv,12,qmc,False,0.00016690277395423663,9.62527655766362e-08,0.2555792418303947,17.329036576504475,    ,3.2041438804777103e-08,2.8384869361704116e-08,2.837873261543989e-08,2.9306291244442526e-08,3.0196884111425455e-08,2.963181013485648e-08
RepsRanparQMC/MC2-8-Lat-Rv-B-12-10000.dat,MC2,8,Lat-Rv,12,qmc,True,6.240080464772257e-05,6.270362503468462e-08,5.633084807743931,34.615257033355576,    ,6.620104987408653e-09,4.9966468583753527e-11,4.0234049928707666e-11,6.801028032150418e-10,2.5480704160112355e-09,9.583767034105644e-10
RepsRanparRQMC/MC2-8-Lat-Rv-RS-14-10000.dat,MC2,8,Lat-Rv,14,RS,False,1.5154774884551526e-07,4.962396604988052e-09,2.8462298677998517,113.32356342553713,    ,2.1577934085009544e-10,2.2703270140997983e-11,2.0712427205200408e-11,4.113206230364021e-11,6.547200196597703e-11,4.725503190676472e-11
RepsRanparRQMC/MC2-8-Lat-Rv-RSB-14-10000.dat,MC2,8,Lat-Rv,14,RS,True,2.7223104497792196e-07,8.857231016464516e-09,-1.0611903970442158,183.78591152346516,    ,3.851711104576983e-10,2.862198632950219e-15,3.3444114505792858e-15,1.1745797724987608e-12,3.270852318473806e-11,1.3284932446608254e-12
RepsRanparQMC/MC2-8-Lat-Rv-14-10000.dat,MC2,8,Lat-Rv,14,qmc,False,3.942148455951832e-05,2.4819284344780857e-08,-0.8965745841723075,58.57319127159429,    ,2.633152764214639e-09,1.7939777341180606e-09,1.788031401992769e-09,1.9278127711461893e-09,2.0547657654007764e-09,1.9347072725647577e-09
RepsRanparQMC/MC2-8-Lat-Rv-B-14-10000.dat,MC2,8,Lat-Rv,14,qmc,True,1.614431519580415e-05,1.6489587213221286e-08,11.06885586742448,126.27919665914104,    ,9.775774876293548e-10,6.28628662194634e-13,5.042299824763985e-13,1.3899041236183645e-11,1.4618175635856642e-10,2.0394511418856348e-11
RepsRanparRQMC/MC2-8-Lat-Rv-RS-16-10000.dat,MC2,8,Lat-Rv,16,RS,False,9.529075547133336e-08,1.0562973721333884e-09,9.198345422679742,542.5191995353327,    ,4.5935053029529966e-11,1.9940566056868022e-12,1.8028644020632417e-12,3.896199878372321e-12,7.419394311818845e-12,4.688584813555206e-12
RepsRanparRQMC/MC2-8-Lat-Rv-RSB-16-10000.dat,MC2,8,Lat-Rv,16,RS,True,8.592072411295338e-08,1.8517812585490458e-09,-1.3381932057868506,832.7364646443192,    ,8.051961100339931e-11,3.191257629812012e-17,3.599367378667868e-17,6.416122632631241e-14,7.955172940326639e-13,5.998390803784828e-14
RepsRanparQMC/MC2-8-Lat-Rv-16-10000.dat,MC2,8,Lat-Rv,16,qmc,False,9.522564502892239e-06,6.448684435453722e-09,-2.548749258665499,235.72606393771426,    ,3.7105681886190516e-10,1.1721767528329345e-10,1.1609470103886981e-10,1.2802140764741977e-10,1.5148535927352138e-10,1.3209242433821185e-10
RepsRanparQMC/MC2-8-Lat-Rv-B-16-10000.dat,MC2,8,Lat-Rv,16,qmc,True,4.18683887401814e-06,4.468825930771714e-09,21.629896493120985,477.1874024890189,    ,2.1182639935575966e-10,6.779687632224674e-15,5.403943296389387e-15,9.705894372669867e-14,7.978171272913285e-12,1.8342086585454871e-13
RepsFixedparRQMC/MC2-8-Sob-DS-6-10000.dat,MC2,8,Sob,6,DS,False,-2.1921596182827407e-06,3.117208945714727e-06,0.0025283554973460727,2.870584456038357,    ,1.3553562929051929e-07,2.0589124732534763e-07,2.2364645797884348e-07,1.637933596936656e-07,1.4620506284296742e-07,1.4283446600896025e-07
RepsFixedparRQMC/MC2-8-Sob-DS-8-10000.dat,MC2,8,Sob,8,DS,False,-1.3429588698864014e-06,1.8258978356270384e-07,0.021085228047328996,2.7826886959327846,    ,7.940489780382895e-09,1.3180139565865966e-08,1.4217236203550325e-08,9.923434577997997e-09,8.748473164810332e-09,8.585053958404973e-09
RepsFixedparRQMC/MC2-8-Sob-DS-10-10000.dat,MC2,8,Sob,10,DS,False,4.549936890416384e-07,1.1385606680160019e-08,-0.007207052764078113,2.823822786373514,    ,4.952333966553294e-10,8.062200297460279e-10,8.702664685150354e-10,6.110357451179026e-10,5.401879179184778e-10,5.304566586724015e-10
RepsFixedparRQMC/MC2-8-Sob-DS-12-10000.dat,MC2,8,Sob,12,DS,False,1.3488480431326223e-07,6.980164624184947e-10,-0.008219532055998204,2.9163085574738177,    ,3.036673575471701e-11,4.747771395719304e-11,5.109947926199673e-11,3.700128474744659e-11,3.328627544074734e-11,3.2376109152562993e-11
RepsFixedparRQMC/MC2-8-Sob-DS-14-10000.dat,MC2,8,Sob,14,DS,False,3.371551343634982e-08,4.364018526384436e-11,-0.015560945736503622,2.813859288878373,    ,1.8985360951438576e-12,2.974407876044907e-12,3.2114090576693555e-12,2.3248891595502797e-12,2.0815035153587414e-12,2.0263091837670304e-12
RepsFixedparRQMC/MC2-8-Sob-DS-16-10000.dat,MC2,8,Sob,16,DS,False,1.7042333900341156e-08,2.759723397876363e-12,0.03127110076638095,2.8872562087757068,    ,1.2027841496548216e-13,1.8366631814219404e-13,1.9679015143368353e-13,1.46930515063762e-13,1.333718337300947e-13,1.2947325604661395e-13
RepsRanparRQMC/MC2-8-Sob-LMS-DS-6-10000.dat,MC2,8,Sob-LMS,6,DS,False,7.029828384152115e-07,1.4035900270064424e-07,-0.004714934544175681,3.451105353410666,    ,6.1030595196817255e-09,8.30623084125627e-09,8.63742173936705e-09,7.243244255176648e-09,6.632407154066212e-09,6.410650036427142e-09
RepsRanparQMC/MC2-8-Sob-LMS-6-10000.dat,MC2,8,Sob-LMS,6,qmc,False,0.0011081721050481218,1.0343026301321277e-07,0.6911826633882164,3.6313845049603217,    ,1.2325423823638818e-06,1.1596901121450506e-06,1.1392704220001138e-06,1.1956072957569234e-06,1.2134954802911706e-06,1.2119434542879438e-06
RepsRanparRQMC/MC2-8-Sob-LMS-DS-8-10000.dat,MC2,8,Sob-LMS,8,DS,False,-6.438002035063506e-07,2.396642587536585e-09,-0.12753909107973332,5.172767677141972,    ,1.0461633033406025e-10,9.911594536857063e-11,9.662175423991754e-11,1.046227309160654e-10,1.0421373980947766e-10,9.764976332708424e-11
RepsRanparQMC/MC2-8-Sob-LMS-8-10000.dat,MC2,8,Sob-LMS,8,qmc,False,0.0001175194791223601,2.0698390124488846e-09,1.2425506646798616,5.264716481628214,    ,1.3900820973732086e-08,1.184107394842362e-08,1.1414705442699115e-08,1.2873848908114005e-08,1.3353893406834081e-08,1.328288695146918e-08
RepsRanparRQMC/MC2-8-Sob-LMS-DS-10-10000.dat,MC2,8,Sob-LMS,10,DS,False,-6.556556941899368e-08,1.2796104868207915e-10,-0.038577584014162475,8.970541562812432,    ,5.567822699635809e-12,1.2755493800364453e-12,1.0967998672818948e-12,3.3187899278806425e-12,4.428699981800206e-12,3.5374124242825365e-12
RepsRanparQMC/MC2-8-Sob-LMS-10-10000.dat,MC2,8,Sob-LMS,10,qmc,False,1.3946559499271444e-05,1.2076813179808417e-10,2.160347319393203,8.046921349753458,    ,1.9975731020576568e-10,1.1001457241704777e-10,9.97776785717777e-11,1.5066841351378175e-10,1.7492377683746312e-10,1.679588111575781e-10
RepsRanparRQMC/MC2-8-Sob-LMS-DS-12-10000.dat,MC2,8,Sob-LMS,12,DS,False,1.1405312315194122e-08,1.5596165326194193e-12,-0.027401394795283966,11.538730464423672,    ,6.7939495610721e-14,1.4394843090235484e-14,1.3564752956473541e-14,4.5051211207544726e-14,5.585020357541184e-14,4.659728971218633e-14
RepsRanparQMC/MC2-8-Sob-LMS-12-10000.dat,MC2,8,Sob-LMS,12,qmc,False,1.348180029924853e-06,1.4087915889329771e-12,2.2753144249375388,10.136488079751613,    ,1.8788412013026548e-12,9.88866280671573e-13,8.675408349055861e-13,1.4273494187275525e-12,1.6417431122000923e-12,1.5930993788684531e-12
RepsRanparRQMC/MC2-8-Sob-LMS-DS-14-10000.dat,MC2,8,Sob-LMS,14,DS,False,1.8923792994707e-09,6.11945104336292e-14,0.2226968824985269,19.17238942554338,    ,2.6642119878317263e-15,1.3668168400601867e-16,1.3835917837444595e-16,8.006290578306981e-16,1.4822490133551628e-15,9.507509399056352e-16
RepsRanparQMC/MC2-8-Sob-LMS-14-10000.dat,MC2,8,Sob-LMS,14,qmc,False,1.6003933594512433e-07,6.170158622330933e-14,3.772884589618261,18.550894483143963,    ,2.8295266711639378e-14,7.953535874256229e-15,6.803729352136177e-15,1.3853308285767384e-14,1.9635542737794922e-14,1.731829566451975e-14
RepsRanparRQMC/MC2-8-Sob-LMS-DS-16-10000.dat,MC2,8,Sob-LMS,16,DS,False,5.100380363123968e-10,1.868989435826177e-15,-0.06196883237380759,403.66640266433654,    ,8.152054905179744e-17,5.012419904708506e-19,4.576232853290382e-19,4.448289403598726e-18,1.3102761733008364e-17,5.694742185289818e-18
RepsRanparQMC/MC2-8-Sob-LMS-16-10000.dat,MC2,8,Sob-LMS,16,qmc,False,1.2714062377828614e-08,1.259248573037263e-15,16.400824695782074,444.8381427412441,    ,2.1639732010545884e-16,2.773970522271701e-17,2.3086415408146742e-17,6.01099966378313e-17,1.0197918169065649e-16,8.069735756973718e-17
RepsRanparRQMC/MC2-8-Sob-NUS-6-10000.dat,MC2,8,Sob-NUS,6,NUS,False,-3.1449926701127675e-06,1.359920750187379e-07,0.0038219916735338093,2.9970214178911188,    ,5.922589892753232e-09,9.127041730987157e-09,9.775708607565371e-09,7.164139895592234e-09,6.529850184596604e-09,6.331731858903031e-09
RepsRanparRQMC/MC2-8-Sob-NUS-8-10000.dat,MC2,8,Sob-NUS,8,NUS,False,4.7378367727146654e-07,2.4497976968139026e-09,-0.022981536453515385,2.989200152657546,    ,1.0673741431258376e-10,1.607333406110544e-10,1.7226700813692677e-10,1.2807670830080795e-10,1.1486026577284587e-10,1.1220844585129508e-10
RepsRanparRQMC/MC2-8-Sob-NUS-10-10000.dat,MC2,8,Sob-NUS,10,NUS,False,2.1395520087038599e-07,1.2947408763434933e-10,-0.04924743943547158,2.963090757096335,    ,5.675084985994675e-12,8.917626915649535e-12,9.466884128923832e-12,6.9546968845668136e-12,6.2562147899524605e-12,6.094404105778399e-12
RepsRanparRQMC/MC2-8-Sob-NUS-12-10000.dat,MC2,8,Sob-NUS,12,NUS,False,1.680267511138256e-08,1.4827287125857119e-12,-0.013829754084279862,3.046735561321089,    ,6.474879565549484e-14,1.031517147567887e-13,1.1007609959227241e-13,7.911893839373239e-14,7.159670081658429e-14,6.943381589960905e-14
RepsRanparRQMC/MC2-8-Sob-NUS-14-10000.dat,MC2,8,Sob-NUS,14,NUS,False,1.1275355377926565e-09,6.142269853132801e-14,-0.028401755012670907,4.532926995867523,    ,2.671823446446725e-15,2.6232863233746183e-15,2.5623750443755994e-15,2.751706883205991e-15,2.7223131722920074e-15,2.547780809139713e-15
RepsRanparRQMC/MC2-8-Sob-NUS-16-10000.dat,MC2,8,Sob-NUS,16,NUS,False,2.5860829250268223e-10,1.899222850977216e-15,0.0017957547699409546,3.009225150485321,    ,8.264178481317794e-17,1.1975455920071392e-16,1.2833867925060504e-16,9.84713489157651e-17,8.952486336567336e-17,8.670549055054809e-17
RepsFixedparRQMC/MC2-16-Lat-RS-6-10000.dat,MC2,16,Lat,6,RS,False,6.481637611810176e-06,1.6670539912191738e-06,0.03594061738731946,2.946075437481036,    ,7.252261994000794e-08,1.1061538244153041e-07,1.1811430012584605e-07,8.81017255686488e-08,7.917189541020214e-08,7.730237873941306e-08
RepsFixedparRQMC/MC2-16-Lat-RSB-6-10000.dat,MC2,16,Lat,6,RS,True,3.2620898760349572e-06,4.263506817560976e-07,0.2714283645439,2.8328217189328293,    ,1.854762739366792e-08,3.123294999439683e-08,3.4168240404735234e-08,2.2936187347953774e-08,2.0099750749401036e-08,1.970516059518278e-08
RepsFixedparRQMC/MC2-16-Lat-RS-8-10000.dat,MC2,16,Lat,8,RS,False,6.204664391871728e-07,1.6965261479536163e-07,-0.01758323605612428,2.9372700501271187,    ,7.37658562187875e-09,1.1232412546283556e-08,1.1879771578676491e-08,8.884097576324976e-09,7.987970989260588e-09,7.752540504569672e-09
RepsFixedparRQMC/MC2-16-Lat-RSB-8-10000.dat,MC2,16,Lat,8,RS,True,-1.8734505717122208e-06,1.223143114720696e-07,0.010783152802285352,2.29430222291497,    ,5.321523359308545e-09,8.242618716856732e-09,9.639742988409985e-09,6.910343985389947e-09,5.910783747323734e-09,5.895221847676597e-09
RepsFixedparRQMC/MC2-16-Lat-RS-10-10000.dat,MC2,16,Lat,10,RS,False,7.903722061931351e-07,1.5981302935128635e-08,-0.14490518561122073,2.9045515814606118,    ,6.954639462733937e-10,1.0768550425849526e-09,1.1618929112152139e-09,8.422553857650454e-10,7.472569394121697e-10,7.301045847349422e-10
RepsFixedparRQMC/MC2-16-Lat-RSB-10-10000.dat,MC2,16,Lat,10,RS,True,-2.655098496379571e-07,2.2171781023551546e-09,0.010368622577388152,2.5024590320535514,    ,9.646954340873975e-11,1.7882993219725048e-10,1.9278360362907016e-10,1.20864856062789e-10,1.0533491255792166e-10,1.0413553455628806e-10
RepsFixedparRQMC/MC2-16-Lat-RS-12-10000.dat,MC2,16,Lat,12,RS,False,-2.3243676354445242e-07,1.0284254081241921e-09,-0.05172911897748462,2.9059902201993757,    ,4.4768175028359723e-11,6.863932342774949e-11,7.377829941171303e-11,5.4665493296040044e-11,4.913220910763765e-11,4.789982007057776e-11
RepsFixedparRQMC/MC2-16-Lat-RSB-12-10000.dat,MC2,16,Lat,12,RS,True,-5.71585914610484e-09,1.3680638365599267e-12,0.021793160753606353,2.4986155380414186,    ,5.951370741794883e-14,1.0679524124866341e-13,1.166593171396093e-13,7.521969554104833e-14,6.623454379769114e-14,6.493065532604797e-14
RepsFixedparRQMC/MC2-16-Lat-RS-14-10000.dat,MC2,16,Lat,14,RS,False,3.271722031852331e-08,1.0207037848595196e-10,-0.22162273472988062,2.7351000598838833,    ,4.438912959372847e-12,7.848032069937103e-12,8.678202008565855e-12,5.631291173737616e-12,4.831686892083144e-12,4.792036032017807e-12
RepsFixedparRQMC/MC2-16-Lat-RSB-14-10000.dat,MC2,16,Lat,14,RS,True,2.0894154315387327e-09,3.038002239492432e-13,-0.0011409869514196049,1.5333144410756854,    ,1.3213071045943081e-14,5.3953885353512895e-14,6.643219685695808e-14,2.1473460731448938e-14,1.5900650127918163e-14,1.6840182412524886e-14
RepsFixedparRQMC/MC2-16-Lat-RS-16-10000.dat,MC2,16,Lat,16,RS,False,4.9576540021445405e-08,7.210757891007948e-12,0.18232037731743414,2.807565165184228,    ,3.1596904597301747e-13,5.357513442702539e-13,5.831500371049938e-13,3.910846381370773e-13,3.4725912664377234e-13,3.4071473646117644e-13
RepsFixedparRQMC/MC2-16-Lat-RSB-16-10000.dat,MC2,16,Lat,16,RS,True,5.728842257912703e-10,1.2015351733562338e-15,-0.020843652632660414,1.7016721450119816,    ,5.256885604730106e-17,1.864388265607783e-16,2.26291829906423e-16,8.126141342517305e-17,6.322694993192267e-17,6.508027836421445e-17
RepsRanparRQMC/MC2-16-Lat-Rp-RS-6-10000.dat,MC2,16,Lat-Rp,6,RS,False,2.5706064792043182e-06,2.9041295308452796e-06,0.030288454286630337,3.172023865852404,    ,1.2627310935877005e-07,1.9270178671712614e-07,2.0467410158392534e-07,1.516264561570958e-07,1.3711573241167728e-07,1.3310397320401713e-07
RepsRanparRQMC/MC2-16-Lat-Rp-RSB-6-10000.dat,MC2,16,Lat-Rp,6,RS,True,-4.00438223130658e-06,3.099988910491259e-07,0.391226725273376,3.551334500024036,    ,1.3494247731364225e-08,1.9707319282391896e-08,2.1436511081938875e-08,1.6171225545746592e-08,1.4449570051180253e-08,1.4106078016964125e-08
RepsRanparQMC/MC2-16-Lat-Rp-6-10000.dat,MC2,16,Lat-Rp,6,qmc,False,0.013973102801929354,6.96500446230149e-06,0.22886878329433402,2.120925436519638,    ,0.0001955504281942556,0.0001945040061595754,0.00019314088651876954,0.00019418131522374517,0.00019493025634199963,0.00019482960524640265
RepsRanparQMC/MC2-16-Lat-Rp-B-6-10000.dat,MC2,16,Lat-Rp,6,qmc,True,0.0033730794711415435,9.983470897412087e-07,0.6745954211486431,3.7163385240846787,    ,1.1421071513842653e-05,1.0794738355097232e-05,1.0618576729848949e-05,1.1099413811290113e-05,1.126475114514348e-05,1.124870393419905e-05
RepsRanparRQMC/MC2-16-Lat-Rp-RS-8-10000.dat,MC2,16,Lat-Rp,8,RS,False,3.4836325004469536e-06,2.5955855987099105e-07,0.07300546245477971,3.3639835964221856,    ,1.129729047239778e-08,1.6701389137551235e-08,1.7368326714471753e-08,1.3396964618271e-08,1.2377048441808957e-08,1.2018753598883692e-08
RepsRanparRQMC/MC2-16-Lat-Rp-RSB-8-10000.dat,MC2,16,Lat-Rp,8,RS,True,-4.681851278873772e-06,8.007769837391146e-08,0.07814899556078286,3.9091651640580016,    ,3.5035587911327726e-09,2.2837846452841775e-09,2.709075617922485e-09,3.776241732734029e-09,3.5820150074198747e-09,3.4323812761351644e-09
RepsRanparQMC/MC2-16-Lat-Rp-8-10000.dat,MC2,16,Lat-Rp,8,qmc,False,0.0036140683381406667,8.58732650172585e-07,0.5062778545539292,3.0011955874515794,    ,1.3098826154932257e-05,1.2478865978901745e-05,1.2301712796646078e-05,1.2838694491550209e-05,1.2978199996762597e-05,1.2963473149145033e-05
RepsRanparQMC/MC2-16-Lat-Rp-B-8-10000.dat,MC2,16,Lat-Rp,8,qmc,True,0.0008130578476120177,1.826342684920449e-07,1.0623293590328693,4.86856877335052,    ,6.690036839327064e-07,5.63680304224251e-07,5.415650862779855e-07,6.189710024117809e-07,6.425677874345549e-07,6.403296600109377e-07
RepsRanparRQMC/MC2-16-Lat-Rp-RS-10-10000.dat,MC2,16,Lat-Rp,10,RS,False,1.7155650964487345e-06,3.102446671100423e-08,0.08908536973026732,3.800257473481372,    ,1.351833020600337e-09,1.7473028020098808e-09,1.7828378210283152e-09,1.5236529916696468e-09,1.4409796436390005e-09,1.3750884473381441e-09
RepsRanparRQMC/MC2-16-Lat-Rp-RSB-10-10000.dat,MC2,16,Lat-Rp,10,RS,True,-1.2398140060606354e-06,1.915600706732589e-08,0.04890306669839603,8.030464725792358,    ,8.344070112620541e-10,3.8698828173673066e-11,3.731251974096174e-11,5.284048804218933e-10,7.066055515895272e-10,5.549417265881484e-10
RepsRanparQMC/MC2-16-Lat-Rp-10-10000.dat,MC2,16,Lat-Rp,10,qmc,False,0.0008930153473664433,1.2462842743747945e-07,0.5520999243906133,4.030667019698367,    ,8.028950379118998e-07,7.540900864506262e-07,7.431666728391018e-07,7.790576249001294e-07,7.909502589439829e-07,7.897244776965625e-07
RepsRanparQMC/MC2-16-Lat-Rp-B-10-10000.dat,MC2,16,Lat-Rp,10,qmc,True,0.00019595452740956573,4.0424290551348137e-08,1.8001076007070258,7.2301796731257015,    ,4.015575466236486e-08,1.2080285060476028e-08,1.0707014409034274e-08,2.987312554170273e-08,3.5068616323593464e-08,3.331181328422098e-08
RepsRanparRQMC/MC2-16-Lat-Rp-RS-12-10000.dat,MC2,16,Lat-Rp,12,RS,False,-4.894673297802465e-07,5.418886094744789e-09,-0.03696038638582766,6.863284313012389,    ,2.358433215166956e-10,1.9874425540504957e-10,1.9380337566249315e-10,2.1742135778240808e-10,2.2100241163519547e-10,2.048314540033676e-10
RepsRanparRQMC/MC2-16-Lat-Rp-RSB-12-10000.dat,MC2,16,Lat-Rp,12,RS,True,-4.423703764067977e-07,4.656265408712334e-09,0.000932306614958401,19.648866863296714,    ,2.0264201366784986e-10,1.4419939620322504e-12,1.2863404103340942e-12,3.485884265008191e-11,9.66045815763737e-11,4.2215087975223393e-11
RepsRanparQMC/MC2-16-Lat-Rp-12-10000.dat,MC2,16,Lat-Rp,12,qmc,False,0.00022329332226015146,2.645575152480271e-08,0.2571930165454864,5.479741870012128,    ,5.1010157832271617e-08,4.710152713497768e-08,4.659996193726976e-08,4.943754993163084e-08,5.01151616691377e-08,5.001669891870856e-08
RepsRanparQMC/MC2-16-Lat-Rp-B-12-10000.dat,MC2,16,Lat-Rp,12,qmc,True,4.985605820481347e-05,1.0244545516559674e-08,3.2558004853236873,13.67198446372626,    ,2.9310415621808647e-09,2.868397876375905e-10,2.4454554393648774e-10,1.068291601296396e-09,1.913183227841676e-09,1.3463466196127397e-09
RepsRanparRQMC/MC2-16-Lat-Rp-RS-14-10000.dat,MC2,16,Lat-Rp,14,RS,False,-6.17829665689218e-07,1.2646167163353382e-09,-0.9547645326997829,20.805339610971455,    ,5.5365048988646445e-11,2.0915014711594563e-11,1.9153799022370407e-11,3.097032363938573e-11,3.9194040956865396e-11,3.262067831810042e-11
RepsRanparRQMC/MC2-16-Lat-Rp-RSB-14-10000.dat,MC2,16,Lat-Rp,14,RS,True,-4.5437418818438103e-07,1.2757694605462685e-09,-1.4111370702599597,76.40294950265566,    ,5.567469331794337e-11,2.5806735661159897e-14,2.6645529422231623e-14,1.0377929270694488e-12,8.729571366591747e-12,1.4578303155699807e-12
RepsRanparQMC/MC2-16-Lat-Rp-14-10000.dat,MC2,16,Lat-Rp,14,qmc,False,5.5173276178943655e-05,6.548889998595796e-09,0.07675739002596876,11.701733242887387,    ,3.328824752083026e-09,2.983571985243029e-09,2.9549115856462787e-09,3.1834349497486595e-09,3.241959971353025e-09,3.1967848928875757e-09
RepsRanparQMC/MC2-16-Lat-Rp-B-14-10000.dat,MC2,16,Lat-Rp,14,qmc,True,1.296112572973831e-05,2.7091477565892385e-09,6.3675713270179815,43.41411739965937,    ,2.8577981307726873e-10,6.6733821768969316e-12,5.5912007288262534e-12,2.806957898999114e-11,9.734028138319628e-11,3.9759246350065496e-11
RepsRanparRQMC/MC2-16-Lat-Rp-RS-16-10000.dat,MC2,16,Lat-Rp,16,RS,False,-1.7980424315356958e-07,2.801241584726e-10,-2.159009637113027,88.23126877369101,    ,1.2211640803795159e-11,2.0044955724486624e-12,1.8187316828786237e-12,3.5509250561157385e-12,5.254725632485937e-12,3.971686018051376e-12
RepsRanparRQMC/MC2-16-Lat-Rp-RSB-16-10000.dat,MC2,16,Lat-Rp,16,RS,True,1.4783816578145536e-07,2.595835752499005e-10,2.7814066639860155,325.4864260850023,    ,1.1308098525431213e-11,4.9865581814046085e-16,4.932652989582813e-16,2.312257279434612e-14,4.2639416579302217e-13,3.5161583278431344e-14
RepsRanparQMC/MC2-16-Lat-Rp-16-10000.dat,MC2,16,Lat-Rp,16,qmc,False,1.3631650531866635e-05,1.7383759405636515e-09,-0.3658383203576265,36.93498195579985,    ,2.6140345885614213e-10,1.9188066559094052e-10,1.900595587762439e-10,2.1192705741706585e-10,2.2646235259301674e-10,2.154282688367732e-10
RepsRanparQMC/MC2-16-Lat-Rp-B-16-10000.dat,MC2,16,Lat-Rp,16,qmc,True,3.6600887118941383e-06,8.200165793090163e-10,11.702928564005665,140.71591579497223,    ,4.9049144131500816e-11,1.2230054724692132e-13,1.011665165833028e-13,5.691573215544008e-13,8.019795791975161e-12,1.0038591814559214e-12
RepsRanparRQMC/MC2-16-Lat-Rv-RS-6-10000.dat,MC2,16,Lat-Rv,6,RS,False,9.225360806931138e-06,1.6848154434666224e-06,0.058440018259765324,3.0827427096592777,    ,7.333795265013208e-08,1.134886700201478e-07,1.2066701830566176e-07,9.060170341299826e-08,8.073763325278593e-08,7.900502530626924e-08
RepsRanparRQMC/MC2-16-Lat-Rv-RSB-6-10000.dat,MC2,16,Lat-Rv,6,RS,True,8.24854279561138e-08,4.5292679358648856e-07,0.4150574401148754,3.2625920226457223,    ,1.9692476090214893e-08,3.129741420724831e-08,3.423348728361088e-08,2.376636990452096e-08,2.116231365877265e-08,2.0521267316180774e-08
RepsRanparQMC/MC2-16-Lat-Rv-6-10000.dat,MC2,16,Lat-Rv,6,qmc,False,0.01035349822229093,1.0864110394526207e-06,0.8984581461894022,4.428310148631096,    ,0.00010724216070156634,0.0001045299153168673,0.00010383766068869718,0.00010587375476593142,0.00010653165709294119,0.00010648117944367284
RepsRanparQMC/MC2-16-Lat-Rv-B-6-10000.dat,MC2,16,Lat-Rv,6,qmc,True,0.003963473964655465,7.909242133883138e-07,0.9928008864934261,4.895556946671682,    ,1.5743513877779466e-05,1.4847025751248571e-05,1.462052770032965e-05,1.5250427386471174e-05,1.5465656946419866e-05,1.54550044444247e-05
RepsRanparRQMC/MC2-16-Lat-Rv-RS-8-10000.dat,MC2,16,Lat-Rv,8,RS,False,1.4841258241026335e-06,1.5709550451450528e-07,0.07919641549895692,3.175327143069922,    ,6.83244195617939e-09,1.0595747219434287e-08,1.1243528679329446e-08,8.246723935521138e-09,7.509676334815117e-09,7.280493709360001e-09
RepsRanparRQMC/MC2-16-Lat-Rv-RSB-8-10000.dat,MC2,16,Lat-Rv,8,RS,True,-3.83060357891184e-06,1.1284980854670605e-07,0.19759442266123586,3.618845299035415,    ,4.921186938852948e-09,5.25130361600632e-09,5.801944641973921e-09,5.645635149373664e-09,5.219798848626891e-09,5.022256193574171e-09
RepsRanparQMC/MC2-16-Lat-Rv-8-10000.dat,MC2,16,Lat-Rv,8,qmc,False,0.0025794083192622,3.241379353076136e-07,0.5007929261131608,3.5393852470336795,    ,6.667440231188074e-06,6.4574997392116596e-06,6.4006009954225e-06,6.559550480328235e-06,6.6133627331275355e-06,6.607853552534356e-06
RepsRanparQMC/MC2-16-Lat-Rv-B-8-10000.dat,MC2,16,Lat-Rv,8,qmc,True,0.0009903414244203344,2.2601820108743913e-07,1.080310730766094,5.163509450613636,    ,9.906030152310466e-07,8.742411088322493e-07,8.427931968239247e-07,9.198301775138515e-07,9.503843632825561e-07,9.480833374163916e-07
RepsRanparRQMC/MC2-16-Lat-Rv-RS-10-10000.dat,MC2,16,Lat-Rv,10,RS,False,1.191073085442984e-06,2.2786184987737215e-08,0.046493245682911175,3.99977929202429,    ,9.92122350213876e-10,1.1903571349439546e-09,1.21892608795626e-09,1.0818929987337228e-09,1.0265856005228128e-09,9.831404385370362e-10
RepsRanparRQMC/MC2-16-Lat-Rv-RSB-10-10000.dat,MC2,16,Lat-Rv,10,RS,True,-3.5875958439063327e-07,2.6725424479724927e-08,0.08870147116349898,6.145914573390097,    ,1.1621036858187369e-09,1.0154075927684025e-10,1.0847260403847488e-10,8.942129301473034e-10,1.0546627429003138e-09,8.967798653407477e-10
RepsRanparQMC/MC2-16-Lat-Rv-10-10000.dat,MC2,16,Lat-Rv,10,qmc,False,0.0006446876516301937,8.469232323517798e-08,0.22889539564437922,3.8337666583049663,    ,4.193044430877226e-07,4.1079326483752005e-07,4.093918626271691e-07,4.1433116163012185e-07,4.170275225922485e-07,4.1637848909371223e-07
RepsRanparQMC/MC2-16-Lat-Rv-B-10-10000.dat,MC2,16,Lat-Rv,10,qmc,True,0.0002456750559105462,5.747948565453872e-08,1.5608179626856813,6.139260814725992,    ,6.285534116858647e-08,2.7234918634330208e-08,2.4389454835861734e-08,4.956400454246151e-08,5.5663369448432744e-08,5.435488787111335e-08
RepsRanparRQMC/MC2-16-Lat-Rv-RS-12-10000.dat,MC2,16,Lat-Rv,12,RS,False,-6.212456894436391e-07,4.809818933932433e-09,-0.01042309309190586,8.805252978800011,    ,2.0950850855154066e-10,1.2974417587862768e-10,1.225629648423813e-10,1.615542749464054e-10,1.8114219792972578e-10,1.619490727887787e-10
RepsRanparRQMC/MC2-16-Lat-Rv-RSB-12-10000.dat,MC2,16,Lat-Rv,12,RS,True,2.5012029254789513e-07,6.877720739289291e-09,0.07280791466608479,15.099996269405722,    ,2.9909389665158296e-10,1.3570234832767185e-12,1.6163214877208542e-12,7.675541542637381e-11,1.728879222031118e-10,9.060936933277025e-11
RepsRanparQMC/MC2-16-Lat-Rv-12-10000.dat,MC2,16,Lat-Rv,12,qmc,False,0.0001603406128941708,2.175809322107391e-08,-0.004481353499963534,5.992210829443022,    ,2.6655116196368502e-08,2.619260342407545e-08,2.6097975723602193e-08,2.6454699645944613e-08,2.659052684173722e-08,2.6474589195793636e-08
RepsRanparQMC/MC2-16-Lat-Rv-B-12-10000.dat,MC2,16,Lat-Rv,12,qmc,True,6.209749791312798e-05,1.434723786650969e-08,2.7814893694433,10.917666330908608,    ,4.479892197788747e-09,3.2817645729803205e-10,2.6701730793662897e-10,1.8726549146341184e-09,3.1495426150142135e-09,2.3181067461139305e-09
RepsRanparRQMC/MC2-16-Lat-Rv-RS-14-10000.dat,MC2,16,Lat-Rv,14,RS,False,2.7161194144080805e-07,1.1326220295839303e-09,-0.25204081860082955,34.152708470833424,    ,4.931820911559978e-11,1.2910020003990637e-11,1.1726350566029422e-11,2.107224453292457e-11,2.8479499033941653e-11,2.2971755451629087e-11
RepsRanparRQMC/MC2-16-Lat-Rv-RSB-14-10000.dat,MC2,16,Lat-Rv,14,RS,True,-3.057664725034104e-07,1.6371117835655716e-09,-0.33700930890426267,53.89925246393454,    ,7.127226633421029e-11,1.5184688125925068e-14,1.759288673678828e-14,3.2548596017491997e-12,1.7651146236456953e-11,4.0962199134375285e-12
RepsRanparQMC/MC2-16-Lat-Rv-14-10000.dat,MC2,16,Lat-Rv,14,qmc,False,3.9200106777011804e-05,5.945615763634294e-09,-0.2826635993956279,16.93263501565802,    ,1.7951534045306177e-09,1.6696835129279194e-09,1.6682434858106793e-09,1.7149405749402923e-09,1.752804506157773e-09,1.713101259065957e-09
RepsRanparQMC/MC2-16-Lat-Rv-B-14-10000.dat,MC2,16,Lat-Rv,14,qmc,True,1.628016778243957e-05,3.891822346252699e-09,5.366141000709136,31.94772227630356,    ,4.342535302527615e-10,3.663520872758623e-12,2.9673160073759934e-12,5.003951691428329e-11,1.7909130815046835e-10,6.9923675438804e-11
RepsRanparRQMC/MC2-16-Lat-Rv-RS-16-10000.dat,MC2,16,Lat-Rv,16,RS,False,-3.9164548051418005e-08,2.484582521405359e-10,-1.204854421112588,117.32168863204083,    ,1.0804066563586502e-11,1.1646688852287974e-12,1.0431361990958261e-12,2.213381422892306e-12,3.78748164676331e-12,2.5517620775700183e-12
RepsRanparRQMC/MC2-16-Lat-Rv-RSB-16-10000.dat,MC2,16,Lat-Rv,16,RS,True,-4.203174238333052e-08,3.8247900088468274e-10,-0.8422684770376868,228.74405618656505,    ,1.663128844496268e-11,2.5444332975754625e-16,2.4355140432493043e-16,5.298659757574736e-14,1.4871986811702732e-12,7.159993432287831e-14
RepsRanparQMC/MC2-16-Lat-Rv-16-10000.dat,MC2,16,Lat-Rv,16,qmc,False,9.993556412427906e-06,1.4651630951628904e-09,-0.20606541672502593,55.95520995767694,    ,1.6357391303633066e-10,1.0579545619926758e-10,1.0475349971123982e-10,1.1351455519079155e-10,1.2364096636036036e-10,1.1649348300818752e-10
RepsRanparQMC/MC2-16-Lat-Rv-B-16-10000.dat,MC2,16,Lat-Rv,16,qmc,True,4.0288458577734555e-06,9.526688640395728e-10,10.752543172695011,119.35679209056616,    ,5.7651984338723233e-11,4.880861423133794e-14,4.0502234306130556e-14,8.847648587329665e-13,8.43626474442738e-12,1.3584180475722652e-12
RepsFixedparRQMC/MC2-16-Sob-DS-6-10000.dat,MC2,16,Sob,6,DS,False,2.2958707356590223e-06,1.4451437504227247e-06,0.028325616735218547,2.977342277861495,    ,6.283760799733593e-08,9.721910402911395e-08,1.0364094204520634e-07,7.740086880362316e-08,6.938723154848637e-08,6.769567449723298e-08
RepsFixedparRQMC/MC2-16-Sob-DS-8-10000.dat,MC2,16,Sob,8,DS,False,1.5617032213171678e-06,8.49802232346272e-08,-0.029560697923617634,2.9408513704267873,    ,3.697231231500481e-09,5.771762389156394e-09,6.131429184318272e-09,4.473648883097385e-09,3.990744061463803e-09,3.9027770823202076e-09
RepsFixedparRQMC/MC2-16-Sob-DS-10-10000.dat,MC2,16,Sob,10,DS,False,8.19178140011223e-07,5.238459971374132e-09,0.021886260505299047,2.934323130366362,    ,2.284301820152519e-10,3.646694633945504e-10,3.8911189300178313e-10,2.781578136273291e-10,2.489929120493633e-10,2.4227579977180943e-10
RepsFixedparRQMC/MC2-16-Sob-DS-12-10000.dat,MC2,16,Sob,12,DS,False,1.6377444167436918e-08,3.3013718126263124e-10,0.02175407523171941,2.824426367682289,    ,1.4354058710357076e-11,2.255253834568092e-11,2.4440204316604e-11,1.7535760284097886e-11,1.585452514658892e-11,1.5316232594629615e-11
RepsFixedparRQMC/MC2-16-Sob-DS-14-10000.dat,MC2,16,Sob,14,DS,False,3.065804519166715e-08,2.112989428419824e-11,-0.01029973330097199,2.9922731154811038,    ,9.196309715696803e-13,1.4002804979822878e-12,1.4876337143611712e-12,1.0744927583357026e-12,9.674451535837423e-13,9.440135638480804e-13
RepsFixedparRQMC/MC2-16-Sob-DS-16-10000.dat,MC2,16,Sob,16,DS,False,2.3416729721670304e-08,1.360943639405289e-12,-0.005607205058516168,2.9380118919103078,    ,5.97198058136964e-14,9.09242867419556e-14,9.749875309291932e-14,7.237040885848181e-14,6.490640046067142e-14,6.355337341497668e-14
RepsRanparRQMC/MC2-16-Sob-LMS-DS-6-10000.dat,MC2,16,Sob-LMS,6,DS,False,-1.4941121194795847e-07,8.70356387226924e-08,0.07629197622083082,3.1164878886305547,    ,3.784180529044708e-09,5.825095888887554e-09,6.2182346558197675e-09,4.584087445529919e-09,4.091916798020534e-09,4.0063905463403975e-09
RepsRanparQMC/MC2-16-Sob-LMS-6-10000.dat,MC2,16,Sob-LMS,6,qmc,False,0.0016637237015217177,5.226187502048243e-08,0.4108084965681837,3.2493553855464175,    ,2.770248810440799e-06,2.7238424199020993e-06,2.710913903580796e-06,2.7495681358778447e-06,2.7615334695659556e-06,2.7604757418709274e-06
RepsRanparRQMC/MC2-16-Sob-LMS-DS-8-10000.dat,MC2,16,Sob-LMS,8,DS,False,8.22209261492024e-07,4.104639150863235e-09,-0.0007928116589354748,3.201870673569674,    ,1.7913859984634568e-10,2.504917358444704e-10,2.64199037262861e-10,2.1412529243005514e-10,1.9657509289819706e-10,1.8920436790132758e-10
RepsRanparQMC/MC2-16-Sob-LMS-8-10000.dat,MC2,16,Sob-LMS,8,qmc,False,0.00021979591132979893,3.2053505966298636e-09,0.453513010403521,2.953273666302161,    ,4.8449605706715524e-08,4.673264995319814e-08,4.616660969720054e-08,4.762341729092192e-08,4.807817821014252e-08,4.802393675278132e-08
RepsRanparRQMC/MC2-16-Sob-LMS-DS-10-10000.dat,MC2,16,Sob-LMS,10,DS,False,-3.734724884999364e-09,8.666287888567534e-11,0.00608254183970992,4.096315740847803,    ,3.767965204068894e-12,3.537555911829925e-12,3.5135939078418213e-12,4.0104556602515334e-12,3.945877786851359e-12,3.704003416273505e-12
RepsRanparQMC/MC2-16-Sob-LMS-10-10000.dat,MC2,16,Sob-LMS,10,qmc,False,2.7667525893446586e-05,7.710867682908141e-11,0.997190801426818,3.9957459568042797,    ,7.688445402310191e-10,6.797052717439601e-10,6.564158737289018e-10,7.284115951495179e-10,7.4993987330281e-10,7.462561576741367e-10
RepsRanparRQMC/MC2-16-Sob-LMS-DS-12-10000.dat,MC2,16,Sob-LMS,12,DS,False,1.6333468446027464e-08,7.608345676478924e-12,0.03272271465897901,7.545178240059759,    ,3.3106442029925666e-13,1.4572099730215743e-13,1.2964881535347232e-13,2.398769393236978e-13,2.8286071179384567e-13,2.4482644980626616e-13
RepsRanparQMC/MC2-16-Sob-LMS-12-10000.dat,MC2,16,Sob-LMS,12,qmc,False,4.410722884192431e-06,7.048539752781235e-12,2.008172613135645,7.7187060511325845,    ,1.976093461125972e-11,1.338397568668064e-11,1.2494774975069042e-11,1.6301299212964962e-11,1.801210106265591e-11,1.760992338144268e-11
RepsRanparRQMC/MC2-16-Sob-LMS-DS-14-10000.dat,MC2,16,Sob-LMS,14,DS,False,-4.2704091695898216e-09,3.3022251827759103e-13,0.00954853135939276,3.8708014543878075,    ,1.4375737189153587e-14,2.205351888651261e-15,2.4952325456161395e-15,1.3080626798399359e-14,1.4002145006139994e-14,1.2509249123340936e-14
RepsRanparQMC/MC2-16-Sob-LMS-14-10000.dat,MC2,16,Sob-LMS,14,qmc,False,6.479069854941933e-07,2.6046689873194305e-13,1.0277613863185309,2.8826558636258204,    ,4.311081096231269e-13,2.0106335670209467e-13,1.7838583692775091e-13,3.666332060698144e-13,4.0318374440475833e-13,3.9253666688855045e-13
RepsRanparRQMC/MC2-16-Sob-LMS-DS-16-10000.dat,MC2,16,Sob-LMS,16,DS,False,4.221704551037133e-12,5.266100122083961e-15,1.1240660354546976,106.99830745092143,    ,2.28960892696005e-16,5.013749718348111e-17,5.796911430831132e-17,6.284805644720776e-17,7.439674755453716e-17,6.299884542644611e-17
RepsRanparQMC/MC2-16-Sob-LMS-16-10000.dat,MC2,16,Sob-LMS,16,qmc,False,6.195538674044462e-08,6.920329158870598e-15,9.059047043193852,103.0608073773821,    ,4.139353822630696e-15,2.7693852878980697e-15,2.6366049668727986e-15,2.7483961172016175e-15,3.021861962901093e-15,2.9788034871974316e-15
RepsRanparRQMC/MC2-16-Sob-NUS-6-10000.dat,MC2,16,Sob-NUS,6,NUS,False,-4.09459562792176e-06,8.990559060101859e-08,0.07022267308568947,2.881348686101984,    ,3.9257044351396126e-09,6.484450739248491e-09,6.95944504349402e-09,4.7997389071979316e-09,4.282588388397002e-09,4.174200747360454e-09
RepsRanparRQMC/MC2-16-Sob-NUS-8-10000.dat,MC2,16,Sob-NUS,8,NUS,False,4.947976032746326e-07,4.148386528241554e-09,-0.03355891167305107,2.895085095655747,    ,1.806094563308826e-10,2.7752525000013737e-10,2.9867856204974486e-10,2.2093865365618796e-10,1.961755392830523e-10,1.9226589672048823e-10
RepsRanparRQMC/MC2-16-Sob-NUS-10-10000.dat,MC2,16,Sob-NUS,10,NUS,False,2.331341258788866e-07,8.935648298377735e-11,0.0019494837740364561,3.130345194222938,    ,3.9394159982048495e-12,5.784046004604068e-12,6.126180883189165e-12,4.5651974001722055e-12,4.1477091276966385e-12,4.011201127635871e-12
RepsRanparRQMC/MC2-16-Sob-NUS-12-10000.dat,MC2,16,Sob-NUS,12,NUS,False,1.7202760472212475e-08,7.642191679662177e-12,0.025472532073375288,3.0894102415447118,    ,3.3256513843143726e-13,5.048059145619652e-13,5.374355018824069e-13,4.0223988886044104e-13,3.6526763466799886e-13,3.5408897642029604e-13
RepsRanparRQMC/MC2-16-Sob-NUS-14-10000.dat,MC2,16,Sob-NUS,14,NUS,False,1.562633515960199e-08,3.245329612916818e-13,0.010847400302439417,3.812675060437041,    ,1.4354311102332466e-14,6.167527648436758e-15,5.416213951173678e-15,1.3781925134982609e-14,1.4466579948015708e-14,1.3113243077208782e-14
RepsRanparRQMC/MC2-16-Sob-NUS-16-10000.dat,MC2,16,Sob-NUS,16,NUS,False,-9.812248655483024e-10,6.772728870550654e-15,-0.03621656430720139,3.011825213678722,    ,2.954292748694074e-16,4.784452313867508e-16,5.095514395620528e-16,3.698368816658315e-16,3.277593854075881e-16,3.227337100634121e-16
RepsFixedparRQMC/MC2-32-Lat-RS-6-10000.dat,MC2,32,Lat,6,RS,False,8.164198546361401e-06,7.381392560687966e-07,0.02672866782910432,3.042003644310336,    ,3.215966527133035e-08,4.7009648997996065e-08,5.004935831646523e-08,3.821075256793947e-08,3.491197112545774e-08,3.3770476929490496e-08
RepsFixedparRQMC/MC2-32-Lat-RSB-6-10000.dat,MC2,32,Lat,6,RS,True,3.3737623859805165e-06,1.0563031067999523e-07,0.4851247327936632,3.313323854083864,    ,4.60400447611511e-09,7.215995431012448e-09,7.975480666220852e-09,5.65316561211375e-09,5.0242735711954224e-09,4.856174388083546e-09
RepsFixedparRQMC/MC2-32-Lat-RS-8-10000.dat,MC2,32,Lat,8,RS,False,1.7240980700576003e-06,5.856752851357764e-08,0.010323909350832994,3.0717977091734174,    ,2.5493867973542043e-09,3.831380666321512e-09,4.083762027876103e-09,3.0954144245052272e-09,2.768859465191552e-09,2.710472100095507e-09
RepsFixedparRQMC/MC2-32-Lat-RSB-8-10000.dat,MC2,32,Lat,8,RS,True,2.749397140047971e-06,3.2126746386272215e-08,0.18073625469148236,2.826279743882705,    ,1.4043742449064088e-09,2.2504543633981595e-09,2.4350311409016084e-09,1.6917950451161128e-09,1.5178241037139104e-09,1.4706808643556713e-09
RepsFixedparRQMC/MC2-32-Lat-RS-10-10000.dat,MC2,32,Lat,10,RS,False,2.487201745784484e-06,5.4583174222212834e-09,0.0825812724689395,2.8928278490370922,    ,2.435043213164631e-10,3.63490464801406e-10,3.874960910057415e-10,2.901564287958592e-10,2.631731054298822e-10,2.5554063477147767e-10
RepsFixedparRQMC/MC2-32-Lat-RSB-10-10000.dat,MC2,32,Lat,10,RS,True,1.731210108448167e-06,3.6926239070420285e-09,-0.049625208803924806,1.7121546312581755,    ,1.6354595396315957e-10,5.840127732690727e-10,7.051717551866416e-10,2.4999560243612265e-10,1.9520624285687175e-10,2.010205975364216e-10
RepsFixedparRQMC/MC2-32-Lat-RS-12-10000.dat,MC2,32,Lat,12,RS,False,1.3251420482345067e-06,1.8024954922068109e-09,0.44421870364291344,2.430501923683018,    ,8.012537067438222e-11,1.7700615980668828e-10,2.0966339001416809e-10,1.0622458056440445e-10,8.92922928811429e-11,8.873442059116484e-11
RepsFixedparRQMC/MC2-32-Lat-RSB-12-10000.dat,MC2,32,Lat,12,RS,True,1.860110678877036e-06,3.4561049342644117e-09,-0.04724948871929178,1.5287538389518778,    ,1.5372544366221204e-10,6.080994612471981e-10,7.529408014241188e-10,2.437698104111238e-10,1.8557252546752482e-10,1.9291084894550312e-10
RepsFixedparRQMC/MC2-32-Lat-RS-14-10000.dat,MC2,32,Lat,14,RS,False,1.44855901989982e-08,5.461266391833761e-11,0.014436318511559193,2.9173055023577694,    ,2.3746734809467876e-12,3.716299911857245e-12,3.981120472441859e-12,2.922788273053767e-12,2.580641552115061e-12,2.5345590209021823e-12
RepsFixedparRQMC/MC2-32-Lat-RSB-14-10000.dat,MC2,32,Lat,14,RS,True,3.3089965268628953e-09,2.0425899935882664e-13,-0.028905547770662596,2.618370199569473,    ,8.89177551709421e-15,1.526520688874144e-14,1.6651038173471538e-14,1.107669856101316e-14,9.69505250097795e-15,9.591422117996214e-15
RepsFixedparRQMC/MC2-32-Lat-RS-16-10000.dat,MC2,32,Lat,16,RS,False,4.1694915580214875e-08,1.0897990558031537e-11,0.34379730785236445,2.68657692036015,    ,4.755641424213951e-13,8.749822671012622e-13,9.86131520046666e-13,6.2532654866916e-13,5.327371858423871e-13,5.270883308932402e-13
RepsFixedparRQMC/MC2-32-Lat-RSB-16-10000.dat,MC2,32,Lat,16,RS,True,1.3457060208721395e-09,7.65588066625262e-14,0.007630394104270167,1.8543730759639119,    ,3.3304546926305335e-15,1.0413102934356287e-14,1.2321632913039542e-14,4.99772038871266e-15,3.915664851690778e-15,4.039464257096712e-15
RepsRanparRQMC/MC2-32-Lat-Rp-RS-6-10000.dat,MC2,32,Lat-Rp,6,RS,False,-6.813194162839587e-06,1.2932148403133594e-06,0.02371096132975451,3.228724634548878,    ,5.6273151802237916e-08,8.379727348879609e-08,8.783036193145467e-08,6.652017402424777e-08,6.116239893597062e-08,5.89454628527947e-08
RepsRanparRQMC/MC2-32-Lat-Rp-RSB-6-10000.dat,MC2,32,Lat-Rp,6,RS,True,-6.112583886275113e-07,7.60671499503401e-08,0.3682878974270666,3.2268559875122516,    ,3.3076410259628894e-09,5.143617657130149e-09,5.597000015845857e-09,4.079687367340863e-09,3.652786912294772e-09,3.5111171570514005e-09
RepsRanparQMC/MC2-32-Lat-Rp-6-10000.dat,MC2,32,Lat-Rp,6,qmc,False,0.013901515403167931,6.118584678456427e-06,0.13712306283895206,1.7857083251849564,    ,0.0001935181559253177,0.00019383232041676437,0.0001927336381738357,0.00019251845893352552,0.00019302737839868122,0.00019289430613552057
RepsRanparQMC/MC2-32-Lat-Rp-B-6-10000.dat,MC2,32,Lat-Rp,6,qmc,True,0.0034156193062843173,5.428916334192383e-07,0.2734104306540568,2.44913742287925,    ,1.1690059229523868e-05,1.152932323955284e-05,1.1449536864400012e-05,1.157187700674317e-05,1.163280055854327e-05,1.162223618089859e-05
RepsRanparRQMC/MC2-32-Lat-Rp-RS-8-10000.dat,MC2,32,Lat-Rp,8,RS,False,-1.5993973997588728e-06,1.0085927783146417e-07,0.020352259624343966,3.3359485406934066,    ,4.3877440647147106e-09,6.0612216145154464e-09,6.328522053622173e-09,5.109545839454733e-09,4.695861540261075e-09,4.53348402595409e-09
RepsRanparRQMC/MC2-32-Lat-Rp-RSB-8-10000.dat,MC2,32,Lat-Rp,8,RS,True,-2.478469079048029e-07,1.9513072480871914e-08,0.19316240704477056,3.4955403686090576,    ,8.484558837798411e-10,1.227935021378685e-09,1.2842810370606347e-09,9.797391456681706e-10,8.902660880778315e-10,8.6268022659312e-10
RepsRanparQMC/MC2-32-Lat-Rp-8-10000.dat,MC2,32,Lat-Rp,8,qmc,False,0.0035955989748643487,5.79122518416228e-07,0.4044569570003729,2.368514627550933,    ,1.2953511227976696e-05,1.2381624320687515e-05,1.2188592219660997e-05,1.2729610416582226e-05,1.2849761141292274e-05,1.2827216650870615e-05
RepsRanparQMC/MC2-32-Lat-Rp-B-8-10000.dat,MC2,32,Lat-Rp,8,qmc,True,0.0008315436274629697,6.591361486229812e-08,0.5804062604695175,3.393334621748908,    ,6.943306137161133e-07,6.55154812467178e-07,6.445764778442094e-07,6.760409870312651e-07,6.855104158829707e-07,6.843800350854893e-07
RepsRanparRQMC/MC2-32-Lat-Rp-RS-10-10000.dat,MC2,32,Lat-Rp,10,RS,False,-7.644837620287559e-07,1.00511420825255e-08,0.02648594143798132,3.3124430397764444,    ,4.3759061292351433e-10,6.220641337360796e-10,6.614104628571172e-10,5.212086617620649e-10,4.729168230939763e-10,4.591623939762471e-10
RepsRanparRQMC/MC2-32-Lat-Rp-RSB-10-10000.dat,MC2,32,Lat-Rp,10,RS,True,-1.9312768336444685e-07,4.866967914134298e-09,0.054148796495844746,4.188118026192023,    ,2.116445989166164e-10,1.269577864853358e-10,1.4915044993101604e-10,2.2375844904122977e-10,2.1417374764129583e-10,2.037580657559496e-10
RepsRanparQMC/MC2-32-Lat-Rp-10-10000.dat,MC2,32,Lat-Rp,10,qmc,False,0.0008889759293587915,5.395159998474778e-08,0.40085713934264433,2.782099882771239,    ,7.926239247177943e-07,7.596019136890087e-07,7.496770516585643e-07,7.7855905081056e-07,7.859229136672088e-07,7.847506684799801e-07
RepsRanparQMC/MC2-32-Lat-Rp-B-10-10000.dat,MC2,32,Lat-Rp,10,qmc,True,0.00020222788487143096,1.1477997629272482e-08,1.0269547080294665,4.662459050491678,    ,4.1395160794758493e-08,3.512712442201228e-08,3.366959910735418e-08,3.835246760422846e-08,3.9914519475961405e-08,3.968843055025207e-08
RepsRanparRQMC/MC2-32-Lat-Rp-RS-12-10000.dat,MC2,32,Lat-Rp,12,RS,False,-7.120084875541166e-07,1.527427674712438e-09,0.030268645367170402,3.9238714333220748,    ,6.691685498688989e-11,8.613977498165066e-11,8.788307849916932e-11,7.536366431955191e-11,7.113407595335201e-11,6.780656742265598e-11
RepsRanparRQMC/MC2-32-Lat-Rp-RSB-12-10000.dat,MC2,32,Lat-Rp,12,RS,True,3.167307951161713e-07,1.2567770347853615e-09,0.013790801842685442,7.447086711840533,    ,5.474279816985151e-11,2.287509062596067e-12,2.379777002715463e-12,3.463569182261888e-11,4.52303314120939e-11,3.600048586165392e-11
RepsRanparQMC/MC2-32-Lat-Rp-12-10000.dat,MC2,32,Lat-Rp,12,qmc,False,0.00022336999357258693,7.993129208791705e-09,0.43833860227572313,3.566855705119208,    ,5.024168138552151e-08,4.755604716968659e-08,4.696559712799769e-08,4.887573661531658e-08,4.946688997947376e-08,4.940124141094402e-08
RepsRanparQMC/MC2-32-Lat-Rp-B-12-10000.dat,MC2,32,Lat-Rp,12,qmc,True,5.1205707436715506e-05,2.6046714374500603e-09,1.635894476815564,5.768752828353676,    ,2.735271058331461e-09,8.875678507672177e-10,7.908925586505019e-10,2.0855041735168887e-09,2.420708777850846e-09,2.3129135983116676e-09
RepsRanparRQMC/MC2-32-Lat-Rp-RS-14-10000.dat,MC2,32,Lat-Rp,14,RS,False,6.41184265314343e-08,3.209766160611508e-10,-0.015166829493227844,7.453400979126614,    ,1.3959616218757858e-11,1.0536113130681829e-11,1.0025882766617601e-11,1.2197403277192166e-11,1.2680337922983459e-11,1.1625654644287635e-11
RepsRanparRQMC/MC2-32-Lat-Rp-RSB-14-10000.dat,MC2,32,Lat-Rp,14,RS,True,-5.999688641039613e-08,3.2199634417436557e-10,0.054068699668723234,20.335021555050584,    ,1.4003440677438315e-11,7.119807361704245e-14,6.259710360830247e-14,2.6759872985374706e-12,7.201691127827259e-12,3.237141174029367e-12
RepsRanparQMC/MC2-32-Lat-Rp-14-10000.dat,MC2,32,Lat-Rp,14,qmc,False,5.594181853400848e-05,1.5889139964343934e-09,0.18019618746481073,4.99196743630803,    ,3.198570278128213e-09,3.0391926026747714e-09,3.006644608028184e-09,3.134765465896477e-09,3.1685110209320454e-09,3.160926280085542e-09
RepsRanparQMC/MC2-32-Lat-Rp-B-14-10000.dat,MC2,32,Lat-Rp,14,qmc,True,1.2694945427493587e-05,6.406249692674996e-10,3.306323962985244,14.464534786321957,    ,1.8901489894040988e-10,1.8988221139058933e-11,1.6370720540623415e-11,6.984510477891486e-11,1.2283133558461603e-10,8.747542912985691e-11
RepsRanparRQMC/MC2-32-Lat-Rp-RS-16-10000.dat,MC2,32,Lat-Rp,16,RS,False,-9.857982293584033e-08,8.300502824196211e-11,-0.1141303003271724,23.72902110508687,    ,3.6186322528797186e-12,1.1509420101459812e-12,1.0454672385437545e-12,1.8358352885494802e-12,2.347785464293512e-12,1.9376491589736526e-12
RepsRanparRQMC/MC2-32-Lat-Rp-RSB-16-10000.dat,MC2,32,Lat-Rp,16,RS,True,1.360084763163294e-07,8.952976828897707e-11,0.8412248449162563,70.13434696955035,    ,3.911096926889762e-12,2.035643535249783e-15,2.2366069600488423e-15,1.0500758054720939e-13,6.903013205239362e-13,1.3378654884441882e-13
RepsRanparQMC/MC2-32-Lat-Rp-16-10000.dat,MC2,32,Lat-Rp,16,qmc,False,1.4133147715449956e-05,3.824218567817074e-10,0.0868526295545466,11.9142835942707,    ,2.1637290159810686e-10,1.920041523650757e-10,1.892295557424136e-10,2.05903087931306e-10,2.1150109502848946e-10,2.0845028755998603e-10
RepsRanparQMC/MC2-32-Lat-Rp-B-16-10000.dat,MC2,32,Lat-Rp,16,qmc,True,3.0938308305088035e-06,1.5629780270562428e-10,7.081929796840603,57.39159443405307,    ,1.6367345847181762e-11,6.034414735980538e-13,5.11883284214237e-13,1.7143205421575437e-12,5.426292226888281e-12,2.4255147896262897e-12
RepsRanparRQMC/MC2-32-Lat-Rv-RS-6-10000.dat,MC2,32,Lat-Rv,6,RS,False,9.836301987984563e-06,7.348233531342829e-07,0.006771972316013236,2.988963332964042,    ,3.2045594277419825e-08,4.8669258541831445e-08,5.189516645050866e-08,3.907718730600091e-08,3.515734649023853e-08,3.4193750595782495e-08
RepsRanparRQMC/MC2-32-Lat-Rv-RSB-6-10000.dat,MC2,32,Lat-Rv,6,RS,True,-3.0009488586438593e-06,1.082293790865208e-07,0.43859968317834463,3.2404549224510903,    ,4.714630871727012e-09,8.117423156567418e-09,8.907696142985448e-09,6.162521715148589e-09,5.324784263104444e-09,5.244578613649025e-09
RepsRanparQMC/MC2-32-Lat-Rv-6-10000.dat,MC2,32,Lat-Rv,6,qmc,False,0.010241727822832896,2.6279449165614e-07,0.9421571839372492,4.357134313037965,    ,0.00010490441464445278,0.00010346691629156477,0.0001030964543201748,0.00010416452476955938,0.00010451669961933814,0.00010448528143853513
RepsRanparQMC/MC2-32-Lat-Rv-B-6-10000.dat,MC2,32,Lat-Rv,6,qmc,True,0.003985865885068279,1.9710197069596987e-07,0.8824832586745557,4.3795387877004135,    ,1.589569650465096e-05,1.5458986976884647e-05,1.5345934333988525e-05,1.5662329502640484e-05,1.57741081390804e-05,1.5764140996226417e-05
RepsRanparRQMC/MC2-32-Lat-Rv-RS-8-10000.dat,MC2,32,Lat-Rv,8,RS,False,-3.981111808446547e-06,5.82100217951969e-08,0.042286411931999376,3.008892013450267,    ,2.5467197640660003e-09,3.895968446901944e-09,4.143203298841705e-09,3.010453458136304e-09,2.7432827068383663e-09,2.64058836214608e-09
RepsRanparRQMC/MC2-32-Lat-Rv-RSB-8-10000.dat,MC2,32,Lat-Rv,8,RS,True,-1.314178905833996e-06,2.7968068729876605e-08,0.2467421776249548,3.181793145424651,    ,1.2177300544520437e-09,1.945414974954128e-09,2.083286158289909e-09,1.4911068492614982e-09,1.3450147976768194e-09,1.3105138636744607e-09
RepsRanparQMC/MC2-32-Lat-Rv-8-10000.dat,MC2,32,Lat-Rv,8,qmc,False,0.00256162386534822,7.827887494127376e-08,0.48095325187635113,3.3661137425152954,    ,6.565320256866828e-06,6.454098820524996e-06,6.425487275765592e-06,6.510265048938348e-06,6.5359491057275065e-06,6.533781322076747e-06
RepsRanparQMC/MC2-32-Lat-Rv-B-8-10000.dat,MC2,32,Lat-Rv,8,qmc,True,0.0009965737216558687,5.418852847005416e-08,0.692696074520397,3.9627783101668688,    ,9.955152056719877e-07,9.520533791805626e-07,9.410201476642424e-07,9.721498552833265e-07,9.830657625202892e-07,9.822517937657932e-07
RepsRanparRQMC/MC2-32-Lat-Rv-RS-10-10000.dat,MC2,32,Lat-Rv,10,RS,False,-3.837642907186467e-07,7.00218663550149e-09,0.07952187424222315,3.2849892721428287,    ,3.045901722265477e-10,4.458672872220559e-10,4.698025236799657e-10,3.680397260660939e-10,3.3348960754323426e-10,3.236930006397529e-10
RepsRanparRQMC/MC2-32-Lat-Rv-RSB-10-10000.dat,MC2,32,Lat-Rv,10,RS,True,4.894901208118751e-07,6.971516758386764e-09,0.0857255193823381,3.7569190195152573,    ,3.033490248560578e-10,3.146213774737715e-10,3.428522883995886e-10,3.415480531056832e-10,3.211459317447133e-10,3.0786348165427055e-10
RepsRanparQMC/MC2-32-Lat-Rv-10-10000.dat,MC2,32,Lat-Rv,10,qmc,False,0.0006409034534002899,2.0950162780595373e-08,0.24632882801506684,3.2513476133305,    ,4.116681132230522e-07,4.0547835927742333e-07,4.0368833776964816e-07,4.084192796887952e-07,4.0975640994929866e-07,4.0975195531934574e-07
RepsRanparQMC/MC2-32-Lat-Rv-B-10-10000.dat,MC2,32,Lat-Rv,10,qmc,True,0.00024838446443224775,1.3839687628750464e-08,0.835678811912736,4.085934405459533,    ,6.229656772037064e-08,5.5815168614930125e-08,5.403339016444216e-08,5.877325786838043e-08,6.046452579105757e-08,6.024674114842922e-08
RepsRanparRQMC/MC2-32-Lat-Rv-RS-12-10000.dat,MC2,32,Lat-Rv,12,RS,False,-9.480771145566891e-08,1.252646310044864e-09,-0.013247036164909319,4.275049751320284,    ,5.4471871547580325e-11,6.285641719535056e-11,6.382617807609137e-11,5.8102704612918334e-11,5.5737702683711794e-11,5.2723616823589977e-11
RepsRanparRQMC/MC2-32-Lat-Rv-RSB-12-10000.dat,MC2,32,Lat-Rv,12,RS,True,-5.136310362191532e-08,1.724073583952961e-09,-0.023079880257978646,5.939426593009883,    ,7.496235920984676e-11,6.5160315142952615e-12,7.2208663184207835e-12,6.075102502992455e-11,6.971095298089889e-11,6.030680631276677e-11
RepsRanparQMC/MC2-32-Lat-Rv-12-10000.dat,MC2,32,Lat-Rv,12,qmc,False,0.00015997806085612463,5.2902338512279064e-09,0.12003654948270874,3.797655292919997,    ,2.5822990122730606e-08,2.5561114293830382e-08,2.550493136952967e-08,2.563605865877456e-08,2.568109877254611e-08,2.5672678028832807e-08
RepsRanparQMC/MC2-32-Lat-Rv-B-12-10000.dat,MC2,32,Lat-Rv,12,qmc,True,6.167295213699489e-05,3.422616496697859e-09,1.4087072195104222,5.188280451695841,    ,3.95236243819197e-09,2.0327507560788563e-09,1.800851326299588e-09,3.2247670241942253e-09,3.587149407794579e-09,3.5063703996405204e-09
RepsRanparRQMC/MC2-32-Lat-Rv-RS-14-10000.dat,MC2,32,Lat-Rv,14,RS,False,5.722361197910697e-08,3.012796912551095e-10,0.01101543185156474,9.225375024060616,    ,1.3102391552859653e-11,7.0486157463228e-12,6.599585331600623e-12,9.526419038224975e-12,1.0715009742259499e-11,9.557123163495669e-12
RepsRanparRQMC/MC2-32-Lat-Rv-RSB-14-10000.dat,MC2,32,Lat-Rv,14,RS,True,-6.31217166728204e-08,4.42117602600371e-10,-0.054184631574013126,13.755747707166561,    ,1.9226488812001418e-11,8.751957477822686e-14,1.0301333591337685e-13,5.662731480811726e-12,1.1736579919376636e-11,6.453816562053553e-12
RepsRanparQMC/MC2-32-Lat-Rv-14-10000.dat,MC2,32,Lat-Rv,14,qmc,False,3.998916287629396e-05,1.4082515796346994e-09,0.11889866627296544,6.753676586085497,    ,1.6603614770961018e-09,1.6262273272638474e-09,1.6219161234871817e-09,1.6434790573513773e-09,1.65107690268834e-09,1.6434267625329557e-09
RepsRanparQMC/MC2-32-Lat-Rv-B-14-10000.dat,MC2,32,Lat-Rv,14,qmc,True,1.5741089620734394e-05,9.060818819777716e-10,2.8691925241442484,12.053748167251856,    ,2.8717676688180823e-10,2.1924901791759623e-11,1.787881291851609e-11,1.2485245612752027e-10,2.0262455627371343e-10,1.547566654233137e-10
RepsRanparRQMC/MC2-32-Lat-Rv-RS-16-10000.dat,MC2,32,Lat-Rv,16,RS,False,9.513506631146917e-08,7.551063651273254e-11,0.325697562766507,32.725684743853144,    ,3.2921218335695897e-12,6.986466493069122e-13,6.425428113567081e-13,1.2428111851568852e-12,1.7255424853361912e-12,1.3718984984929397e-12
RepsRanparRQMC/MC2-32-Lat-Rv-RSB-16-10000.dat,MC2,32,Lat-Rv,16,RS,True,1.7333152925239625e-07,1.0771225694833869e-10,0.9358328257525224,48.297538554790286,    ,4.713185425482482e-12,8.854128722883533e-16,1.0236220084955005e-15,2.1147207831617078e-13,1.131943691864e-12,2.7836271509516885e-13
RepsRanparQMC/MC2-32-Lat-Rv-16-10000.dat,MC2,32,Lat-Rv,16,qmc,False,9.907171900540423e-06,3.325708274103967e-10,0.05237885620655488,18.78809907371566,    ,1.1261165625861411e-10,1.0263938804127195e-10,1.0204191953237998e-10,1.0599905902842145e-10,1.0883680140739323e-10,1.0646776470841528e-10
RepsRanparQMC/MC2-32-Lat-Rv-B-16-10000.dat,MC2,32,Lat-Rv,16,qmc,True,3.7507574248591526e-06,2.1353169011077144e-10,6.074755092923087,46.841960435072025,    ,2.3352167786691342e-11,2.2552306410522025e-13,1.8452549761102414e-13,2.8042963831026594e-12,9.382244434526069e-12,3.972539130572223e-12
RepsFixedparRQMC/MC2-32-Sob-DS-6-10000.dat,MC2,32,Sob,6,DS,False,2.576311712040702e-06,6.791299982941732e-07,0.029007055988135615,3.06471198835325,    ,2.9534028612219043e-08,4.3079585046996395e-08,4.57921942311336e-08,3.5099641713254375e-08,3.221613044433996e-08,3.097125141569296e-08
RepsFixedparRQMC/MC2-32-Sob-DS-8-10000.dat,MC2,32,Sob,8,DS,False,-1.0192386940652276e-06,4.281680115692291e-08,0.03362091786232553,3.051847518892114,    ,1.8626388978164758e-09,2.828305845192345e-09,2.9943592310616583e-09,2.241392232565768e-09,2.0035505227197947e-09,1.9679392895599863e-09
RepsFixedparRQMC/MC2-32-Sob-DS-10-10000.dat,MC2,32,Sob,10,DS,False,2.4940294878073033e-07,3.0758490263344148e-09,0.03891618425508597,2.8975311931164542,    ,1.337947681932264e-10,2.1365374590893562e-10,2.2918042974543954e-10,1.6686976651390037e-10,1.4683932986708556e-10,1.4444613133077748e-10
RepsFixedparRQMC/MC2-32-Sob-DS-12-10000.dat,MC2,32,Sob,12,DS,False,9.883928002873965e-08,1.749330880072117e-10,0.03599628418386206,2.915311547667057,    ,7.61555563837276e-12,1.1818064987321338e-11,1.2614977090781173e-11,9.216338147533348e-12,8.262037244014344e-12,8.070103839386897e-12
RepsFixedparRQMC/MC2-32-Sob-DS-14-10000.dat,MC2,32,Sob,14,DS,False,1.7055618569294938e-08,1.0098926959975899e-11,0.004423647879320899,2.9438972441163513,    ,4.393746749932986e-13,6.761506291159232e-13,7.271781332052085e-13,5.322813449362365e-13,4.735342225273819e-13,4.637480875098788e-13
RepsFixedparRQMC/MC2-32-Sob-DS-16-10000.dat,MC2,32,Sob,16,DS,False,1.3154589230179869e-08,6.328714225876352e-13,0.0071000917867255564,2.907716396283329,    ,2.768919202597282e-14,4.198151610308444e-14,4.518138356468746e-14,3.3089510212481585e-14,3.029935281455874e-14,2.9114012040065556e-14
RepsRanparRQMC/MC2-32-Sob-LMS-DS-6-10000.dat,MC2,32,Sob-LMS,6,DS,False,3.357202787596525e-06,3.727296369098338e-08,0.16161440575552516,3.179242112202278,    ,1.631834449295454e-09,2.425436762908032e-09,2.578194650251057e-09,1.9438798648240734e-09,1.766389538296116e-09,1.7145243003472907e-09
RepsRanparQMC/MC2-32-Sob-LMS-6-10000.dat,MC2,32,Sob-LMS,6,qmc,False,0.0020545160887384954,1.9508127559092953e-08,0.5166114648750788,3.3754674414120194,    ,4.221884538344416e-06,4.173403767956974e-06,4.1603598289888995e-06,4.197754969853295e-06,4.2084367457585316e-06,4.208243238194846e-06
RepsRanparRQMC/MC2-32-Sob-LMS-DS-8-10000.dat,MC2,32,Sob-LMS,8,DS,False,2.469565886596858e-07,6.8833199530012815e-09,0.124816714885649,2.9359789273979993,    ,2.9933576812195554e-10,4.743986015811975e-10,5.094367882282756e-10,3.6974835499087294e-10,3.286989797029804e-10,3.2310939753767114e-10
RepsRanparQMC/MC2-32-Sob-LMS-8-10000.dat,MC2,32,Sob-LMS,8,qmc,False,0.00046216757267531037,4.085884101005602e-09,0.16769810690590925,3.0193525208263723,    ,2.1377651236741462e-07,2.124027479808516e-07,2.1206726527430352e-07,2.1303173321964613e-07,2.134022940495869e-07,2.1335325154767989e-07
RepsRanparRQMC/MC2-32-Sob-LMS-DS-10-10000.dat,MC2,32,Sob-LMS,10,DS,False,1.4437090377911635e-07,1.263839864308848e-09,0.006445880157005611,2.713669713508111,    ,5.4970402275633994e-11,8.839878975230562e-11,9.603417498296595e-11,6.801722087129833e-11,6.02235257744889e-11,5.916258102909815e-11
RepsRanparQMC/MC2-32-Sob-LMS-10-10000.dat,MC2,32,Sob-LMS,10,qmc,False,8.337389482320248e-05,6.530383098468242e-10,0.030271545813572193,2.4072054935509386,    ,6.9795993079837686e-09,7.006604102783365e-09,7.017013072623893e-09,6.992234287494901e-09,6.989721558554949e-09,6.990654906638556e-09
RepsRanparRQMC/MC2-32-Sob-LMS-DS-12-10000.dat,MC2,32,Sob-LMS,12,DS,False,-3.9348012292812414e-07,4.973750496387553e-10,0.016612264544910216,2.02376166363033,    ,2.1779828765346282e-11,7.332869037679839e-12,1.1300307661736884e-11,2.85791185814564e-11,2.4748349524559537e-11,2.434084273224975e-11
RepsRanparQMC/MC2-32-Sob-LMS-12-10000.dat,MC2,32,Sob-LMS,12,qmc,False,2.2442505700791006e-05,2.524536853525246e-10,0.034863245150499336,1.069218482455837,    ,5.14642309319277e-10,6.729518885062632e-10,6.358177119281716e-10,5.220792094632929e-10,5.16952266696798e-10,5.189773819494525e-10
RepsRanparRQMC/MC2-32-Sob-LMS-DS-14-10000.dat,MC2,32,Sob-LMS,14,DS,False,2.2392292771631866e-09,1.7686534518838668e-13,0.03587696361888722,4.964834580957926,    ,7.694811764642082e-15,8.540367804823028e-15,8.594964502630048e-15,7.677473099533328e-15,7.560804551906423e-15,7.086495902322178e-15
RepsRanparQMC/MC2-32-Sob-LMS-14-10000.dat,MC2,32,Sob-LMS,14,qmc,False,1.302016812914643e-06,1.491614990018839e-13,1.2418342058587,5.517947011954401,    ,1.701733063677704e-12,1.555940917789139e-12,1.5266249567024408e-12,1.6151781931727244e-12,1.6561784875491058e-12,1.652158044421322e-12
RepsRanparRQMC/MC2-32-Sob-LMS-DS-16-10000.dat,MC2,32,Sob-LMS,16,DS,False,1.0812331502342693e-09,1.0073670017987674e-14,0.02094345991356428,12.389913240367024,    ,4.3915471808115135e-16,2.0943092058648928e-16,2.0365245258384232e-16,2.877703682175185e-16,3.390240181972602e-16,2.917754822598565e-16
RepsRanparQMC/MC2-32-Sob-LMS-16-10000.dat,MC2,32,Sob-LMS,16,qmc,False,1.69625217489894e-07,9.922571403758568e-15,2.5019454222092707,12.28336407289699,    ,2.920413055648335e-14,2.1900370467693445e-14,2.06973513009831e-14,2.4570445559335617e-14,2.6558327378925556e-14,2.6272442914312865e-14
RepsRanparRQMC/MC2-32-Sob-NUS-6-10000.dat,MC2,32,Sob-NUS,6,NUS,False,-1.7907854025458137e-06,3.712286378137111e-08,0.17268491757443993,3.129415856775006,    ,1.6172444680697587e-09,2.528673538480049e-09,2.68515037312696e-09,1.935532554832404e-09,1.7039860307167604e-09,1.679581318303025e-09
RepsRanparRQMC/MC2-32-Sob-NUS-8-10000.dat,MC2,32,Sob-NUS,8,NUS,False,7.16330132514198e-07,6.996683328817872e-09,0.13593318636789745,2.9066319443437676,    ,3.047167518508292e-10,4.953186260873088e-10,5.332412310198026e-10,3.7432650406208894e-10,3.36224418638092e-10,3.2664551432017596e-10
RepsRanparRQMC/MC2-32-Sob-NUS-10-10000.dat,MC2,32,Sob-NUS,10,NUS,False,-5.026428389477755e-07,1.2635629907510672e-09,0.018561868924164324,2.6394131990515683,    ,5.5190171160548403e-11,9.66691192904709e-11,1.0459930265397842e-10,6.940510249551164e-11,6.101633726450142e-11,5.993658558652266e-11
RepsRanparRQMC/MC2-32-Sob-NUS-12-10000.dat,MC2,32,Sob-NUS,12,NUS,False,2.3243884576453766e-07,4.947511790994066e-10,-0.008463318977540624,2.0361456944404766,    ,2.1564948647429336e-11,9.643472180411376e-12,1.3406394529725212e-11,2.8913916774170196e-11,2.496318810330095e-11,2.446252774663636e-11
RepsRanparRQMC/MC2-32-Sob-NUS-14-10000.dat,MC2,32,Sob-NUS,14,NUS,False,1.7968237073229255e-09,1.796878755851885e-13,-0.012293621450044642,2.9393809315397865,    ,7.815744905226003e-15,1.2342622374211211e-14,1.3268515867610749e-14,9.464897429431034e-15,8.326083433595261e-15,8.173604830636429e-15
RepsRanparRQMC/MC2-32-Sob-NUS-16-10000.dat,MC2,32,Sob-NUS,16,NUS,False,1.3894293047767015e-09,1.0509411863689884e-14,-0.011565294380367973,3.1605380782080976,    ,4.588614643881846e-16,7.002949810637339e-16,7.363122314409499e-16,5.482414855219133e-16,4.948809477102865e-16,4.817220094438373e-16
RepsFixedparRQMC/PieceLinGauss-4-Lat-RS-6-10000.dat,PieceLinGauss,4,Lat,6,RS,False,-0.00026925751464750665,0.0010886586245106359,0.33395348313765943,2.820284540987618,    ,4.740548328356963e-05,8.469294097828492e-05,9.486254165961602e-05,6.12029971935552e-05,5.3011400997072554e-05,5.2062536263784684e-05
RepsFixedparRQMC/PieceLinGauss-4-Lat-RS-8-10000.dat,PieceLinGauss,4,Lat,8,RS,False,-1.5340189955141882e-05,0.0001806280612211211,-0.21317243423168636,2.5608555315327437,    ,7.853629287563559e-06,1.4438652748723288e-05,1.618887764883392e-05,1.0318416377390493e-05,8.89452495730953e-06,8.767275512411929e-06
RepsFixedparRQMC/PieceLinGauss-4-Lat-RS-10-10000.dat,PieceLinGauss,4,Lat,10,RS,False,-2.1481587561872946e-06,7.805077298790269e-06,0.004779535044472243,2.8596741043269653,    ,3.393558014899665e-07,5.530562713934662e-07,5.933772570517662e-07,4.135528701837135e-07,3.730036719109592e-07,3.626476168137634e-07
RepsFixedparRQMC/PieceLinGauss-4-Lat-RS-12-10000.dat,PieceLinGauss,4,Lat,12,RS,False,-1.57329081700108e-06,1.3475965635227453e-06,-0.16167739437191678,2.5582149735925954,    ,5.8593630179766394e-08,1.114371183545676e-07,1.246738429658805e-07,7.662260140707984e-08,6.675727009026427e-08,6.562421652821923e-08
RepsFixedparRQMC/PieceLinGauss-4-Lat-RS-14-10000.dat,PieceLinGauss,4,Lat,14,RS,False,-1.6946699440972865e-06,4.11754068638745e-08,-0.03736292634808259,2.928900130675537,    ,1.7931069872574482e-09,2.7745699346630046e-09,2.960745950190716e-09,2.166174027048359e-09,1.9654707275283947e-09,1.899466543665429e-09
RepsFixedparRQMC/PieceLinGauss-4-Lat-RS-16-10000.dat,PieceLinGauss,4,Lat,16,RS,False,7.505885514651131e-07,5.215170499337206e-09,0.0191817824558351,2.9815783894999166,    ,2.2730992662303423e-10,3.4187728135116773e-10,3.647768811626543e-10,2.740234166970108e-10,2.466310260732929e-10,2.4086400092072623e-10
RepsRanparRQMC/PieceLinGauss-4-Lat-Rp-RS-6-10000.dat,PieceLinGauss,4,Lat-Rp,6,RS,False,-0.0001415325079511946,0.0008352657157309336,0.30152352846666436,3.3508733646929376,    ,3.633593213476059e-05,5.453855424586163e-05,5.809509385362892e-05,4.302697887991906e-05,3.894217389230346e-05,3.769218837384013e-05
RepsRanparQMC/PieceLinGauss-4-Lat-Rp-6-10000.dat,PieceLinGauss,4,Lat-Rp,6,qmc,False,-0.017781142396528962,0.001458629862886853,0.7430811198409919,3.754909494402348,    ,0.00037958771461637245,0.0005610583835991245,0.0006209100926444696,0.0004738275284560004,0.00042216621514585813,0.00042459389991839986
RepsRanparRQMC/PieceLinGauss-4-Lat-Rp-RS-8-10000.dat,PieceLinGauss,4,Lat-Rp,8,RS,False,-5.30791152684574e-05,0.00020118559682336725,0.05309575180916771,4.494540817696996,    ,8.750017254363216e-06,1.0334364487939813e-05,1.0502134029902693e-05,9.275822637300368e-06,8.938986081403499e-06,8.486999553428811e-06
RepsRanparQMC/PieceLinGauss-4-Lat-Rp-8-10000.dat,PieceLinGauss,4,Lat-Rp,8,qmc,False,-0.005756602086338862,0.0006227484979496721,0.44588386343397546,4.603825805466844,    ,6.021448923042668e-05,7.314188739830125e-05,7.529100718064523e-05,6.874664063538461e-05,6.494271958466234e-05,6.324177533409921e-05
RepsRanparRQMC/PieceLinGauss-4-Lat-Rp-RS-10-10000.dat,PieceLinGauss,4,Lat-Rp,10,RS,False,0.00011631434703078909,4.831608190892779e-05,-0.016723324387122103,11.238927691210106,    ,2.1142282407568417e-06,1.6114968106015141e-06,1.5650006601817687e-06,1.7472739316020676e-06,1.8718090054267396e-06,1.6950467699638805e-06
RepsRanparQMC/PieceLinGauss-4-Lat-Rp-10-10000.dat,PieceLinGauss,4,Lat-Rp,10,qmc,False,-0.001982544865798808,0.0001931969389638419,0.26374304935292675,8.621498697893433,    ,1.23303510563766e-05,8.729510629853358e-06,8.524654667922729e-06,1.05966467799068e-05,1.1186539204332979e-05,1.0326704346700927e-05
RepsRanparRQMC/PieceLinGauss-4-Lat-Rp-RS-12-10000.dat,PieceLinGauss,4,Lat-Rp,12,RS,False,-2.9134848055009917e-05,1.2213866593481094e-05,-0.4980392307373019,39.892506445847246,    ,5.318865173486274e-07,2.2277470323604618e-07,2.1272096136115566e-07,2.768430227686634e-07,3.241268812367821e-07,2.833377714610654e-07
RepsRanparQMC/PieceLinGauss-4-Lat-Rp-12-10000.dat,PieceLinGauss,4,Lat-Rp,12,qmc,False,-0.0007072454073039594,5.202525606260785e-05,0.02421702380793072,23.440648987509054,    ,2.762163721048537e-06,1.0349575833491265e-06,9.47982353239719e-07,1.5605347347202998e-06,1.9720993102898563e-06,1.6752905598013834e-06
RepsRanparRQMC/PieceLinGauss-4-Lat-Rp-RS-14-10000.dat,PieceLinGauss,4,Lat-Rp,14,RS,False,8.784904756769746e-06,2.8582649618775347e-06,-1.0687988167590836,86.22065374181547,    ,1.2434956419843484e-07,2.82092018014798e-08,2.615559934071859e-08,4.150794690386631e-08,5.67215308873807e-08,4.443635980352251e-08
RepsRanparQMC/PieceLinGauss-4-Lat-Rp-14-10000.dat,PieceLinGauss,4,Lat-Rp,14,qmc,False,-0.00017191686693107788,1.374239717180744e-05,-2.1464206684022176,88.31436140009556,    ,6.27050938344417e-07,9.39498028164048e-08,8.617382906961902e-08,1.7303818761197827e-07,2.803118969101079e-07,1.9881147961973892e-07
RepsRanparRQMC/PieceLinGauss-4-Lat-Rp-RS-16-10000.dat,PieceLinGauss,4,Lat-Rp,16,RS,False,1.2530639675712163e-05,8.786186079224354e-07,2.3566675111741326,365.75699537831815,    ,3.835782597078842e-08,3.359222778099059e-09,3.0155767648576476e-09,5.689354818499257e-09,8.597176456390579e-09,6.297003546301687e-09
RepsRanparQMC/PieceLinGauss-4-Lat-Rp-16-10000.dat,PieceLinGauss,4,Lat-Rp,16,qmc,False,-6.025692732780234e-05,2.873562220286128e-06,-8.395300296311678,393.3051352554064,    ,1.2856838512951535e-07,1.0803931871393009e-08,9.959078802600471e-09,2.11246311322873e-08,3.31535394573399e-08,2.3930695805043578e-08
RepsRanparRQMC/PieceLinGauss-4-Lat-Rv-RS-6-10000.dat,PieceLinGauss,4,Lat-Rv,6,RS,False,-3.158225591908176e-05,0.0006708291390161962,0.2904662804122156,3.790759409328123,    ,2.916748174394095e-05,4.020614961730057e-05,4.244232934860309e-05,3.367300276938633e-05,3.0975078773724754e-05,2.9773715998043682e-05
RepsRanparQMC/PieceLinGauss-4-Lat-Rv-6-10000.dat,PieceLinGauss,4,Lat-Rv,6,qmc,False,-0.013980663550763155,0.0015845347166786783,0.6845897117674765,3.918524558208646,    ,0.0002643517670882756,0.00036066184415491315,0.0004017471235718316,0.0003325120190180745,0.0002971993340394031,0.0002966068637807865
RepsRanparRQMC/PieceLinGauss-4-Lat-Rv-RS-8-10000.dat,PieceLinGauss,4,Lat-Rv,8,RS,False,3.558562569966361e-05,0.0001575860984833624,0.12938401859359872,5.673319369485699,    ,6.852835836033062e-06,6.715918265191886e-06,6.7333893910548834e-06,6.779118474598861e-06,6.7030599643658635e-06,6.27882170436527e-06
RepsRanparQMC/PieceLinGauss-4-Lat-Rv-8-10000.dat,PieceLinGauss,4,Lat-Rv,8,qmc,False,-0.004344318211379808,0.0005590678301694424,0.4295419999987142,5.854532567263556,    ,4.318039768561506e-05,4.347930821181339e-05,4.316665133816448e-05,4.542256757043423e-05,4.499576367921428e-05,4.309197187480006e-05
RepsRanparRQMC/PieceLinGauss-4-Lat-Rv-RS-10-10000.dat,PieceLinGauss,4,Lat-Rv,10,RS,False,-4.2745816720687416e-05,3.719137286526556e-05,0.030121136265732408,15.770233001361785,    ,1.618843416380404e-06,1.0685031819398286e-06,1.0374572969474662e-06,1.1501962942821798e-06,1.2630613848231677e-06,1.1249151094418927e-06
RepsRanparQMC/PieceLinGauss-4-Lat-Rv-10-10000.dat,PieceLinGauss,4,Lat-Rv,10,qmc,False,-0.0012319113119102095,0.00016226092641430533,0.39128848643261316,12.478877586554606,    ,8.572428367990826e-06,4.816711200059413e-06,4.592336869534716e-06,6.421921041854313e-06,7.212556434191359e-06,6.363493917374516e-06
RepsRanparRQMC/PieceLinGauss-4-Lat-Rv-RS-12-10000.dat,PieceLinGauss,4,Lat-Rv,12,RS,False,-2.6563730327462253e-05,9.438723919370067e-06,-1.8115051989208957,65.44536933482732,    ,4.1108493261108694e-07,1.529412206401293e-07,1.442388063307955e-07,1.8181143412266792e-07,2.2056802963859134e-07,1.8555703300939273e-07
RepsRanparQMC/PieceLinGauss-4-Lat-Rv-12-10000.dat,PieceLinGauss,4,Lat-Rv,12,qmc,False,-0.0004145957222837034,4.2437835120285114e-05,0.5172925966429495,38.259505395770844,    ,2.0170128790352986e-06,5.544790245252228e-07,5.145601868724414e-07,8.940382673783427e-07,1.1691842696677611e-06,9.486226813391684e-07
RepsRanparRQMC/PieceLinGauss-4-Lat-Rv-RS-14-10000.dat,PieceLinGauss,4,Lat-Rv,14,RS,False,-1.0086504630409887e-06,3.274506303874075e-06,-8.59503847194581,318.2497600991214,    ,1.4237085667462943e-07,1.8835898260866164e-08,1.7403814756255098e-08,2.7111305798509254e-08,3.8448198451682534e-08,2.966381444236614e-08
RepsRanparQMC/PieceLinGauss-4-Lat-Rv-14-10000.dat,PieceLinGauss,4,Lat-Rv,14,qmc,False,-0.0001808158138487525,1.044628645310496e-05,-1.6735267682758956,131.35671490328178,    ,4.868807260640893e-07,6.338369808363345e-08,5.682838556905677e-08,1.1334655603712509e-07,1.7616019563048694e-07,1.3145011533290396e-07
RepsRanparRQMC/PieceLinGauss-4-Lat-Rv-RS-16-10000.dat,PieceLinGauss,4,Lat-Rv,16,RS,False,-8.719302983917908e-06,8.200551586462434e-07,-16.42781756119937,1338.72914538142,    ,3.573059835957942e-08,2.0457067599542764e-09,1.894728433738981e-09,3.3586209293152755e-09,5.399993888758801e-09,3.7751810038199686e-09
RepsRanparQMC/PieceLinGauss-4-Lat-Rv-16-10000.dat,PieceLinGauss,4,Lat-Rv,16,qmc,False,-5.5994664230384914e-05,2.082484965061214e-06,-14.508027519079288,587.4120212847893,    ,9.367822699015242e-08,5.824785483690598e-09,5.244378764221383e-09,1.1950457728988094e-08,2.01886391961998e-08,1.3679712029438873e-08
RepsFixedparRQMC/PieceLinGauss-4-Sob-DS-6-10000.dat,PieceLinGauss,4,Sob,6,DS,False,-0.0001595133741399777,0.00019538391587928402,0.19617350077000972,2.9106175458810064,    ,8.520397380846217e-06,1.3918030866288205e-05,1.485933961282922e-05,1.0792721408580735e-05,9.497748385507991e-06,9.361199595610548e-06
RepsFixedparRQMC/PieceLinGauss-4-Sob-DS-8-10000.dat,PieceLinGauss,4,Sob,8,DS,False,-1.826720266522332e-05,1.1668946251686706e-05,0.09397221159094366,3.104679220172705,    ,5.076791798969822e-07,7.7955850135208e-07,8.222809548136749e-07,6.094502671344235e-07,5.49549813078929e-07,5.35945010358664e-07
RepsFixedparRQMC/PieceLinGauss-4-Sob-DS-10-10000.dat,PieceLinGauss,4,Sob,10,DS,False,9.486684337161188e-06,2.0960521409684197e-06,0.022826564075582825,3.061338958569223,    ,9.122269896094858e-08,1.3853034412331806e-07,1.462233273801562e-07,1.0994178368042476e-07,9.983726699667357e-08,9.693456189118814e-08
RepsFixedparRQMC/PieceLinGauss-4-Sob-DS-12-10000.dat,PieceLinGauss,4,Sob,12,DS,False,3.3120692609939427e-06,3.076106600618414e-07,0.03020404226719843,2.766074976058591,    ,1.3385346327217508e-08,2.1037749459548308e-08,2.295195834674298e-08,1.6430776298671442e-08,1.4490043982808264e-08,1.4213621068471702e-08
RepsFixedparRQMC/PieceLinGauss-4-Sob-DS-14-10000.dat,PieceLinGauss,4,Sob,14,DS,False,-8.220563182179924e-07,1.50544281490318e-08,0.05943547703703058,2.87630029550184,    ,6.552161308960525e-10,1.0410342434917684e-09,1.1127567336833678e-09,8.031816106421383e-10,7.292234237827873e-10,7.045989122489914e-10
RepsFixedparRQMC/PieceLinGauss-4-Sob-DS-16-10000.dat,PieceLinGauss,4,Sob,16,DS,False,2.693922558118303e-07,1.6149969866625441e-09,-0.09136253682749397,3.029108912063561,    ,7.028983247716722e-11,1.0519124670298577e-10,1.1198069221692886e-10,8.504144125790699e-11,7.611754310313597e-11,7.45020667652933e-11
RepsRanparRQMC/PieceLinGauss-4-Sob-LMS-DS-6-10000.dat,PieceLinGauss,4,Sob-LMS,6,DS,False,-2.1445766345101505e-05,0.00022016770981421,0.12086579873521419,2.7380066246512396,    ,9.572969043251086e-06,1.6581253553644714e-05,1.8156677885669355e-05,1.1965470188322963e-05,1.0606350962721944e-05,1.0375136810035617e-05
RepsRanparQMC/PieceLinGauss-4-Sob-LMS-6-10000.dat,PieceLinGauss,4,Sob-LMS,6,qmc,False,0.000965816626022065,0.00020076351051834677,0.1441081462642092,2.826282501426336,    ,9.661650038507027e-06,1.5394853943671155e-05,1.6420935037195046e-05,1.1401116994619347e-05,1.0286411808602124e-05,1.0121287819765273e-05
RepsRanparRQMC/PieceLinGauss-4-Sob-LMS-DS-8-10000.dat,PieceLinGauss,4,Sob-LMS,8,DS,False,1.1342304800368375e-05,1.3143248270338903e-05,0.0638722840472756,3.007600805230859,    ,5.715742248494411e-07,9.330350161101817e-07,9.83050383320456e-07,6.971011736571761e-07,6.297327842205558e-07,6.097301448584307e-07
RepsRanparQMC/PieceLinGauss-4-Sob-LMS-8-10000.dat,PieceLinGauss,4,Sob-LMS,8,qmc,False,-6.316149295445181e-05,1.2829684793377902e-05,0.1104804899481335,3.0142869569499946,    ,5.618017565130136e-07,8.864630629386457e-07,9.506053707431694e-07,6.936982426661949e-07,6.183579904217223e-07,6.0822126887291e-07
RepsRanparRQMC/PieceLinGauss-4-Sob-LMS-DS-10-10000.dat,PieceLinGauss,4,Sob-LMS,10,DS,False,-2.356085056005278e-05,2.3007421335345465e-06,-0.06767042303094853,2.9838969530934323,    ,1.0058738035452821e-07,1.5594032719010863e-07,1.652742384073845e-07,1.217406302515248e-07,1.080198365499092e-07,1.0642624457073554e-07
RepsRanparQMC/PieceLinGauss-4-Sob-LMS-10-10000.dat,PieceLinGauss,4,Sob-LMS,10,qmc,False,-3.577708357905367e-05,2.3017457484743747e-06,-0.04474974725261801,3.0198445071921562,    ,1.013559018170041e-07,1.5759097917013655e-07,1.6677549701568915e-07,1.2243715354837344e-07,1.1056499127111536e-07,1.077284163591815e-07
RepsRanparRQMC/PieceLinGauss-4-Sob-LMS-DS-12-10000.dat,PieceLinGauss,4,Sob-LMS,12,DS,False,-1.1213037503836031e-05,2.3238034863507644e-07,-0.0195109270732102,3.105871900741173,    ,1.02292256289788e-08,1.5597245930483112e-08,1.641208509554481e-08,1.250461896236728e-08,1.1246918329026461e-08,1.1005186357500969e-08
RepsRanparQMC/PieceLinGauss-4-Sob-LMS-12-10000.dat,PieceLinGauss,4,Sob-LMS,12,qmc,False,1.3623914161734508e-06,2.3000716296038222e-07,0.1196495854574428,3.2730444200324844,    ,1.0002167543430959e-08,1.464168228610396e-08,1.551824282048707e-08,1.1862065570684377e-08,1.0790658897325346e-08,1.0458558799631185e-08
RepsRanparRQMC/PieceLinGauss-4-Sob-LMS-DS-14-10000.dat,PieceLinGauss,4,Sob-LMS,14,DS,False,1.4637456920583106e-06,1.6402867063687648e-08,-0.01860667654601451,3.043138100591292,    ,7.153106846548301e-10,1.1159543042437047e-09,1.190993698743426e-09,8.650311661317408e-10,7.750653869026559e-10,7.577751834300924e-10
RepsRanparQMC/PieceLinGauss-4-Sob-LMS-14-10000.dat,PieceLinGauss,4,Sob-LMS,14,qmc,False,1.5408520324669703e-06,1.688083270187705e-08,0.031075269657987268,3.115015057789567,    ,7.363234728936555e-10,1.0999024264736519e-09,1.1776811932977885e-09,8.816896801533776e-10,7.894252546532354e-10,7.691239938107461e-10
RepsRanparRQMC/PieceLinGauss-4-Sob-LMS-DS-16-10000.dat,PieceLinGauss,4,Sob-LMS,16,DS,False,6.33923310045072e-07,2.0838167170819606e-09,0.00026447323177598446,3.2541930274751474,    ,9.100258559266896e-11,1.3820168821048734e-10,1.4762556282051364e-10,1.0970767790498146e-10,9.920477673756464e-11,9.611285051996899e-11
RepsRanparQMC/PieceLinGauss-4-Sob-LMS-16-10000.dat,PieceLinGauss,4,Sob-LMS,16,qmc,False,-3.0343531809744985e-07,2.0875601227505313e-09,-0.04215168000601475,3.1423979768222896,    ,9.085555659011808e-11,1.364240997175464e-10,1.4395469160632314e-10,1.0980019606128837e-10,9.907320556393928e-11,9.666965170922542e-11
RepsRanparRQMC/PieceLinGauss-4-Sob-NUS-6-10000.dat,PieceLinGauss,4,Sob-NUS,6,NUS,False,-0.00017983000111479667,0.0002166105442573528,0.0988208462438687,2.759871227688943,    ,9.450188579620636e-06,1.5863072274599852e-05,1.7365012047578356e-05,1.186072253196994e-05,1.0458734497674411e-05,1.0258513021608707e-05
RepsRanparRQMC/PieceLinGauss-4-Sob-NUS-8-10000.dat,PieceLinGauss,4,Sob-NUS,8,NUS,False,-4.652108784091592e-05,1.3018953748835327e-05,0.05183959347185015,3.0347772502396393,    ,5.682056789545686e-07,8.626653608467084e-07,9.306591222934353e-07,6.857165895491679e-07,6.178856341649207e-07,6.008018135479324e-07
RepsRanparRQMC/PieceLinGauss-4-Sob-NUS-10-10000.dat,PieceLinGauss,4,Sob-NUS,10,NUS,False,1.2964778704366203e-05,2.2839245030494607e-06,-0.09578660686179656,3.034327939590099,    ,9.946915083682974e-08,1.5214720591360375e-07,1.6185333245621576e-07,1.1982315865582782e-07,1.0769544732724969e-07,1.0505238694466307e-07
RepsRanparRQMC/PieceLinGauss-4-Sob-NUS-12-10000.dat,PieceLinGauss,4,Sob-NUS,12,NUS,False,6.772259809058176e-06,2.2654488661663785e-07,-0.030381592427680886,3.0538271539093054,    ,9.895641181905639e-09,1.5055126963357188e-08,1.589629638166472e-08,1.2092876241280839e-08,1.0784194926958147e-08,1.0619485612342134e-08
RepsRanparRQMC/PieceLinGauss-4-Sob-NUS-14-10000.dat,PieceLinGauss,4,Sob-NUS,14,NUS,False,9.688354565802735e-07,1.591630691288545e-08,0.03834260723861869,3.0518341541772025,    ,6.929519861804249e-10,1.1098696396205297e-09,1.1708864035285235e-09,8.310252524882561e-10,7.451244912537548e-10,7.301620445843347e-10
RepsRanparRQMC/PieceLinGauss-4-Sob-NUS-16-10000.dat,PieceLinGauss,4,Sob-NUS,16,NUS,False,-2.310317835188161e-07,2.0035513350746047e-09,0.007499067129421469,3.0123143923770863,    ,8.716430329693522e-11,1.3712013564191634e-10,1.4554052529449748e-10,1.0591109417804071e-10,9.474771053508544e-11,9.236047357313036e-11
RepsFixedparRQMC/PieceLinGauss-8-Lat-RS-6-10000.dat,PieceLinGauss,8,Lat,6,RS,False,0.00013101281121971256,0.0007307912597484579,0.2518220221561538,2.9597597607121386,    ,3.179069738924534e-05,5.3496449792503696e-05,5.809346936537263e-05,3.9486648197095196e-05,3.49308413919885e-05,3.415455815105103e-05
RepsFixedparRQMC/PieceLinGauss-8-Lat-RS-8-10000.dat,PieceLinGauss,8,Lat,8,RS,False,5.317595593583244e-05,0.0001557608216348392,0.0346236000474518,2.855956400128417,    ,6.775037318587047e-06,1.0935776315958511e-05,1.1829129292322003e-05,8.422706892051469e-06,7.438476492123937e-06,7.27980679335406e-06
RepsFixedparRQMC/PieceLinGauss-8-Lat-RS-10-10000.dat,PieceLinGauss,8,Lat,10,RS,False,-6.585263515041473e-06,3.812119459146681e-05,-0.35738312313070003,2.660523806080694,    ,1.6574866088028152e-06,3.1259696344375886e-06,3.5889846745008357e-06,2.1898937444612376e-06,1.8639669756442143e-06,1.8305396550012054e-06
RepsFixedparRQMC/PieceLinGauss-8-Lat-RS-12-10000.dat,PieceLinGauss,8,Lat,12,RS,False,-3.883361204390762e-06,2.279135469018822e-06,-0.03227262259970332,3.0417111333236693,    ,9.910792697332299e-08,1.4744954071189632e-07,1.5943503141773773e-07,1.1754694139636987e-07,1.053867893317123e-07,1.0279289314328733e-07
RepsFixedparRQMC/PieceLinGauss-8-Lat-RS-14-10000.dat,PieceLinGauss,8,Lat,14,RS,False,-3.5961504186385883e-07,2.6662670556220384e-07,0.017873458795341354,3.0273280352971645,    ,1.1592594782204589e-08,1.890903345392607e-08,2.0118345083052364e-08,1.4062815393973229e-08,1.2737533488107062e-08,1.2365688087358868e-08
RepsFixedparRQMC/PieceLinGauss-8-Lat-RS-16-10000.dat,PieceLinGauss,8,Lat,16,RS,False,-1.9618643117124746e-06,5.105294854675648e-08,0.016177061516512208,3.0379933429319395,    ,2.22354232665394e-09,3.426809714206541e-09,3.6131722590922412e-09,2.732437221717101e-09,2.4443995699354376e-09,2.3944346987121077e-09
RepsRanparRQMC/PieceLinGauss-8-Lat-Rp-RS-6-10000.dat,PieceLinGauss,8,Lat-Rp,6,RS,False,8.179377757263322e-05,0.0009125491917677605,0.34926107934124223,3.126966815167158,    ,3.9682742038039186e-05,6.497171168500032e-05,7.066402151838e-05,4.94434932694737e-05,4.428407369002084e-05,4.286197752575591e-05
RepsRanparQMC/PieceLinGauss-8-Lat-Rp-6-10000.dat,PieceLinGauss,8,Lat-Rp,6,qmc,False,-0.017249821413582996,0.0017109306151159287,0.935139277942474,4.271875625055965,    ,0.0003719446264142425,0.0006629633052464763,0.0007522673027578402,0.0005058257583997303,0.00043634155877979975,0.0004384212929427372
RepsRanparRQMC/PieceLinGauss-8-Lat-Rp-RS-8-10000.dat,PieceLinGauss,8,Lat-Rp,8,RS,False,0.0001607509751770834,0.00021996492232358698,0.14127457859718104,3.4352471374849056,    ,9.589533150958948e-06,1.388541286696458e-05,1.455638056665352e-05,1.1486270578077705e-05,1.0492404579889995e-05,1.0191908225080407e-05
RepsRanparQMC/PieceLinGauss-8-Lat-Rp-8-10000.dat,PieceLinGauss,8,Lat-Rp,8,qmc,False,-0.00597922373784275,0.0007336051434986608,0.5828608820928339,3.812983136650901,    ,6.764699231147183e-05,0.0001063366420016913,0.00011735743500617925,8.723618188056569e-05,7.687492532719517e-05,7.570137586748925e-05
RepsRanparRQMC/PieceLinGauss-8-Lat-Rp-RS-10-10000.dat,PieceLinGauss,8,Lat-Rp,10,RS,False,4.252929856193879e-05,5.336742744644828e-05,0.041784146529459304,4.408400876603863,    ,2.3221316736904434e-06,2.9254931696513983e-06,2.9935654056267313e-06,2.4949828535940536e-06,2.347071694618333e-06,2.2433407750470975e-06
RepsRanparQMC/PieceLinGauss-8-Lat-Rp-10-10000.dat,PieceLinGauss,8,Lat-Rp,10,qmc,False,-0.0023051996343042462,0.00023032666482641838,0.32986834709281165,4.369164489676882,    ,1.532814817253636e-05,1.9214502375810297e-05,1.9771851511998608e-05,1.7460820220108107e-05,1.6471299453279636e-05,1.5898522946004285e-05
RepsRanparRQMC/PieceLinGauss-8-Lat-Rp-RS-12-10000.dat,PieceLinGauss,8,Lat-Rp,12,RS,False,-5.16253129918004e-05,1.3324785672668385e-05,0.063260211572863,8.101660856856661,    ,5.820036804488224e-07,5.703942680426755e-07,5.723233583152921e-07,5.54491738988022e-07,5.444115999392734e-07,5.121501955217826e-07
RepsRanparQMC/PieceLinGauss-8-Lat-Rp-12-10000.dat,PieceLinGauss,8,Lat-Rp,12,qmc,False,-0.0007359716072645744,6.381680701386491e-05,0.09460547133225532,8.503915828921254,    ,3.3162979899111187e-06,2.3662244333679637e-06,2.283400399528344e-06,2.780235058724852e-06,3.0014065188760306e-06,2.7493287142430322e-06
RepsRanparRQMC/PieceLinGauss-8-Lat-Rp-RS-14-10000.dat,PieceLinGauss,8,Lat-Rp,14,RS,False,8.694905802385879e-06,3.3431024565599454e-06,0.3296478075565253,24.241669652378878,    ,1.4542788210690998e-07,1.0280808167523036e-07,1.0158692771981578e-07,1.0768760036646077e-07,1.1321570620638219e-07,1.03450474570443e-07
RepsRanparQMC/PieceLinGauss-8-Lat-Rp-14-10000.dat,PieceLinGauss,8,Lat-Rp,14,qmc,False,-0.00018340683444127365,1.6837039903056138e-05,-0.02586974112098566,21.948135960272104,    ,7.656832800961225e-07,3.0309481086701755e-07,2.826569642176582e-07,4.419993827031267e-07,5.382548789530856e-07,4.588352510598426e-07
RepsRanparRQMC/PieceLinGauss-8-Lat-Rp-RS-16-10000.dat,PieceLinGauss,8,Lat-Rp,16,RS,False,-7.593365056713577e-06,7.216760360199204e-07,0.14623179678519574,31.57667577917228,    ,3.1434878150272364e-08,1.6989139884776397e-08,1.6587512742787864e-08,1.9972302200007728e-08,2.2270761137760232e-08,1.979968208108727e-08
RepsRanparQMC/PieceLinGauss-8-Lat-Rp-16-10000.dat,PieceLinGauss,8,Lat-Rp,16,qmc,False,-9.872995406081165e-05,3.8390670639235275e-06,-1.6521585420107399,70.80719605392741,    ,1.7666356312987292e-07,3.691484600196828e-08,3.331031928118388e-08,6.127087117789422e-08,8.527236509651747e-08,6.7072713144309e-08
RepsRanparRQMC/PieceLinGauss-8-Lat-Rv-RS-6-10000.dat,PieceLinGauss,8,Lat-Rv,6,RS,False,0.00021422710473630754,0.0007080416796047351,0.34989790007413174,3.109098326736889,    ,3.083031410478349e-05,4.986209516450366e-05,5.4804497061332014e-05,3.7243626134113527e-05,3.3254618838857366e-05,3.238271589076295e-05
RepsRanparQMC/PieceLinGauss-8-Lat-Rv-6-10000.dat,PieceLinGauss,8,Lat-Rv,6,qmc,False,-0.013279397770398486,0.0018810493777360769,0.8379472825303035,3.7314427451961354,    ,0.0002581271606982068,0.0004943643301995633,0.0005716042493503636,0.00036254747381651674,0.0003075376904950556,0.00030723249181605034
RepsRanparRQMC/PieceLinGauss-8-Lat-Rv-RS-8-10000.dat,PieceLinGauss,8,Lat-Rv,8,RS,False,7.760192147516915e-05,0.00017436718220110596,0.20335242061311135,3.71052681412808,    ,7.587203893047333e-06,1.0531189562927643e-05,1.0997733072254302e-05,8.70617151629373e-06,7.979432995620122e-06,7.74305063471969e-06
RepsRanparQMC/PieceLinGauss-8-Lat-Rv-8-10000.dat,PieceLinGauss,8,Lat-Rv,8,qmc,False,-0.004692027262940667,0.000678770031990307,0.5059133622459783,3.7461746592113556,    ,5.152686035749618e-05,7.686083134078815e-05,8.462064924477667e-05,6.546634028711019e-05,5.8175897307058786e-05,5.707119388989448e-05
RepsRanparRQMC/PieceLinGauss-8-Lat-Rv-RS-10-10000.dat,PieceLinGauss,8,Lat-Rv,10,RS,False,-8.33609906213874e-06,4.22529691860817e-05,0.008474905219055494,5.517297698720325,    ,1.8371551073337346e-06,2.03101372089748e-06,2.0657359568307428e-06,1.839694073686937e-06,1.7895753706248223e-06,1.6972424268307358e-06
RepsRanparQMC/PieceLinGauss-8-Lat-Rv-10-10000.dat,PieceLinGauss,8,Lat-Rv,10,qmc,False,-0.001232281263924951,0.00020065931528839097,0.17796754184836713,4.821920247991704,    ,1.0242835169437474e-05,1.0592430631736013e-05,1.036384134068793e-05,1.0918591415558478e-05,1.0679458842441333e-05,1.0132070789814842e-05
RepsRanparRQMC/PieceLinGauss-8-Lat-Rv-RS-12-10000.dat,PieceLinGauss,8,Lat-Rv,12,RS,False,1.6627934999720845e-05,1.0416014390412749e-05,0.36711742354275156,14.137821792681274,    ,4.5314667910986576e-07,3.989299319824671e-07,3.968432348688468e-07,3.674928218679065e-07,3.748998600768089e-07,3.477494785996126e-07
RepsRanparQMC/PieceLinGauss-8-Lat-Rv-12-10000.dat,PieceLinGauss,8,Lat-Rv,12,qmc,False,-0.00039020676431187273,5.474297276336679e-05,0.2398950940894161,10.890936570494821,    ,2.532390569495906e-06,1.3814551784168625e-06,1.2958169600915048e-06,1.7822309522585889e-06,2.0388036641622687e-06,1.8061355821217918e-06
RepsRanparRQMC/PieceLinGauss-8-Lat-Rv-RS-14-10000.dat,PieceLinGauss,8,Lat-Rv,14,RS,False,-2.6459233492798383e-06,2.6211450299505204e-06,0.848257019203799,43.83828423031344,    ,1.1396982829952332e-07,6.961099914678872e-08,6.886129471761996e-08,7.074107093544388e-08,7.64150580911995e-08,6.920602276122964e-08
RepsRanparQMC/PieceLinGauss-8-Lat-Rv-14-10000.dat,PieceLinGauss,8,Lat-Rv,14,qmc,False,-0.00015985526276653532,1.4465944359314873e-05,-0.4527488764246919,31.53753438466636,    ,6.545078076130656e-07,1.9093741339052364e-07,1.7517033670556667e-07,2.776751738237216e-07,3.629722917693079e-07,2.958798582003386e-07
RepsRanparRQMC/PieceLinGauss-8-Lat-Rv-RS-16-10000.dat,PieceLinGauss,8,Lat-Rv,16,RS,False,-3.924989770946092e-06,5.920723851818512e-07,1.5051089504110757,188.0435475320514,    ,2.5757683161304256e-08,1.1538066169437182e-08,1.1309062586709058e-08,1.2602859997381435e-08,1.3952745149982192e-08,1.2523537252519288e-08
RepsRanparQMC/PieceLinGauss-8-Lat-Rv-16-10000.dat,PieceLinGauss,8,Lat-Rv,16,qmc,False,-5.6627907151067716e-05,3.729390701948853e-06,-1.5711633256908493,124.08852026396991,    ,1.653541416921731e-07,2.408284297316036e-08,2.2040342970518162e-08,3.924241876695082e-08,5.684377074389754e-08,4.3681885815873696e-08
RepsFixedparRQMC/PieceLinGauss-8-Sob-DS-6-10000.dat,PieceLinGauss,8,Sob,6,DS,False,4.944893912339435e-05,0.00034404878693681276,0.08649304770532042,2.8943707153421445,    ,1.4961088107876638e-05,2.3765833039007218e-05,2.560393174284308e-05,1.8286102997324778e-05,1.6230983359970928e-05,1.5911628644786875e-05
RepsFixedparRQMC/PieceLinGauss-8-Sob-DS-8-10000.dat,PieceLinGauss,8,Sob,8,DS,False,-3.5366097070469514e-05,4.101178068223164e-05,-0.0020769141216622398,2.8239041129169373,    ,1.7843716600494605e-06,2.9663258841377146e-06,3.2057044123626034e-06,2.200987036984074e-06,1.944947167359276e-06,1.9143653211009885e-06
RepsFixedparRQMC/PieceLinGauss-8-Sob-DS-10-10000.dat,PieceLinGauss,8,Sob,10,DS,False,-1.3701920348688726e-05,5.989057816746832e-06,-0.1225131859655391,3.0195073202922633,    ,2.605815607406693e-07,3.943991494348805e-07,4.182298734114696e-07,3.1478132890909295e-07,2.842097942956536e-07,2.771197930052963e-07
RepsFixedparRQMC/PieceLinGauss-8-Sob-DS-12-10000.dat,PieceLinGauss,8,Sob,12,DS,False,-7.298868398437206e-06,7.701894105642473e-07,-0.025390224608352996,2.980718832705109,    ,3.3539769591386714e-08,5.287853719972477e-08,5.6036347914930587e-08,3.964291586226834e-08,3.618387944507637e-08,3.501125725172698e-08
RepsFixedparRQMC/PieceLinGauss-8-Sob-DS-14-10000.dat,PieceLinGauss,8,Sob,14,DS,False,-1.1927591543939382e-06,2.1401335076657374e-07,-0.018346786531519096,2.60052467407382,    ,9.306350968599248e-09,1.722864651529066e-08,1.8999529764765475e-08,1.1856479901679762e-08,1.0283109069283058e-08,1.014601112424164e-08
RepsFixedparRQMC/PieceLinGauss-8-Sob-DS-16-10000.dat,PieceLinGauss,8,Sob,16,DS,False,-1.0175544077765941e-08,2.4420177001546543e-08,-0.06538504375067587,2.8591605934555813,    ,1.0617469296958949e-09,1.7519315793873056e-09,1.894845136066001e-09,1.32531508592557e-09,1.1667415085289653e-09,1.1458755521415183e-09
RepsRanparRQMC/PieceLinGauss-8-Sob-LMS-DS-6-10000.dat,PieceLinGauss,8,Sob-LMS,6,DS,False,0.00010863386753893342,0.0002519839087960492,0.12732885809294098,2.941685234559438,    ,1.0967623438743823e-05,1.6759070416467264e-05,1.8011199814838128e-05,1.3028888034993583e-05,1.1658545014413512e-05,1.1405822392730684e-05
RepsRanparQMC/PieceLinGauss-8-Sob-LMS-6-10000.dat,PieceLinGauss,8,Sob-LMS,6,qmc,False,-0.010547022924682152,0.00020001139890563015,0.2063709421182567,2.8521064823895843,    ,0.0001199358403522765,0.00013472139633637057,0.00013869153986870717,0.00012630740151038699,0.00012308791627669972,0.00012282256005100825
RepsRanparRQMC/PieceLinGauss-8-Sob-LMS-DS-8-10000.dat,PieceLinGauss,8,Sob-LMS,8,DS,False,4.294865640431545e-06,3.3342491023818956e-05,0.0004420751731472579,2.9346427260370698,    ,1.4496919686456066e-06,2.2358137121815586e-06,2.384520097269959e-06,1.7744430021624027e-06,1.5829432828560242e-06,1.5428081713358168e-06
RepsRanparQMC/PieceLinGauss-8-Sob-LMS-8-10000.dat,PieceLinGauss,8,Sob-LMS,8,qmc,False,-0.0022493920037663312,3.2196269328958205e-05,0.050134803445022615,2.845176084279058,    ,6.459602183519137e-06,7.550757587322051e-06,7.80061946129619e-06,6.896879596383079e-06,6.652917792790889e-06,6.635995220380389e-06
RepsRanparRQMC/PieceLinGauss-8-Sob-LMS-DS-10-10000.dat,PieceLinGauss,8,Sob-LMS,10,DS,False,1.3246653661300012e-05,5.196523071659224e-06,-0.06873499217340222,2.94152539842036,    ,2.2611125955753653e-07,3.8384949924765096e-07,4.0491341952021297e-07,2.760537941843343e-07,2.46203211388436e-07,2.4154151491287797e-07
RepsRanparQMC/PieceLinGauss-8-Sob-LMS-10-10000.dat,PieceLinGauss,8,Sob-LMS,10,qmc,False,0.0011961798660651936,4.492306048224999e-06,-0.10655753633695497,2.997898016918721,    ,1.6261639262503967e-06,1.8284934038039571e-06,1.8726876504876855e-06,1.7152696905901622e-06,1.6671104569448647e-06,1.664229127843711e-06
RepsRanparRQMC/PieceLinGauss-8-Sob-LMS-DS-12-10000.dat,PieceLinGauss,8,Sob-LMS,12,DS,False,-1.7085171581302663e-06,7.785592999580995e-07,-0.05587535441584077,3.025187344011233,    ,3.3853323376883954e-08,5.056994217711961e-08,5.413202549697494e-08,4.027931157461058e-08,3.600492752666821e-08,3.517674138955093e-08
RepsRanparQMC/PieceLinGauss-8-Sob-LMS-12-10000.dat,PieceLinGauss,8,Sob-LMS,12,qmc,False,-5.756580066577968e-05,6.704763926712516e-07,0.010819073499754566,2.9618192245047594,    ,3.2464968913738e-08,4.818313499083555e-08,5.105293288411525e-08,3.7345319907537616e-08,3.4485771921536395e-08,3.331185632232097e-08
RepsRanparRQMC/PieceLinGauss-8-Sob-LMS-DS-14-10000.dat,PieceLinGauss,8,Sob-LMS,14,DS,False,2.601997394638199e-07,1.471019172266269e-07,0.011787835410804286,2.99393846910413,    ,6.395803235496891e-09,9.940168916767925e-09,1.0503565929397633e-08,7.59878529833519e-09,6.855652604411141e-09,6.694631962567117e-09
RepsRanparQMC/PieceLinGauss-8-Sob-LMS-14-10000.dat,PieceLinGauss,8,Sob-LMS,14,qmc,False,1.6038352682157148e-05,1.3732928690986056e-07,0.022690180558762235,2.8684757783652794,    ,6.2280673180555424e-09,9.519588524435616e-09,1.0162933087825217e-08,7.639312856366862e-09,6.9010298122180065e-09,6.719033282222349e-09
RepsRanparRQMC/PieceLinGauss-8-Sob-LMS-DS-16-10000.dat,PieceLinGauss,8,Sob-LMS,16,DS,False,-2.158076021454452e-07,2.282132917303564e-08,-0.012068246226416618,2.9787683965032685,    ,9.922782760966064e-10,1.503358305246323e-09,1.5908667700349697e-09,1.2061973458473114e-09,1.0813012174693803e-09,1.0594966998661629e-09
RepsRanparQMC/PieceLinGauss-8-Sob-LMS-16-10000.dat,PieceLinGauss,8,Sob-LMS,16,qmc,False,-1.6544737410869298e-05,2.2754558817277784e-08,0.04134626857150541,2.9537065530737103,    ,1.263056980224087e-09,1.8492752417719192e-09,1.980122738354567e-09,1.5228345503980009e-09,1.3695281757854104e-09,1.3488828620181936e-09
RepsRanparRQMC/PieceLinGauss-8-Sob-NUS-6-10000.dat,PieceLinGauss,8,Sob-NUS,6,NUS,False,-0.00026390783840521984,0.00025052276859266,0.07712695855079862,2.9194016624978225,    ,1.0961941633809106e-05,1.67872182120441e-05,1.7944476286673874e-05,1.3524682871346974e-05,1.2089375145027658e-05,1.1827528385653921e-05
RepsRanparRQMC/PieceLinGauss-8-Sob-NUS-8-10000.dat,PieceLinGauss,8,Sob-NUS,8,NUS,False,1.2015417076801809e-05,3.487057518942929e-05,0.03388524984233045,2.9981532609952213,    ,1.5162563350053248e-06,2.3995393580583096e-06,2.551107749544054e-06,1.8301020453075996e-06,1.6057302641972647e-06,1.5897430986654065e-06
RepsRanparRQMC/PieceLinGauss-8-Sob-NUS-10-10000.dat,PieceLinGauss,8,Sob-NUS,10,NUS,False,5.17509850679877e-05,5.073766556802401e-06,-0.017198105951252533,2.990436466975569,    ,2.2327671040343756e-07,3.403370187010393e-07,3.5938613537958564e-07,2.7093322092871587e-07,2.4329882534501774e-07,2.3776661984706604e-07
RepsRanparRQMC/PieceLinGauss-8-Sob-NUS-12-10000.dat,PieceLinGauss,8,Sob-NUS,12,NUS,False,5.660555057163198e-06,7.70986278274434e-07,-0.0024161345820234176,3.0587952263359837,    ,3.355318441722622e-08,5.014759695698993e-08,5.30113983255803e-08,4.055438870232629e-08,3.674148177263498e-08,3.5764357108393615e-08
RepsRanparRQMC/PieceLinGauss-8-Sob-NUS-14-10000.dat,PieceLinGauss,8,Sob-NUS,14,NUS,False,-1.7709002493367668e-06,1.4657588788336123e-07,-0.015206672676127025,2.9917442483831334,    ,6.376000778274024e-09,9.96021003837727e-09,1.0606648757102944e-08,7.859000409160484e-09,7.023635548253584e-09,6.88101178199154e-09
RepsRanparRQMC/PieceLinGauss-8-Sob-NUS-16-10000.dat,PieceLinGauss,8,Sob-NUS,16,NUS,False,8.925524725263547e-07,2.2531145750289984e-08,0.01304315441526047,2.9099751213852048,    ,9.804116825375165e-10,1.5104851818403404e-09,1.6095950795133853e-09,1.19721047655027e-09,1.084470709700575e-09,1.055106834994237e-09
RepsFixedparRQMC/PieceLinGauss-16-Lat-RS-6-10000.dat,PieceLinGauss,16,Lat,6,RS,False,-5.2977419057906714e-05,0.0007128056910031388,0.31395622695115,3.061537917217683,    ,3.09943583896752e-05,4.810230553723358e-05,5.200467648693787e-05,3.709139391908547e-05,3.3555243226451864e-05,3.2388482828882794e-05
RepsFixedparRQMC/PieceLinGauss-16-Lat-RS-8-10000.dat,PieceLinGauss,16,Lat,8,RS,False,7.906498408146847e-05,0.00020505925248559106,0.0830744737418234,2.9608855162508974,    ,8.92187094499437e-06,1.3444400687785538e-05,1.4464436339107672e-05,1.0647466997235666e-05,9.496329093107642e-06,9.272420205810994e-06
RepsFixedparRQMC/PieceLinGauss-16-Lat-RS-10-10000.dat,PieceLinGauss,16,Lat,10,RS,False,-2.3382644483387665e-05,3.8192437372672086e-05,-0.07076371307801348,2.927424158905076,    ,1.6610875033966053e-06,2.598189129665034e-06,2.770735979830637e-06,2.030014570854002e-06,1.7976086861833461e-06,1.7669357473382253e-06
RepsFixedparRQMC/PieceLinGauss-16-Lat-RS-12-10000.dat,PieceLinGauss,16,Lat,12,RS,False,-6.116356027190475e-06,5.890122650207983e-06,-0.033313441194850156,3.000891081578699,    ,2.561296989505289e-07,3.856394945606389e-07,4.091380070285309e-07,3.1072428683802714e-07,2.794001562374508e-07,2.7299349890967436e-07
RepsFixedparRQMC/PieceLinGauss-16-Lat-RS-14-10000.dat,PieceLinGauss,16,Lat,14,RS,False,-6.4662986469068205e-06,9.274852776614457e-07,-0.08827413493537044,2.941357187891758,    ,4.0367259873036455e-08,6.235916477558845e-08,6.718803792006005e-08,4.8745198727762914e-08,4.307898049120427e-08,4.231071876995197e-08
RepsFixedparRQMC/PieceLinGauss-16-Lat-RS-16-10000.dat,PieceLinGauss,16,Lat,16,RS,False,-2.9214855352400217e-06,1.7627776315646903e-07,0.0214456548493212,2.946702827046345,    ,7.67278564975301e-09,1.2103403224236745e-08,1.2893068130988411e-08,9.506474696974794e-09,8.549866515431523e-09,8.301493917920203e-09
RepsRanparRQMC/PieceLinGauss-16-Lat-Rp-RS-6-10000.dat,PieceLinGauss,16,Lat-Rp,6,RS,False,9.488714542611072e-05,0.0009272689992254005,0.37008406572633673,3.1637213324213462,    ,4.032504701494975e-05,6.537226737374353e-05,7.186511727477042e-05,5.0383414745022805e-05,4.492160277453622e-05,4.3615114554645665e-05
RepsRanparQMC/PieceLinGauss-16-Lat-Rp-6-10000.dat,PieceLinGauss,16,Lat-Rp,6,qmc,False,-0.017542985026155294,0.0018095551096048424,1.0219040388844411,4.415492200473751,    ,0.0003864326327411628,0.0006979347656433381,0.0007954202562022898,0.0005359519232692426,0.00045525086457861815,0.0004614146924419309
RepsRanparRQMC/PieceLinGauss-16-Lat-Rp-RS-8-10000.dat,PieceLinGauss,16,Lat-Rp,8,RS,False,1.6338091603148784e-05,0.0002403004165761449,0.23319207660653188,3.1755890166719607,    ,1.0448111132200055e-05,1.5630466587200677e-05,1.6787208458662818e-05,1.265494914624071e-05,1.1488801510516302e-05,1.1127059003720851e-05
RepsRanparQMC/PieceLinGauss-16-Lat-Rp-8-10000.dat,PieceLinGauss,16,Lat-Rp,8,qmc,False,-0.006234256742313013,0.0007786785551410016,0.6249037333629179,3.6224017258711187,    ,7.272154648303185e-05,0.00012585977738549273,0.000142199663028414,9.673426849180276e-05,8.359441760588503e-05,8.275635015944414e-05
RepsRanparRQMC/PieceLinGauss-16-Lat-Rp-RS-10-10000.dat,PieceLinGauss,16,Lat-Rp,10,RS,False,0.00018119597083508877,5.769254287583923e-05,0.14969814025949207,3.600488611964617,    ,2.5412034092311844e-06,3.5307593828438608e-06,3.719231598175106e-06,2.9210817237160386e-06,2.66450004490037e-06,2.5976757372972545e-06
RepsRanparQMC/PieceLinGauss-16-Lat-Rp-10-10000.dat,PieceLinGauss,16,Lat-Rp,10,qmc,False,-0.0018266535442883409,0.0002474063731748681,0.4641189127845861,4.017230160896915,    ,1.4093462004551077e-05,2.1417070923950586e-05,2.303790238635892e-05,1.7581400548294223e-05,1.5606621587411357e-05,1.5243793740612033e-05
RepsRanparRQMC/PieceLinGauss-16-Lat-Rp-RS-12-10000.dat,PieceLinGauss,16,Lat-Rp,12,RS,False,-2.1570274956910354e-05,1.3820632135737943e-05,-0.02187968356544656,4.498472909467488,    ,6.013623261416273e-07,7.288298512355066e-07,7.503114166500657e-07,6.537346060798457e-07,6.156711215330677e-07,5.919237073802368e-07
RepsRanparQMC/PieceLinGauss-16-Lat-Rp-12-10000.dat,PieceLinGauss,16,Lat-Rp,12,qmc,False,-0.0006302350002961823,6.947959836551896e-05,0.1665574731137015,4.524815128091237,    ,3.4180482584469794e-06,4.092703457631752e-06,4.179900004429795e-06,3.7309973856139537e-06,3.493054012782915e-06,3.3655671660569576e-06
RepsRanparRQMC/PieceLinGauss-16-Lat-Rp-RS-14-10000.dat,PieceLinGauss,16,Lat-Rp,14,RS,False,-4.318542905666213e-05,3.482340006540626e-06,-0.41244250395879445,8.096075961397986,    ,1.5327106852370478e-07,1.532320310036483e-07,1.5635790277175212e-07,1.4527045878319646e-07,1.4486699025550324e-07,1.360779011888353e-07
RepsRanparQMC/PieceLinGauss-16-Lat-Rp-14-10000.dat,PieceLinGauss,16,Lat-Rp,14,qmc,False,-0.0002192212468445701,1.8813617772323183e-05,0.06165305870325588,7.412341000174576,    ,8.660413364734437e-07,6.317705864937366e-07,6.127827977451831e-07,7.449475202362112e-07,7.767934529230423e-07,7.155868679354702e-07
RepsRanparRQMC/PieceLinGauss-16-Lat-Rp-RS-16-10000.dat,PieceLinGauss,16,Lat-Rp,16,RS,False,2.7674777251027875e-07,8.511311778437443e-07,-0.8604866925034118,23.851226754116958,    ,3.700577997384021e-08,2.979882014734364e-08,3.015812936681703e-08,2.929029096366672e-08,3.0176204137712884e-08,2.786014773886917e-08
RepsRanparQMC/PieceLinGauss-16-Lat-Rp-16-10000.dat,PieceLinGauss,16,Lat-Rp,16,qmc,False,-6.560893561013621e-05,5.008890858927159e-06,-0.22729011342410518,19.27638794157786,    ,2.220823958635106e-07,8.535695324106535e-08,7.956063612303643e-08,1.243992989335733e-07,1.5141395233562986e-07,1.286945232959936e-07
RepsRanparRQMC/PieceLinGauss-16-Lat-Rv-RS-6-10000.dat,PieceLinGauss,16,Lat-Rv,6,RS,False,-0.00017706971459151576,0.0007381454411474928,0.41139396838091374,3.3096307652099175,    ,3.212463373371651e-05,5.339089641460095e-05,5.835514392157088e-05,3.996156577311224e-05,3.4605748289299324e-05,3.419989244178858e-05
RepsRanparQMC/PieceLinGauss-16-Lat-Rv-6-10000.dat,PieceLinGauss,16,Lat-Rv,6,qmc,False,-0.013414350909920403,0.0019687860318354034,0.9882397670470119,4.332206490066376,    ,0.00026554420302297814,0.0005339577965054397,0.0006210444734645002,0.00038680907253155726,0.00032214544606875146,0.00032302135448076744
RepsRanparRQMC/PieceLinGauss-16-Lat-Rv-RS-8-10000.dat,PieceLinGauss,16,Lat-Rv,8,RS,False,-0.00010616665627797782,0.00017793794136875896,0.20946312223559935,3.1636019950258216,    ,7.747703592329549e-06,1.1286104381047718e-05,1.218915136293336e-05,9.135810641417936e-06,8.205912762247187e-06,7.990579705031862e-06
RepsRanparQMC/PieceLinGauss-16-Lat-Rv-8-10000.dat,PieceLinGauss,16,Lat-Rv,8,qmc,False,-0.004920605838495296,0.0007180686444803377,0.5532318037729709,3.4356167419136034,    ,5.54327376648052e-05,0.00010016850592209679,0.00011238157851383748,7.51732113258302e-05,6.433104018455251e-05,6.393261139968234e-05
RepsRanparRQMC/PieceLinGauss-16-Lat-Rv-RS-10-10000.dat,PieceLinGauss,16,Lat-Rv,10,RS,False,9.378076667358887e-06,4.285757160974217e-05,0.08367805988133348,3.468116459063488,    ,1.8634606270064212e-06,2.634906520864417e-06,2.761252245768437e-06,2.166170854954713e-06,2.001153201467807e-06,1.9301005521673308e-06
RepsRanparQMC/PieceLinGauss-16-Lat-Rv-10-10000.dat,PieceLinGauss,16,Lat-Rv,10,qmc,False,-0.0015182461677796133,0.00021304677677544604,0.2721773578803396,3.4593134191951544,    ,1.1567974764040353e-05,1.690981672242476e-05,1.790012833537522e-05,1.4162813054123674e-05,1.2743544117755221e-05,1.2472876739431294e-05
RepsRanparRQMC/PieceLinGauss-16-Lat-Rv-RS-12-10000.dat,PieceLinGauss,16,Lat-Rv,12,RS,False,-3.961195329718632e-05,1.0892166938821882e-05,0.06558368522030499,5.105574060442278,    ,4.751415824449699e-07,5.437741462783547e-07,5.627433644133e-07,5.018781695012527e-07,4.806317862801123e-07,4.5677836994244147e-07
RepsRanparQMC/PieceLinGauss-16-Lat-Rv-12-10000.dat,PieceLinGauss,16,Lat-Rv,12,qmc,False,-0.0004842104507031965,5.720667960916435e-05,0.06952355813088734,4.558285207334508,    ,2.7217067000990773e-06,2.756403715095411e-06,2.681424099828382e-06,2.8063407473065622e-06,2.768594840685456e-06,2.613825327255154e-06
RepsRanparRQMC/PieceLinGauss-16-Lat-Rv-RS-14-10000.dat,PieceLinGauss,16,Lat-Rv,14,RS,False,1.3709658076126632e-06,2.722223775184988e-06,-0.07413725347193706,13.065711254267176,    ,1.1835943499007121e-07,1.1272960740176869e-07,1.1371986469191746e-07,1.065763826857951e-07,1.0640110238910796e-07,9.977279515841161e-08
RepsRanparQMC/PieceLinGauss-16-Lat-Rv-14-10000.dat,PieceLinGauss,16,Lat-Rv,14,qmc,False,-0.00018025666799209274,1.5788599719719976e-05,-0.12460884372094194,10.291233865518459,    ,7.189533237347409e-07,3.874655068503444e-07,3.656630380861107e-07,5.210815932929448e-07,5.882792716453442e-07,5.212119649693898e-07
RepsRanparRQMC/PieceLinGauss-16-Lat-Rv-RS-16-10000.dat,PieceLinGauss,16,Lat-Rv,16,RS,False,-6.400826618401912e-07,6.185884958580853e-07,-0.4139145050518969,29.62324080789784,    ,2.6895561699643785e-08,2.1827977621347574e-08,2.178956128969071e-08,2.020245506767188e-08,2.0865655182586034e-08,1.9471479411679132e-08
RepsRanparQMC/PieceLinGauss-16-Lat-Rv-16-10000.dat,PieceLinGauss,16,Lat-Rv,16,qmc,False,-4.2851722870990903e-05,3.954339981194299e-06,-0.04102102820268346,30.253872277034365,    ,1.7376409542232954e-07,5.6213340903049755e-08,5.220374756988208e-08,7.789025092853243e-08,9.895862686773954e-08,8.205400304903933e-08
RepsFixedparRQMC/PieceLinGauss-16-Sob-DS-6-10000.dat,PieceLinGauss,16,Sob,6,DS,False,-9.908140831210881e-05,0.0004547662740968297,0.32399242575098286,3.060606878408687,    ,1.9782263825335274e-05,3.25146288196779e-05,3.546024972638438e-05,2.4951243383409366e-05,2.1798303423878305e-05,2.1414460154634945e-05
RepsFixedparRQMC/PieceLinGauss-16-Sob-DS-8-10000.dat,PieceLinGauss,16,Sob,8,DS,False,4.80475172053032e-06,5.9275840548477566e-05,-0.005621420186509699,2.9401868301811533,    ,2.5772335442685554e-06,3.986788999472421e-06,4.263175806091742e-06,3.150197248295438e-06,2.8076430323935966e-06,2.732513086004592e-06
RepsFixedparRQMC/PieceLinGauss-16-Sob-DS-10-10000.dat,PieceLinGauss,16,Sob,10,DS,False,1.3328057338336328e-05,1.1050716565233474e-05,0.03764870431383571,2.9629988371479863,    ,4.806435747312607e-07,7.578324058895943e-07,8.082022630344046e-07,5.919027948826681e-07,5.313099348433498e-07,5.205759836707782e-07
RepsFixedparRQMC/PieceLinGauss-16-Sob-DS-12-10000.dat,PieceLinGauss,16,Sob,12,DS,False,-1.0269907569039519e-06,1.4363496844640003e-06,-0.010938567198790407,2.8904534486501863,    ,6.245104099105825e-08,9.937385252559614e-08,1.066462227772718e-07,7.569433604625556e-08,6.755707597534685e-08,6.575013944240683e-08
RepsFixedparRQMC/PieceLinGauss-16-Sob-DS-14-10000.dat,PieceLinGauss,16,Sob,14,DS,False,2.093910275069244e-06,2.799747512806629e-07,0.03965796187883836,2.9650893247621135,    ,1.217719973331234e-08,1.8644265122063972e-08,2.0018783578953378e-08,1.4568251602556422e-08,1.3037745112615188e-08,1.2641146533439538e-08
RepsFixedparRQMC/PieceLinGauss-16-Sob-DS-16-10000.dat,PieceLinGauss,16,Sob,16,DS,False,5.295328230417373e-06,7.204504074120368e-08,-0.007147500702318176,2.8921910017947816,    ,3.1604335767723626e-09,4.976887124327607e-09,5.350403927220393e-09,3.847182649897697e-09,3.432693830662877e-09,3.3573175551587216e-09
RepsRanparRQMC/PieceLinGauss-16-Sob-LMS-DS-6-10000.dat,PieceLinGauss,16,Sob-LMS,6,DS,False,-0.00014318839553148377,0.0003823443825115419,0.18603796975063555,2.963265405312442,    ,1.6644171721464527e-05,2.6106838744679362e-05,2.8201836881032233e-05,2.0375095290724927e-05,1.8174484784452066e-05,1.7754052161658585e-05
RepsRanparQMC/PieceLinGauss-16-Sob-LMS-6-10000.dat,PieceLinGauss,16,Sob-LMS,6,qmc,False,-0.010967195183921816,0.00021042035206034906,0.3200677104537478,3.038335975404754,    ,0.00012942808116138348,0.00015273228735320074,0.00015911402647586232,0.0001394015687805867,0.00013418555874864898,0.00013414345961426812
RepsRanparRQMC/PieceLinGauss-16-Sob-LMS-DS-8-10000.dat,PieceLinGauss,16,Sob-LMS,8,DS,False,0.00011868293454260373,5.956708885884582e-05,0.007935887129367884,3.0411019199726246,    ,2.6039590675971144e-06,4.0302479860617675e-06,4.275960921662647e-06,3.1335495767528933e-06,2.817534576703685e-06,2.742729947805745e-06
RepsRanparQMC/PieceLinGauss-16-Sob-LMS-8-10000.dat,PieceLinGauss,16,Sob-LMS,8,qmc,False,-0.007698972078035785,3.921845755896711e-05,0.09896938418284434,2.9479133338610057,    ,6.0979321387025405e-05,6.360652887437532e-05,6.42646602855076e-05,6.209119712420239e-05,6.142706566558172e-05,6.148983692671006e-05
RepsRanparRQMC/PieceLinGauss-16-Sob-LMS-DS-10-10000.dat,PieceLinGauss,16,Sob-LMS,10,DS,False,-2.4536995812095727e-05,9.512722018290206e-06,-0.010605670688026684,3.003696054989271,    ,4.141986736543613e-07,6.591357823396613e-07,6.974499313491807e-07,5.045413862728897e-07,4.484087162788696e-07,4.398258516597804e-07
RepsRanparQMC/PieceLinGauss-16-Sob-LMS-10-10000.dat,PieceLinGauss,16,Sob-LMS,10,qmc,False,-0.0010526481154137994,6.5443987432905515e-06,-0.03822646686573764,3.0326813586181673,    ,1.392607130679465e-06,1.5112799102628544e-06,1.522997666920497e-06,1.4062919620493725e-06,1.3853261389781302e-06,1.3727723969503579e-06
RepsRanparRQMC/PieceLinGauss-16-Sob-LMS-DS-12-10000.dat,PieceLinGauss,16,Sob-LMS,12,DS,False,-1.3939102678535123e-05,1.6955486372518973e-06,-0.008357588804613727,2.979021216888507,    ,7.391380455095654e-08,1.1414606259614783e-07,1.2143467699576353e-07,9.093832474154851e-08,8.156240106839902e-08,7.967128733477115e-08
RepsRanparQMC/PieceLinGauss-16-Sob-LMS-12-10000.dat,PieceLinGauss,16,Sob-LMS,12,qmc,False,0.0008532110528816165,1.3991951073271104e-06,0.012545410302996262,2.960182494192802,    ,7.88803670643144e-07,8.33882705577855e-07,8.378396028956628e-07,8.027513479931733e-07,7.963941429802007e-07,7.952076678440296e-07
RepsRanparRQMC/PieceLinGauss-16-Sob-LMS-DS-14-10000.dat,PieceLinGauss,16,Sob-LMS,14,DS,False,-4.855056152745213e-06,3.7366260454437505e-07,-0.04345697037119324,3.0680167033938575,    ,1.6269771767827835e-08,2.338431351852917e-08,2.466295268408123e-08,1.901770008997122e-08,1.7281651951810162e-08,1.6769163940246688e-08
RepsRanparQMC/PieceLinGauss-16-Sob-LMS-14-10000.dat,PieceLinGauss,16,Sob-LMS,14,qmc,False,7.457182396200937e-05,2.693526111204346e-07,-0.1486210426710037,2.914983622012452,    ,1.7271940021213723e-08,2.52878663831279e-08,2.749963719370177e-08,2.064233046006564e-08,1.838756051994337e-08,1.8274570564810832e-08
RepsRanparRQMC/PieceLinGauss-16-Sob-LMS-DS-16-10000.dat,PieceLinGauss,16,Sob-LMS,16,DS,False,-1.7964952123533259e-06,6.365580109086256e-08,0.01429977246672667,2.9262610795862227,    ,2.7708709207376854e-09,4.203461956106784e-09,4.55408545089274e-09,3.3089481705691327e-09,3.0088043544427217e-09,2.9069271123013304e-09
RepsRanparQMC/PieceLinGauss-16-Sob-LMS-16-10000.dat,PieceLinGauss,16,Sob-LMS,16,qmc,False,3.927788521568828e-05,5.175700485856112e-08,0.04541200626508297,2.9632860388597675,    ,3.793056826084659e-09,5.164793129909274e-09,5.352511730061833e-09,4.311591618573803e-09,4.028302589987306e-09,3.986973412953292e-09
RepsRanparRQMC/PieceLinGauss-16-Sob-NUS-6-10000.dat,PieceLinGauss,16,Sob-NUS,6,NUS,False,-0.0003746630253670524,0.0003670348485733189,0.22391209499675388,3.0281906793119875,    ,1.6098409277069318e-05,2.5963415228351748e-05,2.8097112780264567e-05,2.033545773842285e-05,1.8147629899711036e-05,1.7709164836822102e-05
RepsRanparRQMC/PieceLinGauss-16-Sob-NUS-8-10000.dat,PieceLinGauss,16,Sob-NUS,8,NUS,False,-5.928989430666731e-05,5.738859087412985e-05,-0.0022614451475918614,2.965268317546831,    ,2.498671416529063e-06,3.895215879807505e-06,4.150517358849672e-06,3.024737660012785e-06,2.6847370964224443e-06,2.627346556172731e-06
RepsRanparRQMC/PieceLinGauss-16-Sob-NUS-10-10000.dat,PieceLinGauss,16,Sob-NUS,10,NUS,False,-4.337119215276839e-06,9.336463839317194e-06,-0.025024764656138627,2.9338946968270228,    ,4.059520210081829e-07,6.408522770765052e-07,6.910898384805138e-07,4.776905526136114e-07,4.3686714311588944e-07,4.1990343121548703e-07
RepsRanparRQMC/PieceLinGauss-16-Sob-NUS-12-10000.dat,PieceLinGauss,16,Sob-NUS,12,NUS,False,-2.0514504781620448e-05,1.6754888051367353e-06,0.002809856141389211,3.0846333734392117,    ,7.326818426020623e-08,1.0512811302609178e-07,1.1139603552930656e-07,8.583046568501071e-08,7.807925224763883e-08,7.571408550473206e-08
RepsRanparRQMC/PieceLinGauss-16-Sob-NUS-14-10000.dat,PieceLinGauss,16,Sob-NUS,14,NUS,False,-1.4908418878494167e-05,3.7156673962284033e-07,-0.012339809828744063,3.064667218096345,    ,1.637733658923231e-08,2.4696207015016334e-08,2.6185179156639202e-08,2.04051054365907e-08,1.8156474486793328e-08,1.786414256929953e-08
RepsRanparRQMC/PieceLinGauss-16-Sob-NUS-16-10000.dat,PieceLinGauss,16,Sob-NUS,16,NUS,False,-5.2842578883290775e-06,6.286124894213735e-08,-0.0067797767389339274,3.022763512164518,    ,2.7610211615232964e-09,4.188997474638129e-09,4.438577304881383e-09,3.2677264895153864e-09,2.9097436760261873e-09,2.8543997946661536e-09
RepsFixedparRQMC/PieceLinGauss-32-Lat-RS-6-10000.dat,PieceLinGauss,32,Lat,6,RS,False,0.0001239068966877844,0.0007074742242725118,0.34461215031901193,3.146075329200866,    ,3.077510180046036e-05,4.8622983369116106e-05,5.2452344764747315e-05,3.731688920760505e-05,3.33736363612221e-05,3.247184233829899e-05
RepsFixedparRQMC/PieceLinGauss-32-Lat-RS-8-10000.dat,PieceLinGauss,32,Lat,8,RS,False,0.0002394725027562167,0.0001870479295636727,0.14506252516734833,3.0315592573265344,    ,8.189865756257748e-06,1.2531774978350344e-05,1.3264572363588517e-05,9.876282642873975e-06,8.875855601065793e-06,8.672209498939892e-06
RepsFixedparRQMC/PieceLinGauss-32-Lat-RS-10-10000.dat,PieceLinGauss,32,Lat,10,RS,False,0.0001144212937194372,3.836558956339553e-05,0.1299556284946911,3.0428338426389594,    ,1.6811613439084093e-06,2.582878758641762e-06,2.7525168176982044e-06,2.034259864856276e-06,1.837897423690743e-06,1.7990214495140482e-06
RepsFixedparRQMC/PieceLinGauss-32-Lat-RS-12-10000.dat,PieceLinGauss,32,Lat,12,RS,False,0.00010150563374960973,1.2920575351610859e-05,0.39049330939777477,2.99548463865835,    ,5.720675394051211e-07,9.036757783140439e-07,9.954671771064272e-07,6.973564180990482e-07,6.277359083212081e-07,6.093205344229179e-07
RepsFixedparRQMC/PieceLinGauss-32-Lat-RS-14-10000.dat,PieceLinGauss,32,Lat,14,RS,False,3.3758525122139506e-07,1.513578306742173e-06,0.025272309144721696,2.9274658433719405,    ,6.580786643085284e-08,1.0553505106489806e-07,1.1322394706947814e-07,8.204100864939042e-08,7.299303775967146e-08,7.177140881030687e-08
RepsFixedparRQMC/PieceLinGauss-32-Lat-RS-16-10000.dat,PieceLinGauss,32,Lat,16,RS,False,4.096080752763e-06,3.576362928454456e-07,0.15800040130834425,3.027422419422405,    ,1.556618191429166e-08,2.390515797064484e-08,2.5573468296980108e-08,1.8721684682882676e-08,1.6820713295888947e-08,1.6377990672268275e-08
RepsRanparRQMC/PieceLinGauss-32-Lat-Rp-RS-6-10000.dat,PieceLinGauss,32,Lat-Rp,6,RS,False,-4.911214507564652e-05,0.0009493922802953405,0.38903505458030707,3.140172994805575,    ,4.128033723302613e-05,6.577209412890705e-05,7.270346406731374e-05,5.0134230685371275e-05,4.469111737301598e-05,4.334461245129405e-05
RepsRanparQMC/PieceLinGauss-32-Lat-Rp-6-10000.dat,PieceLinGauss,32,Lat-Rp,6,qmc,False,-0.018062573155433755,0.0018213214015970973,1.0569435432636278,4.540280434991627,    ,0.00040544443602135685,0.0007525623213589209,0.0008567893954138096,0.0005661174912898085,0.00047893791981471157,0.0004846366708327249
RepsRanparRQMC/PieceLinGauss-32-Lat-Rp-RS-8-10000.dat,PieceLinGauss,32,Lat-Rp,8,RS,False,-5.010878462973802e-05,0.00023204407072834686,0.17176904236790672,3.0630023396448633,    ,1.0091383530659977e-05,1.5814316009848743e-05,1.6890434336137178e-05,1.212415140590917e-05,1.0897091442334452e-05,1.0561444582327034e-05
RepsRanparQMC/PieceLinGauss-32-Lat-Rp-8-10000.dat,PieceLinGauss,32,Lat-Rp,8,qmc,False,-0.006684493761676337,0.000798903331575767,0.6892591175895701,3.92123808057389,    ,7.941738430970582e-05,0.00014390465547999584,0.00016163828230629488,0.00010701386038604892,9.27422623204643e-05,9.208095755629158e-05
RepsRanparRQMC/PieceLinGauss-32-Lat-Rp-RS-10-10000.dat,PieceLinGauss,32,Lat-Rp,10,RS,False,-7.526292476503999e-05,5.8826056871654456e-05,0.09818146692903472,3.145103338381261,    ,2.56331915443786e-06,3.857052995799293e-06,4.070069917139183e-06,3.064091399380623e-06,2.780367967563261e-06,2.699295639438442e-06
RepsRanparQMC/PieceLinGauss-32-Lat-Rp-10-10000.dat,PieceLinGauss,32,Lat-Rp,10,qmc,False,-0.0018800522130921833,0.0002588869091949874,0.3664421439145996,3.270519306088238,    ,1.4790548897647923e-05,2.3413396539552423e-05,2.5697901841702087e-05,1.8930637355248172e-05,1.6519950251419773e-05,1.6321903800589746e-05
RepsRanparRQMC/PieceLinGauss-32-Lat-Rp-RS-12-10000.dat,PieceLinGauss,32,Lat-Rp,12,RS,False,-0.00011041859921740662,1.4517450351874111e-05,-0.01150691246296638,3.4010000553182453,    ,6.433857606128782e-07,8.861406308628009e-07,9.194059959096574e-07,7.483912889840834e-07,6.916435064977962e-07,6.673489630263796e-07
RepsRanparQMC/PieceLinGauss-32-Lat-Rp-12-10000.dat,PieceLinGauss,32,Lat-Rp,12,qmc,False,-0.0005851171613441014,7.255605114834327e-05,0.2214960277766766,3.394484020472771,    ,3.496973011992565e-06,5.189451200017977e-06,5.492643822288294e-06,4.2611626828790575e-06,3.8464401325851105e-06,3.7353103799916936e-06
RepsRanparRQMC/PieceLinGauss-32-Lat-Rp-RS-14-10000.dat,PieceLinGauss,32,Lat-Rp,14,RS,False,9.71850730118809e-07,3.5941765269690692e-06,-0.004431260051392758,4.279075447671775,    ,1.5626948914467072e-07,1.9258648635657934e-07,1.989522401427906e-07,1.7007264647944598e-07,1.6043237400311758e-07,1.5351917084381864e-07
RepsRanparQMC/PieceLinGauss-32-Lat-Rp-14-10000.dat,PieceLinGauss,32,Lat-Rp,14,qmc,False,-0.00015009647678778374,1.85065807973119e-05,0.07346508126457729,4.185977022261224,    ,8.271629000533187e-07,9.98539463083525e-07,1.0189017166692085e-06,9.14232556122902e-07,8.599082093706133e-07,8.20197236934344e-07
RepsRanparRQMC/PieceLinGauss-32-Lat-Rp-RS-16-10000.dat,PieceLinGauss,32,Lat-Rp,16,RS,False,-1.1104060298931847e-05,9.381427276077301e-07,-0.11281897108775246,8.673320586176468,    ,4.091211439893667e-08,3.956591615544394e-08,3.975350435452532e-08,3.80413969497513e-08,3.7949903359328943e-08,3.5442115701187315e-08
RepsRanparQMC/PieceLinGauss-32-Lat-Rp-16-10000.dat,PieceLinGauss,32,Lat-Rp,16,qmc,False,-3.636448842855064e-05,4.844752050323242e-06,0.03936809499576978,7.091142028796092,    ,2.1196376951098508e-07,1.5476218228080404e-07,1.4833398224632665e-07,1.8358851991758493e-07,1.934041366486409e-07,1.7638890818589566e-07
RepsRanparRQMC/PieceLinGauss-32-Lat-Rv-RS-6-10000.dat,PieceLinGauss,32,Lat-Rv,6,RS,False,0.00031318254962998975,0.0007578710383133484,0.3327004384136539,2.9785002628033705,    ,3.304899801866876e-05,5.277672863435481e-05,5.7486710606871684e-05,4.0534052801172785e-05,3.6230029676406423e-05,3.511810760278695e-05
RepsRanparQMC/PieceLinGauss-32-Lat-Rv-6-10000.dat,PieceLinGauss,32,Lat-Rv,6,qmc,False,-0.01355224198471603,0.0020158413301749134,1.0241457285094386,4.298434061069535,    ,0.00027130853803729614,0.0005671898953823171,0.0006598596280293091,0.00040309130774663683,0.0003334705619079089,0.0003356984013951597
RepsRanparRQMC/PieceLinGauss-32-Lat-Rv-RS-8-10000.dat,PieceLinGauss,32,Lat-Rv,8,RS,False,-0.00016779673686025926,0.00018092975682131154,0.2102173375111588,3.0179638033645055,    ,7.89466691104493e-06,1.2507302031907028e-05,1.3580162382461183e-05,9.857484901506913e-06,8.85521418815168e-06,8.598415966135151e-06
RepsRanparQMC/PieceLinGauss-32-Lat-Rv-8-10000.dat,PieceLinGauss,32,Lat-Rv,8,qmc,False,-0.004432041896233888,0.0007378368919457238,0.5448790419521732,3.32039085030377,    ,5.1722860237177854e-05,9.69011724533628e-05,0.00010982030367534656,7.10081248062059e-05,6.048214449265333e-05,6.0049606244355905e-05
RepsRanparRQMC/PieceLinGauss-32-Lat-Rv-RS-10-10000.dat,PieceLinGauss,32,Lat-Rv,10,RS,False,-2.7769267624539508e-05,4.696217744103501e-05,0.08748535518452778,3.1394588519822384,    ,2.042604934008534e-06,3.085601346616078e-06,3.289997861587987e-06,2.4642265225431894e-06,2.2398334815129216e-06,2.1699433851751985e-06
RepsRanparQMC/PieceLinGauss-32-Lat-Rv-10-10000.dat,PieceLinGauss,32,Lat-Rv,10,qmc,False,-0.0013667758438024198,0.00022407085692978032,0.30212377809315133,3.1877458866382007,    ,1.1610287378061832e-05,1.929668584673693e-05,2.1167575048031893e-05,1.476518002054156e-05,1.3103462050622746e-05,1.2797159693705057e-05
RepsRanparRQMC/PieceLinGauss-32-Lat-Rv-RS-12-10000.dat,PieceLinGauss,32,Lat-Rv,12,RS,False,3.400644938633732e-05,1.1019263921516825e-05,0.036872354696341265,3.5574162499704802,    ,4.802548699701623e-07,6.661991901901128e-07,6.902868424976024e-07,5.586125448542015e-07,5.09333106247804e-07,4.949576571785752e-07
RepsRanparQMC/PieceLinGauss-32-Lat-Rv-12-10000.dat,PieceLinGauss,32,Lat-Rv,12,qmc,False,-0.00042169768304049836,5.957281080564437e-05,0.17717002175268895,3.466360545562323,    ,2.7679511448227843e-06,3.901700745110846e-06,4.110007414882121e-06,3.3116863823563395e-06,3.0215188222179154e-06,2.9289003287421164e-06
RepsRanparRQMC/PieceLinGauss-32-Lat-Rv-RS-14-10000.dat,PieceLinGauss,32,Lat-Rv,14,RS,False,2.1569370952302346e-05,2.867149567797779e-06,0.006932359167616416,5.257374753698966,    ,1.2512391462405103e-07,1.4979591616292317e-07,1.5353933869838636e-07,1.3104679555400554e-07,1.2633249024635067e-07,1.1971620330811168e-07
RepsRanparQMC/PieceLinGauss-32-Lat-Rv-14-10000.dat,PieceLinGauss,32,Lat-Rv,14,qmc,False,-0.00011815902776457489,1.6226877175531226e-05,0.1124605108024111,4.895158123504459,    ,7.194779547784099e-07,7.315341221697661e-07,7.197954739216656e-07,7.411795588010354e-07,7.28888703139126e-07,6.877485398158341e-07
RepsRanparRQMC/PieceLinGauss-32-Lat-Rv-RS-16-10000.dat,PieceLinGauss,32,Lat-Rv,16,RS,False,4.273011173679687e-06,7.586471340089335e-07,0.10498569176165617,12.666869617081973,    ,3.30029166248788e-08,2.802124239202807e-08,2.8271124304840708e-08,2.813374503583042e-08,2.891013378484326e-08,2.6758019852253708e-08
RepsRanparQMC/PieceLinGauss-32-Lat-Rv-16-10000.dat,PieceLinGauss,32,Lat-Rv,16,qmc,False,-4.430295905946504e-05,3.908220728365178e-06,0.04030431814957211,10.666419901837855,    ,1.7188539254512804e-07,9.938215109261487e-08,9.562858572558322e-08,1.2624206675073687e-07,1.4325243275073615e-07,1.2553878258590847e-07
RepsFixedparRQMC/PieceLinGauss-32-Sob-DS-6-10000.dat,PieceLinGauss,32,Sob,6,DS,False,-0.00017821183812677494,0.0004270277579960487,0.32974853064696286,3.25201229374318,    ,1.8598183719946293e-05,2.7931348537718957e-05,3.0318476559820235e-05,2.2068722694050653e-05,1.9835340885954066e-05,1.915730970703175e-05
RepsFixedparRQMC/PieceLinGauss-32-Sob-DS-8-10000.dat,PieceLinGauss,32,Sob,8,DS,False,-0.00013367418005359198,8.283149793579959e-05,0.059732675189095016,3.052395617575582,    ,3.6192382618825475e-06,5.506035163484239e-06,5.940425292991653e-06,4.3647769650221045e-06,3.877450790978697e-06,3.808044387511989e-06
RepsFixedparRQMC/PieceLinGauss-32-Sob-DS-10-10000.dat,PieceLinGauss,32,Sob,10,DS,False,1.0769569238170904e-05,2.0651420969211227e-05,0.05739344990047433,2.8918575608338917,    ,8.980038518481508e-07,1.4088556922488743e-06,1.5121191066562303e-06,1.1079928869754258e-06,9.835352943577733e-07,9.655349807702356e-07
RepsFixedparRQMC/PieceLinGauss-32-Sob-DS-12-10000.dat,PieceLinGauss,32,Sob,12,DS,False,-2.1541868128486936e-05,3.4430442030615224e-06,0.01779507457913129,2.9926116064736705,    ,1.5016162612861826e-07,2.2903219754285472e-07,2.4189911895225577e-07,1.7792660044269868e-07,1.6158816154180413e-07,1.5654697348510658e-07
RepsFixedparRQMC/PieceLinGauss-32-Sob-DS-14-10000.dat,PieceLinGauss,32,Sob,14,DS,False,3.1253077281176017e-07,6.452421598128232e-07,-0.010066112017510183,2.851427999898043,    ,2.8054104623867573e-08,4.403816663644528e-08,4.772762581062988e-08,3.392501268358158e-08,3.084924066936779e-08,2.969207236111353e-08
RepsFixedparRQMC/PieceLinGauss-32-Sob-DS-16-10000.dat,PieceLinGauss,32,Sob,16,DS,False,3.8702577766283275e-06,7.893128847218218e-08,-0.019455507081367826,2.9393417372982404,    ,3.4467740462219945e-09,5.424318278399732e-09,5.7946065065336145e-09,4.25958231223295e-09,3.740161966831082e-09,3.6967022034697085e-09
RepsRanparRQMC/PieceLinGauss-32-Sob-LMS-DS-6-10000.dat,PieceLinGauss,32,Sob-LMS,6,DS,False,0.00011748349247228496,0.00048059963466435125,0.25238801651603365,3.04007948584085,    ,2.0909438660757887e-05,3.358873630104906e-05,3.628044427640028e-05,2.5732876762213514e-05,2.262173656297988e-05,2.2236731325377517e-05
RepsRanparQMC/PieceLinGauss-32-Sob-LMS-6-10000.dat,PieceLinGauss,32,Sob-LMS,6,qmc,False,0.0003543915486065373,0.0001478970140947608,0.4161414022195303,3.362810009467271,    ,6.555898330365514e-06,9.123766070371801e-06,9.799807575541171e-06,7.5709764126682705e-06,6.926196864658336e-06,6.692840065028607e-06
RepsRanparRQMC/PieceLinGauss-32-Sob-LMS-DS-8-10000.dat,PieceLinGauss,32,Sob-LMS,8,DS,False,1.6359988514447534e-05,0.0001170400104247066,0.17342478549913312,2.9710634415263946,    ,5.088963754646219e-06,8.073655707152092e-06,8.620521891691883e-06,6.311930513482773e-06,5.652244046300483e-06,5.520027028617679e-06
RepsRanparQMC/PieceLinGauss-32-Sob-LMS-8-10000.dat,PieceLinGauss,32,Sob-LMS,8,qmc,False,-0.006112654418077932,8.022825409104082e-05,0.1553315669783967,2.978008608787771,    ,4.0852728995327694e-05,4.582771414633694e-05,4.694234487973155e-05,4.312642478738038e-05,4.182893610568008e-05,4.1907746274609834e-05
RepsRanparRQMC/PieceLinGauss-32-Sob-LMS-DS-10-10000.dat,PieceLinGauss,32,Sob-LMS,10,DS,False,4.665643350510853e-05,2.3113678474612718e-05,0.05419938445000329,2.939925756286673,    ,1.0071193651618825e-06,1.6163544084940047e-06,1.7396904134959184e-06,1.2416737337194025e-06,1.1092941368078827e-06,1.088855163206639e-06
RepsRanparQMC/PieceLinGauss-32-Sob-LMS-10-10000.dat,PieceLinGauss,32,Sob-LMS,10,qmc,False,-0.0035777650776968256,1.4828271067270688e-05,0.034119002141413404,2.8314903122382007,    ,1.3445110388894393e-05,1.3783708577655474e-05,1.3902888508802536e-05,1.3622809835391495e-05,1.347368491635721e-05,1.3474464834182703e-05
RepsRanparRQMC/PieceLinGauss-32-Sob-LMS-DS-12-10000.dat,PieceLinGauss,32,Sob-LMS,12,DS,False,-1.6785813532034167e-05,6.8393454896645e-06,0.04432304805297706,2.5533907602615136,    ,2.9764461091264963e-07,5.228041725495573e-07,5.818342722414263e-07,3.7937691518737627e-07,3.268409460029098e-07,3.2284457049289224e-07
RepsRanparQMC/PieceLinGauss-32-Sob-LMS-12-10000.dat,PieceLinGauss,32,Sob-LMS,12,qmc,False,-0.00024403773432757675,4.044177814286951e-06,0.03680902357167159,2.444540230930233,    ,2.353882337882131e-07,4.5347175863670876e-07,4.99262229927346e-07,2.98423583699025e-07,2.609426585713671e-07,2.604274344451564e-07
RepsRanparRQMC/PieceLinGauss-32-Sob-LMS-DS-14-10000.dat,PieceLinGauss,32,Sob-LMS,14,DS,False,1.9158328856649002e-06,5.923355473476425e-07,-0.044708118007616496,2.9513040564230195,    ,2.5757389865543292e-08,3.940491737336942e-08,4.210147298692856e-08,3.0783344591757713e-08,2.7906700424276084e-08,2.710991548417741e-08
RepsRanparQMC/PieceLinGauss-32-Sob-LMS-14-10000.dat,PieceLinGauss,32,Sob-LMS,14,qmc,False,0.00011945327651546025,4.165331156712746e-07,-0.03766991187818035,3.022820576858097,    ,3.237922073424747e-08,4.4136673563792685e-08,4.59629389105138e-08,3.6792391168452227e-08,3.4150351834823246e-08,3.387118764871692e-08
RepsRanparRQMC/PieceLinGauss-32-Sob-LMS-DS-16-10000.dat,PieceLinGauss,32,Sob-LMS,16,DS,False,2.848206397691947e-06,8.55382287232081e-08,-0.011648142648972981,2.9692713573364924,    ,3.727165702432032e-09,5.8997430227574326e-09,6.270717405284212e-09,4.505017854367677e-09,3.99361596300588e-09,3.924706729845919e-09
RepsRanparQMC/PieceLinGauss-32-Sob-LMS-16-10000.dat,PieceLinGauss,32,Sob-LMS,16,qmc,False,0.0003350711619589373,6.840249822797749e-08,-0.09655201303010562,3.188735052937925,    ,1.1524670523859837e-07,1.2025312638350856e-07,1.211819983919971e-07,1.174295162491292e-07,1.1639397213849189e-07,1.163035023470247e-07
RepsRanparRQMC/PieceLinGauss-32-Sob-NUS-6-10000.dat,PieceLinGauss,32,Sob-NUS,6,NUS,False,-1.7406489282846927e-05,0.00048419451630721293,0.2943925312716194,3.066320128045346,    ,2.1052238477487108e-05,3.439853698931227e-05,3.733497228534625e-05,2.5961579748002332e-05,2.2936266221174898e-05,2.2376093627114905e-05
RepsRanparRQMC/PieceLinGauss-32-Sob-NUS-8-10000.dat,PieceLinGauss,32,Sob-NUS,8,NUS,False,6.0653619307352956e-05,0.00011639883292216831,0.14161329293509178,3.0211612952940268,    ,5.064497684238052e-06,7.955710603598233e-06,8.505741965042324e-06,6.263584797170831e-06,5.584607255005787e-06,5.44109985288584e-06
RepsRanparRQMC/PieceLinGauss-32-Sob-NUS-10-10000.dat,PieceLinGauss,32,Sob-NUS,10,NUS,False,-5.822928763085358e-05,2.2645970808019678e-05,0.027212945001848506,2.9691009889565905,    ,9.87998076373635e-07,1.546521463296584e-06,1.655391419765566e-06,1.1989818675297016e-06,1.0838064911867528e-06,1.055634276709312e-06
RepsRanparRQMC/PieceLinGauss-32-Sob-NUS-12-10000.dat,PieceLinGauss,32,Sob-NUS,12,NUS,False,6.734801976031233e-06,6.737820408836781e-06,0.02949762782832114,2.637822624248004,    ,2.929940709853425e-07,4.86514028762961e-07,5.420657964999935e-07,3.6812292412971e-07,3.2321661402552915e-07,3.1665103227651365e-07
RepsRanparRQMC/PieceLinGauss-32-Sob-NUS-14-10000.dat,PieceLinGauss,32,Sob-NUS,14,NUS,False,-7.378559008853342e-07,5.830070884827647e-07,0.0072281702819137275,3.0232530996195655,    ,2.5348678713189805e-08,3.74354264912959e-08,4.0061633836978524e-08,3.048978559677213e-08,2.77369539856705e-08,2.680411957817271e-08
RepsRanparRQMC/PieceLinGauss-32-Sob-NUS-16-10000.dat,PieceLinGauss,32,Sob-NUS,16,NUS,False,-3.3485967919720668e-06,8.43161468152355e-08,-0.002892418008334733,2.9919713174181677,    ,3.677132527224575e-09,5.648061693005821e-09,6.0241980463775934e-09,4.44606482342645e-09,4.029043160687918e-09,3.912724482007941e-09
RepsFixedparRQMC/RidgeJohnsonSU-4-Lat-RS-6-10000.dat,RidgeJohnsonSU,4,Lat,6,RS,False,0.0008506942864918312,0.07460902370638085,-1.0831143428804864,5.082425347628855,    ,0.003244594276698672,0.005306294078356279,0.006109381789627296,0.0042720296321262265,0.003698199964909236,0.0034789358251371845
RepsFixedparRQMC/RidgeJohnsonSU-4-Lat-RSB-6-10000.dat,RidgeJohnsonSU,4,Lat,6,RS,True,-0.0012218925922042492,0.12139384835331611,-0.8360862585971927,4.570713269809441,    ,0.005279486428172802,0.009853693914282058,0.011368809960582303,0.006835592833601521,0.005860428925339689,0.005700276911291763
RepsFixedparRQMC/RidgeJohnsonSU-4-Lat-RS-8-10000.dat,RidgeJohnsonSU,4,Lat,8,RS,False,-0.0006804256859823962,0.013452237577591581,-0.2179078929581863,3.1798525068452177,    ,0.0005853428737920395,0.0009127707936435549,0.0009891778808431481,0.0007150473013266806,0.0006322861313677999,0.0006253728304536266
RepsFixedparRQMC/RidgeJohnsonSU-4-Lat-RSB-8-10000.dat,RidgeJohnsonSU,4,Lat,8,RS,True,0.0006549109803315384,0.009115482610651707,-0.5633390329575791,3.1391386241393113,    ,0.00039675423929005915,0.0010620149901277571,0.0012787642441551433,0.0005710042082674228,0.0004560484405110488,0.0004600854387002645
RepsFixedparRQMC/RidgeJohnsonSU-4-Lat-RS-10-10000.dat,RidgeJohnsonSU,4,Lat,10,RS,False,-0.0003562338070050274,0.0011864655102607846,-0.5692113330946886,3.9985028675327006,    ,5.1712359493113496e-05,7.970833570106874e-05,8.627866608975097e-05,6.224762943908824e-05,5.6270182390010736e-05,5.4477127842156024e-05
RepsFixedparRQMC/RidgeJohnsonSU-4-Lat-RSB-10-10000.dat,RidgeJohnsonSU,4,Lat,10,RS,True,0.0001557757037442692,0.00035914750059343425,-0.9535041893551541,7.363104035671886,    ,1.5639374791330685e-05,3.0435640175823115e-05,3.4358655260421774e-05,1.98040664572989e-05,1.7046399987955012e-05,1.669894416285805e-05
RepsFixedparRQMC/RidgeJohnsonSU-4-Lat-RS-12-10000.dat,RidgeJohnsonSU,4,Lat,12,RS,False,-0.00023128560510878463,0.00013538861729928408,-0.39725428400551305,3.9538500739898725,    ,5.93995465283854e-06,9.120074423955582e-06,9.744341208850916e-06,7.040806951147209e-06,6.364691909805002e-06,6.224964318839873e-06
RepsFixedparRQMC/RidgeJohnsonSU-4-Lat-RSB-12-10000.dat,RidgeJohnsonSU,4,Lat,12,RS,True,-2.5723979298874534e-05,2.060883252735019e-05,-1.4588659429837905,9.546850968061122,    ,8.966979199522816e-07,1.2919506713863167e-06,1.4631845087620715e-06,1.0152653159840146e-06,9.089854188424099e-07,8.669007324543853e-07
RepsFixedparRQMC/RidgeJohnsonSU-4-Lat-RS-14-10000.dat,RidgeJohnsonSU,4,Lat,14,RS,False,-3.632080280013439e-05,1.7107583708597174e-05,-0.22524822953306828,3.370865126094614,    ,7.451271880463582e-07,1.1354516272088825e-06,1.2123575248547256e-06,9.018410146445865e-07,8.157135035781755e-07,7.925347949626837e-07
RepsFixedparRQMC/RidgeJohnsonSU-4-Lat-RSB-14-10000.dat,RidgeJohnsonSU,4,Lat,14,RS,True,1.194619601968192e-05,1.3705202287176918e-06,-1.6116230127299878,9.689610280007127,    ,5.973054763054466e-08,9.635313502143748e-08,1.0912688377505248e-07,7.319230680556483e-08,6.441658303358697e-08,6.031285748080571e-08
RepsFixedparRQMC/RidgeJohnsonSU-4-Lat-RS-16-10000.dat,RidgeJohnsonSU,4,Lat,16,RS,False,1.8326308227826682e-05,3.118296450086514e-06,-0.22690838178771475,3.1960939631571015,    ,1.3591396009876192e-07,2.0467084085102022e-07,2.1874087287296383e-07,1.660361639342541e-07,1.488113613964835e-07,1.4540783825877438e-07
RepsFixedparRQMC/RidgeJohnsonSU-4-Lat-RSB-16-10000.dat,RidgeJohnsonSU,4,Lat,16,RS,True,1.666275298329367e-06,2.761315059254551e-07,-1.010913949165636,5.906857130559806,    ,1.2008494122302653e-08,1.8749092474143323e-08,2.1049300073217692e-08,1.448763487005895e-08,1.2856052117077633e-08,1.2213687229068113e-08
RepsRanparRQMC/RidgeJohnsonSU-4-Lat-Rp-RS-6-10000.dat,RidgeJohnsonSU,4,Lat-Rp,6,RS,False,0.00479233356106879,0.07075746134577925,-1.4722766918902712,8.680128524221985,    ,0.0030993778238205135,0.005147180992762578,0.0058566385506903925,0.003847183271514327,0.003380517264942695,0.0031495039829314265
RepsRanparRQMC/RidgeJohnsonSU-4-Lat-Rp-RSB-6-10000.dat,RidgeJohnsonSU,4,Lat-Rp,6,RS,True,0.0002260797859669971,0.05712331568030804,-1.468419528892396,9.045240584308065,    ,0.002483673532952581,0.0031117164961460674,0.003337492433564072,0.002754184072533403,0.002583189620176141,0.00236364260181791
RepsRanparRQMC/RidgeJohnsonSU-4-Lat-Rp-RS-8-10000.dat,RidgeJohnsonSU,4,Lat-Rp,8,RS,False,0.0014036366488218393,0.01521187464512194,-0.7339492296369144,5.415374280222818,    ,0.0006633560499776524,0.0008989866683939779,0.0009732473774303536,0.0007695264919147956,0.0007162007007829183,0.0006724432114607732
RepsRanparRQMC/RidgeJohnsonSU-4-Lat-Rp-RSB-8-10000.dat,RidgeJohnsonSU,4,Lat-Rp,8,RS,True,0.00034936502682590535,0.014198948276276456,-1.036416981284329,9.559143243907469,    ,0.0006174676331513802,0.0005033009339203968,0.0005190927874659469,0.0005485088900610897,0.0005685574759180382,0.0005150132716437085
RepsRanparRQMC/RidgeJohnsonSU-4-Lat-Rp-RS-10-10000.dat,RidgeJohnsonSU,4,Lat-Rp,10,RS,False,-0.0005095676184846652,0.003572310207628091,-0.4722428377254305,9.005774673577369,    ,0.00015557749427207296,0.00016437351264911678,0.00016729877651202698,0.00015277999118015723,0.00015000318366192197,0.0001404237850110237
RepsRanparRQMC/RidgeJohnsonSU-4-Lat-Rp-RSB-10-10000.dat,RidgeJohnsonSU,4,Lat-Rp,10,RS,True,0.00048342807147788995,0.003476125327490511,-1.136930431104354,24.046244843775707,    ,0.00015136958650422807,7.459085148286953e-05,7.258043154925754e-05,9.496500731896123e-05,0.0001100657028943575,9.519761812569886e-05
RepsRanparRQMC/RidgeJohnsonSU-4-Lat-Rp-RS-12-10000.dat,RidgeJohnsonSU,4,Lat-Rp,12,RS,False,1.5425509093948064e-05,0.0008998033150609629,0.03189620307356003,24.067874428878334,    ,3.912212120985093e-05,2.9935920704442974e-05,3.0082643362036044e-05,3.083698698367966e-05,3.183731767776939e-05,2.961610438415181e-05
RepsRanparRQMC/RidgeJohnsonSU-4-Lat-Rp-RSB-12-10000.dat,RidgeJohnsonSU,4,Lat-Rp,12,RS,True,0.00018758544329214723,0.0008142334809251894,-1.9428241225098524,79.27458824469291,    ,3.5436643990934646e-05,9.569164629526572e-06,9.112560103315865e-06,1.383631260249973e-05,1.8384812760088722e-05,1.4680371163585687e-05
RepsRanparRQMC/RidgeJohnsonSU-4-Lat-Rp-RS-14-10000.dat,RidgeJohnsonSU,4,Lat-Rp,14,RS,False,-0.000366254998551664,0.00022141036093122456,-1.4817329967110409,50.274931434520184,    ,9.76068015575645e-06,5.38923519476213e-06,5.3098499092882115e-06,5.494318590262828e-06,6.129684167871989e-06,5.47843356608292e-06
RepsRanparRQMC/RidgeJohnsonSU-4-Lat-Rp-RSB-14-10000.dat,RidgeJohnsonSU,4,Lat-Rp,14,RS,True,0.0003828870238904506,0.00019226901396675593,6.431232240607202,220.816166284316,    ,8.506124819444378e-06,1.3193582745478845e-06,1.2535575777431025e-06,1.9523586119979425e-06,2.705520010170331e-06,2.1345981318222915e-06
RepsRanparRQMC/RidgeJohnsonSU-4-Lat-Rp-RS-16-10000.dat,RidgeJohnsonSU,4,Lat-Rp,16,RS,False,-4.26196086791818e-05,6.214605429746392e-05,-2.829117792457096,282.9651519171494,    ,2.7038187918032675e-06,8.417753181963243e-07,8.284533277076821e-07,9.54301173891754e-07,1.1030525154478006e-06,9.47940018892981e-07
RepsRanparRQMC/RidgeJohnsonSU-4-Lat-Rp-RSB-16-10000.dat,RidgeJohnsonSU,4,Lat-Rp,16,RS,True,-3.3690418759857036e-05,4.432045588676988e-05,-0.23395510839791586,326.11850559623684,    ,1.928111387219253e-06,1.4759573341722194e-07,1.3809600340051797e-07,2.522611830186938e-07,4.1893324417865764e-07,2.8599508435228413e-07
RepsRanparRQMC/RidgeJohnsonSU-4-Lat-Rv-RS-6-10000.dat,RidgeJohnsonSU,4,Lat-Rv,6,RS,False,-0.00013998304437636225,0.05605401603533419,-1.249953171189792,7.427886104097679,    ,0.0024371507272237646,0.003761520540144243,0.004212239930350909,0.0029578555965324403,0.0026061187957050493,0.00248290952872659
RepsRanparRQMC/RidgeJohnsonSU-4-Lat-Rv-RSB-6-10000.dat,RidgeJohnsonSU,4,Lat-Rv,6,RS,True,0.000647573065397348,0.050385413467977286,-1.080195715360304,7.3519037851111175,    ,0.002191089501656649,0.0020362836933914418,0.002030239281092303,0.002214969839620685,0.0021643713021464654,0.0019883259044458407
RepsRanparRQMC/RidgeJohnsonSU-4-Lat-Rv-RS-8-10000.dat,RidgeJohnsonSU,4,Lat-Rv,8,RS,False,0.0005417026762490099,0.01192220238808219,-0.5996899876630323,5.817211163374415,    ,0.0005186500673582462,0.0006420432082614897,0.0006820410858553428,0.0005613475075086165,0.0005280204216048768,0.0005036673418531613
RepsRanparRQMC/RidgeJohnsonSU-4-Lat-Rv-RSB-8-10000.dat,RidgeJohnsonSU,4,Lat-Rv,8,RS,True,-0.0005122512724464014,0.011935209020763969,-0.8111211944079146,11.439392284163823,    ,0.0005191845327036868,0.0002760115192539204,0.0002738248657074406,0.00034705515654535814,0.0004194011560448949,0.00035310742229899993
RepsRanparRQMC/RidgeJohnsonSU-4-Lat-Rv-RS-10-10000.dat,RidgeJohnsonSU,4,Lat-Rv,10,RS,False,0.000765157043978226,0.0028057851557250165,-0.04542326511356414,11.974981605558842,    ,0.00012257612424651542,0.00011285664284996857,0.00011619520260602283,0.00010689486995026883,0.00010811502630789602,0.00010017599747283768
RepsRanparRQMC/RidgeJohnsonSU-4-Lat-Rv-RSB-10-10000.dat,RidgeJohnsonSU,4,Lat-Rv,10,RS,True,-3.9357003763031264e-05,0.0029345509435862033,-1.276610853801873,37.090701409243934,    ,0.0001275907204340149,3.4876523634642885e-05,3.3970815720879476e-05,4.5821097292694565e-05,6.445587665474767e-05,4.899992063188687e-05
RepsRanparRQMC/RidgeJohnsonSU-4-Lat-Rv-RS-12-10000.dat,RidgeJohnsonSU,4,Lat-Rv,12,RS,False,0.0002424618753910233,0.000708462307815402,1.2137327594242893,44.79071419255678,    ,3.086149679647039e-05,2.1860493005175957e-05,2.2017579896572824e-05,2.0309300769099366e-05,2.1367877412591456e-05,1.9437829561195694e-05
RepsRanparRQMC/RidgeJohnsonSU-4-Lat-Rv-RSB-12-10000.dat,RidgeJohnsonSU,4,Lat-Rv,12,RS,True,-0.0006215987287491906,0.0007810244682534945,-3.6764004712325136,136.30369718157354,    ,3.43439705558215e-05,4.791543299665288e-06,4.589099523979174e-06,6.717906665180891e-06,1.0002415269338197e-05,7.292554536888618e-06
RepsRanparRQMC/RidgeJohnsonSU-4-Lat-Rv-RS-14-10000.dat,RidgeJohnsonSU,4,Lat-Rv,14,RS,False,-2.1400057935852623e-05,0.00020884753360043488,4.219987834067623,211.04542284183745,    ,9.080785510324654e-06,3.7266391694494036e-06,3.5873738581896875e-06,3.964319875712401e-06,4.457077462136661e-06,3.930480166028193e-06
RepsRanparRQMC/RidgeJohnsonSU-4-Lat-Rv-RSB-14-10000.dat,RidgeJohnsonSU,4,Lat-Rv,14,RS,True,-0.00032411076056878326,0.0002844499590731351,-12.96275664437135,499.2582386453412,    ,1.2472437310035391e-05,5.861240639668958e-07,5.477395998149308e-07,9.6998708503434e-07,1.8807167790282016e-06,1.0892899191983292e-06
RepsRanparRQMC/RidgeJohnsonSU-4-Lat-Rv-RS-16-10000.dat,RidgeJohnsonSU,4,Lat-Rv,16,RS,False,-7.754043980623492e-06,4.779772891478003e-05,-8.681883074229969,426.958883759115,    ,2.0782222519276203e-06,6.007957919300553e-07,5.868393980325087e-07,6.423327719225217e-07,7.612027675107818e-07,6.458746332882653e-07
RepsRanparRQMC/RidgeJohnsonSU-4-Lat-Rv-RSB-16-10000.dat,RidgeJohnsonSU,4,Lat-Rv,16,RS,True,2.640392899401183e-05,8.088343480825107e-05,-11.673764925989227,1741.556470939297,    ,3.5173682460859325e-06,7.123104332351835e-08,6.59886936995754e-08,1.146450611108877e-07,1.7536768816481302e-07,1.2893459881775076e-07
RepsFixedparRQMC/RidgeJohnsonSU-4-Sob-DS-6-10000.dat,RidgeJohnsonSU,4,Sob,6,DS,False,-0.0013683715402760203,0.02526794443037332,-2.342206697167997,20.365718422875105,    ,0.0011004787202536861,0.0014549553535433328,0.001684229715665882,0.0011888643549815953,0.0010785909852514578,0.0010003174023739292
RepsFixedparRQMC/RidgeJohnsonSU-4-Sob-DS-8-10000.dat,RidgeJohnsonSU,4,Sob,8,DS,False,-0.00030012447949247597,0.0022570748621986284,-2.090440302577933,18.2949594633094,    ,9.822376436400057e-05,0.00013497446936651774,0.000151664924602762,0.0001085971924992459,9.883782986218117e-05,9.165228713927356e-05
RepsFixedparRQMC/RidgeJohnsonSU-4-Sob-DS-10-10000.dat,RidgeJohnsonSU,4,Sob,10,DS,False,-0.00011957657090639376,0.00024097191583482677,-1.4663885065779187,10.6014011109609,    ,1.0491338375215244e-05,1.383047181357506e-05,1.5289064402064074e-05,1.1297486674672019e-05,1.0318512836708111e-05,9.701202585605163e-06
RepsFixedparRQMC/RidgeJohnsonSU-4-Sob-DS-12-10000.dat,RidgeJohnsonSU,4,Sob,12,DS,False,-6.427549455646069e-05,2.2670168831388084e-05,-1.2635222292582384,8.025855230689489,    ,9.897908536086552e-07,1.3669957609067897e-06,1.5069540342648075e-06,1.0921381322111341e-06,1.0046516614850515e-06,9.446144239775382e-07
RepsFixedparRQMC/RidgeJohnsonSU-4-Sob-DS-14-10000.dat,RidgeJohnsonSU,4,Sob,14,DS,False,-1.7095426829495876e-05,2.2234307595551586e-06,-1.0341383938726063,5.86639777037672,    ,9.696315620783736e-08,1.4068240704207838e-07,1.5504283458223113e-07,1.1416081053904668e-07,1.0208853597447132e-07,9.695625143349256e-08
RepsFixedparRQMC/RidgeJohnsonSU-4-Sob-DS-16-10000.dat,RidgeJohnsonSU,4,Sob,16,DS,False,-3.7636039969789926e-06,1.9945268656864898e-07,-1.0448319732131905,6.496856749861416,    ,8.686020652813423e-09,1.262334172860342e-08,1.392574549540382e-08,1.0107459508657345e-08,9.068747002636261e-09,8.591603129021452e-09
RepsRanparRQMC/RidgeJohnsonSU-4-Sob-LMS-DS-6-10000.dat,RidgeJohnsonSU,4,Sob-LMS,6,DS,False,0.002412666472502032,0.01960899574027491,-1.625068806889737,9.350158426229221,    ,0.0008583859916934011,0.0014882285022935619,0.0017311761916582583,0.0010867246734599088,0.0009375185070486086,0.0008815840137167511
RepsRanparRQMC/RidgeJohnsonSU-4-Sob-LMS-DS-8-10000.dat,RidgeJohnsonSU,4,Sob-LMS,8,DS,False,0.0007226613704202533,0.0017339945330024818,-2.5766603427598387,22.220421751558398,    ,7.59133061085795e-05,0.00011590784110383247,0.0001343910051491349,9.137763988689456e-05,7.926010504084566e-05,7.363100706824782e-05
RepsRanparRQMC/RidgeJohnsonSU-4-Sob-LMS-DS-10-10000.dat,RidgeJohnsonSU,4,Sob-LMS,10,DS,False,0.0001276259730819452,0.00017487174209369137,-2.042170451496386,15.556805812047298,    ,7.619407610469956e-06,1.1846781749635622e-05,1.3672597319313203e-05,9.218391309849357e-06,8.016301892938785e-06,7.5313836236868895e-06
RepsRanparRQMC/RidgeJohnsonSU-4-Sob-LMS-DS-12-10000.dat,RidgeJohnsonSU,4,Sob-LMS,12,DS,False,-3.500917500316758e-05,1.9392906504659728e-05,-2.194876168302162,20.19681826591407,    ,8.443954903630862e-07,1.163492413789936e-06,1.3159273277672097e-06,9.361335210572729e-07,8.356663162629823e-07,7.836157498171521e-07
RepsRanparRQMC/RidgeJohnsonSU-4-Sob-LMS-DS-14-10000.dat,RidgeJohnsonSU,4,Sob-LMS,14,DS,False,1.1019890297271409e-05,1.687182671373925e-06,-1.8061948378026187,11.665030937338033,    ,7.347720630276934e-08,1.1469714948159778e-07,1.3051898893701213e-07,8.730421486069619e-08,7.64403539334902e-08,7.167966976471083e-08
RepsRanparRQMC/RidgeJohnsonSU-4-Sob-LMS-DS-16-10000.dat,RidgeJohnsonSU,4,Sob-LMS,16,DS,False,3.0369780704288517e-06,1.518917552741058e-07,-1.2748734116418574,7.303613227405583,    ,6.6132125955439956e-09,1.0050428033244761e-08,1.1262440610487009e-08,7.947577437298997e-09,7.056147169839386e-09,6.692573476527682e-09
RepsRanparRQMC/RidgeJohnsonSU-4-Sob-NUS-6-10000.dat,RidgeJohnsonSU,4,Sob-NUS,6,NUS,False,0.0008342381029503231,0.019605576542344648,-1.6212303456126338,9.429480979168302,    ,0.0008531123246187032,0.0013870233674301957,0.0016077204097843158,0.0010465205303073833,0.0009130931731232764,0.0008587443465103213
RepsRanparRQMC/RidgeJohnsonSU-4-Sob-NUS-8-10000.dat,RidgeJohnsonSU,4,Sob-NUS,8,NUS,False,-0.0004599964344097873,0.001781133900707772,-2.3988804617224044,19.225703358496297,    ,7.765220109826851e-05,0.00011168401512408833,0.00012952450876782987,8.641556712879372e-05,7.799695964613628e-05,7.144515068068741e-05
RepsRanparRQMC/RidgeJohnsonSU-4-Sob-NUS-10-10000.dat,RidgeJohnsonSU,4,Sob-NUS,10,NUS,False,-0.00012748266977058987,0.00018730180276641225,-2.113857179938781,14.399654630651161,    ,8.159808473109761e-06,1.1630726206487718e-05,1.3339221363020837e-05,9.029718619642379e-06,8.270448564357022e-06,7.5307960506478115e-06
RepsRanparRQMC/RidgeJohnsonSU-4-Sob-NUS-12-10000.dat,RidgeJohnsonSU,4,Sob-NUS,12,NUS,False,4.363568690598454e-05,1.8688386356422944e-05,-1.620863617908513,10.032035221358184,    ,8.144426104075373e-07,1.2653878346153528e-06,1.4230089360527953e-06,9.630959577283609e-07,8.528075964834946e-07,7.987576059330242e-07
RepsRanparRQMC/RidgeJohnsonSU-4-Sob-NUS-14-10000.dat,RidgeJohnsonSU,4,Sob-NUS,14,NUS,False,-2.885457885390186e-06,1.606289913849486e-06,-1.5667384325240812,9.756463316615474,    ,6.984701777370775e-08,1.0003592528983962e-07,1.1181200655188453e-07,7.997709187712149e-08,7.22817392749632e-08,6.79563267368136e-08
RepsRanparRQMC/RidgeJohnsonSU-4-Sob-NUS-16-10000.dat,RidgeJohnsonSU,4,Sob-NUS,16,NUS,False,-2.750257368079234e-06,1.7495041436743403e-07,-2.7001898261136175,32.9506312217112,    ,7.614103670696503e-09,1.040531819092982e-08,1.1704128656665579e-08,8.057018369709496e-09,7.181315702353729e-09,6.7780380662749226e-09
RepsFixedparRQMC/RidgeJohnsonSU-8-Lat-RS-6-10000.dat,RidgeJohnsonSU,8,Lat,6,RS,False,-0.00354401730913337,0.059964837778947705,-1.24865446585168,6.9207365539297525,    ,0.002619726918641685,0.004027009697287596,0.004542057934657605,0.0031290343843568998,0.0027641310902904955,0.002635666086995076
RepsFixedparRQMC/RidgeJohnsonSU-8-Lat-RSB-6-10000.dat,RidgeJohnsonSU,8,Lat,6,RS,True,-0.0026019494628598595,0.0632834438562353,-0.8160062726308384,4.912349351550239,    ,0.002758224221713159,0.004587631074877194,0.005154212942736369,0.0033988713852388173,0.0030122249720798077,0.002894523088733509
RepsFixedparRQMC/RidgeJohnsonSU-8-Lat-RS-8-10000.dat,RidgeJohnsonSU,8,Lat,8,RS,False,-0.0009429887065457304,0.012453153332103716,-0.6056625485015268,4.151395017897106,    ,0.0005423306769225735,0.0008489732403964147,0.0009330179382133437,0.0006582180312714439,0.0005859614684251485,0.0005707792060607367
RepsFixedparRQMC/RidgeJohnsonSU-8-Lat-RSB-8-10000.dat,RidgeJohnsonSU,8,Lat,8,RS,True,-0.0011886892546579123,0.00629475876343697,-0.593488946826321,4.675852206288069,    ,0.00027509814577183356,0.00042861699780058363,0.0004666217594516911,0.00032804433948042586,0.00029637893520547174,0.0002875287230848646
RepsFixedparRQMC/RidgeJohnsonSU-8-Lat-RS-10-10000.dat,RidgeJohnsonSU,8,Lat,10,RS,False,6.414254652815132e-05,0.0027736596672717413,0.08487531571360768,2.8582650570564745,    ,0.00012059801284330735,0.0001860183218255902,0.00020049230859914066,0.00014756064910961548,0.0001317550096006141,0.00012881883363918267
RepsFixedparRQMC/RidgeJohnsonSU-8-Lat-RSB-10-10000.dat,RidgeJohnsonSU,8,Lat,10,RS,True,-0.00038705176694696987,0.002113439070867894,-0.23191931630316417,2.3358641696314772,    ,9.20384643254226e-05,0.00021900898004623387,0.0002538056381267906,0.00012530251535508016,0.00010397009982987135,0.00010426265397788526
RepsFixedparRQMC/RidgeJohnsonSU-8-Lat-RS-12-10000.dat,RidgeJohnsonSU,8,Lat,12,RS,False,-0.00016553677906419552,0.00023391013829742545,-0.21668928039823568,3.2209022056236605,    ,1.0197408438154489e-05,1.5143171525736862e-05,1.630307039721352e-05,1.2341874658307925e-05,1.1104541251534713e-05,1.0855352706670814e-05
RepsFixedparRQMC/RidgeJohnsonSU-8-Lat-RSB-12-10000.dat,RidgeJohnsonSU,8,Lat,12,RS,True,-7.329234174662506e-05,4.939355298862303e-05,-0.6717811253576865,5.437249732798012,    ,2.152917549472749e-06,3.2510078810341833e-06,3.5061187536581636e-06,2.5478137680702092e-06,2.305866105606643e-06,2.2261509170731202e-06
RepsFixedparRQMC/RidgeJohnsonSU-8-Lat-RS-14-10000.dat,RidgeJohnsonSU,8,Lat,14,RS,False,-1.941410304602065e-06,3.53468557491988e-05,-0.16381892501979303,3.04118388898194,    ,1.5368235842565274e-06,2.431899754337171e-06,2.595008458981748e-06,1.90472970180156e-06,1.6868903708613513e-06,1.6524474256505842e-06
RepsFixedparRQMC/RidgeJohnsonSU-8-Lat-RSB-14-10000.dat,RidgeJohnsonSU,8,Lat,14,RS,True,-7.255385833510264e-07,2.6701863123512626e-06,-0.9126812676110412,9.003654999144905,    ,1.1609558346498648e-07,1.8435606253705772e-07,1.998205573536068e-07,1.4097113766129775e-07,1.2519762320627543e-07,1.2111744820077955e-07
RepsFixedparRQMC/RidgeJohnsonSU-8-Lat-RS-16-10000.dat,RidgeJohnsonSU,8,Lat,16,RS,False,2.8366307934407353e-05,6.8455099294479795e-06,-0.07682881760625612,3.0022682146819495,    ,2.9843551392356787e-07,4.531334641097407e-07,4.791688727420227e-07,3.574207983746895e-07,3.2255706541969656e-07,3.1373984265979204e-07
RepsFixedparRQMC/RidgeJohnsonSU-8-Lat-RSB-16-10000.dat,RidgeJohnsonSU,8,Lat,16,RS,True,-1.3312543610382255e-06,4.6174072436877986e-07,-0.5455962215517938,5.001815080854778,    ,2.0077455906381602e-08,3.056353090793944e-08,3.2975765640049956e-08,2.3585869250628617e-08,2.122363870709682e-08,2.0656015125525675e-08
RepsRanparRQMC/RidgeJohnsonSU-8-Lat-Rp-RS-6-10000.dat,RidgeJohnsonSU,8,Lat-Rp,6,RS,False,-0.0032836169198438058,0.07837455847238303,-1.797715311368998,12.552478007444027,    ,0.0034183716388755466,0.004689470230167976,0.005380287371620938,0.003824025452514068,0.003490856542065085,0.0032458358814172663
RepsRanparRQMC/RidgeJohnsonSU-8-Lat-Rp-RSB-6-10000.dat,RidgeJohnsonSU,8,Lat-Rp,6,RS,True,0.0018004514597496943,0.06174024766287521,-1.7409015888797976,15.0370124564649,    ,0.0026876002194969675,0.00422136395550526,0.00483311818961311,0.0033287715570497482,0.0029126265903742185,0.0027535272143396146
RepsRanparRQMC/RidgeJohnsonSU-8-Lat-Rp-RS-8-10000.dat,RidgeJohnsonSU,8,Lat-Rp,8,RS,False,-0.0007439229399708374,0.017026392167416932,-0.8123409117322683,4.803498791585716,    ,0.0007408313416630902,0.0010382158117612434,0.001127992432132077,0.0008517671935072139,0.0007747200046426387,0.0007379615054579289
RepsRanparRQMC/RidgeJohnsonSU-8-Lat-Rp-RSB-8-10000.dat,RidgeJohnsonSU,8,Lat-Rp,8,RS,True,0.000762581324849874,0.0155177547872594,-0.8992103104875853,6.683094749795592,    ,0.0006752665210274186,0.0007931515072085113,0.0008223146054715825,0.0007349242905681343,0.0006880878042130958,0.0006478007367034833
RepsRanparRQMC/RidgeJohnsonSU-8-Lat-Rp-RS-10-10000.dat,RidgeJohnsonSU,8,Lat-Rp,10,RS,False,-0.0013506966695379101,0.003981897032111084,-0.5667577959455551,5.130316518120677,    ,0.000174950339410974,0.00022516902042717866,0.0002354935251462908,0.00018530588582277386,0.00017533986704474839,0.00016628678808250767
RepsRanparRQMC/RidgeJohnsonSU-8-Lat-Rp-RSB-10-10000.dat,RidgeJohnsonSU,8,Lat-Rp,10,RS,True,0.00019870590903842722,0.0037100590561356755,-0.37226094116856856,7.729133658583669,    ,0.0001613463995224466,0.00013041449953113694,0.00012796976439209624,0.00014110495642723637,0.00014955281953205906,0.00013587199804041336
RepsRanparRQMC/RidgeJohnsonSU-8-Lat-Rp-RS-12-10000.dat,RidgeJohnsonSU,8,Lat-Rp,12,RS,False,0.00026213310395943097,0.000989772846916493,-0.3408495156810957,7.535198868760281,    ,4.310231580403893e-05,4.5571626522735155e-05,4.643144737247752e-05,4.322158197708621e-05,4.163800082504398e-05,3.9758225557083625e-05
RepsRanparRQMC/RidgeJohnsonSU-8-Lat-Rp-RSB-12-10000.dat,RidgeJohnsonSU,8,Lat-Rp,12,RS,True,4.520189053383938e-06,0.0010075128242639684,0.009334281942286686,22.71964872446393,    ,4.380492583489031e-05,1.9306907184563802e-05,1.8371717199735037e-05,2.582150745394194e-05,3.009565980639633e-05,2.6081819114006054e-05
RepsRanparRQMC/RidgeJohnsonSU-8-Lat-Rp-RS-14-10000.dat,RidgeJohnsonSU,8,Lat-Rp,14,RS,False,0.00019514021625839,0.0002605663925777,-0.07943415106232105,18.328985693538463,    ,1.1367053294336155e-05,9.529818246223739e-06,9.572345383761375e-06,9.105972872224192e-06,9.381742603053096e-06,8.704882767708592e-06
RepsRanparRQMC/RidgeJohnsonSU-8-Lat-Rp-RSB-14-10000.dat,RidgeJohnsonSU,8,Lat-Rp,14,RS,True,-8.77528963506639e-05,0.00025448985011531023,0.8606205359699596,86.00618881206914,    ,1.107247666278794e-05,2.972542135254494e-06,2.775149367732191e-06,4.108486810385207e-06,5.185110165747044e-06,4.3125913118019474e-06
RepsRanparRQMC/RidgeJohnsonSU-8-Lat-Rp-RS-16-10000.dat,RidgeJohnsonSU,8,Lat-Rp,16,RS,False,-1.2838262946537648e-05,6.16614190283388e-05,0.41635411049888826,36.45082674119585,    ,2.6810960830971715e-06,1.8361737710875209e-06,1.806178100162184e-06,1.8030295269556167e-06,1.9252165336390067e-06,1.7468899242868319e-06
RepsRanparRQMC/RidgeJohnsonSU-8-Lat-Rp-RSB-16-10000.dat,RidgeJohnsonSU,8,Lat-Rp,16,RS,True,0.000230023763943686,6.658274286266337e-05,7.802388279229619,241.56056497968657,    ,2.94781279557288e-06,3.745377136509652e-07,3.4953575130999514e-07,5.835781774571316e-07,9.076844421124844e-07,6.456512210359222e-07
RepsRanparRQMC/RidgeJohnsonSU-8-Lat-Rv-RS-6-10000.dat,RidgeJohnsonSU,8,Lat-Rv,6,RS,False,-0.0003220395145839244,0.05963727462360736,-1.7607021678059702,15.66938911185547,    ,0.002593028693084056,0.003995326983363719,0.004559365943154793,0.0030468389635232743,0.002704188766701763,0.0025368266806928812
RepsRanparRQMC/RidgeJohnsonSU-8-Lat-Rv-RSB-6-10000.dat,RidgeJohnsonSU,8,Lat-Rv,6,RS,True,-0.0026829188387741633,0.0564119177377175,-1.0272076057398765,5.568369252846705,    ,0.002459890129048384,0.003699007221912211,0.004119976065609364,0.002952641431344772,0.0026412247521014624,0.002511925824415167
RepsRanparRQMC/RidgeJohnsonSU-8-Lat-Rv-RS-8-10000.dat,RidgeJohnsonSU,8,Lat-Rv,8,RS,False,-0.0012164821543052017,0.013159168790063448,-0.6988071006034391,4.8805443419887515,    ,0.0005736176023127625,0.0008069959956962259,0.0008627897618605355,0.0006556389396588842,0.0006039141368116125,0.0005764355644035556
RepsRanparRQMC/RidgeJohnsonSU-8-Lat-Rv-RSB-8-10000.dat,RidgeJohnsonSU,8,Lat-Rv,8,RS,True,-0.0003901382455296458,0.013624029277339514,-0.5947871401057835,5.702747258526548,    ,0.0005925013068653865,0.00046547072604871193,0.00044292302393611125,0.0005701649919322419,0.0005778646067574754,0.0005330258924036181
RepsRanparRQMC/RidgeJohnsonSU-8-Lat-Rv-RS-10-10000.dat,RidgeJohnsonSU,8,Lat-Rv,10,RS,False,-0.0003575561877146104,0.003113477208770124,-0.4059309387323339,5.330476105355157,    ,0.00013549642072172623,0.00016759366329575725,0.00017240350334362254,0.00014560885127789698,0.00013810175133010055,0.00013179513694054702
RepsRanparRQMC/RidgeJohnsonSU-8-Lat-Rv-RSB-10-10000.dat,RidgeJohnsonSU,8,Lat-Rv,10,RS,True,-0.0005815245165629037,0.0035098474389083775,-0.4480074485919506,10.509741589443065,    ,0.00015294023332459753,6.272968129687115e-05,5.859425714878157e-05,9.19538664838362e-05,0.00011613849302928738,9.547485753061557e-05
RepsRanparRQMC/RidgeJohnsonSU-8-Lat-Rv-RS-12-10000.dat,RidgeJohnsonSU,8,Lat-Rv,12,RS,False,-5.209368334690392e-05,0.0007772447502293179,-0.6116097245980233,12.934422614577278,    ,3.379596376181499e-05,3.252218984023604e-05,3.306945632317003e-05,2.9592336058371615e-05,2.942646150750018e-05,2.7647683956031322e-05
RepsRanparRQMC/RidgeJohnsonSU-8-Lat-Rv-RSB-12-10000.dat,RidgeJohnsonSU,8,Lat-Rv,12,RS,True,-0.00015609732970855587,0.000923577285549735,-0.44020416065147594,32.825708285966265,    ,4.0179900530678445e-05,9.163620189040777e-06,8.679345974136604e-06,1.2369105610314076e-05,1.887003621666396e-05,1.3724200534560521e-05
RepsRanparRQMC/RidgeJohnsonSU-8-Lat-Rv-RS-14-10000.dat,RidgeJohnsonSU,8,Lat-Rv,14,RS,False,-1.764043986333084e-05,0.00019036279775298752,-0.6817956524956663,32.14713280310463,    ,8.276954565683247e-06,6.255931194784173e-06,6.267349731949102e-06,6.112172275707529e-06,6.2995998926036844e-06,5.851172050182489e-06
RepsRanparRQMC/RidgeJohnsonSU-8-Lat-Rv-RSB-14-10000.dat,RidgeJohnsonSU,8,Lat-Rv,14,RS,True,5.736946981448783e-05,0.00024560212610916297,0.5817184063905746,119.37776807024942,    ,1.0681644565160838e-05,1.4581381922968316e-06,1.3902420360891757e-06,1.9468886934768206e-06,2.8358040625512047e-06,2.1118402427546745e-06
RepsRanparRQMC/RidgeJohnsonSU-8-Lat-Rv-RS-16-10000.dat,RidgeJohnsonSU,8,Lat-Rv,16,RS,False,-4.449492337481602e-05,4.583657702068315e-05,-4.083000146188703,185.06403178803842,    ,1.9948744512793116e-06,1.1739986297310279e-06,1.165193412056598e-06,1.122606744411907e-06,1.1903158799806475e-06,1.0878479081270115e-06
RepsRanparRQMC/RidgeJohnsonSU-8-Lat-Rv-RSB-16-10000.dat,RidgeJohnsonSU,8,Lat-Rv,16,RS,True,5.562245848938916e-05,5.363881326662975e-05,0.6438839880965475,505.60721824679285,    ,2.335216173828828e-06,1.852745252612695e-07,1.7335763537322896e-07,2.5733053564479766e-07,3.594756948460331e-07,2.7822371540120207e-07
RepsFixedparRQMC/RidgeJohnsonSU-8-Sob-DS-6-10000.dat,RidgeJohnsonSU,8,Sob,6,DS,False,-0.0013356147963431305,0.03333635756581818,-1.4093914851025016,11.795659750252966,    ,0.0014511907175719576,0.002098212420740859,0.002350508427921735,0.0016421288433981524,0.001475173190026422,0.0013912973477623082
RepsFixedparRQMC/RidgeJohnsonSU-8-Sob-DS-8-10000.dat,RidgeJohnsonSU,8,Sob,8,DS,False,-0.00087957638895423,0.004178641124549308,-1.094128747934483,7.605284368438721,    ,0.00018245370351745394,0.0002708271827495061,0.0002981433506795963,0.00020844977813133325,0.0001874076501041531,0.00018052806231190895
RepsFixedparRQMC/RidgeJohnsonSU-8-Sob-DS-10-10000.dat,RidgeJohnsonSU,8,Sob,10,DS,False,-0.00014524921847844897,0.000398616747768184,-0.8724193870520862,6.452293356033173,    ,1.735226028191138e-05,2.403482643311522e-05,2.5913370284735027e-05,1.9670442034781855e-05,1.7999765092914823e-05,1.727369279876602e-05
RepsFixedparRQMC/RidgeJohnsonSU-8-Sob-DS-12-10000.dat,RidgeJohnsonSU,8,Sob,12,DS,False,-5.9954231993789755e-05,3.836197622158337e-05,-0.8846457736658492,6.296874088534731,    ,1.6715065195680246e-06,2.420034724121773e-06,2.62032224052479e-06,1.939522054312889e-06,1.7753355107632644e-06,1.6892362240436516e-06
RepsFixedparRQMC/RidgeJohnsonSU-8-Sob-DS-14-10000.dat,RidgeJohnsonSU,8,Sob,14,DS,False,-2.786265090254685e-05,6.374164697265735e-06,-0.4471351070518386,3.753663938150459,    ,2.7791392284861e-07,4.4417495601080546e-07,4.822809964752527e-07,3.404658910716397e-07,3.0223254516444684e-07,2.9729022208139753e-07
RepsFixedparRQMC/RidgeJohnsonSU-8-Sob-DS-16-10000.dat,RidgeJohnsonSU,8,Sob,16,DS,False,2.2107797945999596e-06,4.0356259168874697e-07,-0.6095011060333209,4.560914541322978,    ,1.755108718594138e-08,2.59279001182061e-08,2.8018270685588785e-08,2.105853908030362e-08,1.896402887317593e-08,1.8261477503586313e-08
RepsRanparRQMC/RidgeJohnsonSU-8-Sob-LMS-DS-6-10000.dat,RidgeJohnsonSU,8,Sob-LMS,6,DS,False,-0.0007298557552098735,0.0229723717232183,-1.8147842625365027,11.133602254597726,    ,0.0009993314599981216,0.0014787937187790846,0.0017054542017554393,0.0011363261899816947,0.0010125871259579347,0.0009420668676984441
RepsRanparRQMC/RidgeJohnsonSU-8-Sob-LMS-DS-8-10000.dat,RidgeJohnsonSU,8,Sob-LMS,8,DS,False,-0.0002195436099156306,0.003263911932094978,-1.6343439183274815,16.434389632279768,    ,0.00014195741383556687,0.00020908637490986366,0.00023448912316181714,0.00016083806235967762,0.00014146589226816898,0.00013656170937620225
RepsRanparRQMC/RidgeJohnsonSU-8-Sob-LMS-DS-10-10000.dat,RidgeJohnsonSU,8,Sob-LMS,10,DS,False,2.5909202211432246e-05,0.00038369956138185424,-1.1352040689878604,8.559373217524936,    ,1.668326091205724e-05,2.5007826450766956e-05,2.72332617445325e-05,1.9616395168501105e-05,1.754290122877814e-05,1.6837780700654102e-05
RepsRanparRQMC/RidgeJohnsonSU-8-Sob-LMS-DS-12-10000.dat,RidgeJohnsonSU,8,Sob-LMS,12,DS,False,0.00010210271400923834,4.219375901313843e-05,-0.7637881502412437,5.948949812822779,    ,1.8449362256488538e-06,2.7365824112640304e-06,2.977216058638696e-06,2.2049602453910376e-06,1.966552880349151e-06,1.909725380779871e-06
RepsRanparRQMC/RidgeJohnsonSU-8-Sob-LMS-DS-14-10000.dat,RidgeJohnsonSU,8,Sob-LMS,14,DS,False,2.3014947179175794e-05,6.117406168991748e-06,-0.40999934695656914,3.8258566539250656,    ,2.66503869054171e-07,3.911112242593673e-07,4.2029230401632487e-07,3.1940477647910595e-07,2.917020595119818e-07,2.7830829771957055e-07
RepsRanparRQMC/RidgeJohnsonSU-8-Sob-LMS-DS-16-10000.dat,RidgeJohnsonSU,8,Sob-LMS,16,DS,False,-1.6932289489758032e-05,4.492987101296868e-07,-0.5731297894085756,4.403504830469475,    ,1.9821428954742656e-08,2.7707921175982785e-08,2.9311689625751845e-08,2.2488905212856484e-08,2.04513182731082e-08,1.9866608144591134e-08
RepsRanparRQMC/RidgeJohnsonSU-8-Sob-NUS-6-10000.dat,RidgeJohnsonSU,8,Sob-NUS,6,NUS,False,-0.0011335009510494026,0.022985724750443096,-1.693518851231218,10.091534953958503,    ,0.0010006641613818166,0.0014648903760458901,0.0016874340379832915,0.0011582764340239613,0.0010342694609184703,0.0009595453387294078
RepsRanparRQMC/RidgeJohnsonSU-8-Sob-NUS-8-10000.dat,RidgeJohnsonSU,8,Sob-NUS,8,NUS,False,0.00020756543156978538,0.0033283502186572888,-1.468152956349175,11.53801321650591,    ,0.00014475396248043876,0.00022126489693888253,0.0002462299895398682,0.0001696709014006372,0.00015345010085024752,0.0001450399898705889
RepsRanparRQMC/RidgeJohnsonSU-8-Sob-NUS-10-10000.dat,RidgeJohnsonSU,8,Sob-NUS,10,NUS,False,-0.00012256427556043027,0.0003727898334562,-0.8931456238257328,5.564877754008375,    ,1.6223275630174087e-05,2.3812938822803476e-05,2.6048935922481868e-05,1.888676859066745e-05,1.7197028340608453e-05,1.646834089039335e-05
RepsRanparRQMC/RidgeJohnsonSU-8-Sob-NUS-12-10000.dat,RidgeJohnsonSU,8,Sob-NUS,12,NUS,False,2.7953482998354763e-05,4.296696170323714e-05,-0.6051059072318637,4.341418372971455,    ,1.868910166917702e-06,2.7358075451450085e-06,2.98096464769569e-06,2.1830566576732054e-06,1.9676818647795245e-06,1.8893863392525045e-06
RepsRanparRQMC/RidgeJohnsonSU-8-Sob-NUS-14-10000.dat,RidgeJohnsonSU,8,Sob-NUS,14,NUS,False,-2.671605277936564e-05,6.2212879332345555e-06,-0.45138956646901957,4.1581824956398545,    ,2.712045271819601e-07,3.9166459670877064e-07,4.2104494380913807e-07,3.14058152837759e-07,2.8525962764930314e-07,2.755575505968629e-07
RepsRanparRQMC/RidgeJohnsonSU-8-Sob-NUS-16-10000.dat,RidgeJohnsonSU,8,Sob-NUS,16,NUS,False,-5.718411250888122e-07,4.354595177347301e-07,-0.4888918563229397,4.33598786916003,    ,1.8933349512478e-08,2.8942154675477708e-08,3.123881442304669e-08,2.2653056524366823e-08,2.0259312120235893e-08,1.972735980109718e-08
RepsFixedparRQMC/RidgeJohnsonSU-16-Lat-RS-6-10000.dat,RidgeJohnsonSU,16,Lat,6,RS,False,-0.0023437082689232794,0.05711330735034261,-1.220090488189642,6.4862883608773725,    ,0.002488680244551672,0.003871935910701739,0.004456788276287003,0.002919081920630436,0.0025931940746097984,0.002445208656211577
RepsFixedparRQMC/RidgeJohnsonSU-16-Lat-RSB-6-10000.dat,RidgeJohnsonSU,16,Lat,6,RS,True,0.0003022331973265936,0.05872177572404268,-1.074781717117874,6.386820268840939,    ,0.0025532120285595957,0.004404343280472819,0.0050237255645941,0.003163532650092435,0.0027262237801204984,0.0026275576462394556
RepsFixedparRQMC/RidgeJohnsonSU-16-Lat-RS-8-10000.dat,RidgeJohnsonSU,16,Lat,8,RS,False,0.0009457032283663857,0.014790052628465023,-0.6261591737864083,4.450888798801883,    ,0.0006439401210511436,0.0009938952439028216,0.0010881789560551489,0.0007642639546313354,0.0006931760941323684,0.0006595584613652462
RepsFixedparRQMC/RidgeJohnsonSU-16-Lat-RSB-8-10000.dat,RidgeJohnsonSU,16,Lat,8,RS,True,0.0008130347938097831,0.01693393294966515,-0.41928872334140926,3.3499115469543934,    ,0.0007369189799092127,0.0012711222452795059,0.0014036694733650854,0.0009198316312012428,0.0008017043283092539,0.0007893707160789482
RepsFixedparRQMC/RidgeJohnsonSU-16-Lat-RS-10-10000.dat,RidgeJohnsonSU,16,Lat,10,RS,False,-0.0003841281589149065,0.00296502998529582,-0.26688175128354646,3.5352141632698677,    ,0.00012906190162924612,0.00018524254608809536,0.0001973129281039638,0.00015201875698112854,0.00013884212973935793,0.0001341487695992178
RepsFixedparRQMC/RidgeJohnsonSU-16-Lat-RSB-10-10000.dat,RidgeJohnsonSU,16,Lat,10,RS,True,3.817921475599055e-05,0.001727751809391464,-0.35556685055143994,3.390394232983067,    ,7.512110153902478e-05,0.00012143080086824606,0.0001322453773015683,9.165989068622025e-05,8.201438189646725e-05,7.975952658903573e-05
RepsFixedparRQMC/RidgeJohnsonSU-16-Lat-RS-12-10000.dat,RidgeJohnsonSU,16,Lat,12,RS,False,0.00010828620005998213,0.0004637520908529625,-0.18333765682127293,3.0714567448599626,    ,2.0174860286034847e-05,3.0753684279720846e-05,3.2918883320609825e-05,2.4507600816622386e-05,2.2019771478481464e-05,2.144668101772379e-05
RepsFixedparRQMC/RidgeJohnsonSU-16-Lat-RSB-12-10000.dat,RidgeJohnsonSU,16,Lat,12,RS,True,0.00012629225128760974,0.00010090155977119415,-0.42076888553789327,3.72206769663953,    ,4.4029740706132995e-06,6.596208678417271e-06,7.078059785203847e-06,5.3057132926281675e-06,4.76619136881321e-06,4.644630155799485e-06
RepsFixedparRQMC/RidgeJohnsonSU-16-Lat-RS-14-10000.dat,RidgeJohnsonSU,16,Lat,14,RS,False,-7.956535551894495e-05,7.897861541629982e-05,-0.043390852160175866,2.9431015292315093,    ,3.4401834899858047e-06,5.4528536827765795e-06,5.874569557962106e-06,4.187574778694083e-06,3.694914600947942e-06,3.6387343664165877e-06
RepsFixedparRQMC/RidgeJohnsonSU-16-Lat-RSB-14-10000.dat,RidgeJohnsonSU,16,Lat,14,RS,True,2.354133924216826e-05,1.1035303078046028e-05,-0.27743698460903254,3.2648101961178826,    ,4.803499806553161e-07,7.645049907525703e-07,8.241132155435496e-07,5.881324250114592e-07,5.27193206566232e-07,5.112122858174548e-07
RepsFixedparRQMC/RidgeJohnsonSU-16-Lat-RS-16-10000.dat,RidgeJohnsonSU,16,Lat,16,RS,False,-4.135628731312739e-05,1.640865752029734e-05,-0.11210069133051981,3.042327152320115,    ,7.151302346871667e-07,1.0775691530621378e-06,1.151300205681431e-06,8.67186257416242e-07,7.81291383170196e-07,7.603357470968506e-07
RepsFixedparRQMC/RidgeJohnsonSU-16-Lat-RSB-16-10000.dat,RidgeJohnsonSU,16,Lat,16,RS,True,1.1124451421627923e-05,2.011197652783424e-06,-0.23218397206004313,3.2307586928910057,    ,8.756712962740712e-08,1.4418058517175514e-07,1.5322530901924666e-07,1.0802862905009039e-07,9.589392388865597e-08,9.373649108951125e-08
RepsRanparRQMC/RidgeJohnsonSU-16-Lat-Rp-RS-6-10000.dat,RidgeJohnsonSU,16,Lat-Rp,6,RS,False,-0.0009466957173136427,0.07652361503981048,-1.6923175974774953,13.92867010058904,    ,0.003328009930164244,0.005107333631761551,0.00587451155862698,0.004025601870965666,0.003563783450541768,0.0033570006231422875
RepsRanparRQMC/RidgeJohnsonSU-16-Lat-Rp-RSB-6-10000.dat,RidgeJohnsonSU,16,Lat-Rp,6,RS,True,0.003662341500135073,0.06653854078992233,-1.9390777790215379,14.015188980651601,    ,0.0029063927796080607,0.004868103064858641,0.0056744070287758535,0.0036714780975585825,0.003123866024983179,0.002938296292704198
RepsRanparRQMC/RidgeJohnsonSU-16-Lat-Rp-RS-8-10000.dat,RidgeJohnsonSU,16,Lat-Rp,8,RS,False,-0.0007458181923646396,0.018059694916862445,-0.8811656834151059,5.3867972480657995,    ,0.0007857603715961683,0.0012089733661686593,0.0013564684282696127,0.0009409092093598332,0.0008265806530457097,0.0008033255639424686
RepsRanparRQMC/RidgeJohnsonSU-16-Lat-Rp-RSB-8-10000.dat,RidgeJohnsonSU,16,Lat-Rp,8,RS,True,0.0002090474364740727,0.017002443566754677,-0.8669004618759342,5.1471194434154866,    ,0.0007392803776461171,0.001079018583199777,0.0011807825737477743,0.0008573456186551356,0.0007694853787116618,0.0007315765947821228
RepsRanparRQMC/RidgeJohnsonSU-16-Lat-Rp-RS-10-10000.dat,RidgeJohnsonSU,16,Lat-Rp,10,RS,False,-0.0005910374925778649,0.004335896719286057,-0.5056356619503423,4.10535802050535,    ,0.00018886657398224389,0.0002548511620661004,0.0002711510875463508,0.00021869609892846212,0.0002007506033005257,0.00019364695907667125
RepsRanparRQMC/RidgeJohnsonSU-16-Lat-Rp-RSB-10-10000.dat,RidgeJohnsonSU,16,Lat-Rp,10,RS,True,0.00029252721043350683,0.0040535836182698844,-0.44244046228249007,4.8522145033662465,    ,0.00017632833818057811,0.00019711407354179667,0.00019878914501041413,0.0001904424068646602,0.00018327783993784437,0.0001730632810488153
RepsRanparRQMC/RidgeJohnsonSU-16-Lat-Rp-RS-12-10000.dat,RidgeJohnsonSU,16,Lat-Rp,12,RS,False,0.00026773308341069706,0.0010528572056995394,-0.18617941114884923,4.3502920149367625,    ,4.584808125175866e-05,6.201958397928243e-05,6.469748094266008e-05,5.213425182451937e-05,4.8486169110169725e-05,4.640430981825357e-05
RepsRanparRQMC/RidgeJohnsonSU-16-Lat-Rp-RSB-12-10000.dat,RidgeJohnsonSU,16,Lat-Rp,12,RS,True,0.0006215108392393633,0.0009929565569188016,-0.3757600221432123,7.884239049834422,    ,4.355829993715295e-05,3.644644178252809e-05,3.607217036841166e-05,3.876756698271625e-05,4.03182643638302e-05,3.707009961041189e-05
RepsRanparRQMC/RidgeJohnsonSU-16-Lat-Rp-RS-14-10000.dat,RidgeJohnsonSU,16,Lat-Rp,14,RS,False,0.00024995436478553456,0.0002608634488446062,0.24220840408205987,6.977980303668541,    ,1.140436626467561e-05,1.2218030443469742e-05,1.2443010490404526e-05,1.151538033344396e-05,1.127806820532566e-05,1.0637497465531167e-05
RepsRanparRQMC/RidgeJohnsonSU-16-Lat-Rp-RSB-14-10000.dat,RidgeJohnsonSU,16,Lat-Rp,14,RS,True,4.772559400088927e-05,0.00025727322679669555,0.18459617370999312,22.1044424336595,    ,1.1188070201744283e-05,5.6047148586403275e-06,5.31241492486212e-06,6.9338869477953385e-06,7.740996502035142e-06,6.929219769693695e-06
RepsRanparRQMC/RidgeJohnsonSU-16-Lat-Rp-RS-16-10000.dat,RidgeJohnsonSU,16,Lat-Rp,16,RS,False,7.21489349533101e-05,5.992680471982498e-05,0.5152078979438405,16.862943816599383,    ,2.6107187175029392e-06,2.396478347556797e-06,2.436675803094193e-06,2.293893080972391e-06,2.2759015274328303e-06,2.147415777786781e-06
RepsRanparRQMC/RidgeJohnsonSU-16-Lat-Rp-RSB-16-10000.dat,RidgeJohnsonSU,16,Lat-Rp,16,RS,True,-2.6557167912045033e-05,5.84433635272958e-05,-1.2882472718784503,74.61791871275642,    ,2.5417210887021086e-06,8.037793110650973e-07,7.677907975980397e-07,1.0556014026009073e-06,1.3212261044784874e-06,1.1134639945140197e-06
RepsRanparRQMC/RidgeJohnsonSU-16-Lat-Rv-RS-6-10000.dat,RidgeJohnsonSU,16,Lat-Rv,6,RS,False,9.391161718595705e-05,0.060148493988605174,-1.468807370308424,9.21568226976039,    ,0.0026151607319398937,0.004192718529213122,0.0048669320853143485,0.003232963770729946,0.0028249409151922173,0.002668886451739046
RepsRanparRQMC/RidgeJohnsonSU-16-Lat-Rv-RSB-6-10000.dat,RidgeJohnsonSU,16,Lat-Rv,6,RS,True,-0.00012885439197604905,0.059024792109252135,-0.9779291955650408,5.207418071200294,    ,0.0025663119125522503,0.0042421062361958665,0.004869456834091775,0.003141050566523442,0.00275464560827642,0.002626388869229559
RepsRanparRQMC/RidgeJohnsonSU-16-Lat-Rv-RS-8-10000.dat,RidgeJohnsonSU,16,Lat-Rv,8,RS,False,-0.0004315529431013037,0.013238043751324128,-0.742530791235856,4.5895426435470235,    ,0.0005757533575654876,0.000855597202801535,0.0009386775715682932,0.0006817831388163079,0.0006228313360839516,0.000589173730314408
RepsRanparRQMC/RidgeJohnsonSU-16-Lat-Rv-RSB-8-10000.dat,RidgeJohnsonSU,16,Lat-Rv,8,RS,True,0.0012417075958336152,0.015157105902324872,-0.5614852250919018,4.100496248712952,    ,0.0006605464422024583,0.0009650290528356474,0.00104596817241877,0.0007977454125252569,0.0007214888734859414,0.0006937263191747765
RepsRanparRQMC/RidgeJohnsonSU-16-Lat-Rv-RS-10-10000.dat,RidgeJohnsonSU,16,Lat-Rv,10,RS,False,-0.00010114886922025052,0.003209410038556375,-0.33725010061338434,3.771372145713614,    ,0.00013954979798749996,0.0001936877914415673,0.00020396484332434617,0.00016067218756458902,0.00014871801736548226,0.0001420768152823739
RepsRanparRQMC/RidgeJohnsonSU-16-Lat-Rv-RSB-10-10000.dat,RidgeJohnsonSU,16,Lat-Rv,10,RS,True,3.1207409976112196e-05,0.003573493515580212,-0.29028772848213785,4.916212020069627,    ,0.0001553702571885336,0.0001234478104089342,0.0001179969720129465,0.00015146019020042818,0.0001537072247438644,0.0001420417396946714
RepsRanparRQMC/RidgeJohnsonSU-16-Lat-Rv-RS-12-10000.dat,RidgeJohnsonSU,16,Lat-Rv,12,RS,False,-6.195442789511274e-06,0.0008136809533208556,-0.1587109645705203,4.831132650693576,    ,3.537747113659204e-05,4.366154802256525e-05,4.451380784745292e-05,3.80604067788208e-05,3.66175258922927e-05,3.463692367448884e-05
RepsRanparRQMC/RidgeJohnsonSU-16-Lat-Rv-RSB-12-10000.dat,RidgeJohnsonSU,16,Lat-Rv,12,RS,True,-0.00033196314099497574,0.0009214330984810259,-0.1534779835301779,10.2618678579792,    ,4.0172508156589074e-05,1.590608876797023e-05,1.4690069847006737e-05,2.4826954572426308e-05,3.136858597262661e-05,2.616020547679339e-05
RepsRanparRQMC/RidgeJohnsonSU-16-Lat-Rv-RS-14-10000.dat,RidgeJohnsonSU,16,Lat-Rv,14,RS,False,-0.00015681745466170015,0.00020049599921145465,0.06862120165425441,10.441695377009461,    ,8.741809071106342e-06,9.092115580352816e-06,9.155918276308658e-06,8.356636705118458e-06,8.273467219104655e-06,7.794261588656491e-06
RepsRanparRQMC/RidgeJohnsonSU-16-Lat-Rv-RSB-14-10000.dat,RidgeJohnsonSU,16,Lat-Rv,14,RS,True,9.066782878748609e-05,0.00022268382519791333,-0.11040057657625962,33.26827682404041,    ,9.690126098564572e-06,2.4344197822095347e-06,2.3206464843144156e-06,3.301442223286402e-06,4.600713003688572e-06,3.546931750577727e-06
RepsRanparRQMC/RidgeJohnsonSU-16-Lat-Rv-RS-16-10000.dat,RidgeJohnsonSU,16,Lat-Rv,16,RS,False,2.369564069617458e-06,4.758750246336198e-05,0.6383204325888532,26.868346244529935,    ,2.0690274610670096e-06,1.7634327963822402e-06,1.7918154901782204e-06,1.6165225632025604e-06,1.6426350516537264e-06,1.527058466860389e-06
RepsRanparRQMC/RidgeJohnsonSU-16-Lat-Rv-RSB-16-10000.dat,RidgeJohnsonSU,16,Lat-Rv,16,RS,True,3.82557882912379e-05,5.2323138479961094e-05,0.07866083917491347,134.3566050925557,    ,2.2763825696839187e-06,4.1673347629702095e-07,4.088892888957873e-07,4.6876483392630346e-07,6.833995639346914e-07,5.0781003978755e-07
RepsFixedparRQMC/RidgeJohnsonSU-16-Sob-DS-6-10000.dat,RidgeJohnsonSU,16,Sob,6,DS,False,0.0019967281616951925,0.04032520724832332,-1.3687885563628668,7.49980262366059,    ,0.0017572568037135903,0.0029283055583476094,0.0033349820695564233,0.0022275692993175833,0.0019382610787579558,0.001832619641416221
RepsFixedparRQMC/RidgeJohnsonSU-16-Sob-DS-8-10000.dat,RidgeJohnsonSU,16,Sob,8,DS,False,0.0006933248195855442,0.0056564315214390135,-0.7614640190668314,4.701072691327191,    ,0.0002464125045854104,0.00038038199891849615,0.0004148726325634085,0.00029753914046679595,0.00026695772811627887,0.00025430408552183236
RepsFixedparRQMC/RidgeJohnsonSU-16-Sob-DS-10-10000.dat,RidgeJohnsonSU,16,Sob,10,DS,False,-0.00012755191971111285,0.0010302807298395026,-0.39973079269740447,3.508610616836333,    ,4.481108383306993e-05,6.857366361718733e-05,7.424913788574579e-05,5.3622008277648867e-05,4.789508361890434e-05,4.654671149108218e-05
RepsFixedparRQMC/RidgeJohnsonSU-16-Sob-DS-12-10000.dat,RidgeJohnsonSU,16,Sob,12,DS,False,-0.00022589094219283262,0.00011925234734241778,-0.42094531343124025,3.8284558329433835,    ,5.2359113848264085e-06,7.523256937992132e-06,8.025033643607626e-06,6.164226817309682e-06,5.662180779775146e-06,5.4495963239347896e-06
RepsFixedparRQMC/RidgeJohnsonSU-16-Sob-DS-14-10000.dat,RidgeJohnsonSU,16,Sob,14,DS,False,-3.5105823848136545e-05,1.703988461981124e-05,-0.37220899320872386,2.967113553767271,    ,7.420969675555015e-07,1.3036628791034022e-06,1.4475125457161155e-06,9.539073233200862e-07,8.415673239462169e-07,8.191786247147819e-07
RepsFixedparRQMC/RidgeJohnsonSU-16-Sob-DS-16-10000.dat,RidgeJohnsonSU,16,Sob,16,DS,False,-3.2197515019452714e-05,1.7604420258832563e-06,-0.25677178622766933,3.076601811316607,    ,7.757763762052598e-08,1.13492312917116e-07,1.2225752308666672e-07,9.237685924804206e-08,8.249537779952765e-08,8.031310941763434e-08
RepsRanparRQMC/RidgeJohnsonSU-16-Sob-LMS-DS-6-10000.dat,RidgeJohnsonSU,16,Sob-LMS,6,DS,False,0.0015959450724084153,0.029312742734252294,-1.3020752201841739,6.919188413479139,    ,0.0012770141160764184,0.00219431100126484,0.0025293841322309753,0.0016255755455637534,0.0013892415370407101,0.0013288860258685393
RepsRanparRQMC/RidgeJohnsonSU-16-Sob-LMS-DS-8-10000.dat,RidgeJohnsonSU,16,Sob-LMS,8,DS,False,0.0008888729517542993,0.005325050809496016,-1.206670418204688,8.792098611723999,    ,0.00023231404336331761,0.00036945975732544095,0.0004067919190197722,0.00028244188775542546,0.0002523153568477575,0.00024110849291757858
RepsRanparRQMC/RidgeJohnsonSU-16-Sob-LMS-DS-10-10000.dat,RidgeJohnsonSU,16,Sob-LMS,10,DS,False,-0.00016227641473453178,0.000841924132059606,-0.6547542162493445,5.266610053368697,    ,3.663173068084892e-05,5.4252954549458656e-05,5.8668399226275114e-05,4.313837060219063e-05,3.8979614427752106e-05,3.764537145743672e-05
RepsRanparRQMC/RidgeJohnsonSU-16-Sob-LMS-DS-12-10000.dat,RidgeJohnsonSU,16,Sob-LMS,12,DS,False,-6.0840900771963645e-05,0.00014401160644188858,-0.348298816240204,3.4411928911339706,    ,6.265075808332334e-06,9.482428269443668e-06,1.0076218221869258e-05,7.534406533003426e-06,6.805172186467677e-06,6.5658702799212334e-06
RepsRanparRQMC/RidgeJohnsonSU-16-Sob-LMS-DS-14-10000.dat,RidgeJohnsonSU,16,Sob-LMS,14,DS,False,-6.123537974935905e-06,2.7484488625171215e-05,-0.14971663206258667,3.0843011081881646,    ,1.1950152640291226e-06,1.7260951397056224e-06,1.8334446117860934e-06,1.4157041177451938e-06,1.2817333613551363e-06,1.2479883376549474e-06
RepsRanparRQMC/RidgeJohnsonSU-16-Sob-LMS-DS-16-10000.dat,RidgeJohnsonSU,16,Sob-LMS,16,DS,False,9.173532492822587e-06,3.246064538404736e-06,-0.15979680850973843,2.8498327548260765,    ,1.4121739449860278e-07,2.5338772691307937e-07,2.7601035829789706e-07,1.781125193430836e-07,1.539161646344132e-07,1.532680136344031e-07
RepsRanparRQMC/RidgeJohnsonSU-16-Sob-NUS-6-10000.dat,RidgeJohnsonSU,16,Sob-NUS,6,NUS,False,0.0006177590205593304,0.0318634280147626,-1.634755524839712,9.442895703117825,    ,0.0013857480616319433,0.0021955933419560434,0.002523930054001938,0.001670768801570215,0.001484775489132871,0.0013777088727825026
RepsRanparRQMC/RidgeJohnsonSU-16-Sob-NUS-8-10000.dat,RidgeJohnsonSU,16,Sob-NUS,8,NUS,False,-0.00037936536487082723,0.005410028531452883,-1.6381757304326285,21.23202057625953,    ,0.00023536254988236284,0.00032640751739167743,0.0003565308390191674,0.0002661875312095733,0.0002384836231658578,0.00022869757239200598
RepsRanparRQMC/RidgeJohnsonSU-16-Sob-NUS-10-10000.dat,RidgeJohnsonSU,16,Sob-NUS,10,NUS,False,-0.00014493981125582864,0.0008682138807244216,-0.5951519668893707,4.207128423639907,    ,3.7769437145600856e-05,5.7874568415692175e-05,6.315535784058608e-05,4.436617997301272e-05,3.972483277588184e-05,3.812602485608216e-05
RepsRanparRQMC/RidgeJohnsonSU-16-Sob-NUS-12-10000.dat,RidgeJohnsonSU,16,Sob-NUS,12,NUS,False,-0.00015806954335784127,0.00014530810664650686,-0.3153715742825674,3.3612634719581775,    ,6.342729747776785e-06,9.40319839797353e-06,1.0021098324209754e-05,7.4848331438979205e-06,6.655315868250178e-06,6.5125886079080235e-06
RepsRanparRQMC/RidgeJohnsonSU-16-Sob-NUS-14-10000.dat,RidgeJohnsonSU,16,Sob-NUS,14,NUS,False,-0.00013933258173780424,2.7843457910249097e-05,-0.13912552162492048,3.2890433879619345,    ,1.2299986948662913e-06,1.689781333378898e-06,1.7562549179103218e-06,1.4071868327167302e-06,1.3074338079136067e-06,1.2539826347444933e-06
RepsRanparRQMC/RidgeJohnsonSU-16-Sob-NUS-16-10000.dat,RidgeJohnsonSU,16,Sob-NUS,16,NUS,False,2.8560577205645355e-05,3.2888665089002305e-06,-0.14062163122041713,2.758978558365096,    ,1.438099026094601e-07,2.433394354876991e-07,2.674523397845191e-07,1.7991488768900015e-07,1.614527141649663e-07,1.5628814042072675e-07
RepsFixedparRQMC/RidgeJohnsonSU-32-Lat-RS-6-10000.dat,RidgeJohnsonSU,32,Lat,6,RS,False,-0.003975573550499461,0.059067892520073016,-1.2927416844947137,7.328611999137895,    ,0.0025839744250586057,0.0041170966601148835,0.004692583386279907,0.003064723427661354,0.002709320814226274,0.0025723606290029544
RepsFixedparRQMC/RidgeJohnsonSU-32-Lat-RSB-6-10000.dat,RidgeJohnsonSU,32,Lat,6,RS,True,-0.002430782777641353,0.0600288689208738,-1.1528730973398786,5.999693393293284,    ,0.002615859527558765,0.004281636520086187,0.004964140812830624,0.0032429880320748957,0.0028194117351029208,0.0026832765673115546
RepsFixedparRQMC/RidgeJohnsonSU-32-Lat-RS-8-10000.dat,RidgeJohnsonSU,32,Lat,8,RS,False,-0.0009225282003361741,0.013646474639627008,-0.5927173990791266,3.843789610661575,    ,0.0005941760426120246,0.0009271429044235887,0.001017439590485412,0.0007246823668661764,0.000651217044574449,0.000630320374688505
RepsFixedparRQMC/RidgeJohnsonSU-32-Lat-RSB-8-10000.dat,RidgeJohnsonSU,32,Lat,8,RS,True,-0.0012554649977044713,0.017430888279076105,-0.5641313542414869,3.6756091217313585,    ,0.0007594409001463787,0.0011897611818776183,0.001322331411641467,0.0009072025507570917,0.0008122178114751734,0.0007782166436113446
RepsFixedparRQMC/RidgeJohnsonSU-32-Lat-RS-10-10000.dat,RidgeJohnsonSU,32,Lat,10,RS,False,-0.00165109164973638,0.00291002783073037,-0.440176836076872,3.6221659676082933,    ,0.0001292490527980192,0.0001906481383077848,0.00020266437851922933,0.00015028196322327628,0.0001376446827303301,0.00013250699495831402
RepsFixedparRQMC/RidgeJohnsonSU-32-Lat-RSB-10-10000.dat,RidgeJohnsonSU,32,Lat,10,RS,True,-0.0012533345329883464,0.002545065962708431,-0.17741814971894923,2.770363133027529,    ,0.00011222588930846943,0.0002065260930119357,0.00022496549157975166,0.00013966042349494042,0.0001227942585233287,0.00012059519865112729
RepsFixedparRQMC/RidgeJohnsonSU-32-Lat-RS-12-10000.dat,RidgeJohnsonSU,32,Lat,12,RS,False,-0.0006510906917964425,0.0009133146895323147,-0.5042694102011573,3.204288893406537,    ,4.013325341643591e-05,6.503780092391537e-05,7.169402578212654e-05,4.8672581566867523e-05,4.3265864694163426e-05,4.18748349959083e-05
RepsFixedparRQMC/RidgeJohnsonSU-32-Lat-RSB-12-10000.dat,RidgeJohnsonSU,32,Lat,12,RS,True,-0.0011929857794074586,0.0016122728950955416,-0.023670473938752826,1.886962107392027,    ,7.152203659576153e-05,0.00020836786654123492,0.0002489651214543318,0.0001030252605337099,8.309749351035614e-05,8.443102714906376e-05
RepsFixedparRQMC/RidgeJohnsonSU-32-Lat-RS-14-10000.dat,RidgeJohnsonSU,32,Lat,14,RS,False,3.820609216193238e-05,0.00011700841090939958,-0.12757660382799532,3.014356998681008,    ,5.088781918930442e-06,7.822177495438929e-06,8.439326985245153e-06,6.295802722597982e-06,5.660909042453978e-06,5.491784779834844e-06
RepsFixedparRQMC/RidgeJohnsonSU-32-Lat-RSB-14-10000.dat,RidgeJohnsonSU,32,Lat,14,RS,True,-5.4783002143923135e-05,2.2687633387486992e-05,-0.14360764986313473,3.108789399901805,    ,9.89420020258118e-07,1.5100662842138132e-06,1.6057642333017372e-06,1.1823960104825968e-06,1.0532877122781885e-06,1.0312501213450005e-06
RepsFixedparRQMC/RidgeJohnsonSU-32-Lat-RS-16-10000.dat,RidgeJohnsonSU,32,Lat,16,RS,False,-4.778925612577496e-05,2.9744093835884228e-05,-0.1836800886688867,2.927217607083972,    ,1.2955052841264561e-06,2.1111494802017394e-06,2.2646298116630656e-06,1.6058726639213806e-06,1.4227332007008155e-06,1.3999544686896842e-06
RepsFixedparRQMC/RidgeJohnsonSU-32-Lat-RSB-16-10000.dat,RidgeJohnsonSU,32,Lat,16,RS,True,-4.356140957341357e-05,8.513384919791688e-06,-0.14476791606076123,2.985374752502831,    ,3.7204476682974825e-07,5.82824609483539e-07,6.211779313671646e-07,4.558075098316458e-07,4.1013345439171e-07,3.995688563739764e-07
RepsRanparRQMC/RidgeJohnsonSU-32-Lat-Rp-RS-6-10000.dat,RidgeJohnsonSU,32,Lat-Rp,6,RS,False,0.004479489647351997,0.07498307705581346,-1.7422972748111631,14.688723648370972,    ,0.003280199612536102,0.005426941011231351,0.00630601335351646,0.004168164311113319,0.0035578430663811608,0.0034150553211686058
RepsRanparRQMC/RidgeJohnsonSU-32-Lat-Rp-RSB-6-10000.dat,RidgeJohnsonSU,32,Lat-Rp,6,RS,True,-0.0027061401237240086,0.07047456986656571,-1.7795334614276856,10.950496285236033,    ,0.003071434927698173,0.004878607460571837,0.005784410521040165,0.00357227003771308,0.003118570808433733,0.0029330404233430295
RepsRanparRQMC/RidgeJohnsonSU-32-Lat-Rp-RS-8-10000.dat,RidgeJohnsonSU,32,Lat-Rp,8,RS,False,-0.00011577106790597557,0.017762341281396116,-0.9382438543676207,5.886615250657346,    ,0.0007722891108269517,0.0012077907538193364,0.0013571876351884539,0.0009380913013791766,0.0008353285379961366,0.0008016031089458943
RepsRanparRQMC/RidgeJohnsonSU-32-Lat-Rp-RSB-8-10000.dat,RidgeJohnsonSU,32,Lat-Rp,8,RS,True,-0.0008470896072257243,0.017219977896243778,-0.8558740726094155,5.378540457912347,    ,0.0007494122519437036,0.001107275637863808,0.0012289363996874543,0.0008824797223890636,0.0007819611933847525,0.0007518937551407982
RepsRanparRQMC/RidgeJohnsonSU-32-Lat-Rp-RS-10-10000.dat,RidgeJohnsonSU,32,Lat-Rp,10,RS,False,0.0006867477049201206,0.00425178234918365,-0.4365155175398661,3.7220464703693352,    ,0.00018533172454863263,0.0002773224962486393,0.00029958424459805517,0.0002239229533672991,0.00020067301571205843,0.00019447597200241318
RepsRanparRQMC/RidgeJohnsonSU-32-Lat-Rp-RSB-10-10000.dat,RidgeJohnsonSU,32,Lat-Rp,10,RS,True,-0.0003887510326749355,0.0042003670414093195,-0.33177527206472274,3.7173499074445213,    ,0.00018277578133972408,0.0002584073741608568,0.0002699032639316066,0.0002111151321880944,0.00019223400920706675,0.00018600146697327272
RepsRanparRQMC/RidgeJohnsonSU-32-Lat-Rp-RS-12-10000.dat,RidgeJohnsonSU,32,Lat-Rp,12,RS,False,0.0005920503031967961,0.0010724050632416357,-0.19947850687525334,3.501967629934152,    ,4.697683065897784e-05,6.894663483450911e-05,7.272243755572571e-05,5.6525473936917894e-05,5.145278959229318e-05,4.987848141640362e-05
RepsRanparRQMC/RidgeJohnsonSU-32-Lat-Rp-RSB-12-10000.dat,RidgeJohnsonSU,32,Lat-Rp,12,RS,True,-0.00016778846519647063,0.001104870679239135,-0.299026920330558,4.460916727689474,    ,4.806600858814581e-05,5.52303211954289e-05,5.613133649672031e-05,5.036228221549253e-05,4.8401472141863034e-05,4.573040916901448e-05
RepsRanparRQMC/RidgeJohnsonSU-32-Lat-Rp-RS-14-10000.dat,RidgeJohnsonSU,32,Lat-Rp,14,RS,False,3.807484671576e-05,0.0002620103227733922,-0.12704548997698967,4.249198748594651,    ,1.1393202858012958e-05,1.4634233303697361e-05,1.5106930569028607e-05,1.2452162449432177e-05,1.1677216318550786e-05,1.1236503417447594e-05
RepsRanparRQMC/RidgeJohnsonSU-32-Lat-Rp-RSB-14-10000.dat,RidgeJohnsonSU,32,Lat-Rp,14,RS,True,0.0001546841485523933,0.0002824666344999045,-0.16000115551457705,7.90020198623511,    ,1.2305085207548357e-05,9.610013661731873e-06,9.472904915072132e-06,1.0486586469747551e-05,1.123514147529479e-05,1.0198114592146727e-05
RepsRanparRQMC/RidgeJohnsonSU-32-Lat-Rp-RS-16-10000.dat,RidgeJohnsonSU,32,Lat-Rp,16,RS,False,4.806500561233084e-06,6.940670223600461e-05,0.03655138142669735,7.94622214137369,    ,3.0177058083608892e-06,3.271830114999199e-06,3.303023224231126e-06,2.887903999796929e-06,2.8662361178625085e-06,2.6712442006084574e-06
RepsRanparRQMC/RidgeJohnsonSU-32-Lat-Rp-RSB-16-10000.dat,RidgeJohnsonSU,32,Lat-Rp,16,RS,True,-9.964869945106676e-05,7.259331152433797e-05,-0.539990060905443,22.99453060363571,    ,3.1661607991430707e-06,1.630767309477434e-06,1.6185474756434484e-06,1.9333368821934225e-06,2.1490038112438913e-06,1.908303111342721e-06
RepsRanparRQMC/RidgeJohnsonSU-32-Lat-Rv-RS-6-10000.dat,RidgeJohnsonSU,32,Lat-Rv,6,RS,False,-0.0025214283566799708,0.059746690353717574,-1.383427355782586,8.06060277094645,    ,0.0026040397902499382,0.003996031640393943,0.004581307445333296,0.003108930853615511,0.0027315705631740764,0.002598406059413385
RepsRanparRQMC/RidgeJohnsonSU-32-Lat-Rv-RSB-6-10000.dat,RidgeJohnsonSU,32,Lat-Rv,6,RS,True,0.0027543431346123064,0.060394076119714375,-1.0259660558022843,5.365824713007558,    ,0.0026334158026125065,0.004880499852750744,0.0055888895608169654,0.00354121027400719,0.0030021966832104513,0.002894597262510153
RepsRanparRQMC/RidgeJohnsonSU-32-Lat-Rv-RS-8-10000.dat,RidgeJohnsonSU,32,Lat-Rv,8,RS,False,0.0011931176811379167,0.013626353294217006,-0.6979475220434429,4.244527327883634,    ,0.0005938736730278703,0.0009411062786132402,0.0010359471808441992,0.0007378012701629544,0.0006605135961456421,0.0006314349059236438
RepsRanparRQMC/RidgeJohnsonSU-32-Lat-Rv-RSB-8-10000.dat,RidgeJohnsonSU,32,Lat-Rv,8,RS,True,0.0004988362279222617,0.015537739831036495,-0.5903195251619866,3.817345776563642,    ,0.0006758027432795267,0.0011352815596413894,0.0012384936550031529,0.0008363316926211953,0.00074351858931465,0.0007197899091091114
RepsRanparRQMC/RidgeJohnsonSU-32-Lat-Rv-RS-10-10000.dat,RidgeJohnsonSU,32,Lat-Rv,10,RS,False,0.0003722107586989998,0.0033740734615546565,-0.41580013027706697,3.6545275540612674,    ,0.00014683738700344156,0.00022107667179182324,0.00023660864705878364,0.0001787492164547526,0.00015852561623858953,0.00015464304412644332
RepsRanparRQMC/RidgeJohnsonSU-32-Lat-Rv-RSB-10-10000.dat,RidgeJohnsonSU,32,Lat-Rv,10,RS,True,-0.0003583990223852906,0.003836726408175295,-0.25763207518110226,3.6782942688726967,    ,0.00016694264151904218,0.0002212864083214205,0.00023240897052469983,0.00019075904568049347,0.00017500072934479284,0.00016938899546680317
RepsRanparRQMC/RidgeJohnsonSU-32-Lat-Rv-RS-12-10000.dat,RidgeJohnsonSU,32,Lat-Rv,12,RS,False,0.00026122631053573757,0.0008163262763303055,-0.1502720119091017,3.4249604607043445,    ,3.5560685982285913e-05,5.195856434306645e-05,5.5006412884986876e-05,4.118652849197783e-05,3.7808071272126284e-05,3.6186268141945126e-05
RepsRanparRQMC/RidgeJohnsonSU-32-Lat-Rv-RSB-12-10000.dat,RidgeJohnsonSU,32,Lat-Rv,12,RS,True,3.7273416841119314e-05,0.0009596754051340405,-0.1048255946041454,4.884929882485339,    ,4.172640692212651e-05,3.2680594343535005e-05,3.1309325875445783e-05,4.07110293215759e-05,4.121581584965661e-05,3.82378585681651e-05
RepsRanparRQMC/RidgeJohnsonSU-32-Lat-Rv-RS-14-10000.dat,RidgeJohnsonSU,32,Lat-Rv,14,RS,False,-1.8981780577234075e-05,0.00021072150979955476,0.02604284057533105,4.567928881793098,    ,9.162165081887567e-06,1.1475247689735297e-05,1.1641684028723221e-05,9.722793025013742e-06,9.120781369218942e-06,8.781286580004178e-06
RepsRanparRQMC/RidgeJohnsonSU-32-Lat-Rv-RSB-14-10000.dat,RidgeJohnsonSU,32,Lat-Rv,14,RS,True,7.437479671551404e-05,0.0002475972338284955,-0.012497119499898087,9.818870875197453,    ,1.0770628733364537e-05,4.257620106458515e-06,3.874101516270155e-06,6.805159730791971e-06,8.503185215612185e-06,7.100659858609841e-06
RepsRanparRQMC/RidgeJohnsonSU-32-Lat-Rv-RS-16-10000.dat,RidgeJohnsonSU,32,Lat-Rv,16,RS,False,-2.277421186931845e-05,5.2912675407656694e-05,0.024651601983069683,10.50887726495479,    ,2.3010697694069945e-06,2.297530588831776e-06,2.3168280177093785e-06,2.0759847097894466e-06,2.0410396509890732e-06,1.9269119293940902e-06
RepsRanparRQMC/RidgeJohnsonSU-32-Lat-Rv-RSB-16-10000.dat,RidgeJohnsonSU,32,Lat-Rv,16,RS,True,-0.0001042685811807341,6.064519841723748e-05,-0.7351258707650743,31.628760765999285,    ,2.6476196942926384e-06,6.234401791948225e-07,5.945389142847547e-07,8.429669231362096e-07,1.2746103661773502e-06,9.312510732497682e-07
RepsFixedparRQMC/RidgeJohnsonSU-32-Sob-DS-6-10000.dat,RidgeJohnsonSU,32,Sob,6,DS,False,0.002810039673582723,0.03657638125855393,-1.2695085010209362,7.634777505817077,    ,0.0015981737689911928,0.00271023042194179,0.003110483278111983,0.0019824804484769535,0.0017160842620453825,0.0016408706171668161
RepsFixedparRQMC/RidgeJohnsonSU-32-Sob-DS-8-10000.dat,RidgeJohnsonSU,32,Sob,8,DS,False,0.0013434780413534083,0.0075441364756254955,-0.9319705679324629,6.852802601968527,    ,0.0003298108669704464,0.0005132609989183378,0.0005645722052729805,0.00040394857940921814,0.00036273149382900816,0.00034715925369070846
RepsFixedparRQMC/RidgeJohnsonSU-32-Sob-DS-10-10000.dat,RidgeJohnsonSU,32,Sob,10,DS,False,0.0006073779389255642,0.0016687499028487152,-0.4244005581828895,3.576215714177986,    ,7.292325156281152e-05,0.00011587839720087055,0.00012531299956031165,8.96790630418794e-05,8.05899336870028e-05,7.791047812556317e-05
RepsFixedparRQMC/RidgeJohnsonSU-32-Sob-DS-12-10000.dat,RidgeJohnsonSU,32,Sob,12,DS,False,-0.00029658088377887355,0.0003063373959065316,-0.24089135883670712,3.2170256866242184,    ,1.3406977433950516e-05,1.9868637316570554e-05,2.111632063864492e-05,1.6176193139506998e-05,1.4420615769561696e-05,1.4130593696717617e-05
RepsFixedparRQMC/RidgeJohnsonSU-32-Sob-DS-14-10000.dat,RidgeJohnsonSU,32,Sob,14,DS,False,4.186401251552665e-05,5.743968296381069e-05,-0.12557365571025375,2.8240081429571164,    ,2.4991301157095824e-06,4.03668630404826e-06,4.398172449335124e-06,3.068319659031367e-06,2.723980376663543e-06,2.6576030808095724e-06
RepsFixedparRQMC/RidgeJohnsonSU-32-Sob-DS-16-10000.dat,RidgeJohnsonSU,32,Sob,16,DS,False,-5.649070242879084e-08,5.044176370819006e-06,-0.08159039742897406,2.8799900338645057,    ,2.1931201931376492e-07,3.422779977968921e-07,3.670200796332424e-07,2.677370621153669e-07,2.3797465121585662e-07,2.336944439461113e-07
RepsRanparRQMC/RidgeJohnsonSU-32-Sob-LMS-DS-6-10000.dat,RidgeJohnsonSU,32,Sob-LMS,6,DS,False,-0.005934905851918083,0.0388525638635614,-1.9296503436633634,15.325044393031975,    ,0.0017244650145824968,0.002388312129532508,0.0027093168482197802,0.0018555420920840214,0.00166754151381921,0.0015774817125361511
RepsRanparRQMC/RidgeJohnsonSU-32-Sob-LMS-DS-8-10000.dat,RidgeJohnsonSU,32,Sob-LMS,8,DS,False,-8.353797368100535e-05,0.009042861068955582,-0.8469315849379614,5.272920784883754,    ,0.0003931748511563329,0.0006043142848450682,0.0006679948039471531,0.000472075072813003,0.0004194203841712542,0.0004045161645597163
RepsRanparRQMC/RidgeJohnsonSU-32-Sob-LMS-DS-10-10000.dat,RidgeJohnsonSU,32,Sob-LMS,10,DS,False,1.4242146661416827e-05,0.0017747160052160814,-0.31795184491907164,3.2193379243272617,    ,7.716176828291899e-05,0.00012356472547028644,0.00013266551371020045,9.51704080117391e-05,8.335550585548843e-05,8.204336443046774e-05
RepsRanparRQMC/RidgeJohnsonSU-32-Sob-LMS-DS-12-10000.dat,RidgeJohnsonSU,32,Sob-LMS,12,DS,False,0.0002784775774141856,0.00048439902372991386,-0.17952539042903023,2.7096675786903295,    ,2.113837687981438e-05,3.826131471990059e-05,4.21848766907114e-05,2.664958775368324e-05,2.332592537853194e-05,2.300395156709868e-05
RepsRanparRQMC/RidgeJohnsonSU-32-Sob-LMS-DS-14-10000.dat,RidgeJohnsonSU,32,Sob-LMS,14,DS,False,-4.105549310791129e-05,5.3471055478592576e-05,-0.11656936185812035,3.0608380451963777,    ,2.326514052583576e-06,3.6030777160377365e-06,3.873926302128024e-06,2.8345874329672655e-06,2.5128153156215346e-06,2.461721197895481e-06
RepsRanparRQMC/RidgeJohnsonSU-32-Sob-LMS-DS-16-10000.dat,RidgeJohnsonSU,32,Sob-LMS,16,DS,False,3.097268069561701e-06,6.045015194089341e-06,-0.07204903215710749,3.0707728289855485,    ,2.628363406385965e-07,3.992981845919417e-07,4.248243758499823e-07,3.1760266772216306e-07,2.865196438653898e-07,2.7797460781223337e-07
RepsRanparRQMC/RidgeJohnsonSU-32-Sob-NUS-6-10000.dat,RidgeJohnsonSU,32,Sob-NUS,6,NUS,False,0.001521152054018896,0.03612153757545543,-1.4871754288955636,8.770432939959987,    ,0.0015728155372868992,0.0027872990830905566,0.0032258729628479744,0.0019789355144538283,0.0016993910532408123,0.0016093526776215544
RepsRanparRQMC/RidgeJohnsonSU-32-Sob-NUS-8-10000.dat,RidgeJohnsonSU,32,Sob-NUS,8,NUS,False,-0.0005943697899114577,0.009166212730367019,-0.8788592459647527,6.184590715159968,    ,0.0003988842637239863,0.0006287527772701902,0.0006971603223180159,0.0004768504785832155,0.000423345573184905,0.000407603364134338
RepsRanparRQMC/RidgeJohnsonSU-32-Sob-NUS-10-10000.dat,RidgeJohnsonSU,32,Sob-NUS,10,NUS,False,0.00026801150953304495,0.0018162219385798935,-0.3906354245787217,3.354267403112048,    ,7.903800141184625e-05,0.0001260725400184208,0.00013639590202012752,9.758564043988058e-05,8.681777497622626e-05,8.453642872440333e-05
RepsRanparRQMC/RidgeJohnsonSU-32-Sob-NUS-12-10000.dat,RidgeJohnsonSU,32,Sob-NUS,12,NUS,False,-0.00033992047679706435,0.0004857213787039776,-0.15330118278655552,2.8214745352739956,    ,2.1233866743762362e-05,3.5156337119250525e-05,3.824276155631809e-05,2.6493010465218124e-05,2.3553585212227242e-05,2.30371489133342e-05
RepsRanparRQMC/RidgeJohnsonSU-32-Sob-NUS-14-10000.dat,RidgeJohnsonSU,32,Sob-NUS,14,NUS,False,-1.4079672658902332e-05,5.3522522246191815e-05,-0.18587096213244333,3.1685813086658228,    ,2.3272644217992172e-06,3.445432819190333e-06,3.6548194478752913e-06,2.7195765295489062e-06,2.4521584529507374e-06,2.384127605536663e-06
RepsRanparRQMC/RidgeJohnsonSU-32-Sob-NUS-16-10000.dat,RidgeJohnsonSU,32,Sob-NUS,16,NUS,False,-4.292531796072378e-05,5.9076220681115915e-06,-0.11474393948979016,3.0665283875203384,    ,2.586957163181854e-07,3.9332621231850854e-07,4.219880826919456e-07,3.125855667168629e-07,2.8420148885648394e-07,2.7337738542191534e-07
RepsFixedparRQMC/SmoothGauss-4-Lat-RS-6-10000.dat,SmoothGauss,4,Lat,6,RS,False,3.1565311519270003e-06,0.0002197988587315897,0.08399876730664209,2.7497557905382495,    ,9.556482082453682e-06,1.5835336108975392e-05,1.7165914702249696e-05,1.1946464400791965e-05,1.0526016355125203e-05,1.0340362579725242e-05
RepsFixedparRQMC/SmoothGauss-4-Lat-RSB-6-10000.dat,SmoothGauss,4,Lat,6,RS,True,-7.95351557925066e-05,0.0004262597770483409,0.4261482755993924,1.9244051616250217,    ,1.853935962571741e-05,6.63365843837563e-05,8.239880713443805e-05,3.08976300940384e-05,2.2848130959935918e-05,2.3758131510825652e-05
RepsFixedparRQMC/SmoothGauss-4-Lat-RS-8-10000.dat,SmoothGauss,4,Lat,8,RS,False,-1.974323912248873e-05,3.447608163697123e-05,0.3770908515574193,2.5554867036743487,    ,1.49934986666371e-06,3.084056462398584e-06,3.5970316928208226e-06,2.017399308408765e-06,1.7159931448673415e-06,1.6897869401656434e-06
RepsFixedparRQMC/SmoothGauss-4-Lat-RSB-8-10000.dat,SmoothGauss,4,Lat,8,RS,True,-2.377587848735e-05,1.648520240131255e-05,0.10965244356380602,2.1332569550411704,    ,7.173132228896952e-07,1.5650369421675709e-06,1.861776275001857e-06,9.991949959366707e-07,8.45650360218328e-07,8.403749578612704e-07
RepsFixedparRQMC/SmoothGauss-4-Lat-RS-10-10000.dat,SmoothGauss,4,Lat,10,RS,False,-4.467047347216368e-06,1.0264518218364061e-06,-0.033351284178705344,2.9862332274739685,    ,4.464829459184602e-08,6.775677870991199e-08,7.236006364104585e-08,5.384393338325596e-08,4.802853151152486e-08,4.698737700799989e-08
RepsFixedparRQMC/SmoothGauss-4-Lat-RSB-10-10000.dat,SmoothGauss,4,Lat,10,RS,True,3.1472993925122373e-07,1.668116185255503e-06,-0.15543418227625683,1.865432197927522,    ,7.25268897182174e-08,2.4212631497054267e-07,2.8549274930150706e-07,1.0595936019231875e-07,8.371907023844135e-08,8.576205224820007e-08
RepsFixedparRQMC/SmoothGauss-4-Lat-RS-12-10000.dat,SmoothGauss,4,Lat,12,RS,False,1.184407868917603e-06,9.70102355618974e-08,0.07595646396116544,2.905054688083304,    ,4.219239150778102e-09,6.718817908097003e-09,7.182880542470465e-09,5.218436749579154e-09,4.638856760177593e-09,4.548383895737323e-09
RepsFixedparRQMC/SmoothGauss-4-Lat-RSB-12-10000.dat,SmoothGauss,4,Lat,12,RS,True,9.761804471505319e-08,7.860766346361764e-09,0.14278514491085684,2.8411599979828948,    ,3.417819791244698e-10,5.601116767746564e-10,6.048104019104997e-10,4.1322001878055993e-10,3.660016573742673e-10,3.5639787041356715e-10
RepsFixedparRQMC/SmoothGauss-4-Lat-RS-14-10000.dat,SmoothGauss,4,Lat,14,RS,False,1.674116757048538e-07,6.4328162252722964e-09,0.016993611083907224,2.9610542821329813,    ,2.79715688637523e-10,4.1104327719388266e-10,4.415228765074442e-10,3.3883267528788556e-10,3.064365775966822e-10,2.959697221166129e-10
RepsFixedparRQMC/SmoothGauss-4-Lat-RSB-14-10000.dat,SmoothGauss,4,Lat,14,RS,True,-1.747694615959805e-07,5.698826989903409e-10,-0.006088115062879938,2.854977223345826,    ,2.48080530164605e-11,3.9769595456534694e-11,4.2559191492835267e-11,3.039309025269064e-11,2.6929566327846805e-11,2.6385869449251674e-11
RepsFixedparRQMC/SmoothGauss-4-Lat-RS-16-10000.dat,SmoothGauss,4,Lat,16,RS,False,-3.590329249606561e-07,7.441938115060502e-10,0.014235785156618021,2.9288812266224613,    ,3.2485157315381903e-11,5.274942779800306e-11,5.6545532340314254e-11,3.970255561021424e-11,3.538429705289329e-11,3.463271466073209e-11
RepsFixedparRQMC/SmoothGauss-4-Lat-RSB-16-10000.dat,SmoothGauss,4,Lat,16,RS,True,-1.6774179632347285e-07,1.0296740168291345e-10,0.14991487933739836,2.8159353043496007,    ,4.504980861664845e-12,7.2263613540327005e-12,7.9285686183973e-12,5.682033946411712e-12,4.994492664043563e-12,4.897311650044576e-12
RepsRanparRQMC/SmoothGauss-4-Lat-Rp-RS-6-10000.dat,SmoothGauss,4,Lat-Rp,6,RS,False,0.0002647399970293172,0.00018225947778789103,0.0390348600981441,3.2379419268063345,    ,7.994412387239737e-06,1.1283619290655897e-05,1.1846426074543251e-05,9.230923741212446e-06,8.552913273594533e-06,8.228616147104334e-06
RepsRanparRQMC/SmoothGauss-4-Lat-Rp-RSB-6-10000.dat,SmoothGauss,4,Lat-Rp,6,RS,True,-7.377973634886524e-05,0.00013111029129181433,0.2174215762075239,5.802477616216242,    ,5.705890896965896e-06,4.10599136465852e-06,3.765481172420386e-06,5.358365891851531e-06,5.551024877810948e-06,5.08614830652994e-06
RepsRanparQMC/SmoothGauss-4-Lat-Rp-6-10000.dat,SmoothGauss,4,Lat-Rp,6,qmc,False,-0.009105038854493043,0.00038356796607272103,-0.05850352826716795,2.77938041501048,    ,9.95786006319463e-05,0.00010911727108806057,0.00011143054798330439,0.00010136389714335438,9.9926427489348e-05,9.949530952438855e-05
RepsRanparQMC/SmoothGauss-4-Lat-Rp-B-6-10000.dat,SmoothGauss,4,Lat-Rp,6,qmc,True,0.011141324558164524,0.00020904885915470802,-1.214463183756913,4.502781411212792,    ,0.00013321819374317333,0.0002404926877198408,0.00026616088677670284,0.0001755060158643611,0.00015214559379721942,0.00015630684740461888
RepsRanparRQMC/SmoothGauss-4-Lat-Rp-RS-8-10000.dat,SmoothGauss,4,Lat-Rp,8,RS,False,2.558072724281413e-05,3.687514123560679e-05,0.21086531384947857,5.260587391611507,    ,1.6039213838500448e-06,1.908795131783612e-06,1.9049035203179823e-06,1.6741548518462903e-06,1.601313304434656e-06,1.5317168598148442e-06
RepsRanparRQMC/SmoothGauss-4-Lat-Rp-RSB-8-10000.dat,SmoothGauss,4,Lat-Rp,8,RS,True,-3.086412522505526e-05,3.149471761184373e-05,0.5745139847563395,15.145614136509344,    ,1.3702881425669397e-06,5.850625539612185e-07,5.616909667788703e-07,7.234409269917723e-07,9.358669840246659e-07,7.598572827131977e-07
RepsRanparQMC/SmoothGauss-4-Lat-Rp-8-10000.dat,SmoothGauss,4,Lat-Rp,8,qmc,False,-0.002084858866787769,0.000134941033273778,0.3098754268910686,4.38192790289827,    ,1.021363794110958e-05,1.1918247527734038e-05,1.2206366268362461e-05,1.1344434056571815e-05,1.0833328684462595e-05,1.0416219915321815e-05
RepsRanparQMC/SmoothGauss-4-Lat-Rp-B-8-10000.dat,SmoothGauss,4,Lat-Rp,8,qmc,True,0.004424074406028067,5.387107809798479e-05,-2.227727041139823,10.24789926007712,    ,2.1914655136941496e-05,3.15897515359023e-05,3.243175211360943e-05,3.064317071096468e-05,2.7124229481101815e-05,2.7054906116262527e-05
RepsRanparRQMC/SmoothGauss-4-Lat-Rp-RS-10-10000.dat,SmoothGauss,4,Lat-Rp,10,RS,False,-3.480548977513075e-05,8.15344338233925e-06,0.6804431924151433,18.60776740828301,    ,3.557089604810628e-07,2.415075381561196e-07,2.327044363677975e-07,2.6752361425503737e-07,2.91544415091227e-07,2.62526276672448e-07
RepsRanparRQMC/SmoothGauss-4-Lat-Rp-RSB-10-10000.dat,SmoothGauss,4,Lat-Rp,10,RS,True,-3.726386243044366e-05,7.726420302599623e-06,0.7928144574628916,57.854704875019465,    ,3.373199129475665e-07,4.896414361659864e-08,4.411779542123241e-08,9.313024426984067e-08,1.3780449417548739e-07,1.0369709964891974e-07
RepsRanparQMC/SmoothGauss-4-Lat-Rp-10-10000.dat,SmoothGauss,4,Lat-Rp,10,qmc,False,-0.00032969226928873495,3.8145779775534306e-05,0.7916310476483284,10.599593969353236,    ,1.7672091565824213e-06,1.2678488653128356e-06,1.2426469399004294e-06,1.474918444681173e-06,1.5767785895371525e-06,1.4019848828622517e-06
RepsRanparQMC/SmoothGauss-4-Lat-Rp-B-10-10000.dat,SmoothGauss,4,Lat-Rp,10,qmc,True,0.001359034093006423,1.3662611853650306e-05,-4.2325259419569425,31.29028164995342,    ,2.4410002682864125e-06,1.9957749699587525e-06,1.8850639159800023e-06,2.7052385400879538e-06,2.8379098063477394e-06,2.6252384690446115e-06
RepsRanparRQMC/SmoothGauss-4-Lat-Rp-RS-12-10000.dat,SmoothGauss,4,Lat-Rp,12,RS,False,1.7289638244331372e-05,2.014212693638398e-06,2.492549797299016,69.81389901831852,    ,8.787339653141977e-08,3.0059803440991993e-08,2.8406405813334664e-08,3.8880113590481856e-08,4.693658239039623e-08,3.9929145370464666e-08
RepsRanparRQMC/SmoothGauss-4-Lat-Rp-RSB-12-10000.dat,SmoothGauss,4,Lat-Rp,12,RS,True,-2.027286673384123e-05,1.6726888748005569e-06,0.314209718795424,245.33546111566343,    ,7.31365923778062e-08,4.1375115417207685e-09,3.678677920528832e-09,9.923485018537365e-09,1.840214236867439e-08,1.1659099572473533e-08
RepsRanparQMC/SmoothGauss-4-Lat-Rp-12-10000.dat,SmoothGauss,4,Lat-Rp,12,qmc,False,-1.1703844817748665e-05,9.800467035529934e-06,1.7832676205035698,35.3090938063371,    ,4.2624424239786294e-07,1.1819992111114443e-07,1.1194757240580622e-07,1.910048841533017e-07,2.539204721311229e-07,2.0157464430606242e-07
RepsRanparQMC/SmoothGauss-4-Lat-Rp-B-12-10000.dat,SmoothGauss,4,Lat-Rp,12,qmc,True,0.0004059176880008732,3.2158945296084233e-06,-8.281507573607996,117.98362617572428,    ,3.0459067071929694e-07,9.924891024663066e-08,8.661491588050698e-08,1.786492956167128e-07,2.3460641491546931e-07,2.0235959248737389e-07
RepsRanparRQMC/SmoothGauss-4-Lat-Rp-RS-14-10000.dat,SmoothGauss,4,Lat-Rp,14,RS,False,-7.344331051642761e-06,4.2107124378193667e-07,-0.10493661123528164,93.4909902197587,    ,1.836138458041946e-08,3.707159196050777e-09,3.434933697959151e-09,5.572971645582023e-09,7.696266422052027e-09,6.0149245111751194e-09
RepsRanparRQMC/SmoothGauss-4-Lat-Rp-RSB-14-10000.dat,SmoothGauss,4,Lat-Rp,14,RS,True,7.029149450737249e-06,4.372897882640655e-07,23.866185373885127,979.2137532296033,    ,1.9062008431742776e-08,2.989061089628167e-10,2.6198415288248216e-10,9.189961076724086e-10,2.006404058951162e-09,1.122101151448914e-09
RepsRanparQMC/SmoothGauss-4-Lat-Rp-14-10000.dat,SmoothGauss,4,Lat-Rp,14,qmc,False,-8.758208608814444e-06,2.6893477948634147e-06,6.469777150584169,158.62834212049341,    ,1.1700487121209701e-07,1.390423377036162e-08,1.2849986735216242e-08,2.5014137123565847e-08,4.303237983311074e-08,2.77401677542455e-08
RepsRanparQMC/SmoothGauss-4-Lat-Rp-B-14-10000.dat,SmoothGauss,4,Lat-Rp,14,qmc,True,0.00010473545533506047,8.854237179970495e-07,-17.316255496873097,460.84980959669576,    ,4.946619899541851e-08,3.6011269694614937e-09,2.88004973308945e-09,9.473472535852557e-09,1.6470211861187277e-08,1.22310605963824e-08
RepsRanparRQMC/SmoothGauss-4-Lat-Rp-RS-16-10000.dat,SmoothGauss,4,Lat-Rp,16,RS,False,-7.107085328663076e-06,1.292567303825065e-07,-0.19247927200659387,471.69120213946604,    ,5.670368504586572e-09,4.400949918113855e-10,4.052910023315241e-10,7.387612196705941e-10,1.1092633977403556e-09,8.277264942368948e-10
RepsRanparRQMC/SmoothGauss-4-Lat-Rp-RSB-16-10000.dat,SmoothGauss,4,Lat-Rp,16,RS,True,9.987676619420016e-07,5.641597857032445e-08,4.309981729942701,844.7720039513176,    ,2.4538661703349085e-09,2.437723291243448e-11,2.1549453720342944e-11,7.709268550143576e-11,2.321078512706009e-10,9.66860614150535e-11
RepsRanparQMC/SmoothGauss-4-Lat-Rp-16-10000.dat,SmoothGauss,4,Lat-Rp,16,qmc,False,-1.5567569202746823e-06,5.826085925935639e-07,17.34405514373252,784.3680938427368,    ,2.5333231865742036e-08,1.3205539344981107e-09,1.202936798184534e-09,2.781707239240251e-09,4.667448007320165e-09,3.1907695819907193e-09
RepsRanparQMC/SmoothGauss-4-Lat-Rp-B-16-10000.dat,SmoothGauss,4,Lat-Rp,16,qmc,True,3.2581899756477195e-05,1.6615696520865336e-07,-37.30898206735815,2335.4001348740694,    ,8.285796070378232e-09,1.506347160681081e-10,1.1616103181884953e-10,4.842211925416438e-10,1.0166757584120132e-09,6.903810632222867e-10
RepsRanparRQMC/SmoothGauss-4-Lat-Rv-RS-6-10000.dat,SmoothGauss,4,Lat-Rv,6,RS,False,3.1491792302638964e-05,0.00014386905246206903,0.08875190749943496,3.700518700184649,    ,6.256167926985434e-06,8.42342303393943e-06,8.806624184371597e-06,7.098143096556264e-06,6.580300197884147e-06,6.356768250958577e-06
RepsRanparRQMC/SmoothGauss-4-Lat-Rv-RSB-6-10000.dat,SmoothGauss,4,Lat-Rv,6,RS,True,-6.932774235512873e-05,0.00017627916904056117,0.2080455666315497,5.039416953185723,    ,7.669118033275762e-06,5.37366860208321e-06,4.904046756098923e-06,7.428063930868503e-06,7.564344629172372e-06,7.004836606857032e-06
RepsRanparQMC/SmoothGauss-4-Lat-Rv-6-10000.dat,SmoothGauss,4,Lat-Rv,6,qmc,False,-0.005663901846301927,0.0004000575173290688,0.15110155781025777,2.9831005386787273,    ,4.947358922580624e-05,7.533358635808472e-05,8.269622203953483e-05,5.7811247320851386e-05,5.319312330426386e-05,5.3070167655242904e-05
RepsRanparQMC/SmoothGauss-4-Lat-Rv-B-6-10000.dat,SmoothGauss,4,Lat-Rv,6,qmc,True,0.0021264355727532666,0.0002536133886405734,-1.0595919601830635,4.112502513240895,    ,1.5548397316399793e-05,7.0638165351285e-05,8.33471444863042e-05,2.8685781712376556e-05,2.0420608017738832e-05,2.1472226630261887e-05
RepsRanparRQMC/SmoothGauss-4-Lat-Rv-RS-8-10000.dat,SmoothGauss,4,Lat-Rv,8,RS,False,2.9038690671170286e-05,2.8933326932506094e-05,0.3054952824269831,7.941833422171569,    ,1.258813981751813e-06,1.1733867182138502e-06,1.1588494682590548e-06,1.1353208651128874e-06,1.1536137175274425e-06,1.0755921036088354e-06
RepsRanparRQMC/SmoothGauss-4-Lat-Rv-RSB-8-10000.dat,SmoothGauss,4,Lat-Rv,8,RS,True,-0.00013835821181280755,4.221456548619437e-05,0.37891005849953385,14.266143439571637,    ,1.8545588854801407e-06,6.05208107127892e-07,5.743947769195333e-07,9.32000729125978e-07,1.3029701836651604e-06,1.0211293062922146e-06
RepsRanparQMC/SmoothGauss-4-Lat-Rv-8-10000.dat,SmoothGauss,4,Lat-Rv,8,qmc,False,-0.0012230172435583597,0.00012171105872820478,0.5964790487496415,5.966722828091348,    ,6.787556340136949e-06,7.268546072596476e-06,7.307381993524679e-06,7.331575587515285e-06,7.091423160545524e-06,6.659527991245473e-06
RepsRanparQMC/SmoothGauss-4-Lat-Rv-B-8-10000.dat,SmoothGauss,4,Lat-Rv,8,qmc,True,0.0014576183332441347,6.606846884743872e-05,-2.334590548280866,10.076369378399548,    ,4.9971933292110925e-06,1.227011438267616e-05,1.3415580501917204e-05,1.038880527418394e-05,7.9171664064223e-06,7.721079678864863e-06
RepsRanparRQMC/SmoothGauss-4-Lat-Rv-RS-10-10000.dat,SmoothGauss,4,Lat-Rv,10,RS,False,1.4022819228027872e-05,6.662193240231524e-06,1.0305916398393025,25.821038978338112,    ,2.8985721512134217e-07,1.5517483166396597e-07,1.4937997368201286e-07,1.7748423075906592e-07,1.9958245329866016e-07,1.7646074399048023e-07
RepsRanparRQMC/SmoothGauss-4-Lat-Rv-RSB-10-10000.dat,SmoothGauss,4,Lat-Rv,10,RS,True,-5.109754205333111e-05,9.953883325856856e-06,0.7796782896267866,51.400170890054504,    ,4.3538849471071176e-07,5.05262714501834e-08,4.4852635517097015e-08,1.0216879195199101e-07,1.6814328301614066e-07,1.1733234754705568e-07
RepsRanparQMC/SmoothGauss-4-Lat-Rv-10-10000.dat,SmoothGauss,4,Lat-Rv,10,qmc,False,-0.0002730939748857016,3.1907499462178415e-05,1.1190446068499151,16.104016765360157,    ,1.4618629044309772e-06,7.779339906468908e-07,7.489307691265098e-07,9.986024583446049e-07,1.141028073234216e-06,9.708346424250225e-07
RepsRanparQMC/SmoothGauss-4-Lat-Rv-B-10-10000.dat,SmoothGauss,4,Lat-Rv,10,qmc,True,0.0005516734653656271,1.5597173078473753e-05,-4.6962765557870005,32.90766550584167,    ,9.824815723221613e-07,8.368082875369061e-07,7.972210446240859e-07,1.138391472350666e-06,1.1914785590334555e-06,1.013404936229656e-06
RepsRanparRQMC/SmoothGauss-4-Lat-Rv-RS-12-10000.dat,SmoothGauss,4,Lat-Rv,12,RS,False,1.9115422639597625e-05,1.7018872261366038e-06,4.296416883955037,129.25839198612226,    ,7.436049617123844e-08,2.0585289678961366e-08,1.9415936144777094e-08,2.4864923193865566e-08,3.1056736112321856e-08,2.584545582911541e-08
RepsRanparRQMC/SmoothGauss-4-Lat-Rv-RSB-12-10000.dat,SmoothGauss,4,Lat-Rv,12,RS,True,-3.094271893582585e-05,2.6569712247731945e-06,-0.6656444241689573,169.64293250202428,    ,1.1647793988875867e-07,4.262658723888682e-09,3.76048235534971e-09,1.0271333174140503e-08,2.279378335474313e-08,1.2613089722129716e-08
RepsRanparQMC/SmoothGauss-4-Lat-Rv-12-10000.dat,SmoothGauss,4,Lat-Rv,12,qmc,False,-3.949468461094027e-05,8.088210586123503e-06,2.226028183532787,56.9773164073664,    ,3.532211599439743e-07,7.035606065164193e-08,6.515000360557833e-08,1.1690870034129523e-07,1.6484225563681624e-07,1.2543122956194767e-07
RepsRanparQMC/SmoothGauss-4-Lat-Rv-B-12-10000.dat,SmoothGauss,4,Lat-Rv,12,qmc,True,0.00017048127789333792,3.8506650675803385e-06,-9.172206046143572,113.99854023215248,    ,1.9648408644172545e-07,3.940862298801002e-08,3.4561785113171155e-08,7.560369849737504e-08,1.099286068986109e-07,8.278153829037138e-08
RepsRanparRQMC/SmoothGauss-4-Lat-Rv-RS-14-10000.dat,SmoothGauss,4,Lat-Rv,14,RS,False,5.280135518879881e-06,6.917179033303338e-07,16.873707937057628,598.774412785942,    ,3.0102571280242684e-08,2.4993969718972225e-09,2.335867829455046e-09,3.643333054309658e-09,5.259733762453045e-09,4.0071820435149404e-09
RepsRanparRQMC/SmoothGauss-4-Lat-Rv-RSB-14-10000.dat,SmoothGauss,4,Lat-Rv,14,RS,True,-2.2475723230977874e-05,9.435868393546067e-07,-7.648085766135809,518.8944945547771,    ,4.1530672889303635e-08,3.1893785331165147e-10,2.761573389054438e-10,1.0483705346009672e-09,3.3556618872109045e-09,1.27640350996525e-09
RepsRanparQMC/SmoothGauss-4-Lat-Rv-14-10000.dat,SmoothGauss,4,Lat-Rv,14,qmc,False,1.949064020597312e-05,2.015100637582154e-06,7.277961766459321,233.59284243189893,    ,8.799295625486278e-08,7.521553010381065e-09,6.89726917155203e-09,1.4599001947800967e-08,2.320799871184502e-08,1.6584973627923213e-08
RepsRanparQMC/SmoothGauss-4-Lat-Rv-B-14-10000.dat,SmoothGauss,4,Lat-Rv,14,qmc,True,6.164904129568655e-05,8.522987277367433e-07,-18.45287477363977,489.8987677132865,    ,4.085707071601393e-08,1.8396618115490519e-09,1.5292261207169015e-09,4.741484793558358e-09,9.11372022470456e-09,6.111666287490687e-09
RepsRanparRQMC/SmoothGauss-4-Lat-Rv-RS-16-10000.dat,SmoothGauss,4,Lat-Rv,16,RS,False,1.3317026685429888e-06,1.7211064346076898e-07,24.679015757985038,2179.9881733729717,    ,7.484844886813448e-09,2.817768665066875e-10,2.6092902804688954e-10,4.4602025606684676e-10,6.97509080556103e-10,4.999423326419006e-10
RepsRanparRQMC/SmoothGauss-4-Lat-Rv-RSB-16-10000.dat,SmoothGauss,4,Lat-Rv,16,RS,True,-1.6158273457345106e-08,2.867316504498063e-07,5.092929500553964,2065.7256633791976,    ,1.2466593758907467e-08,2.5304170913605457e-11,2.2062316162775763e-11,7.568828019339549e-11,2.9622094147959134e-10,9.45474438829611e-11
RepsRanparQMC/SmoothGauss-4-Lat-Rv-16-10000.dat,SmoothGauss,4,Lat-Rv,16,qmc,False,7.244881983590523e-06,4.356554414648833e-07,26.048116873753127,1240.4799780705014,    ,1.899402924821195e-08,7.738309462966499e-10,6.967529817035798e-10,1.6330026489155603e-09,2.669918120091223e-09,1.8236483625683676e-09
RepsRanparQMC/SmoothGauss-4-Lat-Rv-B-16-10000.dat,SmoothGauss,4,Lat-Rv,16,qmc,True,2.1022162425211542e-05,1.6277752195865719e-07,-39.92856659806794,2432.3737094042367,    ,7.519214876451854e-09,1.0361874801142675e-10,8.571881001604124e-11,2.7702862177166606e-10,6.429931734748883e-10,3.843532405348063e-10
RepsFixedparRQMC/SmoothGauss-4-Sob-DS-6-10000.dat,SmoothGauss,4,Sob,6,DS,False,2.8399443675085546e-05,5.005141997131242e-05,-0.08720755851775779,2.8985673742716918,    ,2.176955222805942e-06,3.363139704940822e-06,3.631070783406326e-06,2.6188191690963028e-06,2.3427586339294577e-06,2.282137084594987e-06
RepsFixedparRQMC/SmoothGauss-4-Sob-DS-8-10000.dat,SmoothGauss,4,Sob,8,DS,False,4.719752708807978e-07,3.568953006049644e-06,-0.06810795837839344,2.898234713091442,    ,1.5517209258890172e-07,2.5305340749922674e-07,2.6987638992388267e-07,1.8960522033250724e-07,1.6832169460737304e-07,1.6536391680779757e-07
RepsFixedparRQMC/SmoothGauss-4-Sob-DS-10-10000.dat,SmoothGauss,4,Sob,10,DS,False,5.544823079998262e-07,2.739899101213229e-07,-0.07080211329660849,2.807006468179853,    ,1.1912912238513489e-08,1.920185725388922e-08,2.0603608266337663e-08,1.4433984147949768e-08,1.2927704076954194e-08,1.25415603429376e-08
RepsFixedparRQMC/SmoothGauss-4-Sob-DS-12-10000.dat,SmoothGauss,4,Sob,12,DS,False,-1.886709841114187e-06,1.7474792622755033e-08,-0.09827676501133756,2.8471426734910916,    ,7.633332663182542e-10,1.1506236113413359e-09,1.247559536870008e-09,9.286547478038189e-10,8.337390513175462e-10,8.111620813919697e-10
RepsFixedparRQMC/SmoothGauss-4-Sob-DS-14-10000.dat,SmoothGauss,4,Sob,14,DS,False,-5.519350062123562e-07,1.1197728825244512e-09,-0.09090809518850798,2.89800509534167,    ,4.899040975214573e-11,7.678013986439582e-11,8.2702429451515e-11,6.015783878881465e-11,5.368901916403301e-11,5.24530153604062e-11
RepsFixedparRQMC/SmoothGauss-4-Sob-DS-16-10000.dat,SmoothGauss,4,Sob,16,DS,False,7.952482425677144e-08,7.34938174543505e-11,-0.03570034945487041,2.8252758070534676,    ,3.2017075652535274e-12,4.831510381363835e-12,5.281206096740328e-12,3.960348485621349e-12,3.5205191305190625e-12,3.448015968559271e-12
RepsRanparRQMC/SmoothGauss-4-Sob-LMS-DS-6-10000.dat,SmoothGauss,4,Sob-LMS,6,DS,False,1.2484511234688866e-05,2.6888380226537407e-05,-0.014621648065830297,3.03681693757924,    ,1.1692158728702217e-06,1.7471036689565373e-06,1.8690347238505738e-06,1.4227376246080958e-06,1.2674755254064706e-06,1.237145631993122e-06
RepsRanparQMC/SmoothGauss-4-Sob-LMS-6-10000.dat,SmoothGauss,4,Sob-LMS,6,qmc,False,0.012424374002301697,1.5980516765666167e-05,-0.37097362761520153,2.681948049675424,    ,0.00015505987442583839,0.00016586496307761402,0.0001687266003274101,0.00015880522235102798,0.00015683928579257828,0.00015697912085524274
RepsRanparRQMC/SmoothGauss-4-Sob-LMS-DS-8-10000.dat,SmoothGauss,4,Sob-LMS,8,DS,False,-1.944916106108112e-05,1.3311317254516698e-06,0.004076601576629721,2.958849673649568,    ,5.8253562276922036e-08,9.239292810617574e-08,9.796255556485442e-08,7.20573705575491e-08,6.496516367670114e-08,6.305339345113095e-08
RepsRanparQMC/SmoothGauss-4-Sob-LMS-8-10000.dat,SmoothGauss,4,Sob-LMS,8,qmc,False,0.0027073899615701258,6.637059613113148e-07,-0.1183430511080491,3.1381003671999395,    ,7.358817184937266e-06,7.44777533234659e-06,7.470316210457693e-06,7.3925989288153925e-06,7.370876516985474e-06,7.3702960500314345e-06
RepsRanparRQMC/SmoothGauss-4-Sob-LMS-DS-10-10000.dat,SmoothGauss,4,Sob-LMS,10,DS,False,-6.571397858073287e-06,1.215419345483916e-07,0.07138355068993157,3.0198932962866767,    ,5.327615206695681e-09,8.534528554824195e-09,9.078741718412713e-09,6.529740740641875e-09,5.934467478228443e-09,5.751437812072892e-09
RepsRanparQMC/SmoothGauss-4-Sob-LMS-10-10000.dat,SmoothGauss,4,Sob-LMS,10,qmc,False,0.0002543238002707117,7.712392221093545e-08,0.13299300970358183,2.9750990127366155,    ,6.803380939330796e-08,6.670810186431267e-08,6.625397169939306e-08,6.68776575390288e-08,6.731649920339002e-08,6.712243993453758e-08
RepsRanparRQMC/SmoothGauss-4-Sob-LMS-DS-12-10000.dat,SmoothGauss,4,Sob-LMS,12,DS,False,8.682436098268794e-07,7.088050482730896e-09,0.04868680628757404,3.063901923714416,    ,3.0892995491082677e-10,4.6420371046959415e-10,4.960291232953481e-10,3.669130420796973e-10,3.350266086648667e-10,3.2470394411040476e-10
RepsRanparQMC/SmoothGauss-4-Sob-LMS-12-10000.dat,SmoothGauss,4,Sob-LMS,12,qmc,False,-4.736675963083059e-05,4.8408949609505476e-09,0.11426239893933006,3.1529326755074565,    ,2.4540836118792543e-09,2.6483186544264227e-09,2.700304505990778e-09,2.5526402050115267e-09,2.502187257658306e-09,2.497298012699894e-09
RepsRanparRQMC/SmoothGauss-4-Sob-LMS-DS-14-10000.dat,SmoothGauss,4,Sob-LMS,14,DS,False,-7.681491335846677e-08,4.0500419591424594e-10,-0.040091232205221025,2.9980566166936993,    ,1.7614778614142356e-11,2.734972878649259e-11,2.914914674405312e-11,2.1543874144101972e-11,1.9330819510073148e-11,1.8888146002104375e-11
RepsRanparQMC/SmoothGauss-4-Sob-LMS-14-10000.dat,SmoothGauss,4,Sob-LMS,14,qmc,False,-2.314951934730565e-05,2.6676421096578124e-10,-0.019235051046196397,3.079768610034231,    ,5.474986899663126e-10,5.5371835019809e-10,5.553206056302527e-10,5.46614212000121e-10,5.448611145436706e-10,5.448539555868061e-10
RepsRanparRQMC/SmoothGauss-4-Sob-LMS-DS-16-10000.dat,SmoothGauss,4,Sob-LMS,16,DS,False,4.753864867068564e-08,2.6713080717488927e-11,-0.04068491469624776,3.0986426790163764,    ,1.1636982151821709e-12,1.7155964819614554e-12,1.837948621848509e-12,1.3919759712924133e-12,1.259109135261147e-12,1.2252545343193448e-12
RepsRanparQMC/SmoothGauss-4-Sob-LMS-16-10000.dat,SmoothGauss,4,Sob-LMS,16,qmc,False,-4.416070998802247e-06,2.060020898828999e-11,-0.011115319787470625,3.139058469960861,    ,2.0397344326822708e-11,2.0860302378442167e-11,2.0915366172672312e-11,2.055079523875721e-11,2.0491860299543215e-11,2.0438139948638758e-11
RepsRanparRQMC/SmoothGauss-4-Sob-NUS-6-10000.dat,SmoothGauss,4,Sob-NUS,6,NUS,False,3.0426335500532463e-05,2.7070462789525164e-05,0.004069672222450784,2.95992146561727,    ,1.1779024049148242e-06,1.8273554431868242e-06,1.9466450382790586e-06,1.4230288138336725e-06,1.2696743099006438e-06,1.2374407369111527e-06
RepsRanparRQMC/SmoothGauss-4-Sob-NUS-8-10000.dat,SmoothGauss,4,Sob-NUS,8,NUS,False,-1.9040287415302503e-06,1.3575715308045104e-06,-0.011788601805485173,2.9406723295224313,    ,5.902847449086207e-08,9.064031762790175e-08,9.735148559197604e-08,7.212202543752668e-08,6.452891813592985e-08,6.2814442929571e-08
RepsRanparRQMC/SmoothGauss-4-Sob-NUS-10-10000.dat,SmoothGauss,4,Sob-NUS,10,NUS,False,3.0476107403963003e-06,1.2043163049125098e-07,0.015083139344686268,2.9221028945223138,    ,5.245445778670674e-09,8.262731348561403e-09,8.82318037418804e-09,6.40552747218772e-09,5.757761384572814e-09,5.61858935496088e-09
RepsRanparRQMC/SmoothGauss-4-Sob-NUS-12-10000.dat,SmoothGauss,4,Sob-NUS,12,NUS,False,7.807922360967612e-07,7.043553436612374e-09,0.012731301605338717,3.114183341987537,    ,3.0685109028170435e-10,4.5577122818589197e-10,4.838555891803835e-10,3.6351309439239903e-10,3.2555111642345074e-10,3.195094016417482e-10
RepsRanparRQMC/SmoothGauss-4-Sob-NUS-14-10000.dat,SmoothGauss,4,Sob-NUS,14,NUS,False,-1.2373253521831273e-07,4.0370846119321394e-10,0.03558350862861716,2.9436798041675667,    ,1.756785153128085e-11,2.67512237169276e-11,2.865319432580486e-11,2.170408358832446e-11,1.9231135453516337e-11,1.8961492847615373e-11
RepsRanparRQMC/SmoothGauss-4-Sob-NUS-16-10000.dat,SmoothGauss,4,Sob-NUS,16,NUS,False,4.379103493383773e-08,2.703193589918494e-11,0.005333543236830814,2.98950496988434,    ,1.1772192155747043e-12,1.7891513153497827e-12,1.9120205011783766e-12,1.430546047907992e-12,1.2757299135863353e-12,1.2446201963657512e-12
RepsFixedparRQMC/SmoothGauss-8-Lat-RS-6-10000.dat,SmoothGauss,8,Lat,6,RS,False,3.6665303564255125e-06,0.00016072423742930937,0.039367035072392774,2.9288569674595033,    ,6.988023766458306e-06,1.0726373856607597e-05,1.1485972818293243e-05,8.708483485814471e-06,7.75837410175635e-06,7.625211041263193e-06
RepsFixedparRQMC/SmoothGauss-8-Lat-RSB-6-10000.dat,SmoothGauss,8,Lat,6,RS,True,-8.687545133748502e-05,0.00021061221325360328,0.13453012681241294,2.702646204767449,    ,9.164600094201755e-06,1.4327435924817916e-05,1.5577084748395788e-05,1.1366682867526e-05,1.010427317578933e-05,9.916348926031914e-06
RepsFixedparRQMC/SmoothGauss-8-Lat-RS-8-10000.dat,SmoothGauss,8,Lat,8,RS,False,9.13137501078466e-06,2.9459343836990486e-05,0.10824062618510384,2.9341795524345247,    ,1.2809244184004784e-06,2.0752615912454765e-06,2.2312801108548686e-06,1.5823675371326853e-06,1.3960811071924347e-06,1.3766372541198928e-06
RepsFixedparRQMC/SmoothGauss-8-Lat-RSB-8-10000.dat,SmoothGauss,8,Lat,8,RS,True,-3.910138401437185e-05,1.599442534862663e-05,0.04445489718006445,2.8207647818552526,    ,6.969387159982146e-07,1.0962542771263594e-06,1.186902122482107e-06,8.59415255043236e-07,7.629499358516982e-07,7.464561898105535e-07
RepsFixedparRQMC/SmoothGauss-8-Lat-RS-10-10000.dat,SmoothGauss,8,Lat,10,RS,False,3.246702372136645e-05,7.234025421181152e-06,0.4644193165204284,2.672103463459438,    ,3.155769520285043e-07,6.155792431593171e-07,7.187681394538105e-07,4.179248177919694e-07,3.5464874813086556e-07,3.469561669123447e-07
RepsFixedparRQMC/SmoothGauss-8-Lat-RSB-10-10000.dat,SmoothGauss,8,Lat,10,RS,True,-1.7782722862926126e-05,5.752774902904881e-06,0.04441944586970547,2.264646797415283,    ,2.504368731848058e-07,5.463941157052393e-07,6.210031771623993e-07,3.372260056241774e-07,2.8595293454246705e-07,2.8324761507728946e-07
RepsFixedparRQMC/SmoothGauss-8-Lat-RS-12-10000.dat,SmoothGauss,8,Lat,12,RS,False,-2.8959029273756708e-06,3.1949148931103686e-07,0.04440526249029017,2.967454893996244,    ,1.3899320571635951e-08,2.1981711212914912e-08,2.343000323578239e-08,1.7112228688165216e-08,1.5416976094455477e-08,1.503540142917221e-08
RepsFixedparRQMC/SmoothGauss-8-Lat-RSB-12-10000.dat,SmoothGauss,8,Lat,12,RS,True,2.1531361952565666e-06,1.6694486793115805e-07,0.07151815216984063,2.8894404713898316,    ,7.263108514221326e-09,1.1885632049131145e-08,1.270813227596662e-08,8.98875152279396e-09,8.041987495078369e-09,7.896403840580981e-09
RepsFixedparRQMC/SmoothGauss-8-Lat-RS-14-10000.dat,SmoothGauss,8,Lat,14,RS,False,-5.677382342250015e-07,3.7505305859215834e-08,-0.009586148929322223,2.97116689524811,    ,1.6309877988424198e-09,2.5196088601091134e-09,2.707889478523728e-09,2.0133335446953697e-09,1.7748810105440697e-09,1.7489145025698677e-09
RepsFixedparRQMC/SmoothGauss-8-Lat-RSB-14-10000.dat,SmoothGauss,8,Lat,14,RS,True,2.0851951041947926e-06,7.80856458459933e-09,0.03511012892519433,2.9658456933669983,    ,3.438508466486158e-10,5.099890500790797e-10,5.491928514096683e-10,4.118586065133908e-10,3.677637872551659e-10,3.596870117912974e-10
RepsFixedparRQMC/SmoothGauss-8-Lat-RS-16-10000.dat,SmoothGauss,8,Lat,16,RS,False,-4.018182785902269e-07,7.428503670510739e-09,-0.037610499404981595,2.973778721497486,    ,3.2313987838599786e-10,4.867197935415657e-10,5.188572916103741e-10,3.9324078783888796e-10,3.5401053931140246e-10,3.4244716058024834e-10
RepsFixedparRQMC/SmoothGauss-8-Lat-RSB-16-10000.dat,SmoothGauss,8,Lat,16,RS,True,7.965978939298624e-07,1.4561239054862092e-09,-0.035312490109020565,2.823038552444686,    ,6.394430322575302e-11,1.0448778836399087e-10,1.1310230514989709e-10,7.76545235459109e-11,6.923572769403895e-11,6.811659400717461e-11
RepsRanparRQMC/SmoothGauss-8-Lat-Rp-RS-6-10000.dat,SmoothGauss,8,Lat-Rp,6,RS,False,-0.00011716341592164241,0.00021376071147508996,-0.11406792100648262,3.1997852720702067,    ,9.307671243208251e-06,1.3670040621556972e-05,1.4423500094489492e-05,1.0904685964890106e-05,1.0002619263473717e-05,9.677167821488147e-06
RepsRanparRQMC/SmoothGauss-8-Lat-Rp-RSB-6-10000.dat,SmoothGauss,8,Lat-Rp,6,RS,True,2.356606735820599e-05,0.00014830582541188324,-0.05632353841712642,3.542014153070339,    ,6.448634725264785e-06,8.702251543703885e-06,9.22631796370172e-06,7.425849667210961e-06,6.898689556526764e-06,6.664572068291061e-06
RepsRanparQMC/SmoothGauss-8-Lat-Rp-6-10000.dat,SmoothGauss,8,Lat-Rp,6,qmc,False,-0.009071158923474026,0.0004483718286847676,-0.3383359812324342,2.9599320255011428,    ,0.00010178035154904278,9.374093246726e-05,9.081353217219056e-05,9.639372048597552e-05,9.838054372704862e-05,9.770247889197647e-05
RepsRanparQMC/SmoothGauss-8-Lat-Rp-B-6-10000.dat,SmoothGauss,8,Lat-Rp,6,qmc,True,0.019461844925230967,0.00027007731190607564,-0.6538222971243519,3.786119171481018,    ,0.00039050589971574166,0.00045658409003230036,0.00047401261516960964,0.0004235510229734465,0.0004064386438409878,0.0004074385299747519
RepsRanparRQMC/SmoothGauss-8-Lat-Rp-RS-8-10000.dat,SmoothGauss,8,Lat-Rp,8,RS,False,-7.332742732794489e-05,4.1972985543769116e-05,0.0008180463414814414,3.498358008099417,    ,1.8302893265450184e-06,2.573232561718283e-06,2.6857371176695662e-06,2.1327281469362744e-06,1.9932981589009533e-06,1.9036642598299743e-06
RepsRanparRQMC/SmoothGauss-8-Lat-Rp-RSB-8-10000.dat,SmoothGauss,8,Lat-Rp,8,RS,True,5.785881616180956e-05,3.6823497874344944e-05,0.06376677341418735,5.5607875217090506,    ,1.6043692893182958e-06,1.257810927203895e-06,1.1519515323987042e-06,1.515090020263167e-06,1.5444514439178624e-06,1.4438466899737898e-06
RepsRanparQMC/SmoothGauss-8-Lat-Rp-8-10000.dat,SmoothGauss,8,Lat-Rp,8,qmc,False,-0.0018016438865717116,0.00016341060093278333,-0.1243885102137803,3.218547871784405,    ,1.0350729430229193e-05,1.2914399661216155e-05,1.330197617381216e-05,1.0916830513765844e-05,1.0406235575359113e-05,1.0116615345896118e-05
RepsRanparQMC/SmoothGauss-8-Lat-Rp-B-8-10000.dat,SmoothGauss,8,Lat-Rp,8,qmc,True,0.007378433398403367,7.411110227646798e-05,-1.0355599590108044,4.622547477022954,    ,5.766350125278156e-05,8.65844283706961e-05,9.347589803107365e-05,6.88984991831528e-05,6.257339729627648e-05,6.325360497307372e-05
RepsRanparRQMC/SmoothGauss-8-Lat-Rp-RS-10-10000.dat,SmoothGauss,8,Lat-Rp,10,RS,False,-1.9944637437513825e-05,9.183042625167708e-06,0.06783999287867927,5.215939830606577,    ,3.996605113958925e-07,4.492518601760323e-07,4.583550376905604e-07,4.1049885199493643e-07,3.9254509253614754e-07,3.740928036073676e-07
RepsRanparRQMC/SmoothGauss-8-Lat-Rp-RSB-10-10000.dat,SmoothGauss,8,Lat-Rp,10,RS,True,2.9419049668840215e-05,8.66076449234024e-06,0.3602804938597684,14.857389626717378,    ,3.774204584112542e-07,1.8039891965821432e-07,1.7289538694302366e-07,2.1351986759037865e-07,2.6506935852071216e-07,2.2213606769732882e-07
RepsRanparQMC/SmoothGauss-8-Lat-Rp-10-10000.dat,SmoothGauss,8,Lat-Rp,10,qmc,False,-0.00011091081731283335,4.775696385121453e-05,0.06138810393020019,4.2756946255148245,    ,2.088690942058502e-06,2.348651073555957e-06,2.350417561160718e-06,2.2452608061443465e-06,2.1918335926013796e-06,2.0607490747222632e-06
RepsRanparQMC/SmoothGauss-8-Lat-Rp-B-10-10000.dat,SmoothGauss,8,Lat-Rp,10,qmc,True,0.002327412649430976,1.7460032250974232e-05,-1.9154698860015125,8.536715122499434,    ,6.175981477730195e-06,9.522007720487078e-06,9.975686662470272e-06,8.774762015134621e-06,7.5784823740881915e-06,7.596228272339231e-06
RepsRanparRQMC/SmoothGauss-8-Lat-Rp-RS-12-10000.dat,SmoothGauss,8,Lat-Rp,12,RS,False,2.6853046659387558e-05,2.308941170747704e-06,0.08881472575206507,10.683220151969216,    ,1.0110983266913926e-07,8.232262036787079e-08,8.116981243145643e-08,8.81395454983884e-08,8.903793322389017e-08,8.33670671604649e-08
RepsRanparRQMC/SmoothGauss-8-Lat-Rp-RSB-12-10000.dat,SmoothGauss,8,Lat-Rp,12,RS,True,2.6585199942201976e-05,2.370996420366898e-06,1.4449483241669474,47.83120062242245,    ,1.0379357374148415e-07,2.8898843628065235e-08,2.7899295636267812e-08,3.5542721351621366e-08,4.872246119340982e-08,3.8234284708642e-08
RepsRanparQMC/SmoothGauss-8-Lat-Rp-12-10000.dat,SmoothGauss,8,Lat-Rp,12,qmc,False,4.2061169123052066e-05,1.2777972558255912e-05,0.46301902195677697,9.02708594719795,    ,5.573331662199942e-07,3.982010865827004e-07,3.8181305795342344e-07,4.514928854998473e-07,4.93992403919999e-07,4.423901039594686e-07
RepsRanparQMC/SmoothGauss-8-Lat-Rp-B-12-10000.dat,SmoothGauss,8,Lat-Rp,12,qmc,True,0.0006836525727608462,4.480053762769544e-06,-4.03610007371343,26.69272736913085,    ,6.621657864498956e-07,7.84190245778239e-07,7.803582016152201e-07,8.751477398114377e-07,8.428155870048266e-07,7.871923233241867e-07
RepsRanparRQMC/SmoothGauss-8-Lat-Rp-RS-14-10000.dat,SmoothGauss,8,Lat-Rp,14,RS,False,-1.2067372165910806e-05,5.85534533545002e-07,-0.0829668365549519,37.095489716068094,    ,2.560364466859938e-08,1.471075224635588e-08,1.4149268441127143e-08,1.5626033278117744e-08,1.7456617985179576e-08,1.548601028517539e-08
RepsRanparRQMC/SmoothGauss-8-Lat-Rp-RSB-14-10000.dat,SmoothGauss,8,Lat-Rp,14,RS,True,4.408885927618334e-06,6.300870288711771e-07,4.724610882265371,239.48839601668206,    ,2.741452648691306e-08,3.3522020521134414e-09,3.028489312118191e-09,5.433023089083129e-09,7.474222502932257e-09,5.8645511834989776e-09
RepsRanparQMC/SmoothGauss-8-Lat-Rp-14-10000.dat,SmoothGauss,8,Lat-Rp,14,qmc,False,1.1224149225594693e-05,3.2879292919927806e-06,0.9673677219308754,24.57884894178514,    ,1.430794290037854e-07,5.8015320970624275e-08,5.396547697739325e-08,7.682361546927386e-08,9.72849613177431e-08,8.058664510182088e-08
RepsRanparQMC/SmoothGauss-8-Lat-Rp-B-14-10000.dat,SmoothGauss,8,Lat-Rp,14,qmc,True,0.00019982488718987964,1.1193051628789423e-06,-8.210144598583069,101.51116503875487,    ,8.859542740474996e-08,4.346608111968717e-08,3.809668488165807e-08,6.950283302872286e-08,8.019056010491985e-08,7.065689387671236e-08
RepsRanparRQMC/SmoothGauss-8-Lat-Rp-RS-16-10000.dat,SmoothGauss,8,Lat-Rp,16,RS,False,2.634031076499721e-06,1.2543019838669308e-07,-1.014624218935624,59.17373868588706,    ,5.460425006089926e-09,2.2534876918388884e-09,2.1840260904624205e-09,2.658785501772152e-09,3.126726109360224e-09,2.7027081709527487e-09
RepsRanparRQMC/SmoothGauss-8-Lat-Rp-RSB-16-10000.dat,SmoothGauss,8,Lat-Rp,16,RS,True,9.341802433811596e-06,1.6895735675846847e-07,15.581090570827024,595.4208836779272,    ,7.4332413056892575e-09,4.045788420075924e-10,3.72560431702721e-10,7.226500275941355e-10,1.1783881924460234e-09,8.339528116850572e-10
RepsRanparQMC/SmoothGauss-8-Lat-Rp-16-10000.dat,SmoothGauss,8,Lat-Rp,16,qmc,False,2.4148483031591928e-05,7.604354520212292e-07,3.244843154202493,89.6243655789517,    ,3.3645560190171835e-08,8.149011138037387e-09,7.499103887263286e-09,1.1409803826553328e-08,1.5490073055108525e-08,1.229713809402857e-08
RepsRanparQMC/SmoothGauss-8-Lat-Rp-B-16-10000.dat,SmoothGauss,8,Lat-Rp,16,qmc,True,5.935140232012136e-05,2.3402610825460874e-07,-16.52951607959118,447.89611544194634,    ,1.3697637142347895e-08,1.939096315837467e-09,1.57003720431859e-09,3.937034234305349e-09,5.7503176387451164e-09,4.872443636574632e-09
RepsRanparRQMC/SmoothGauss-8-Lat-Rv-RS-6-10000.dat,SmoothGauss,8,Lat-Rv,6,RS,False,-1.079379623884852e-05,0.00015918692210529714,-0.03431245597631054,2.976389117258938,    ,6.921287032354513e-06,1.0698231813348585e-05,1.1369422614095904e-05,8.285010531711929e-06,7.527058505464496e-06,7.2996311723792255e-06
RepsRanparRQMC/SmoothGauss-8-Lat-Rv-RSB-6-10000.dat,SmoothGauss,8,Lat-Rv,6,RS,True,-0.0002123313855287747,0.00019257275500967846,-0.10782544470795766,3.278195056987653,    ,8.417813095962241e-06,1.2283546731499362e-05,1.2950277260009022e-05,1.0008620104893283e-05,9.098383944722696e-06,8.890854631532496e-06
RepsRanparQMC/SmoothGauss-8-Lat-Rv-6-10000.dat,SmoothGauss,8,Lat-Rv,6,qmc,False,-0.005585982913909972,0.00045652129241231944,-0.15835242535692287,2.7450795448137204,    ,5.105195695850803e-05,5.922761004600283e-05,6.067182555635959e-05,5.3115629671891616e-05,5.13618345519827e-05,5.1124169131593334e-05
RepsRanparQMC/SmoothGauss-8-Lat-Rv-B-6-10000.dat,SmoothGauss,8,Lat-Rv,6,qmc,True,0.002542843145241405,0.00030732687882336214,-0.614461048421095,3.459815450935295,    ,1.98280894710126e-05,4.134635676876448e-05,4.590502009137726e-05,2.802399623176837e-05,2.3195452699171786e-05,2.3205948226792467e-05
RepsRanparRQMC/SmoothGauss-8-Lat-Rv-RS-8-10000.dat,SmoothGauss,8,Lat-Rv,8,RS,False,1.2582387044762666e-06,3.292169642225533e-05,-0.024138916614087205,3.825018137301601,    ,1.4313796884800868e-06,1.9044452136880198e-06,1.968953680782017e-06,1.6037137758322957e-06,1.4810305639549194e-06,1.4295137895762712e-06
RepsRanparRQMC/SmoothGauss-8-Lat-Rv-RSB-8-10000.dat,SmoothGauss,8,Lat-Rv,8,RS,True,-6.623130543588379e-05,4.861974359042578e-05,0.0459477835987632,4.852472947323937,    ,2.118288481055645e-06,1.7015751570682344e-06,1.6047134684351744e-06,2.0665311479690163e-06,2.076478369470321e-06,1.9277744208024845e-06
RepsRanparQMC/SmoothGauss-8-Lat-Rv-8-10000.dat,SmoothGauss,8,Lat-Rv,8,qmc,False,-0.0008976531145905433,0.00014808193695823533,-0.00855944226202692,3.2748672820840916,    ,7.2441261992747695e-06,1.0539747043139305e-05,1.1086120613211174e-05,8.509151342149566e-06,7.771200233891434e-06,7.58190198592244e-06
RepsRanparQMC/SmoothGauss-8-Lat-Rv-B-8-10000.dat,SmoothGauss,8,Lat-Rv,8,qmc,True,0.0016459219294450455,8.98503152877032e-05,-1.025148181870412,4.34817269533837,    ,6.615594445119545e-06,2.120128259603072e-05,2.4752633972379046e-05,1.0882755192457441e-05,8.33346080995585e-06,8.488806419330163e-06
RepsRanparRQMC/SmoothGauss-8-Lat-Rv-RS-10-10000.dat,SmoothGauss,8,Lat-Rv,10,RS,False,-2.2009631721194e-05,7.4497300325643405e-06,0.20661267880578105,6.799437262723586,    ,3.2438572965216955e-07,3.2155173494423925e-07,3.1964308396876104e-07,3.031588796957096e-07,3.0183540178684083e-07,2.8328783328401096e-07
RepsRanparRQMC/SmoothGauss-8-Lat-Rv-RSB-10-10000.dat,SmoothGauss,8,Lat-Rv,10,RS,True,-2.5950259541502884e-05,1.1983531046798455e-05,0.17247280973289447,10.942574534557062,    ,5.216965049615085e-07,2.3267258427117017e-07,2.1783094982618663e-07,3.1209799912128124e-07,3.9885471365927237e-07,3.2896904697591875e-07
RepsRanparQMC/SmoothGauss-8-Lat-Rv-10-10000.dat,SmoothGauss,8,Lat-Rv,10,qmc,False,-0.00021457959588541114,4.165640309313308e-05,0.2619180023166782,4.946887204650505,    ,1.8571923635413499e-06,1.904730600087147e-06,1.840905738141507e-06,1.9330253078458064e-06,1.9219120650070564e-06,1.7958166962111075e-06
RepsRanparQMC/SmoothGauss-8-Lat-Rv-B-10-10000.dat,SmoothGauss,8,Lat-Rv,10,qmc,True,0.0006704132694890257,2.2766159612696553e-05,-1.9674154715109633,7.588618920796073,    ,1.4392869785459455e-06,3.761273366590746e-06,4.271707699302579e-06,2.9265816757582327e-06,2.15733696663772e-06,2.1283189167495026e-06
RepsRanparRQMC/SmoothGauss-8-Lat-Rv-RS-12-10000.dat,SmoothGauss,8,Lat-Rv,12,RS,False,-1.1972967053888595e-05,1.8497580451085668e-06,-0.2339507812064201,18.799591733842984,    ,8.056761477088075e-08,5.361429452676399e-08,5.299291723709252e-08,5.7267606833397186e-08,6.059527252188211e-08,5.533950788176404e-08
RepsRanparRQMC/SmoothGauss-8-Lat-Rv-RSB-12-10000.dat,SmoothGauss,8,Lat-Rv,12,RS,True,-1.8961112319606388e-05,3.2044617969955626e-06,0.49806839609818193,33.73671364720243,    ,1.3968394973672554e-07,3.394695447821548e-08,3.304120241391926e-08,4.210584076148158e-08,6.341657006858955e-08,4.5971196822555354e-08
RepsRanparQMC/SmoothGauss-8-Lat-Rv-12-10000.dat,SmoothGauss,8,Lat-Rv,12,qmc,False,-2.6259418530285574e-05,1.0930192906652141e-05,0.39391870151701813,11.363141602157258,    ,4.759153356116418e-07,2.4118144346045456e-07,2.3028452415474473e-07,3.213158306399912e-07,3.719734672968384e-07,3.2630761365652654e-07
RepsRanparQMC/SmoothGauss-8-Lat-Rv-B-12-10000.dat,SmoothGauss,8,Lat-Rv,12,qmc,True,0.0001910912898610339,6.05530681403602e-06,-3.9371835202992203,22.168741666669565,    ,2.9979009036666756e-07,3.9363082159715587e-07,4.18207987120304e-07,4.0326781640207685e-07,3.797226784817383e-07,3.1678060711527455e-07
RepsRanparRQMC/SmoothGauss-8-Lat-Rv-RS-14-10000.dat,SmoothGauss,8,Lat-Rv,14,RS,False,1.6205012152049392e-06,4.5799719534702886e-07,-1.037521316784389,56.50803641420952,    ,1.9915547561015824e-08,8.703581773178997e-09,8.55624179346729e-09,9.93508045655048e-09,1.101058399822889e-08,9.906184997892741e-09
RepsRanparRQMC/SmoothGauss-8-Lat-Rv-RSB-14-10000.dat,SmoothGauss,8,Lat-Rv,14,RS,True,-5.972037426292542e-06,8.755513814553058e-07,1.8430360816010642,127.5919510592788,    ,3.810311659864303e-08,4.449386927871865e-09,4.07877320267848e-09,6.208094913204771e-09,9.651322609931966e-09,6.572831752908127e-09
RepsRanparQMC/SmoothGauss-8-Lat-Rv-14-10000.dat,SmoothGauss,8,Lat-Rv,14,qmc,False,2.2336242469716093e-05,2.9182279081171212e-06,1.545164139077682,36.64754166853507,    ,1.2737838199362774e-07,3.6061218694773386e-08,3.402046774646191e-08,4.9705004024152425e-08,6.634254363915352e-08,5.2729737090362866e-08
RepsRanparQMC/SmoothGauss-8-Lat-Rv-B-14-10000.dat,SmoothGauss,8,Lat-Rv,14,qmc,True,6.503599159271278e-05,1.5542663509237652e-06,-7.827446100215847,79.99391193072508,    ,7.180647806869807e-08,2.5934535505493246e-08,2.328592361797993e-08,3.898251555288559e-08,4.730548059378122e-08,3.603714131105504e-08
RepsRanparRQMC/SmoothGauss-8-Lat-Rv-RS-16-10000.dat,SmoothGauss,8,Lat-Rv,16,RS,False,2.982300438729146e-06,1.0258233469805444e-07,-2.822573537068875,230.04738314023493,    ,4.468995624517907e-09,1.5701537826165295e-09,1.5258808639551043e-09,1.7115742736372365e-09,1.9940444566490767e-09,1.7383137763524946e-09
RepsRanparRQMC/SmoothGauss-8-Lat-Rv-RSB-16-10000.dat,SmoothGauss,8,Lat-Rv,16,RS,True,4.2146552139912254e-07,1.8896582745609228e-07,3.9428969928873463,545.7288405669824,    ,8.216083174754958e-09,5.591849477297573e-10,5.278828771182645e-10,8.173053992936714e-10,1.1554345327320683e-09,8.821871476616347e-10
RepsRanparQMC/SmoothGauss-8-Lat-Rv-16-10000.dat,SmoothGauss,8,Lat-Rv,16,qmc,False,8.355982602449107e-06,7.475469311491948e-07,3.916697460818464,149.11959345439456,    ,3.2571862930000034e-08,5.21793644078462e-09,4.819965401354493e-09,7.471448896072074e-09,1.0338783768328975e-08,8.05289734816102e-09
RepsRanparQMC/SmoothGauss-8-Lat-Rv-B-16-10000.dat,SmoothGauss,8,Lat-Rv,16,qmc,True,1.1468286751279843e-05,4.073930977058301e-07,-15.907207475932312,315.8421447700444,    ,1.784426497952393e-08,1.4733077452771993e-09,1.3041957819825678e-09,2.5667129115612708e-09,4.161223532510513e-09,2.8392704474691334e-09
RepsFixedparRQMC/SmoothGauss-8-Sob-DS-6-10000.dat,SmoothGauss,8,Sob,6,DS,False,-1.5503974840519553e-05,8.129773003632422e-05,-0.008684101531326479,2.912339748382084,    ,3.5349242878586474e-06,5.9833845389389375e-06,6.370964164115607e-06,4.344301569826514e-06,3.878557616418213e-06,3.7719842551390263e-06
RepsFixedparRQMC/SmoothGauss-8-Sob-DS-8-10000.dat,SmoothGauss,8,Sob,8,DS,False,3.168520842683958e-05,6.417875758781788e-06,-0.025675659191044246,2.936377619417277,    ,2.8004202890182567e-07,4.2380012406898363e-07,4.553418008613294e-07,3.363702493749496e-07,3.0343102262803016e-07,2.9485164356140634e-07
RepsFixedparRQMC/SmoothGauss-8-Sob-DS-10-10000.dat,SmoothGauss,8,Sob,10,DS,False,-2.139705964519967e-06,5.500112473244471e-07,-0.03371400463054008,2.9616691773605965,    ,2.391811083398187e-08,3.52246558823898e-08,3.756164386512015e-08,2.8250945727425918e-08,2.5668520059137874e-08,2.489358846666607e-08
RepsFixedparRQMC/SmoothGauss-8-Sob-DS-12-10000.dat,SmoothGauss,8,Sob,12,DS,False,4.7617635000550827e-07,7.885233087884982e-08,-0.03258741527630311,2.97914073499117,    ,3.42858895604021e-09,5.327375715262717e-09,5.6246991813141645e-09,4.165877237986574e-09,3.762302733600396e-09,3.6552228388527095e-09
RepsFixedparRQMC/SmoothGauss-8-Sob-DS-14-10000.dat,SmoothGauss,8,Sob,14,DS,False,9.574076978256185e-07,1.4452032906479322e-08,-0.009093741796123368,2.4228813747398195,    ,6.292658863033044e-10,1.2935173121451508e-09,1.4475823799699116e-09,8.190597282604121e-10,6.93324546300904e-10,6.972132642059486e-10
RepsFixedparRQMC/SmoothGauss-8-Sob-DS-16-10000.dat,SmoothGauss,8,Sob,16,DS,False,5.2437357598300595e-09,8.981325811229691e-10,-0.06305561021362105,2.870717665458892,    ,3.9049270154285116e-11,6.35283132277923e-11,6.788781583786075e-11,4.787498272646778e-11,4.252076634855872e-11,4.1799634035519674e-11
RepsRanparRQMC/SmoothGauss-8-Sob-LMS-DS-6-10000.dat,SmoothGauss,8,Sob-LMS,6,DS,False,4.422166476333892e-05,3.889042965969963e-05,0.1748442340328,3.1372754262356195,    ,1.6928438017083384e-06,2.577748202346352e-06,2.738294333529682e-06,2.0369520958279685e-06,1.8406399594936178e-06,1.7920400723841865e-06
RepsRanparQMC/SmoothGauss-8-Sob-LMS-6-10000.dat,SmoothGauss,8,Sob-LMS,6,qmc,False,0.031607011661443,2.082132236192564e-05,-0.07845954119499,2.7663397976185626,    ,0.000999908461051895,0.001003119137097455,0.0010041777812229038,0.0010009570683013052,0.001000201035514858,0.0010001828135043137
RepsRanparRQMC/SmoothGauss-8-Sob-LMS-DS-8-10000.dat,SmoothGauss,8,Sob-LMS,8,DS,False,2.0601987102750675e-05,4.283637609867006e-06,0.10092889170072035,3.0976833517016673,    ,1.8666955534506043e-07,2.664509173070458e-07,2.839504748674285e-07,2.229644139527336e-07,2.0333631443226666e-07,1.9623857342192392e-07
RepsRanparQMC/SmoothGauss-8-Sob-LMS-8-10000.dat,SmoothGauss,8,Sob-LMS,8,qmc,False,0.008904330608382548,1.4773663625894663e-06,0.013513803292573052,3.1049589683759584,    ,7.93513369034909e-05,7.938986494847398e-05,7.939218608468592e-05,7.933912789656298e-05,7.936634171383464e-05,7.935600629653075e-05
RepsRanparRQMC/SmoothGauss-8-Sob-LMS-DS-10-10000.dat,SmoothGauss,8,Sob-LMS,10,DS,False,-3.749001273929506e-06,6.818366270179598e-07,0.0557951315514372,2.9645344028959157,    ,2.9659125750463222e-08,4.7403652960079024e-08,5.0765281476063e-08,3.6787884547702496e-08,3.243880352681416e-08,3.2011454827592906e-08
RepsRanparQMC/SmoothGauss-8-Sob-LMS-10-10000.dat,SmoothGauss,8,Sob-LMS,10,qmc,False,0.0010952574885127525,4.388286222500196e-07,0.056163294766750894,2.6518038939977155,    ,1.2186684714584805e-06,1.211330438417982e-06,1.2098700574912632e-06,1.2159529237240026e-06,1.217763825531262e-06,1.2160323646427339e-06
RepsRanparRQMC/SmoothGauss-8-Sob-LMS-DS-12-10000.dat,SmoothGauss,8,Sob-LMS,12,DS,False,6.838882733289904e-07,6.648045898056153e-08,-0.04380605534129079,2.9948673407344995,    ,2.8909224414556806e-09,4.60399746689701e-09,4.891053114086787e-09,3.5440959461762995e-09,3.1542490549111244e-09,3.077801845635875e-09
RepsRanparQMC/SmoothGauss-8-Sob-LMS-12-10000.dat,SmoothGauss,8,Sob-LMS,12,qmc,False,-0.00026758680869901975,3.635180373258107e-08,0.1834969958494919,3.0192699835862618,    ,7.318321339549018e-08,7.763697987980734e-08,7.864669571646029e-08,7.517736675733261e-08,7.421424204116279e-08,7.423047721113111e-08
RepsRanparRQMC/SmoothGauss-8-Sob-LMS-DS-14-10000.dat,SmoothGauss,8,Sob-LMS,14,DS,False,8.276473450926493e-07,1.0602962184598916e-08,0.01687537256894708,3.387768723520683,    ,4.616833559799657e-10,6.317587401853808e-10,6.564275011140904e-10,5.381456606552489e-10,4.952519952847781e-10,4.767475191117742e-10
RepsRanparQMC/SmoothGauss-8-Sob-LMS-14-10000.dat,SmoothGauss,8,Sob-LMS,14,qmc,False,-0.00019154645993285638,7.506356127116473e-09,0.44754816362389893,3.2809248166030938,    ,3.701640962268398e-08,4.0042758073440356e-08,4.0844294183105785e-08,3.846745110334147e-08,3.774200690144524e-08,3.7822873554687615e-08
RepsRanparRQMC/SmoothGauss-8-Sob-LMS-DS-16-10000.dat,SmoothGauss,8,Sob-LMS,16,DS,False,1.697698500163819e-07,8.190601595903241e-10,0.01407504962650123,3.0298842493698666,    ,3.564013308851042e-11,5.4958487469372274e-11,5.892451395226853e-11,4.321892392650293e-11,3.9169057605070085e-11,3.792257372047711e-11
RepsRanparQMC/SmoothGauss-8-Sob-LMS-16-10000.dat,SmoothGauss,8,Sob-LMS,16,qmc,False,-6.849820472785471e-05,5.753615946828776e-10,-0.036330854894760435,3.184306889828827,    ,4.717019772447049e-09,4.700455191715046e-09,4.693963769800892e-09,4.716287736342969e-09,4.720455000484243e-09,4.718903912177539e-09
RepsRanparRQMC/SmoothGauss-8-Sob-NUS-6-10000.dat,SmoothGauss,8,Sob-NUS,6,NUS,False,3.6916151945397504e-05,3.7399483872423126e-05,0.16146278425957922,3.1157475763229625,    ,1.6274273184667654e-06,2.4348662194226874e-06,2.6008162330322796e-06,1.9840745166663147e-06,1.7440671565453626e-06,1.7222375978857139e-06
RepsRanparRQMC/SmoothGauss-8-Sob-NUS-8-10000.dat,SmoothGauss,8,Sob-NUS,8,NUS,False,4.434283352888458e-06,4.2749767741599516e-06,0.09205081582643988,2.9632656392128895,    ,1.8588821826711245e-07,2.959379435849548e-07,3.148177964519133e-07,2.2748127303856997e-07,2.0469141044791414e-07,1.9973333990501216e-07
RepsRanparRQMC/SmoothGauss-8-Sob-NUS-10-10000.dat,SmoothGauss,8,Sob-NUS,10,NUS,False,-4.42814532233129e-06,6.945094978295343e-07,0.02495072836609534,2.9528171945893646,    ,3.0215673594018914e-08,4.968282155829137e-08,5.2737502698860606e-08,3.687402364803134e-08,3.2759814800447595e-08,3.2297115790617815e-08
RepsRanparRQMC/SmoothGauss-8-Sob-NUS-12-10000.dat,SmoothGauss,8,Sob-NUS,12,NUS,False,-2.718581961806965e-08,6.542144104793068e-08,-0.010846726923608472,2.9641198080307745,    ,2.8444112194136002e-09,4.4135648423831084e-09,4.717852616666545e-09,3.3990583529412205e-09,3.091120229683277e-09,2.9761642247763795e-09
RepsRanparRQMC/SmoothGauss-8-Sob-NUS-14-10000.dat,SmoothGauss,8,Sob-NUS,14,NUS,False,-1.1076122882037742e-07,1.1029503400684115e-08,0.004323333139102567,2.9515332578400737,    ,4.795558941665104e-10,7.459600813829252e-10,7.946517346549887e-10,5.864989684850755e-10,5.163811316264591e-10,5.087279549780201e-10
RepsRanparRQMC/SmoothGauss-8-Sob-NUS-16-10000.dat,SmoothGauss,8,Sob-NUS,16,NUS,False,-7.501077441226523e-08,8.080832169687548e-10,0.004165324434357609,2.9661697456612,    ,3.513967952796292e-11,5.339620777988237e-11,5.7372641928436474e-11,4.2448340716806457e-11,3.810904724316345e-11,3.740463851277361e-11
RepsFixedparRQMC/SmoothGauss-16-Lat-RS-6-10000.dat,SmoothGauss,16,Lat,6,RS,False,2.3755780077918565e-06,0.00016105233950812034,-0.03200270870204611,2.90412205137458,    ,7.0022812741587114e-06,1.0615680806281241e-05,1.1400122122186437e-05,8.431565681028769e-06,7.545519387832325e-06,7.349876876691112e-06
RepsFixedparRQMC/SmoothGauss-16-Lat-RSB-6-10000.dat,SmoothGauss,16,Lat,6,RS,True,3.2525045808961426e-05,0.00019887340378526436,-0.0719044809387184,2.9071971400481176,    ,8.647727608398978e-06,1.3230660843032632e-05,1.434320779087581e-05,1.0338360123694869e-05,9.258555013878531e-06,9.01297913046725e-06
RepsFixedparRQMC/SmoothGauss-16-Lat-RS-8-10000.dat,SmoothGauss,16,Lat,8,RS,False,3.184522995958816e-05,4.001782928605324e-05,0.05662910796102109,2.9569014694720437,    ,1.7409197398039286e-06,2.560424095159743e-06,2.7583523423675647e-06,2.0819551765539343e-06,1.8442693150420626e-06,1.8102466754816446e-06
RepsFixedparRQMC/SmoothGauss-16-Lat-RSB-8-10000.dat,SmoothGauss,16,Lat,8,RS,True,7.211166381586313e-05,5.724867433347551e-05,0.07118991032676657,2.588612166013274,    ,2.4942728891659234e-06,4.352488837768066e-06,4.733996347425526e-06,3.126726797568292e-06,2.7401441672950555e-06,2.70386598260934e-06
RepsFixedparRQMC/SmoothGauss-16-Lat-RS-10-10000.dat,SmoothGauss,16,Lat,10,RS,False,1.9884004067503612e-05,6.864719099837802e-06,0.1797112461040986,2.9483475376277175,    ,2.9886142143679137e-07,4.782589152465157e-07,5.132103710930173e-07,3.6552240064293944e-07,3.223503145513809e-07,3.176810184910279e-07
RepsFixedparRQMC/SmoothGauss-16-Lat-RSB-10-10000.dat,SmoothGauss,16,Lat,10,RS,True,1.236309412242962e-05,5.346763124964822e-06,-0.00349285432415269,2.785809676336014,    ,2.326208080512723e-07,3.8254755663862835e-07,4.13551906045234e-07,2.91347769882147e-07,2.5847835891626915e-07,2.530367128889388e-07
RepsFixedparRQMC/SmoothGauss-16-Lat-RS-12-10000.dat,SmoothGauss,16,Lat,12,RS,False,4.030456160591645e-06,8.882638051795631e-07,0.09860346812078774,2.957594561467177,    ,3.8636410019452146e-08,6.083992032439654e-08,6.511566436112645e-08,4.699376435697886e-08,4.214302964828018e-08,4.0939098213308855e-08
RepsFixedparRQMC/SmoothGauss-16-Lat-RSB-12-10000.dat,SmoothGauss,16,Lat,12,RS,True,-6.67443969708692e-06,4.734127276269895e-07,-0.05425939225026639,2.964810634787717,    ,2.0627710216008726e-08,3.243534234606369e-08,3.470771030954404e-08,2.4959891401575893e-08,2.2465639267143274e-08,2.196930331475026e-08
RepsFixedparRQMC/SmoothGauss-16-Lat-RS-14-10000.dat,SmoothGauss,16,Lat,14,RS,False,1.6836155786847828e-06,1.396609703860992e-07,0.12701930439616613,2.9500290297280727,    ,6.075050665160234e-09,9.390230239631082e-09,1.0109379347734024e-08,7.293336667880422e-09,6.481422269904321e-09,6.3201213606747e-09
RepsFixedparRQMC/SmoothGauss-16-Lat-RSB-14-10000.dat,SmoothGauss,16,Lat,14,RS,True,-1.9612682089452105e-06,4.283221979116309e-08,0.02499883223502281,2.912520564438632,    ,1.866116998690162e-09,2.963798538682629e-09,3.1615338764086153e-09,2.2801860263802536e-09,2.050136329114797e-09,1.9948806856805873e-09
RepsFixedparRQMC/SmoothGauss-16-Lat-RS-16-10000.dat,SmoothGauss,16,Lat,16,RS,False,-1.1753346426919053e-06,2.0781423023443263e-08,-0.018812005337170132,2.940166612030245,    ,9.049215429763666e-10,1.3809193148924863e-09,1.4735515283680088e-09,1.08277519772847e-09,9.650905436887403e-10,9.469205898355987e-10
RepsFixedparRQMC/SmoothGauss-16-Lat-RSB-16-10000.dat,SmoothGauss,16,Lat,16,RS,True,-1.4775998310991524e-06,9.738692195245793e-09,-0.010978661377751012,2.894811513279103,    ,4.2560470105415955e-10,6.942473454089551e-10,7.457003552962023e-10,5.228695823655421e-10,4.709944051163966e-10,4.577888525920773e-10
RepsRanparRQMC/SmoothGauss-16-Lat-Rp-RS-6-10000.dat,SmoothGauss,16,Lat-Rp,6,RS,False,-1.1253775411362642e-05,0.00022226024549123187,-0.11334709975891157,3.1168442258133378,    ,9.663615581862395e-06,1.4977304127935937e-05,1.6051700112181756e-05,1.1765405182051434e-05,1.052118940035163e-05,1.0265720904340583e-05
RepsRanparRQMC/SmoothGauss-16-Lat-Rp-RSB-6-10000.dat,SmoothGauss,16,Lat-Rp,6,RS,True,8.568613932263788e-05,0.00015638338797456636,-0.1733660818677295,3.239226466472381,    ,6.806619852496642e-06,1.0273650866201956e-05,1.100124020379841e-05,8.192908087794929e-06,7.3442661627939706e-06,7.175927119421341e-06
RepsRanparQMC/SmoothGauss-16-Lat-Rp-6-10000.dat,SmoothGauss,16,Lat-Rp,6,qmc,False,-0.008626771261103885,0.00046983088435550605,-0.46530662085405905,3.2051826081173695,    ,9.484861214599513e-05,8.243344986086494e-05,7.791886038191663e-05,8.620734743736788e-05,9.025116264916572e-05,8.877166932573173e-05
RepsRanparQMC/SmoothGauss-16-Lat-Rp-B-6-10000.dat,SmoothGauss,16,Lat-Rp,6,qmc,True,0.03105242179210496,0.00031019300651537754,-0.38497927912755897,3.3577662567969138,    ,0.0009777395516119855,0.0010471575398798062,0.0010668572031324612,0.0010098370348153064,0.0009932901100374023,0.0009934316104548845
RepsRanparRQMC/SmoothGauss-16-Lat-Rp-RS-8-10000.dat,SmoothGauss,16,Lat-Rp,8,RS,False,-9.402015820843981e-05,4.628932142869785e-05,-0.10598503643763967,3.160130949562987,    ,2.0214189827016205e-06,3.1301632476594748e-06,3.331208576775512e-06,2.4462181664269957e-06,2.2271568524146195e-06,2.16152523108801e-06
RepsRanparRQMC/SmoothGauss-16-Lat-Rp-RSB-8-10000.dat,SmoothGauss,16,Lat-Rp,8,RS,True,9.463655936610409e-05,3.859700371494694e-05,0.015073705829850749,3.497460905024791,    ,1.687086674670695e-06,2.191491382220159e-06,2.2688592157917005e-06,1.9418905250457023e-06,1.7966363216759734e-06,1.7353845062350888e-06
RepsRanparQMC/SmoothGauss-16-Lat-Rp-8-10000.dat,SmoothGauss,16,Lat-Rp,8,qmc,False,-0.0015966525338725844,0.0001777377096241029,-0.2693608929612021,3.0783192234630192,    ,1.0277025819317523e-05,1.2898999171279263e-05,1.3430124587049563e-05,1.0976004263047876e-05,1.055620409125011e-05,1.0204518418132564e-05
RepsRanparQMC/SmoothGauss-16-Lat-Rp-B-8-10000.dat,SmoothGauss,16,Lat-Rp,8,qmc,True,0.011173960324955578,8.536699937166686e-05,-0.5098575021195301,3.6274736375701466,    ,0.0001285689980120147,0.00014691065250359913,0.00015172907822491458,0.00013761062803596466,0.00013316480361235067,0.00013342000863801934
RepsRanparRQMC/SmoothGauss-16-Lat-Rp-RS-10-10000.dat,SmoothGauss,16,Lat-Rp,10,RS,False,-6.109526392989157e-05,1.0136098051965575e-05,-0.043271905134683715,3.5040205195563185,    ,4.444325465775142e-07,6.156629746432146e-07,6.444218528090219e-07,5.202518698113013e-07,4.834891935605568e-07,4.6417805435572234e-07
RepsRanparRQMC/SmoothGauss-16-Lat-Rp-RSB-10-10000.dat,SmoothGauss,16,Lat-Rp,10,RS,True,2.267033591382457e-05,9.31495571777458e-06,0.07032377660398387,5.630025341785381,    ,4.055120188162969e-07,3.081832230050045e-07,2.898543581482973e-07,3.7427737599500436e-07,3.8653292712542126e-07,3.588066965712457e-07
RepsRanparQMC/SmoothGauss-16-Lat-Rp-10-10000.dat,SmoothGauss,16,Lat-Rp,10,qmc,False,-0.00023872671791528414,5.1750052291387736e-05,-0.1835965723824412,3.6000817848205617,    ,2.3069927193852006e-06,2.9700904497736775e-06,3.112243221664961e-06,2.5779637078319836e-06,2.3854755738143553e-06,2.3090992125608173e-06
RepsRanparQMC/SmoothGauss-16-Lat-Rp-B-10-10000.dat,SmoothGauss,16,Lat-Rp,10,qmc,True,0.0034375984347018006,2.040411590061056e-05,-0.9584699280853063,4.567093529050937,    ,1.2704218472203858e-05,1.9087134279697904e-05,2.050211927369145e-05,1.5425151549121934e-05,1.4078590189483612e-05,1.4161753129504104e-05
RepsRanparRQMC/SmoothGauss-16-Lat-Rp-RS-12-10000.dat,SmoothGauss,16,Lat-Rp,12,RS,False,1.0656489632950329e-05,2.368050195721783e-06,0.12331172682749496,5.176296389038027,    ,1.0307226493311384e-07,1.177802651029525e-07,1.1885387132399682e-07,1.0704125614409545e-07,1.0255599528213281e-07,9.792626714124535e-08
RepsRanparRQMC/SmoothGauss-16-Lat-Rp-RSB-12-10000.dat,SmoothGauss,16,Lat-Rp,12,RS,True,-1.3767477662574046e-05,2.319982031629546e-06,0.10516934799869933,11.742669567622073,    ,1.0105832742508278e-07,5.340824182420156e-08,5.139424285522877e-08,6.300409650384779e-08,7.644653491115722e-08,6.44363307375425e-08
RepsRanparQMC/SmoothGauss-16-Lat-Rp-12-10000.dat,SmoothGauss,16,Lat-Rp,12,qmc,False,-1.8737370110973438e-05,1.4365893443129223e-05,0.06736645658442923,4.467678747808156,    ,6.249551517834245e-07,7.103859815027622e-07,7.210051006475723e-07,6.545852993423272e-07,6.202672731773887e-07,5.946616260775893e-07
RepsRanparQMC/SmoothGauss-16-Lat-Rp-B-12-10000.dat,SmoothGauss,16,Lat-Rp,12,qmc,True,0.0009837937879275378,5.252361928096796e-06,-1.9175825344214223,8.135648954652165,    ,1.1962137792559784e-06,2.0666754833955213e-06,2.200550310437276e-06,1.8362402521057044e-06,1.5480713794849887e-06,1.5435117904422348e-06
RepsRanparRQMC/SmoothGauss-16-Lat-Rp-RS-14-10000.dat,SmoothGauss,16,Lat-Rp,14,RS,False,9.970742920425068e-06,5.95280301072565e-07,0.6564385448503287,11.121815133846916,    ,2.598116793493151e-08,2.1722110962767916e-08,2.1656278363782196e-08,2.2381557274358355e-08,2.310272679476438e-08,2.129666906195547e-08
RepsRanparRQMC/SmoothGauss-16-Lat-Rp-RSB-14-10000.dat,SmoothGauss,16,Lat-Rp,14,RS,True,8.488870567266427e-06,6.190026963648759e-07,1.0636882384283879,41.23384135835755,    ,2.6985221635024145e-08,9.083713701465673e-09,8.941806477689109e-09,1.0029071589208186e-08,1.296896054849726e-08,1.0399822399665442e-08
RepsRanparQMC/SmoothGauss-16-Lat-Rp-14-10000.dat,SmoothGauss,16,Lat-Rp,14,qmc,False,2.7088840737088728e-05,3.869628430240317e-06,0.19495903200141043,7.632209864320567,    ,1.6897851965075402e-07,1.1466548661632327e-07,1.1176845016408952e-07,1.3935952353809082e-07,1.482778146695931e-07,1.3417921935789347e-07
RepsRanparQMC/SmoothGauss-16-Lat-Rp-B-14-10000.dat,SmoothGauss,16,Lat-Rp,14,qmc,True,0.0002689488170383443,1.3862669619709988e-06,-3.9550315022936604,24.245900831189967,    ,1.3260594279375952e-07,1.89364017934504e-07,1.952071072025661e-07,1.9433156822430848e-07,1.8119676850511718e-07,1.6593195157003273e-07
RepsRanparRQMC/SmoothGauss-16-Lat-Rp-RS-16-10000.dat,SmoothGauss,16,Lat-Rp,16,RS,False,5.003057490725937e-06,1.4826684100667882e-07,1.3929698146098715,36.12858158707844,    ,6.47141497585024e-09,4.301113092079758e-09,4.275818129164245e-09,4.375108753316707e-09,4.694287287258547e-09,4.244894840499814e-09
RepsRanparRQMC/SmoothGauss-16-Lat-Rp-RSB-16-10000.dat,SmoothGauss,16,Lat-Rp,16,RS,True,-7.3287207882193005e-06,1.293421078333148e-07,-1.1423113724371823,149.311020602561,    ,5.677280054187973e-09,1.4640697614146768e-09,1.4402313133161534e-09,1.7536720266034104e-09,2.0572933257391027e-09,1.7691739072030207e-09
RepsRanparQMC/SmoothGauss-16-Lat-Rp-16-10000.dat,SmoothGauss,16,Lat-Rp,16,qmc,False,1.3014454538580256e-05,1.0222402812958036e-06,0.5701805613429813,20.01597144764574,    ,4.4614605648493456e-08,1.839905121444562e-08,1.7225472093588547e-08,2.4224739198318788e-08,2.998455250246637e-08,2.5210357309614772e-08
RepsRanparQMC/SmoothGauss-16-Lat-Rp-B-16-10000.dat,SmoothGauss,16,Lat-Rp,16,qmc,True,6.860536756496185e-05,3.939471362864392e-07,-7.638240424155798,80.08025636347519,    ,2.1834832819003485e-08,1.3399257449320646e-08,1.256631263113422e-08,1.7232248443737994e-08,1.9100715570770166e-08,1.5951913238457362e-08
RepsRanparRQMC/SmoothGauss-16-Lat-Rv-RS-6-10000.dat,SmoothGauss,16,Lat-Rv,6,RS,False,3.586411466201592e-05,0.0001650467943073362,-0.1313576175013852,3.0591512762782114,    ,7.177233813300326e-06,1.095091378585992e-05,1.1743980392568571e-05,8.755970776087916e-06,7.866559829151777e-06,7.660470535792438e-06
RepsRanparRQMC/SmoothGauss-16-Lat-Rv-RSB-6-10000.dat,SmoothGauss,16,Lat-Rv,6,RS,True,-4.062481790907351e-05,0.00020569236587904212,-0.12844203993837952,3.0208387260153744,    ,8.944796718397195e-06,1.3262193985445579e-05,1.4161983897736202e-05,1.0438827158154724e-05,9.411802723803717e-06,9.130965216993792e-06
RepsRanparQMC/SmoothGauss-16-Lat-Rv-6-10000.dat,SmoothGauss,16,Lat-Rv,6,qmc,False,-0.005572604747826546,0.00047109314007906045,-0.2687715780041817,2.9086958625721344,    ,5.1536234113718973e-05,5.4059915451934004e-05,5.430430354283038e-05,5.167237631031606e-05,5.109007594641311e-05,5.04217676202136e-05
RepsRanparQMC/SmoothGauss-16-Lat-Rv-B-6-10000.dat,SmoothGauss,16,Lat-Rv,6,qmc,True,0.0029343499840322478,0.00032508318863372706,-0.44481211650629776,3.2521119785079526,    ,2.2744461508517316e-05,3.8003850122463035e-05,4.248496076960244e-05,2.9705204239955295e-05,2.608965159252454e-05,2.5601582101657692e-05
RepsRanparRQMC/SmoothGauss-16-Lat-Rv-RS-8-10000.dat,SmoothGauss,16,Lat-Rv,8,RS,False,3.522724028181358e-05,3.4021790737954836e-05,-0.09418060167762991,3.159777062956783,    ,1.4804492514124306e-06,2.189112127077247e-06,2.3547451643932516e-06,1.748220402759957e-06,1.5761637587162016e-06,1.5374376605345474e-06
RepsRanparRQMC/SmoothGauss-16-Lat-Rv-RSB-8-10000.dat,SmoothGauss,16,Lat-Rv,8,RS,True,8.309609057380833e-05,5.082117313289137e-05,-0.07046234485685636,3.283570926336038,    ,2.216521183437841e-06,3.1187210817473075e-06,3.267611320876781e-06,2.5983810880749734e-06,2.3826988730018797e-06,2.3091102504469837e-06
RepsRanparQMC/SmoothGauss-16-Lat-Rv-8-10000.dat,SmoothGauss,16,Lat-Rv,8,qmc,False,-0.0006710967171072223,0.00015836981164658908,-0.15407462826215867,3.025731756685909,    ,7.336014788346399e-06,1.0745296008064439e-05,1.1424877611171793e-05,8.720760072294394e-06,7.883750593027374e-06,7.695744381996321e-06
RepsRanparQMC/SmoothGauss-16-Lat-Rv-B-8-10000.dat,SmoothGauss,16,Lat-Rv,8,qmc,True,0.0018071838925884343,0.00010162983706083464,-0.6292150438682895,3.739185137664495,    ,7.68460218949346e-06,1.375809283259398e-05,1.5519093115019718e-05,1.0597461233371727e-05,9.16080520246875e-06,9.009967489967723e-06
RepsRanparRQMC/SmoothGauss-16-Lat-Rv-RS-10-10000.dat,SmoothGauss,16,Lat-Rv,10,RS,False,-1.392120222069717e-05,7.776351534810767e-06,0.022355040905311943,3.6652116828176435,    ,3.3829604051521593e-07,4.704804703396152e-07,4.868723981542619e-07,3.8149726485296207e-07,3.570270134906904e-07,3.411963868198257e-07
RepsRanparRQMC/SmoothGauss-16-Lat-Rv-RSB-10-10000.dat,SmoothGauss,16,Lat-Rv,10,RS,True,-1.4858249950874258e-07,1.2302772535582924e-05,0.03480520729394198,4.816651389650595,    ,5.349031757977559e-07,4.492491527821254e-07,4.2610726187579375e-07,5.323329890573502e-07,5.37780636665075e-07,5.015293675824762e-07
RepsRanparQMC/SmoothGauss-16-Lat-Rv-10-10000.dat,SmoothGauss,16,Lat-Rv,10,qmc,False,-3.697140222589348e-05,4.496908173801428e-05,-0.004988311801178119,3.3054166900064885,    ,1.956544351452735e-06,2.7546507605238134e-06,2.8699126808628726e-06,2.310197576021117e-06,2.1032448334801202e-06,2.0479411195123957e-06
RepsRanparQMC/SmoothGauss-16-Lat-Rv-B-10-10000.dat,SmoothGauss,16,Lat-Rv,10,qmc,True,0.0007134940122198388,2.7117334138264232e-05,-0.991066621412877,4.330865118514995,    ,1.688088233224182e-06,5.079744054268472e-06,5.9662535647968366e-06,2.8046723522385885e-06,2.2004134150411728e-06,2.202160788070051e-06
RepsRanparRQMC/SmoothGauss-16-Lat-Rv-RS-12-10000.dat,SmoothGauss,16,Lat-Rv,12,RS,False,1.0578630916499376e-05,1.954025973435172e-06,0.0944703380917735,5.881193567229255,    ,8.506955845098803e-08,9.098127030804412e-08,9.076170123284961e-08,8.321534398230142e-08,8.306647159623859e-08,7.805093762820467e-08
RepsRanparRQMC/SmoothGauss-16-Lat-Rv-RSB-12-10000.dat,SmoothGauss,16,Lat-Rv,12,RS,True,5.628987817863274e-06,3.1521773805221058e-06,0.11066767477361635,9.834257641888493,    ,1.3708287596133653e-07,6.568018600146619e-08,6.098968305656847e-08,8.549512408849496e-08,1.0717778104409517e-07,8.99810284921533e-08
RepsRanparQMC/SmoothGauss-16-Lat-Rv-12-10000.dat,SmoothGauss,16,Lat-Rv,12,qmc,False,3.472922045731399e-05,1.195537873212249e-05,0.1459806591732073,4.619552579150606,    ,5.210051940632462e-07,5.10389631409805e-07,4.989367298224071e-07,5.284636149779074e-07,5.252980197729681e-07,4.934062919047226e-07
RepsRanparQMC/SmoothGauss-16-Lat-Rv-B-12-10000.dat,SmoothGauss,16,Lat-Rv,12,qmc,True,0.00021250525429402812,6.771839669673542e-06,-1.8673467661099588,7.453769414479251,    ,3.395862948275062e-07,8.810308861010473e-07,1.026068186299032e-06,6.758136314478748e-07,4.913955517219062e-07,4.813189673570611e-07
RepsRanparRQMC/SmoothGauss-16-Lat-Rv-RS-14-10000.dat,SmoothGauss,16,Lat-Rv,14,RS,False,-1.3947073045516344e-06,4.794454717879676e-07,0.3305616063638178,18.19083151769832,    ,2.08474005035944e-08,1.481536228289272e-08,1.4519562201628763e-08,1.6084146055311636e-08,1.6830707322177676e-08,1.5593621371410794e-08
RepsRanparRQMC/SmoothGauss-16-Lat-Rv-RSB-14-10000.dat,SmoothGauss,16,Lat-Rv,14,RS,True,-3.1152098672808437e-06,7.575352749428156e-07,0.4693553448109142,32.28987254041212,    ,3.2946020834378754e-08,1.0478889265791402e-08,1.0101172010513197e-08,1.2453485581701872e-08,1.7098236036676276e-08,1.3258080139650391e-08
RepsRanparQMC/SmoothGauss-16-Lat-Rv-14-10000.dat,SmoothGauss,16,Lat-Rv,14,qmc,False,3.298181426421914e-05,3.2884192374903935e-06,0.4450205064686213,10.781702178855644,    ,1.4406254952826352e-07,8.013985686974637e-08,7.623622619808343e-08,1.0264787847962821e-07,1.1693562614301192e-07,1.0251402005450363e-07
RepsRanparQMC/SmoothGauss-16-Lat-Rv-B-14-10000.dat,SmoothGauss,16,Lat-Rv,14,qmc,True,5.2719419920494645e-05,1.8412937277896065e-06,-3.725549647633892,20.15024053702295,    ,8.283558627108417e-08,1.111999272734348e-07,1.2255253772755483e-07,1.0767331428206136e-07,1.0112996209470783e-07,8.21525306781694e-08
RepsRanparRQMC/SmoothGauss-16-Lat-Rv-RS-16-10000.dat,SmoothGauss,16,Lat-Rv,16,RS,False,2.1075830351807377e-06,1.0792370730000663e-07,1.0131616883716148,51.193799491634834,    ,4.69677700625047e-09,2.804669716599159e-09,2.795395852664504e-09,2.891665831512903e-09,3.178083638506995e-09,2.86306461742991e-09
RepsRanparRQMC/SmoothGauss-16-Lat-Rv-RSB-16-10000.dat,SmoothGauss,16,Lat-Rv,16,RS,True,8.688679645125763e-08,1.8045466973152854e-07,1.1721721532565832,131.81616345582665,    ,7.845862755034029e-09,1.7975394565870311e-09,1.773247069649986e-09,2.0021402925608996e-09,2.7119526223125815e-09,2.065655478849218e-09
RepsRanparQMC/SmoothGauss-16-Lat-Rv-16-10000.dat,SmoothGauss,16,Lat-Rv,16,qmc,False,4.155964022757563e-06,8.052993434233134e-07,0.6126674555274729,31.316122143232967,    ,3.503028696840687e-08,1.205433586567719e-08,1.1409272901944102e-08,1.546011113853508e-08,1.9753741063732717e-08,1.6335406458447686e-08
RepsRanparQMC/SmoothGauss-16-Lat-Rv-B-16-10000.dat,SmoothGauss,16,Lat-Rv,16,qmc,True,1.7530483694364818e-05,4.4929637931594194e-07,-7.403951214387081,71.69787772500376,    ,1.984194304620804e-08,1.040030239028999e-08,1.0494630816799198e-08,1.1771133933387932e-08,1.2974864544858407e-08,9.991380299954494e-09
RepsFixedparRQMC/SmoothGauss-16-Sob-DS-6-10000.dat,SmoothGauss,16,Sob,6,DS,False,2.7007550838871875e-05,0.00010125488736240613,-0.11767108605463501,2.9765986204902726,    ,4.40311581486345e-06,6.7378972771241484e-06,7.313409400908125e-06,5.4892673759315575e-06,4.838076108726087e-06,4.781538190284071e-06
RepsFixedparRQMC/SmoothGauss-16-Sob-DS-8-10000.dat,SmoothGauss,16,Sob,8,DS,False,1.7353459568571817e-06,9.314712010786247e-06,0.09238453427495844,2.991075937627755,    ,4.049904901554268e-07,6.395683170625429e-07,6.780423915104168e-07,4.964566499318451e-07,4.444628439055819e-07,4.3387420371099343e-07
RepsFixedparRQMC/SmoothGauss-16-Sob-DS-10-10000.dat,SmoothGauss,16,Sob,10,DS,False,-1.3749303789385237e-05,1.5037486217421294e-06,0.0034284342007754086,2.963943639372184,    ,6.556941821304626e-08,1.058302011991295e-07,1.1271029586335153e-07,8.006993177847727e-08,7.206074961997394e-08,6.993532621963502e-08
RepsFixedparRQMC/SmoothGauss-16-Sob-DS-12-10000.dat,SmoothGauss,16,Sob,12,DS,False,2.0539120532078402e-06,3.1559585070227144e-07,0.05641626439027074,2.934933231036964,    ,1.3725777280908026e-08,2.2413442153923604e-08,2.3811337240889674e-08,1.6710195097477066e-08,1.501919900450936e-08,1.4601785968827145e-08
RepsFixedparRQMC/SmoothGauss-16-Sob-DS-14-10000.dat,SmoothGauss,16,Sob,14,DS,False,3.2968954144758646e-07,4.127709447499183e-08,0.05842770870472272,2.935750520086042,    ,1.7947649767151237e-09,2.7558716416382086e-09,2.9587230414652125e-09,2.181498400888475e-09,1.9496136991634662e-09,1.8984038506551464e-09
RepsFixedparRQMC/SmoothGauss-16-Sob-DS-16-10000.dat,SmoothGauss,16,Sob,16,DS,False,7.363138141097014e-07,3.799706088442794e-09,-0.026119054269022623,2.9268412690508536,    ,1.657467705738398e-10,2.4902080550589555e-10,2.6882267496882975e-10,1.9791530928909272e-10,1.7915138774176822e-10,1.7365237914146257e-10
RepsRanparRQMC/SmoothGauss-16-Sob-LMS-DS-6-10000.dat,SmoothGauss,16,Sob-LMS,6,DS,False,5.1122145104300276e-05,6.4567243856523e-05,-0.05245689961363445,2.8830142062230086,    ,2.809884945742804e-06,4.458163436867324e-06,4.781150722205809e-06,3.427369349289483e-06,3.05236152493428e-06,2.9888547698692617e-06
RepsRanparQMC/SmoothGauss-16-Sob-LMS-6-10000.dat,SmoothGauss,16,Sob-LMS,6,qmc,False,0.04804065331283894,4.049008860601103e-05,-0.08998975284699494,2.907130419880388,    ,0.002309664809359427,0.0023125025453373596,0.0023146979791863983,0.0023115914090997038,0.0023093325350700892,0.002309340698911016
RepsRanparRQMC/SmoothGauss-16-Sob-LMS-DS-8-10000.dat,SmoothGauss,16,Sob-LMS,8,DS,False,-6.238400846158143e-05,8.877534778734837e-06,0.12261959493857882,3.021843036918955,    ,3.898715375002058e-07,6.177476628876879e-07,6.604872936627573e-07,4.7347077775729063e-07,4.25962156982097e-07,4.1398432164169465e-07
RepsRanparQMC/SmoothGauss-16-Sob-LMS-8-10000.dat,SmoothGauss,16,Sob-LMS,8,qmc,False,0.018086216814055898,4.037645446631993e-06,-0.07762913421402898,2.8613895834268184,    ,0.00032728678844706576,0.0003281845152551106,0.00032848813289722945,0.0003276961624099774,0.00032743560715441637,0.0003274489677306909
RepsRanparRQMC/SmoothGauss-16-Sob-LMS-DS-10-10000.dat,SmoothGauss,16,Sob-LMS,10,DS,False,5.660407559360524e-06,1.3919689644902813e-06,0.0708651794741734,3.05400467120778,    ,6.055242997418508e-08,9.015295667914927e-08,9.586747346591847e-08,7.364915638534944e-08,6.581454740086642e-08,6.422435190703583e-08
RepsRanparQMC/SmoothGauss-16-Sob-LMS-10-10000.dat,SmoothGauss,16,Sob-LMS,10,qmc,False,0.0054867851444929915,5.087665397658877e-07,-0.03792463907398679,2.969152599685114,    ,3.0126931506166624e-05,3.0199183354267116e-05,3.0216224728453535e-05,3.0141252939743828e-05,3.0121764816546092e-05,3.0125137740379744e-05
RepsRanparRQMC/SmoothGauss-16-Sob-LMS-DS-12-10000.dat,SmoothGauss,16,Sob-LMS,12,DS,False,-5.746595697647648e-08,2.8919293530208246e-07,0.02890007194997884,2.9653861541306563,    ,1.2573609185035448e-08,1.912242094660159e-08,2.041516512610585e-08,1.493541612462989e-08,1.3506956577946347e-08,1.308730131196925e-08
RepsRanparQMC/SmoothGauss-16-Sob-LMS-12-10000.dat,SmoothGauss,16,Sob-LMS,12,qmc,False,0.0006501820983762863,1.2064492550322214e-07,0.04353611966026125,2.968760999123,    ,4.279821925926092e-07,4.2808636312129867e-07,4.2776717142740497e-07,4.275221939784416e-07,4.2784092715940776e-07,4.2771545855373853e-07
RepsRanparRQMC/SmoothGauss-16-Sob-LMS-DS-14-10000.dat,SmoothGauss,16,Sob-LMS,14,DS,False,1.8051299165332491e-06,5.340504941971013e-08,0.037266045140352075,2.903370752875516,    ,2.325217164437743e-09,3.6442524795982665e-09,3.911562831969887e-09,2.8068444960026075e-09,2.527359205300415e-09,2.466155700920897e-09
RepsRanparQMC/SmoothGauss-16-Sob-LMS-14-10000.dat,SmoothGauss,16,Sob-LMS,14,qmc,False,-0.00018765358528755608,2.83511076443997e-08,0.055365077521561966,2.9201178760183013,    ,3.6446524925378415e-08,3.774389621684126e-08,3.8056327255054784e-08,3.71389486076472e-08,3.679471370569814e-08,3.6794231976499534e-08
RepsRanparRQMC/SmoothGauss-16-Sob-LMS-DS-16-10000.dat,SmoothGauss,16,Sob-LMS,16,DS,False,-1.4406897443705059e-06,1.328133404555771e-08,0.017404139525364713,2.466279222471993,    ,5.795248932681305e-10,9.803921901338434e-10,1.111155769234574e-09,7.390118655714576e-10,6.481393990039069e-10,6.368864896235868e-10
RepsRanparQMC/SmoothGauss-16-Sob-LMS-16-10000.dat,SmoothGauss,16,Sob-LMS,16,qmc,False,-0.00020822846008575148,8.98271488260305e-09,-0.014689247946119926,2.143458045403181,    ,4.374964441066614e-08,4.372344786264825e-08,4.374084255583059e-08,4.385610707411224e-08,4.3859973726151954e-08,4.382716463078308e-08
RepsRanparRQMC/SmoothGauss-16-Sob-NUS-6-10000.dat,SmoothGauss,16,Sob-NUS,6,NUS,False,5.7188459235120704e-05,6.369698806914111e-05,0.004757197078612651,2.994213581426176,    ,2.7727047837453875e-06,4.159484520741057e-06,4.4277806425255205e-06,3.3359638718098175e-06,3.020585133591666e-06,2.925664017896145e-06
RepsRanparRQMC/SmoothGauss-16-Sob-NUS-8-10000.dat,SmoothGauss,16,Sob-NUS,8,NUS,False,-2.7242204862965436e-05,8.501956165934497e-06,0.08950316932640219,3.0766935129880335,    ,3.7039240580990433e-07,5.45974937884191e-07,5.807259791059883e-07,4.363600782782871e-07,3.9818184020193836e-07,3.860773011085303e-07
RepsRanparRQMC/SmoothGauss-16-Sob-NUS-10-10000.dat,SmoothGauss,16,Sob-NUS,10,NUS,False,-1.6281418902339827e-05,1.4011553788715812e-06,0.04915287804923777,2.9737341601868366,    ,6.118488368284657e-08,9.646559078280567e-08,1.0309232993109425e-07,7.425819203434304e-08,6.540562208012451e-08,6.431165791300036e-08
RepsRanparRQMC/SmoothGauss-16-Sob-NUS-12-10000.dat,SmoothGauss,16,Sob-NUS,12,NUS,False,-5.710874042289205e-07,2.852716839938041e-07,-0.0068786156011175,2.9684084967149746,    ,1.2403442836206055e-08,1.8923074311442865e-08,2.0299100320515025e-08,1.4742135139026544e-08,1.3149463158035134e-08,1.2843970660448832e-08
RepsRanparRQMC/SmoothGauss-16-Sob-NUS-14-10000.dat,SmoothGauss,16,Sob-NUS,14,NUS,False,5.210757648409992e-06,5.421394792637156e-08,0.017120894371578193,2.891441271583082,    ,2.38428016598227e-09,3.8786741572607986e-09,4.1500907010581045e-09,2.963375933811458e-09,2.61071555016938e-09,2.5637115652650682e-09
RepsRanparRQMC/SmoothGauss-16-Sob-NUS-16-10000.dat,SmoothGauss,16,Sob-NUS,16,NUS,False,-2.312322459302929e-06,1.3162459495245953e-08,0.02045513653928744,2.5767313207485474,    ,5.77627682775186e-10,8.889474548072413e-10,9.942086051431832e-10,7.22842087804612e-10,6.376850797243375e-10,6.272798945869923e-10
RepsFixedparRQMC/SmoothGauss-32-Lat-RS-6-10000.dat,SmoothGauss,32,Lat,6,RS,False,-0.00010829030412841338,0.0001620359200379918,-0.06997420275109052,2.9518451427554098,    ,7.056766791620042e-06,1.1073076010523314e-05,1.1919768887029211e-05,8.638772722242256e-06,7.739927874430566e-06,7.5773999610349255e-06
RepsFixedparRQMC/SmoothGauss-32-Lat-RSB-6-10000.dat,SmoothGauss,32,Lat,6,RS,True,-3.488918484162504e-05,0.00020333856851987618,-0.16636184402975088,2.9080335494523517,    ,8.842024582170053e-06,1.3766269043056539e-05,1.4817944400984296e-05,1.080058041729445e-05,9.602506876397679e-06,9.389335174722249e-06
RepsFixedparRQMC/SmoothGauss-32-Lat-RS-8-10000.dat,SmoothGauss,32,Lat,8,RS,False,-6.323497796058813e-05,3.526435302364134e-05,-0.0011810226998970154,2.9322999267257477,    ,1.537231402595995e-06,2.44737455840645e-06,2.6185124992935064e-06,1.889282128421625e-06,1.6791914259817964e-06,1.637726224783148e-06
RepsFixedparRQMC/SmoothGauss-32-Lat-RSB-8-10000.dat,SmoothGauss,32,Lat,8,RS,True,-7.431593602531064e-05,5.866615884608099e-05,-0.03217691050218115,2.8079286244645916,    ,2.5562254168725787e-06,4.303563119599954e-06,4.64314887157817e-06,3.1582273260542066e-06,2.82141783123847e-06,2.743797982882413e-06
RepsFixedparRQMC/SmoothGauss-32-Lat-RS-10-10000.dat,SmoothGauss,32,Lat,10,RS,False,-6.660305050680578e-05,6.647295489397116e-06,-0.09546350627929866,2.9934178352876772,    ,2.9344881370190413e-07,4.506875079192313e-07,4.7258817404594007e-07,3.4941675484638417e-07,3.1558417514706184e-07,3.0877555843731323e-07
RepsFixedparRQMC/SmoothGauss-32-Lat-RSB-10-10000.dat,SmoothGauss,32,Lat,10,RS,True,-5.7824305570825764e-05,8.939375333054804e-06,0.01618844402306157,2.548980312160426,    ,3.9201214305626143e-07,7.303837566992128e-07,8.115235140558371e-07,5.088136247640323e-07,4.4133144050295507e-07,4.3629828153254446e-07
RepsFixedparRQMC/SmoothGauss-32-Lat-RS-12-10000.dat,SmoothGauss,32,Lat,12,RS,False,-4.1534823059157686e-05,2.3439326664180186e-06,-0.48317363849081535,2.9572496094736604,    ,1.0363525745777374e-07,1.7220223370862752e-07,1.9475410715348826e-07,1.2725671622383122e-07,1.1235454205342226e-07,1.0973017375364566e-07
RepsFixedparRQMC/SmoothGauss-32-Lat-RSB-12-10000.dat,SmoothGauss,32,Lat,12,RS,True,-8.292917689895901e-05,5.558936571030921e-06,0.04325273594487633,1.894313100494708,    ,2.4857014277378757e-07,7.231280406898813e-07,8.650431899216343e-07,3.6025195133409896e-07,2.920180671594554e-07,2.956804344806084e-07
RepsFixedparRQMC/SmoothGauss-32-Lat-RS-14-10000.dat,SmoothGauss,32,Lat,14,RS,False,-3.0972288186920216e-06,2.420844985968259e-07,-0.02702875224255803,2.9571849329674644,    ,1.0535005808826027e-08,1.6265835532119116e-08,1.738417297344049e-08,1.3001205765969263e-08,1.1569812860862236e-08,1.1355334805485624e-08
RepsFixedparRQMC/SmoothGauss-32-Lat-RSB-14-10000.dat,SmoothGauss,32,Lat,14,RS,True,9.83472615358727e-07,9.538013396796109e-08,-0.012442322049004226,2.940995912301287,    ,4.147929564818252e-09,6.4034855366677705e-09,6.791073144232601e-09,5.055442782186175e-09,4.543847669186557e-09,4.441841112828958e-09
RepsFixedparRQMC/SmoothGauss-32-Lat-RS-16-10000.dat,SmoothGauss,32,Lat,16,RS,False,-1.6172581410750175e-06,5.5174744393078775e-08,-0.20201202186897915,2.9518174754232493,    ,2.4015174540287333e-09,3.853730623017107e-09,4.150628059275837e-09,2.9600794478766086e-09,2.6170759992245324e-09,2.555285563483767e-09
RepsFixedparRQMC/SmoothGauss-32-Lat-RSB-16-10000.dat,SmoothGauss,32,Lat,16,RS,True,1.366796248358837e-06,3.822602122623733e-08,-0.00914617561554451,2.9963657743662897,    ,1.6638690548644116e-09,2.6206672121308785e-09,2.8061218530840453e-09,2.090593123730193e-09,1.851927776450542e-09,1.8262362750583025e-09
RepsRanparRQMC/SmoothGauss-32-Lat-Rp-RS-6-10000.dat,SmoothGauss,32,Lat-Rp,6,RS,False,0.00018398194309093502,0.00022214081103314292,-0.09289888782469154,3.076401225774187,    ,9.692145487259294e-06,1.5136307593139087e-05,1.605793799615719e-05,1.1719168638841733e-05,1.0642952034957353e-05,1.0279034911097462e-05
RepsRanparRQMC/SmoothGauss-32-Lat-Rp-RSB-6-10000.dat,SmoothGauss,32,Lat-Rp,6,RS,True,0.0001626051121673517,0.0001618577289786128,-0.20908016149907016,3.1156910270855542,    ,7.0637329867904705e-06,1.078122645556851e-05,1.163310141955145e-05,8.634964551603848e-06,7.768320250445944e-06,7.516751363124895e-06
RepsRanparQMC/SmoothGauss-32-Lat-Rp-6-10000.dat,SmoothGauss,32,Lat-Rp,6,qmc,False,-0.00846123601583254,0.0004722095616748037,-0.48068888829264406,3.238339919453016,    ,9.212336542322189e-05,7.778527703825388e-05,7.414286335420113e-05,8.32437752953076e-05,8.732558383548058e-05,8.589819587934707e-05
RepsRanparQMC/SmoothGauss-32-Lat-Rp-B-6-10000.dat,SmoothGauss,32,Lat-Rp,6,qmc,True,0.04644810712242268,0.00034230965731341464,-0.2526142026671847,3.101165507729526,    ,0.002172309683834896,0.0022567433106749435,0.002276694755104102,0.0022068980530673436,0.002186238421855911,0.002188220696663057
RepsRanparRQMC/SmoothGauss-32-Lat-Rp-RS-8-10000.dat,SmoothGauss,32,Lat-Rp,8,RS,False,2.148548866084351e-05,4.458627436081245e-05,-0.05982488257598611,3.121243566472136,    ,1.938995294084406e-06,2.8503068892028508e-06,3.0284798654239815e-06,2.306813126756966e-06,2.0880572649161406e-06,2.0205553679273907e-06
RepsRanparRQMC/SmoothGauss-32-Lat-Rp-RSB-8-10000.dat,SmoothGauss,32,Lat-Rp,8,RS,True,1.619220619108156e-05,4.054630913576616e-05,-0.08452268282567578,3.351294241480773,    ,1.763145193444211e-06,2.5466212297997932e-06,2.712520928148456e-06,2.1071029312647116e-06,1.9069249306097002e-06,1.8601077097294634e-06
RepsRanparQMC/SmoothGauss-32-Lat-Rp-8-10000.dat,SmoothGauss,32,Lat-Rp,8,qmc,False,-0.0012817726041796157,0.00018381029754364732,-0.33607225029254717,3.401354263551703,    ,9.634693075940494e-06,1.2651769845210473e-05,1.3229109403907669e-05,1.040695164834563e-05,9.767383465336373e-06,9.49860867603231e-06
RepsRanparQMC/SmoothGauss-32-Lat-Rp-B-8-10000.dat,SmoothGauss,32,Lat-Rp,8,qmc,True,0.01639866785193893,9.49636331535099e-05,-0.23992870402581706,3.525483340443962,    ,0.00027304516093358544,0.00028225540513208443,0.0002851310564350636,0.00027712212715778005,0.0002742743584037048,0.0002742950026891869
RepsRanparRQMC/SmoothGauss-32-Lat-Rp-RS-10-10000.dat,SmoothGauss,32,Lat-Rp,10,RS,False,4.6813824867864714e-05,1.07665146438481e-05,-0.022763827615073284,3.2364892610707705,    ,4.703008665399808e-07,7.517535364566978e-07,7.81482553163655e-07,5.679163955819083e-07,5.10141906450426e-07,5.006465583085646e-07
RepsRanparRQMC/SmoothGauss-32-Lat-Rp-RSB-10-10000.dat,SmoothGauss,32,Lat-Rp,10,RS,True,1.1762323517889084e-05,1.0122229073626435e-05,-0.019556804727754368,3.5607102638311554,    ,4.402352684991671e-07,5.808732868358197e-07,5.973046702295764e-07,4.993348345871453e-07,4.6385332428094204e-07,4.4721900624480544e-07
RepsRanparQMC/SmoothGauss-32-Lat-Rp-10-10000.dat,SmoothGauss,32,Lat-Rp,10,qmc,False,-0.00021907932535271456,5.556614335316076e-05,-0.1738969878316865,3.1373364300152295,    ,2.4639150270213815e-06,3.4369656653072457e-06,3.6569500916680458e-06,2.9246170459696586e-06,2.6510936133001884e-06,2.573937965919117e-06
RepsRanparQMC/SmoothGauss-32-Lat-Rp-B-10-10000.dat,SmoothGauss,32,Lat-Rp,10,qmc,True,0.004961280863806862,2.300375061146635e-05,-0.43435846068636835,3.5216658308307585,    ,2.561447087963992e-05,2.8922213646777185e-05,2.9891269630103274e-05,2.723089510657489e-05,2.6306524416348358e-05,2.636252627478387e-05
RepsRanparRQMC/SmoothGauss-32-Lat-Rp-RS-12-10000.dat,SmoothGauss,32,Lat-Rp,12,RS,False,4.920177741880145e-05,2.5607875247221864e-06,-0.004435170704461117,3.530588439577688,    ,1.1375940293256869e-07,1.635195455826182e-07,1.6795124207239098e-07,1.3314695488107982e-07,1.2281604781694635e-07,1.1872209318985124e-07
RepsRanparRQMC/SmoothGauss-32-Lat-Rp-RSB-12-10000.dat,SmoothGauss,32,Lat-Rp,12,RS,True,6.9710586029620766e-06,2.5611626547615245e-06,0.10307843825618004,5.399621807629349,    ,1.114034936911557e-07,8.707782257673749e-08,8.256445518180647e-08,1.0467785851631598e-07,1.0720213024141417e-07,9.907684465856082e-08
RepsRanparQMC/SmoothGauss-32-Lat-Rp-12-10000.dat,SmoothGauss,32,Lat-Rp,12,qmc,False,-9.411312552979922e-06,1.531880096453766e-05,-0.09374394548087418,3.3385641463328195,    ,6.661233973490855e-07,9.607211924540653e-07,9.94504245514195e-07,7.820676733268278e-07,7.111666614946096e-07,6.881447222118753e-07
RepsRanparQMC/SmoothGauss-32-Lat-Rp-B-12-10000.dat,SmoothGauss,32,Lat-Rp,12,qmc,True,0.0014156794332794208,5.770511623402874e-06,-0.9285189262701389,4.364471404167411,    ,2.2550400675235106e-06,3.626256288817543e-06,3.9481617536082216e-06,2.8417311358665035e-06,2.554526973416031e-06,2.5652251303061193e-06
RepsRanparRQMC/SmoothGauss-32-Lat-Rp-RS-14-10000.dat,SmoothGauss,32,Lat-Rp,14,RS,False,2.5967038581681812e-06,6.228387089376942e-07,0.06596719330538328,4.838619779254515,    ,2.708668673778329e-08,3.1586187505023006e-08,3.194373982216244e-08,2.8698932102819747e-08,2.7107735040679196e-08,2.5981446505537314e-08
RepsRanparRQMC/SmoothGauss-32-Lat-Rp-RSB-14-10000.dat,SmoothGauss,32,Lat-Rp,14,RS,True,3.4001917941298363e-06,6.378279561270326e-07,0.04402101043230553,12.452662817468237,    ,2.774321157062959e-08,1.3917858236792559e-08,1.3253891727557293e-08,1.75235166221471e-08,2.157794166996015e-08,1.825844176387576e-08
RepsRanparQMC/SmoothGauss-32-Lat-Rp-14-10000.dat,SmoothGauss,32,Lat-Rp,14,qmc,False,2.440020960654665e-06,3.860368157096266e-06,0.041407521894169776,4.099673501716747,    ,1.6784804748908261e-07,2.08147914476468e-07,2.0998885843978152e-07,1.8703731993373953e-07,1.7479691478290644e-07,1.6793714892956933e-07
RepsRanparQMC/SmoothGauss-32-Lat-Rp-B-14-10000.dat,SmoothGauss,32,Lat-Rp,14,qmc,True,0.00040609819442981695,1.460177290088164e-06,-1.983366568606501,8.591418234109742,    ,2.2840171265342543e-07,4.4905005661505975e-07,4.87963029082184e-07,3.8250701222122295e-07,3.135491736679456e-07,3.1215637837874374e-07
RepsRanparRQMC/SmoothGauss-32-Lat-Rp-RS-16-10000.dat,SmoothGauss,32,Lat-Rp,16,RS,False,5.885689020042617e-06,1.6323207144444052e-07,0.23834130064431036,11.406929797572293,    ,7.1316879197815425e-09,5.8485627426369704e-09,5.761068679193023e-09,6.206220041163026e-09,6.349463066306931e-09,5.877777153062283e-09
RepsRanparRQMC/SmoothGauss-32-Lat-Rp-RSB-16-10000.dat,SmoothGauss,32,Lat-Rp,16,RS,True,-1.3744069033890694e-06,1.7616406727076154e-07,-0.3620737818867192,41.292118391341134,    ,7.66119626697789e-09,2.497014834437426e-09,2.4762191555662035e-09,2.850671484332891e-09,3.672281596715061e-09,3.0004256758661628e-09
RepsRanparQMC/SmoothGauss-32-Lat-Rp-16-10000.dat,SmoothGauss,32,Lat-Rp,16,qmc,False,-5.636820343925386e-06,1.0071965851539892e-06,0.034192739611609194,6.894743020132396,    ,4.382292961985009e-08,3.3614723802465496e-08,3.2638376800107406e-08,3.844472149355357e-08,4.013867894216067e-08,3.6878272925266394e-08
RepsRanparQMC/SmoothGauss-32-Lat-Rp-B-16-10000.dat,SmoothGauss,32,Lat-Rp,16,qmc,True,0.00011639870880578594,3.548198417615103e-07,-4.256789789737308,29.688929474684226,    ,2.897560905345894e-08,4.241230361497841e-08,4.460207025584208e-08,4.256710123320506e-08,3.904993679678796e-08,3.5606095987086585e-08
RepsRanparRQMC/SmoothGauss-32-Lat-Rv-RS-6-10000.dat,SmoothGauss,32,Lat-Rv,6,RS,False,-0.000135008673067379,0.00016764900867520413,-0.07993405000439732,2.9632153791075453,    ,7.307314675507941e-06,1.034187343213538e-05,1.1108232641399152e-05,8.64064239745964e-06,7.821802261177418e-06,7.577299018595125e-06
RepsRanparRQMC/SmoothGauss-32-Lat-Rv-RSB-6-10000.dat,SmoothGauss,32,Lat-Rv,6,RS,True,0.0001740931666197,0.0002125493377793222,-0.1661521389470019,3.0397942489548258,    ,9.271583986286378e-06,1.499867329681975e-05,1.6237910144329037e-05,1.1764587746533752e-05,1.0292839835715851e-05,1.0132637756285779e-05
RepsRanparQMC/SmoothGauss-32-Lat-Rv-6-10000.dat,SmoothGauss,32,Lat-Rv,6,qmc,False,-0.005323118594478884,0.00048131655560312294,-0.33361916547634096,2.9495896987830457,    ,4.9262398336240014e-05,5.024826200681626e-05,4.9422794358630125e-05,4.768064538482412e-05,4.802138373060587e-05,4.710232636365389e-05
RepsRanparQMC/SmoothGauss-32-Lat-Rv-B-6-10000.dat,SmoothGauss,32,Lat-Rv,6,qmc,True,0.0026566970279004835,0.00035204449904887073,-0.3962683233684744,3.138690934418964,    ,2.2364321665397468e-05,3.867254271092521e-05,4.289415968086593e-05,2.957213063822144e-05,2.5837363815927634e-05,2.546737390769025e-05
RepsRanparRQMC/SmoothGauss-32-Lat-Rv-RS-8-10000.dat,SmoothGauss,32,Lat-Rv,8,RS,False,0.0001116618933797091,3.488927557633684e-05,-0.08382724072738379,3.0317633880504222,    ,1.529393403491265e-06,2.367514247922345e-06,2.5296855746728348e-06,1.8343257478492802e-06,1.666769587920558e-06,1.6107265225649165e-06
RepsRanparRQMC/SmoothGauss-32-Lat-Rv-RSB-8-10000.dat,SmoothGauss,32,Lat-Rv,8,RS,True,-6.551971182496752e-06,5.4074782788069497e-05,-0.10558999781550328,3.035074803686687,    ,2.3511204408511367e-06,3.7588947056508502e-06,3.981668063354521e-06,2.872918781031843e-06,2.6029107602122514e-06,2.536236389603676e-06
RepsRanparQMC/SmoothGauss-32-Lat-Rv-8-10000.dat,SmoothGauss,32,Lat-Rv,8,qmc,False,-0.0008768750696547237,0.00016317748538445753,-0.1560067583339932,2.947327618011728,    ,7.863583165367087e-06,1.1149476739366188e-05,1.1835005520770042e-05,9.061224832731404e-06,8.178118175990695e-06,8.04668102311943e-06
RepsRanparQMC/SmoothGauss-32-Lat-Rv-B-8-10000.dat,SmoothGauss,32,Lat-Rv,8,qmc,True,0.0017241424731475625,0.00010630205766634644,-0.38252727365914796,3.3134606970379124,    ,7.594495861900369e-06,1.1996333347141027e-05,1.3121804730847003e-05,9.488632307751698e-06,8.467139651507593e-06,8.345745392671052e-06
RepsRanparRQMC/SmoothGauss-32-Lat-Rv-RS-10-10000.dat,SmoothGauss,32,Lat-Rv,10,RS,False,2.5318811628269866e-05,8.428397664158943e-06,-0.02778561845793406,3.2064737620783283,    ,3.6709311457700446e-07,5.352758362223376e-07,5.659868278927302e-07,4.3583639894752846e-07,4.004362395584035e-07,3.8615241133993117e-07
RepsRanparRQMC/SmoothGauss-32-Lat-Rv-RSB-10-10000.dat,SmoothGauss,32,Lat-Rv,10,RS,True,3.11287559489164e-06,1.334060508785197e-05,-0.027298629893933765,3.448747814315223,    ,5.800359981619462e-07,8.172815004724174e-07,8.539118252813737e-07,6.748690852134073e-07,6.178558290414728e-07,5.989117518138959e-07
RepsRanparQMC/SmoothGauss-32-Lat-Rv-10-10000.dat,SmoothGauss,32,Lat-Rv,10,qmc,False,-0.00010041084037062771,4.7554549638794065e-05,-0.08302356688421629,3.0581682221191717,    ,2.077671451594112e-06,3.2341402417782766e-06,3.4514094002731714e-06,2.497130881917905e-06,2.274873050831541e-06,2.2002627367531667e-06
RepsRanparQMC/SmoothGauss-32-Lat-Rv-B-10-10000.dat,SmoothGauss,32,Lat-Rv,10,qmc,True,0.0007271984711858439,2.847949974560041e-05,-0.540482427520729,3.4908533596521836,    ,1.7670567358689595e-06,3.1615878091904296e-06,3.552927914729209e-06,2.411130073018059e-06,2.0787095365445977e-06,2.045538753053256e-06
RepsRanparRQMC/SmoothGauss-32-Lat-Rv-RS-12-10000.dat,SmoothGauss,32,Lat-Rv,12,RS,False,-1.0532595902931663e-05,1.996009960322013e-06,0.034808111494855166,3.6744967302122373,    ,8.689397732958545e-08,1.144657337698533e-07,1.2048064607845922e-07,9.841380438086645e-08,9.044907163870662e-08,8.75738634130632e-08
RepsRanparRQMC/SmoothGauss-32-Lat-Rv-RSB-12-10000.dat,SmoothGauss,32,Lat-Rv,12,RS,True,7.827922190609759e-06,3.3310584956765304e-06,0.050332765382400044,4.91726996557161,    ,1.448899066126279e-07,1.1963458271410176e-07,1.1393898692937813e-07,1.4372080583514164e-07,1.4423764186178354e-07,1.3487828512828687e-07
RepsRanparQMC/SmoothGauss-32-Lat-Rv-12-10000.dat,SmoothGauss,32,Lat-Rv,12,qmc,False,9.062733570428949e-06,1.2424165374928415e-05,-0.00873265740701823,3.36089967105046,    ,5.402632363975258e-07,7.646076629026265e-07,7.986336284780389e-07,6.366949508941897e-07,5.842351682380263e-07,5.643836340824029e-07
RepsRanparQMC/SmoothGauss-32-Lat-Rv-B-12-10000.dat,SmoothGauss,32,Lat-Rv,12,qmc,True,0.0002464992992551551,7.294968479682734e-06,-0.9037293985920523,4.0449311135275074,    ,3.77934447128184e-07,1.0191518067264131e-06,1.2003488746029145e-06,5.8937604860652e-07,4.7390262913757296e-07,4.668291915553466e-07
RepsRanparRQMC/SmoothGauss-32-Lat-Rv-RS-14-10000.dat,SmoothGauss,32,Lat-Rv,14,RS,False,-3.730774886276278e-06,5.142324409566403e-07,0.08143859541208058,6.1480941589175115,    ,2.237185089675817e-08,2.4106445571154568e-08,2.4270100119225675e-08,2.1812444230762466e-08,2.1408691407661957e-08,2.0281497111049713e-08
RepsRanparRQMC/SmoothGauss-32-Lat-Rv-RSB-14-10000.dat,SmoothGauss,32,Lat-Rv,14,RS,True,3.647802166536718e-06,8.499763802913796e-07,0.1423840572068639,9.727635610385812,    ,3.6968801255923565e-08,1.6803452428958442e-08,1.558443598829037e-08,2.4331045120331647e-08,2.9860889408723784e-08,2.519572470215855e-08
RepsRanparQMC/SmoothGauss-32-Lat-Rv-14-10000.dat,SmoothGauss,32,Lat-Rv,14,qmc,False,1.4947859035092859e-05,3.38956301866683e-06,0.01740415697737568,4.774546213527395,    ,1.475957436491604e-07,1.4925430904207004e-07,1.4724901910321992e-07,1.514755565002785e-07,1.4917300325425165e-07,1.4100301754068275e-07
RepsRanparQMC/SmoothGauss-32-Lat-Rv-B-14-10000.dat,SmoothGauss,32,Lat-Rv,14,qmc,True,5.9770778885858634e-05,1.950728768697653e-06,-1.8907476759702113,7.723865258686554,    ,8.838684029982451e-08,2.1571132563185056e-07,2.574502480204916e-07,1.6427600558015873e-07,1.23037722067926e-07,1.1794733654160816e-07
RepsRanparRQMC/SmoothGauss-32-Lat-Rv-RS-16-10000.dat,SmoothGauss,32,Lat-Rv,16,RS,False,-3.896613510472846e-06,1.3245826701582887e-07,-0.07271933901368083,17.037425375083128,    ,5.774238684494734e-09,4.087542919377137e-09,4.022497441429939e-09,4.309375217709593e-09,4.62285706452743e-09,4.196693207629188e-09
RepsRanparRQMC/SmoothGauss-32-Lat-Rv-RSB-16-10000.dat,SmoothGauss,32,Lat-Rv,16,RS,True,-1.1885384854228376e-05,2.0438201743743647e-07,-0.6621060982996989,30.119613733267744,    ,9.02743704432601e-09,2.977743542596079e-09,2.9080098957983437e-09,3.3977999965324456e-09,4.637668305635982e-09,3.7148999662783727e-09
RepsRanparQMC/SmoothGauss-32-Lat-Rv-16-10000.dat,SmoothGauss,32,Lat-Rv,16,qmc,False,7.359146034897668e-06,8.147688489127465e-07,0.09671701841768322,10.440043303274253,    ,3.547888959178671e-08,2.0994220669290895e-08,2.0108188227629584e-08,2.6089016841231498e-08,2.9388513468709668e-08,2.5874356932437435e-08
RepsRanparQMC/SmoothGauss-32-Lat-Rv-B-16-10000.dat,SmoothGauss,32,Lat-Rv,16,qmc,True,3.16998682625547e-05,4.601746228300692e-07,-3.953715850738645,25.66120001578044,    ,2.1012473944822856e-08,2.989795113152658e-08,3.33004081656494e-08,2.753680511204751e-08,2.5727972604239527e-08,2.1161604415299818e-08
RepsFixedparRQMC/SmoothGauss-32-Sob-DS-6-10000.dat,SmoothGauss,32,Sob,6,DS,False,-1.2052072262478108e-05,9.842146906475157e-05,-0.12223166863978964,3.0131140185275664,    ,4.279339559608932e-06,6.5285043323996304e-06,7.055330205071122e-06,5.315770307205384e-06,4.775583590341441e-06,4.64663979267226e-06
RepsFixedparRQMC/SmoothGauss-32-Sob-DS-8-10000.dat,SmoothGauss,32,Sob,8,DS,False,5.6395912263812795e-06,1.3754785638803399e-05,-0.0031124805635656394,2.969359922575751,    ,5.980659631980442e-07,9.609370716446453e-07,1.0187492543582954e-06,7.412432934875503e-07,6.62809022274506e-07,6.513566355386949e-07
RepsFixedparRQMC/SmoothGauss-32-Sob-DS-10-10000.dat,SmoothGauss,32,Sob,10,DS,False,-1.6573201038472486e-05,3.170524696601306e-06,0.02062982769288763,2.7974967834332527,    ,1.381235708448923e-07,2.1970923839128167e-07,2.385633776633414e-07,1.7274896707034957e-07,1.5369063397388493e-07,1.511593837160482e-07
RepsFixedparRQMC/SmoothGauss-32-Sob-DS-12-10000.dat,SmoothGauss,32,Sob,12,DS,False,-9.440924838315523e-06,4.511342595923073e-07,0.056892889709141706,3.0208011106625126,    ,1.9703664087555216e-08,3.014946902375779e-08,3.201013261424506e-08,2.3515906681134394e-08,2.1116724555263503e-08,2.0597983045271467e-08
RepsFixedparRQMC/SmoothGauss-32-Sob-DS-14-10000.dat,SmoothGauss,32,Sob,14,DS,False,-3.844170440643957e-06,8.254915714214841e-08,0.014441622767426622,2.95994677716379,    ,3.6038714351657825e-09,5.514441536387677e-09,5.903624200560876e-09,4.321606217504923e-09,3.83021543466178e-09,3.773984816787464e-09
RepsFixedparRQMC/SmoothGauss-32-Sob-DS-16-10000.dat,SmoothGauss,32,Sob,16,DS,False,3.4548379297937304e-07,1.3616184017742594e-08,-0.012538892867520655,2.826565525315717,    ,5.921273598226285e-10,9.801034860668658e-10,1.0541277793587733e-09,7.389026087343248e-10,6.558869336953192e-10,6.450371783412248e-10
RepsRanparRQMC/SmoothGauss-32-Sob-LMS-DS-6-10000.dat,SmoothGauss,32,Sob-LMS,6,DS,False,-0.0001519119829015061,8.571519439900053e-05,-0.09101016748244128,2.9962122819021197,    ,3.7498248331143082e-06,6.181323250733402e-06,6.499813078471846e-06,4.4665942557695664e-06,4.0532158046293655e-06,3.9454294544745475e-06
RepsRanparQMC/SmoothGauss-32-Sob-LMS-6-10000.dat,SmoothGauss,32,Sob-LMS,6,qmc,False,0.06455740968063496,3.373958376623533e-05,-0.25732844722905074,3.0981067572644223,    ,0.0041691260830979595,0.004201605058565542,0.004209411241130885,0.004186139871297178,0.004179022680777351,0.004179015812202317
RepsRanparRQMC/SmoothGauss-32-Sob-LMS-DS-8-10000.dat,SmoothGauss,32,Sob-LMS,8,DS,False,-1.0441939033937597e-05,2.0587965439636064e-05,-0.06943543751388509,2.8981676185384186,    ,8.952379662488782e-07,1.4181735113767223e-06,1.5035200545181523e-06,1.092397072989046e-06,9.71210400264274e-07,9.541389717255489e-07
RepsRanparQMC/SmoothGauss-32-Sob-LMS-8-10000.dat,SmoothGauss,32,Sob-LMS,8,qmc,False,0.023688315514651708,1.1858979605056883e-05,-0.10898780942799699,3.029842511974995,    ,0.0005616518997306043,0.0005652600237646471,0.0005661988603988597,0.0005635531340578436,0.000562528599266849,0.0005626836447604191
RepsRanparRQMC/SmoothGauss-32-Sob-LMS-DS-10-10000.dat,SmoothGauss,32,Sob-LMS,10,DS,False,-1.7233504357916504e-05,3.933283327977455e-06,0.0006922287766137387,2.9068438767442104,    ,1.7130931228016976e-07,2.623273999831272e-07,2.819913925746538e-07,2.0851121526105806e-07,1.8607013778000428e-07,1.83167907687674e-07
RepsRanparQMC/SmoothGauss-32-Sob-LMS-10-10000.dat,SmoothGauss,32,Sob-LMS,10,qmc,False,0.009381646665399895,2.3319959626943636e-06,0.008339282249398162,2.743572516507765,    ,8.811668528322178e-05,8.796296925649578e-05,8.797193649953919e-05,8.813968163821314e-05,8.810024371270997e-05,8.809878650200436e-05
RepsRanparRQMC/SmoothGauss-32-Sob-LMS-DS-12-10000.dat,SmoothGauss,32,Sob-LMS,12,DS,False,1.3418915565191908e-05,1.2117793720641633e-06,-0.022188647340010168,2.49090884042659,    ,5.286612694990937e-08,8.669976088587141e-08,9.759403818021411e-08,6.816525445445313e-08,5.943305305526231e-08,5.831609643325476e-08
RepsRanparQMC/SmoothGauss-32-Sob-LMS-12-10000.dat,SmoothGauss,32,Sob-LMS,12,qmc,False,0.0019744433658786123,7.807756420418812e-07,-0.018695989669131996,1.8564129886183138,    ,3.9323733721073625e-06,4.0840213334044375e-06,4.1062300277288205e-06,3.951132639222599e-06,3.937945833209287e-06,3.940207197226282e-06
RepsRanparRQMC/SmoothGauss-32-Sob-LMS-DS-14-10000.dat,SmoothGauss,32,Sob-LMS,14,DS,False,2.148705756330507e-06,8.251000833765978e-08,-0.023387133877447355,2.9078417670359964,    ,3.5920086032820606e-09,5.56028256727862e-09,5.9651333504042526e-09,4.326506177184235e-09,3.915003783376368e-09,3.800263099807469e-09
RepsRanparQMC/SmoothGauss-32-Sob-LMS-14-10000.dat,SmoothGauss,32,Sob-LMS,14,qmc,False,0.0005870879034819439,3.7390852811850236e-08,0.03026759717435876,2.970641401918416,    ,3.462978956675134e-07,3.461033435487892e-07,3.458591969594668e-07,3.4590223971211295e-07,3.463861952095881e-07,3.461027572529639e-07
RepsRanparRQMC/SmoothGauss-32-Sob-LMS-DS-16-10000.dat,SmoothGauss,32,Sob-LMS,16,DS,False,-9.039848192538872e-07,1.431231708891537e-08,-0.030201196138874103,2.858975790526441,    ,6.230918445932403e-10,1.0253525322053604e-09,1.1021247840248155e-09,7.491006482414242e-10,6.663819763722873e-10,6.537469071670882e-10
RepsRanparQMC/SmoothGauss-32-Sob-LMS-16-10000.dat,SmoothGauss,32,Sob-LMS,16,qmc,False,-0.00016634314984512573,6.799204187929792e-09,0.00913679913404183,2.9916903763415177,    ,2.7965661073786203e-08,2.8132638192727125e-08,2.814202224188854e-08,2.807591616876508e-08,2.804204267339607e-08,2.8036471294658167e-08
RepsRanparRQMC/SmoothGauss-32-Sob-NUS-6-10000.dat,SmoothGauss,32,Sob-NUS,6,NUS,False,7.228954503553232e-05,8.464141250586144e-05,-0.16479206313081687,3.0266704070750183,    ,3.685287191619768e-06,5.707135113380681e-06,6.1465277419583814e-06,4.474959297654389e-06,3.947733090524356e-06,3.876576038799464e-06
RepsRanparRQMC/SmoothGauss-32-Sob-NUS-8-10000.dat,SmoothGauss,32,Sob-NUS,8,NUS,False,-2.060767753614944e-05,2.0393654321541037e-05,-0.049040955050775506,2.9918010082610915,    ,8.871052990491312e-07,1.442101898342623e-06,1.535824269516813e-06,1.1203527944884062e-06,9.990017531178039e-07,9.721582164167354e-07
RepsRanparRQMC/SmoothGauss-32-Sob-NUS-10-10000.dat,SmoothGauss,32,Sob-NUS,10,NUS,False,3.716949032248906e-05,3.97751059692984e-06,-0.005888994505030501,2.935493074880899,    ,1.7431681435560926e-07,2.8433764759527395e-07,3.0377163865482543e-07,2.1676032150580378e-07,1.9094307605662196e-07,1.882796404766487e-07
RepsRanparRQMC/SmoothGauss-32-Sob-NUS-12-10000.dat,SmoothGauss,32,Sob-NUS,12,NUS,False,-2.628040573915236e-06,1.2137631039171235e-06,-0.030787315758376326,2.475095302091662,    ,5.277921546322003e-08,8.743275112725644e-08,9.85159051699806e-08,6.903394910147557e-08,6.030860928792529e-08,5.9156945548922716e-08
RepsRanparRQMC/SmoothGauss-32-Sob-NUS-14-10000.dat,SmoothGauss,32,Sob-NUS,14,NUS,False,1.8173623585184483e-06,8.08060182525303e-08,0.007774538671155588,3.0345357656808494,    ,3.5166079473565207e-09,5.158717136972939e-09,5.428185502689097e-09,4.1133487852809965e-09,3.733996381314729e-09,3.6253141927693846e-09
RepsRanparRQMC/SmoothGauss-32-Sob-NUS-16-10000.dat,SmoothGauss,32,Sob-NUS,16,NUS,False,1.1053306036117983e-06,1.411304286102832e-08,0.023341501442963944,2.8959529074903894,    ,6.148323149184251e-10,9.403026851629943e-10,1.0123069907337347e-09,7.359871823828512e-10,6.591951513411611e-10,6.453550310871943e-10
RepsFixedparRQMC/SmoothPerB4-1-Lat-RS-8-10000.dat,SmoothPerB4,1,Lat,8,RS,False,-1.7526593075267031e-12,2.3301981122658417e-20,-0.11911000504540314,1.5373357065428628,    ,1.0162014286768867e-21,4.0302149861264984e-21,4.9844345427003884e-21,1.6171319920129277e-21,1.2175861748837434e-21,1.2678149492119485e-21
RepsFixedparRQMC/SmoothPerB4-1-Lat-RSB-8-10000.dat,SmoothPerB4,1,Lat,8,RS,True,-1.0874331176963488e-11,5.937918863389846e-18,-0.1367831359198793,1.539273753175256,    ,2.582886364433222e-19,1.0512156053822268e-18,1.2998556122121208e-18,4.144101050296696e-19,3.1057106428980885e-19,3.2380666456692315e-19
RepsFixedparRQMC/SmoothPerB4-1-Lat-RS-10-10000.dat,SmoothPerB4,1,Lat,10,RS,False,-1.757093977510988e-15,3.527262016227249e-25,-0.129182690441974,1.5467154830752627,    ,1.5339009188929498e-26,6.034641083806148e-26,7.492989023881629e-26,2.4513336965565e-26,1.8436094791341827e-26,1.9190221922054485e-26
RepsFixedparRQMC/SmoothPerB4-1-Lat-RSB-10-10000.dat,SmoothPerB4,1,Lat,10,RS,True,-4.7811174641839505e-15,9.144035464073275e-23,-0.13840541817245902,1.5311898950892109,    ,3.975690452159543e-24,1.655148114438499e-23,2.0436686128663628e-23,6.414367962525038e-24,4.792013037551051e-24,5.002917927657982e-24
RepsFixedparRQMC/SmoothPerB4-1-Lat-RS-12-10000.dat,SmoothPerB4,1,Lat,12,RS,False,-1.0034360677205943e-17,5.6124914573509236e-30,-0.11270528915192099,1.6400640931370911,    ,2.4412205610510995e-31,9.19681235711015e-31,1.12425733889775e-30,3.809152494843018e-31,2.9096110710418678e-31,3.0088203534126435e-31
RepsFixedparRQMC/SmoothPerB4-1-Lat-RSB-12-10000.dat,SmoothPerB4,1,Lat,12,RS,True,-3.057414014118946e-16,1.4004161622357218e-27,-0.12434986277977705,1.5261767652639988,    ,6.098113703217738e-29,2.5155919395282456e-28,3.09821276468451e-28,9.778339773019663e-29,7.324509891730146e-29,7.643596319962255e-29
RepsFixedparRQMC/SmoothPerB4-1-Lat-RS-14-10000.dat,SmoothPerB4,1,Lat,14,RS,False,6.180470713233483e-18,7.772730246899447e-31,-0.036306379162201016,3.607218654562636,    ,3.3832677552582554e-32,4.7300548165512126e-32,4.956841615608951e-32,3.946559459578628e-32,3.608217838765766e-32,3.487895615565695e-32
RepsFixedparRQMC/SmoothPerB4-1-Lat-RSB-14-10000.dat,SmoothPerB4,1,Lat,14,RS,True,1.3536403562971741e-18,2.249063342886512e-31,-0.0012710946403787574,3.2689959273972726,    ,9.780368615633814e-33,1.4234999874174634e-32,1.4871539967550225e-32,1.1556347560836963e-32,1.0511409837818103e-32,1.018259304834102e-32
RepsFixedparRQMC/SmoothPerB4-1-Lat-RS-16-10000.dat,SmoothPerB4,1,Lat,16,RS,False,2.822205897903104e-17,3.053431041692379e-30,-0.005310824741311895,3.487138216523318,    ,1.3355435599094543e-31,1.8587657036407223e-31,1.9255134495011254e-31,1.5474892255112393e-31,1.421590625558568e-31,1.3729781053222394e-31
RepsFixedparRQMC/SmoothPerB4-1-Lat-RSB-16-10000.dat,SmoothPerB4,1,Lat,16,RS,True,2.6301678914952697e-18,8.289379771559239e-31,-0.007352568857518746,3.3722347108542507,    ,3.6047699398612403e-32,4.8825496150411434e-32,5.092093415976876e-32,4.1952292560360385e-32,3.8511169341946313e-32,3.716281706100879e-32
RepsFixedparRQMC/SmoothPerB4-1-Sob-DS-8-10000.dat,SmoothPerB4,1,Sob,8,DS,False,-4.239607843404358e-13,2.3257797474726058e-20,-0.1408451026473032,1.5398584511279896,    ,1.0113883286043133e-21,4.0808584655128855e-21,5.054890638809659e-21,1.6245130727118412e-21,1.2168567877139023e-21,1.2687826257021493e-21
RepsFixedparRQMC/SmoothPerB4-1-Sob-DS-8-10000.dat,SmoothPerB4,1,Sob,8,DS,True,-2.1901373851793822e-11,5.975825534657798e-18,-0.11918982128373015,1.5306888525270448,    ,2.6029817168345685e-19,1.0659540153296109e-18,1.3126005753250385e-18,4.1623986809137496e-19,3.124695415135381e-19,3.257878838588588e-19
RepsFixedparRQMC/SmoothPerB4-1-Sob-DS-10-10000.dat,SmoothPerB4,1,Sob,10,DS,False,-2.311608783175486e-15,3.5294571298572167e-25,-0.12415637926919106,1.5372044734870316,    ,1.5350809317154353e-26,6.283162245697264e-26,7.759038064184874e-26,2.4609270122464092e-26,1.8459014573010368e-26,1.9242748159787425e-26
RepsFixedparRQMC/SmoothPerB4-1-Sob-DS-10-10000.dat,SmoothPerB4,1,Sob,10,DS,True,-1.4918215812930728e-14,9.142985870998589e-23,-0.14061971755103495,1.5330210959581854,    ,3.9754338014232975e-24,1.6340319654161686e-23,2.015879352180466e-23,6.4058444124311256e-24,4.7888590961694206e-24,4.998575502546796e-24
RepsFixedparRQMC/SmoothPerB4-1-Sob-DS-12-10000.dat,SmoothPerB4,1,Sob,12,DS,False,-1.4001646417392117e-17,5.376853956450813e-30,-0.12325623804474752,1.5449432231490778,    ,2.3397230507851997e-31,9.158975131584566e-31,1.1380183762065439e-30,3.7308416430614023e-31,2.808541561919383e-31,2.9229093831330317e-31
RepsFixedparRQMC/SmoothPerB4-1-Sob-DS-12-10000.dat,SmoothPerB4,1,Sob,12,DS,True,-5.613099779745894e-16,1.3888694571899825e-27,-0.11263570991612619,1.5318361160088285,    ,6.070069746485134e-29,2.4190517363095704e-28,2.9911159832283478e-28,9.647844618272176e-29,7.264979779794726e-29,7.566652645817503e-29
RepsFixedparRQMC/SmoothPerB4-1-Sob-DS-14-10000.dat,SmoothPerB4,1,Sob,14,DS,False,7.619178174998536e-20,3.1721609995611958e-34,-0.020387120293545873,2.5365778455362045,    ,1.379780953352448e-35,2.4406551353857595e-35,2.683191859654611e-35,1.7732686335399127e-35,1.5434003730537115e-35,1.5186173205111603e-35
RepsFixedparRQMC/SmoothPerB4-1-Sob-DS-14-10000.dat,SmoothPerB4,1,Sob,14,DS,True,-4.72541197053847e-18,2.133563685574964e-32,-0.08178860459905544,1.5557349232711768,    ,9.499659033239013e-34,3.6669250581891163e-33,4.495499553567689e-33,1.4780095872622439e-33,1.126049331281468e-33,1.1688308136103878e-33
RepsFixedparRQMC/SmoothPerB4-1-Sob-DS-16-10000.dat,SmoothPerB4,1,Sob,16,DS,False,1.1567674550914831e-20,2.2680186641477375e-34,0.00605409368461487,2.3139790808738283,    ,9.861084524780331e-36,1.9946408066045872e-35,2.2595086440723212e-35,1.3160540602781205e-35,1.1187885016506478e-35,1.1105475123761968e-35
RepsFixedparRQMC/SmoothPerB4-1-Sob-DS-16-10000.dat,SmoothPerB4,1,Sob,16,DS,True,-2.9247922100606055e-19,2.235375799333645e-34,-0.016811081453288242,2.3625410250848504,    ,9.804569309214422e-36,1.9622678002151126e-35,2.1939138780490072e-35,1.291052313192444e-35,1.1048200140294435e-35,1.0942587123069451e-35
RepsRanparQMC/SmoothPerB4-1-SobLMS-8-10000.dat,SmoothPerB4,1,SobLMS,8,qmc,False,-1.7379244828030827e-06,8.873400321272031e-08,-0.5471916540225308,102.1720900074751,    ,3.861020521191418e-09,4.915343285964827e-13,1.0514649375857809e-12,1.543885408375204e-10,6.768603150145737e-10,2.0845563504859163e-10
RepsRanparQMC/SmoothPerB4-1-SobLMS-10-10000.dat,SmoothPerB4,1,SobLMS,10,qmc,False,5.923660368644064e-07,1.27616963873585e-09,8.689821085500302,425.3104377689709,    ,5.5836533988406534e-11,1.3035157877337339e-17,1.0914332940318449e-16,2.411475042560317e-13,3.878839662926812e-12,3.1279362129703617e-13
RepsRanparQMC/SmoothPerB4-1-SobLMS-12-10000.dat,SmoothPerB4,1,SobLMS,12,qmc,False,9.527447144779856e-09,1.920218069080856e-11,-1.4441949273071035,1669.8118500489425,    ,8.349681935885992e-13,2.294344370599057e-23,3.1958101329763743e-21,3.33336921625162e-16,3.3963548888011867e-14,4.0618274706218543e-16
RepsRanparQMC/SmoothPerB4-1-SobLMS-14-10000.dat,SmoothPerB4,1,SobLMS,14,qmc,False,-2.294359736800557e-08,3.4723822236635644e-12,-49.021760980964906,2993.1822704890164,    ,1.5149954881947057e-13,2.951158083312203e-31,9.960681493725289e-27,1.279466242205914e-19,1.1607407419818455e-14,1.1960565895705622e-19
RepsRanparQMC/SmoothPerB4-1-SobLMS-16-10000.dat,SmoothPerB4,1,SobLMS,16,qmc,False,-7.091938665244384e-10,6.177354111238708e-15,-78.60933800710153,7002.2302908527945,    ,2.6908356947243366e-16,2.9729665863294337e-38,1.1900909042949267e-34,7.943195912197696e-24,8.735172248651507e-18,8.277156835835525e-24
RepsRanparRQMC/SmoothPerB4-1-SobNUS-8-10000.dat,SmoothPerB4,1,SobNUS,8,DS,False,3.586016877770271e-07,8.393982250614917e-08,-0.013658018434809264,3.0066990045413866,    ,3.6496860954378318e-09,5.517492116020056e-09,5.843266294199362e-09,4.419804040105838e-09,3.973406842438022e-09,3.863937668559911e-09
RepsRanparRQMC/SmoothPerB4-1-SobNUS-10-10000.dat,SmoothPerB4,1,SobNUS,10,DS,False,-6.910736935122147e-07,5.3607602065930154e-09,0.010525342060048107,3.068283029498089,    ,2.3355411357130007e-10,3.6527502767104615e-10,3.8730157348662213e-10,2.823605976351401e-10,2.536174361161276e-10,2.468085728524127e-10
RepsRanparRQMC/SmoothPerB4-1-SobNUS-12-10000.dat,SmoothPerB4,1,SobNUS,12,DS,False,-4.528827156269518e-09,2.0811720538240468e-11,0.03221621855555198,2.9789576636938726,    ,9.048779249815187e-13,1.4561504521815827e-12,1.5461507030813155e-12,1.1057654774043691e-12,9.876476701250064e-13,9.633364212123345e-13
RepsRanparRQMC/SmoothPerB4-1-SobNUS-14-10000.dat,SmoothPerB4,1,SobNUS,14,DS,False,3.4297413168189304e-09,3.323168989166497e-13,0.010823180524118087,3.0443958265608733,    ,1.4460323947963324e-14,2.2107155376235e-14,2.3489431887038413e-14,1.7526559754643533e-14,1.573076001609801e-14,1.5312506134611386e-14
RepsRanparRQMC/SmoothPerB4-1-SobNUS-16-10000.dat,SmoothPerB4,1,SobNUS,16,DS,False,-9.85496243913314e-10,5.018518920547926e-15,-0.03250269004007974,3.0161042251724406,    ,2.191676776531988e-16,3.459928727263685e-16,3.6782692407432608e-16,2.6568436721658433e-16,2.3818499126667297e-16,2.319439149281432e-16
RepsFixedparRQMC/SmoothPerB4-2-Lat-RS-8-10000.dat,SmoothPerB4,2,Lat,8,RS,False,4.035429490703091e-14,1.847869288311317e-15,0.02004723549146443,2.122650344831766,    ,8.034214297168572e-17,1.736562167004017e-16,2.0030688127067133e-16,1.0979006896845361e-16,9.22207411751324e-17,9.190379539323116e-17
RepsFixedparRQMC/SmoothPerB4-2-Lat-RSB-8-10000.dat,SmoothPerB4,2,Lat,8,RS,True,-1.1061797909258123e-09,6.172076570315756e-13,0.01586279497614063,1.5351648963696793,    ,2.6836339156841838e-14,1.0905171115996376e-13,1.3370176001371372e-13,4.276847162045467e-14,3.223143829741246e-14,3.3596597002195353e-14
RepsFixedparRQMC/SmoothPerB4-2-Lat-RS-10-10000.dat,SmoothPerB4,2,Lat,10,RS,False,2.020954615051028e-12,1.2514306078771427e-19,0.017607418736815497,2.334202664917298,    ,5.445086900500194e-21,9.715457886268792e-21,1.1073255794608989e-20,7.176739516272876e-21,6.163610992337284e-21,6.093730820963725e-21
RepsFixedparRQMC/SmoothPerB4-2-Lat-RSB-10-10000.dat,SmoothPerB4,2,Lat,10,RS,True,2.954204930570708e-10,4.932688224631507e-16,-0.012248033656687394,1.5144728774414846,    ,2.15337438095942e-17,8.627559926895986e-17,1.0690833133224526e-16,3.4437358675466264e-17,2.5937379743458775e-17,2.7040686545335755e-17
RepsFixedparRQMC/SmoothPerB4-2-Lat-RS-12-10000.dat,SmoothPerB4,2,Lat,12,RS,False,-2.269289670795515e-14,1.1662466137005901e-24,0.018096389091636363,1.7558225478463532,    ,5.1221342069719227e-26,1.7756456670513248e-25,2.117499771296259e-25,7.702453078989036e-26,6.033571476687164e-26,6.185314207223582e-26
RepsFixedparRQMC/SmoothPerB4-2-Lat-RSB-12-10000.dat,SmoothPerB4,2,Lat,12,RS,True,2.328684690522251e-12,6.922813477905479e-20,-0.00743336488911903,1.4886050050556363,    ,3.0153416758250374e-21,1.2794482310569932e-20,1.5698605700002783e-20,4.866656838927788e-21,3.638387330028813e-21,3.8078914000040615e-21
RepsFixedparRQMC/SmoothPerB4-2-Lat-RS-14-10000.dat,SmoothPerB4,2,Lat,14,RS,False,-2.555796599641597e-17,6.018362342744822e-30,0.011280554848760343,2.5515323976057886,    ,2.62321137571301e-31,4.46919879181377e-31,4.968050968653228e-31,3.36034295521e-31,2.928412038499511e-31,2.8801089108635908e-31
RepsFixedparRQMC/SmoothPerB4-2-Lat-RSB-14-10000.dat,SmoothPerB4,2,Lat,14,RS,True,1.1196015637481892e-15,2.789544800399933e-26,0.0074539045098329735,1.8941033756305203,    ,1.2140990730528229e-27,3.730232326673341e-27,4.3502508440722584e-27,1.7647999306054094e-27,1.419655402221621e-27,1.4394343233969313e-27
RepsFixedparRQMC/SmoothPerB4-2-Lat-RS-16-10000.dat,SmoothPerB4,2,Lat,16,RS,False,-2.432633676347045e-17,3.118712467848683e-30,0.048715498917097,3.4291858297378677,    ,1.3618796491462034e-31,1.8304712557897276e-31,1.890470713439625e-31,1.5715802148061493e-31,1.4491525353142962e-31,1.396561274244783e-31
RepsFixedparRQMC/SmoothPerB4-2-Lat-RSB-16-10000.dat,SmoothPerB4,2,Lat,16,RS,True,8.748510365360069e-18,8.82786225064828e-31,0.023801909433545012,3.26060868823389,    ,3.8458546219040116e-32,5.63451946807043e-32,5.922462754334959e-32,4.563750620705806e-32,4.141062432494778e-32,4.016379213611906e-32
RepsRanparRQMC/SmoothPerB4-2-Lat-Rp-RS-8-10000.dat,SmoothPerB4,2,Lat-Rp,8,RS,False,-7.241708080658498e-05,0.0009228185685145374,-0.3604309977396449,70.04505510036539,    ,4.012779069074635e-05,2.8259387625440528e-06,2.504562883986449e-06,7.17863308716718e-06,1.3941938027196244e-05,8.539598117192243e-06
RepsRanparRQMC/SmoothPerB4-2-Lat-Rp-RSB-8-10000.dat,SmoothPerB4,2,Lat-Rp,8,RS,True,0.0011728413522085674,0.0034828347284480026,2.2525273487342745,123.53777898013243,    ,0.000152803153726494,3.823579201582981e-06,3.3359618387704093e-06,1.273209481770477e-05,3.206795546072195e-05,1.5874470587206136e-05
RepsRanparQMC/SmoothPerB4-2-Lat-Rp-8-10000.dat,SmoothPerB4,2,Lat-Rp,8,qmc,False,-0.002811516635613377,0.0009024306158513344,0.9828185990011814,49.37155311365421,    ,4.714073952499747e-05,1.0098556566146112e-05,9.620977782471112e-06,1.3522348579320048e-05,2.1037626393595927e-05,1.5108834725994937e-05
RepsRanparRQMC/SmoothPerB4-2-Lat-Rp-RS-10-10000.dat,SmoothPerB4,2,Lat-Rp,10,RS,False,9.206507818204415e-05,0.0002696343626922418,3.220311762234963,320.3474575549339,    ,1.1731709139152917e-05,1.7245623038603546e-07,1.513914626765934e-07,5.142794685314237e-07,1.6135681726042319e-06,6.453828984407644e-07
RepsRanparRQMC/SmoothPerB4-2-Lat-Rp-RSB-10-10000.dat,SmoothPerB4,2,Lat-Rp,10,RS,True,0.00018338140643932944,0.0012639994647636605,0.996669556054894,378.0590197426926,    ,5.4990127208212904e-05,2.13489488543276e-07,1.850112575760525e-07,8.854162265160393e-07,5.438787331951301e-06,1.1533939597493487e-06
RepsRanparQMC/SmoothPerB4-2-Lat-Rp-10-10000.dat,SmoothPerB4,2,Lat-Rp,10,qmc,False,0.0005708856728463863,0.0003047772859185596,4.158079034967542,219.3992619937019,    ,1.3577096795746473e-05,1.4658845801534187e-07,1.29036720444219e-07,6.151329236572006e-07,1.9526943256588417e-06,8.195159387479053e-07
RepsRanparRQMC/SmoothPerB4-2-Lat-Rp-RS-12-10000.dat,SmoothPerB4,2,Lat-Rp,12,RS,False,4.980944595124388e-05,2.3612025326054964e-05,9.93928914482038,612.2199209963126,    ,1.0290907776909683e-06,1.0799154871086358e-08,9.544391217161379e-09,3.1855572512998384e-08,1.1148223338795023e-07,3.994087884728821e-08
RepsRanparRQMC/SmoothPerB4-2-Lat-Rp-RSB-12-10000.dat,SmoothPerB4,2,Lat-Rp,12,RS,True,-8.514422146570784e-05,0.0001320162413486188,-19.76901948848078,2014.3235069879452,    ,5.747086118823731e-06,1.277280699060658e-08,1.1156485386769863e-08,5.0196876985095655e-08,2.7710939229369225e-07,6.446833949669115e-08
RepsRanparQMC/SmoothPerB4-2-Lat-Rp-12-10000.dat,SmoothPerB4,2,Lat-Rp,12,qmc,False,-7.137726345284774e-05,4.1239460059473044e-05,18.091108666135433,537.6395470810559,    ,1.7981147163238016e-06,2.953450631082643e-08,2.817037165007228e-08,4.990372254546437e-08,1.6050762733640363e-07,5.8590586896583685e-08
RepsRanparRQMC/SmoothPerB4-2-Lat-Rp-RS-14-10000.dat,SmoothPerB4,2,Lat-Rp,14,RS,False,-8.739642769109832e-05,2.3715749675498643e-05,-27.677861328452146,1712.6312073185393,    ,1.038757686681802e-06,7.035564900487087e-10,6.16865653474093e-10,2.23186091636907e-09,6.384460205676402e-08,2.9167516172604118e-09
RepsRanparRQMC/SmoothPerB4-2-Lat-Rp-RSB-14-10000.dat,SmoothPerB4,2,Lat-Rp,14,RS,True,0.00011227914386367783,1.9731723752021667e-05,38.98174878232557,1914.582960157896,    ,8.705076388433546e-07,8.260534645571201e-10,7.135182310538308e-10,3.179871537320445e-09,1.8117174319399427e-08,4.080290804516613e-09
RepsRanparQMC/SmoothPerB4-2-Lat-Rp-14-10000.dat,SmoothPerB4,2,Lat-Rp,14,qmc,False,-7.034120705924227e-05,1.6352188181403747e-05,-42.70368137029115,2437.9607064940024,    ,7.159125889498445e-07,5.289832674804672e-10,4.5655659227627566e-10,1.5198081577946004e-09,4.1910857223562635e-08,1.9685490327112327e-09
RepsRanparRQMC/SmoothPerB4-2-Lat-Rp-RS-16-10000.dat,SmoothPerB4,2,Lat-Rp,16,RS,False,2.2613023680124734e-05,1.681044787482698e-06,34.38626812049824,2127.722117874824,    ,7.360025264355345e-08,4.2838559827776615e-11,3.765711310949452e-11,1.3877912234295475e-10,1.5522226381020943e-09,1.7548922886012238e-10
RepsRanparRQMC/SmoothPerB4-2-Lat-Rp-RSB-16-10000.dat,SmoothPerB4,2,Lat-Rp,16,RS,True,-0.00010927333027870674,4.6194324196366264e-05,-66.39851749440761,4597.94645459782,    ,2.0203895388130806e-06,5.1632552354225195e-11,4.517575416223068e-11,2.2389824769866732e-10,1.6768730410843086e-07,2.8942995225651354e-10
RepsRanparQMC/SmoothPerB4-2-Lat-Rp-16-10000.dat,SmoothPerB4,2,Lat-Rp,16,qmc,False,-6.834133028295782e-05,4.057561642125928e-06,-78.12006294313497,6855.10507271132,    ,1.8108626099553683e-07,1.7544790245897578e-10,1.5188927915900527e-10,4.244488648199306e-10,6.7113752611822926e-09,5.851559231419876e-10
RepsRanparRQMC/SmoothPerB4-2-Lat-Rv-RS-8-10000.dat,SmoothPerB4,2,Lat-Rv,8,RS,False,-2.6862202651468436e-05,0.0011100197083812422,0.8758030379789559,41.1490707993487,    ,4.8262448029289646e-05,2.446261404852217e-06,2.1825460745011525e-06,8.356962106590205e-06,1.8823927303175553e-05,1.0312007801987315e-05
RepsRanparRQMC/SmoothPerB4-2-Lat-Rv-RSB-8-10000.dat,SmoothPerB4,2,Lat-Rv,8,RS,True,-1.8310539055727304e-05,0.0015213446849520118,0.10137746681769354,17.520243939683144,    ,6.614575636071059e-05,3.102154705427408e-06,2.6385467083106996e-06,1.8990695637108886e-05,3.723205396948987e-05,2.244871403204622e-05
RepsRanparQMC/SmoothPerB4-2-Lat-Rv-8-10000.dat,SmoothPerB4,2,Lat-Rv,8,qmc,False,-0.0018331459506774987,0.00029682717112630437,-10.191788083043384,107.26317628810985,    ,1.6265953255889847e-05,8.366121438197925e-15,6.25049733601173e-14,2.1552367130977288e-07,2.9192650200693435e-06,2.8002787256018716e-07
RepsRanparRQMC/SmoothPerB4-2-Lat-Rv-RS-10-10000.dat,SmoothPerB4,2,Lat-Rv,10,RS,False,-7.378462580945921e-05,0.0003109836061639237,0.3513408049929347,134.69852873392355,    ,1.3526470525959047e-05,1.9469336540462024e-07,1.6831509191018608e-07,5.700251772817108e-07,2.040112998031503e-06,7.343457711078441e-07
RepsRanparRQMC/SmoothPerB4-2-Lat-Rv-RSB-10-10000.dat,SmoothPerB4,2,Lat-Rv,10,RS,True,0.00014217521704419056,0.00039871235611148477,-0.0003313413567385274,68.9191758868448,    ,1.7355533623275683e-05,2.447647115962785e-07,2.1382045432547402e-07,8.088530288319095e-07,3.3655241942884495e-06,1.073642832163625e-06
RepsRanparQMC/SmoothPerB4-2-Lat-Rv-10-10000.dat,SmoothPerB4,2,Lat-Rv,10,qmc,False,6.132036569433597e-05,0.00017824906727035227,0.6735017381239624,243.86141785456718,    ,7.753719633785942e-06,3.569295509943843e-19,6.770332711703397e-18,4.3150109960878577e-11,3.2979741766208537e-07,4.727220918192108e-11
RepsRanparRQMC/SmoothPerB4-2-Lat-Rv-RS-12-10000.dat,SmoothPerB4,2,Lat-Rv,12,RS,False,-5.83215528019017e-05,5.2268758886063014e-05,-13.967235321086948,562.3857833605528,    ,2.275956137697878e-06,8.54588456065398e-09,7.549192800903297e-09,2.2709429295805408e-08,1.8687324035664225e-07,2.8601045959652863e-08
RepsRanparRQMC/SmoothPerB4-2-Lat-Rv-RSB-12-10000.dat,SmoothPerB4,2,Lat-Rv,12,RS,True,-4.390045966547875e-05,7.532964844017449e-05,-3.3170954206484575,295.04213289696355,    ,3.2771293564533834e-06,1.0903247478579277e-08,9.491570974100623e-09,3.3760029263738755e-08,2.548658521054027e-07,4.318733905035215e-08
RepsRanparQMC/SmoothPerB4-2-Lat-Rv-12-10000.dat,SmoothPerB4,2,Lat-Rv,12,qmc,False,0.0001537982201831182,2.8987343873298826e-05,35.777883588129164,1292.6772872113738,    ,1.2839731913705743e-06,2.738668222162219e-23,3.9419212999829247e-22,1.775321852619311e-15,5.485296250658092e-08,1.6464820962489884e-15
RepsRanparRQMC/SmoothPerB4-2-Lat-Rv-RS-14-10000.dat,SmoothPerB4,2,Lat-Rv,14,RS,False,2.008525563489958e-05,2.0131748993202415e-05,-2.5730301514490916,1594.606564494514,    ,8.756968519809808e-07,7.716086198720803e-10,6.691362437645977e-10,2.6425349144124425e-09,4.7488562549073155e-08,3.432316998282514e-09
RepsRanparRQMC/SmoothPerB4-2-Lat-Rv-RSB-14-10000.dat,SmoothPerB4,2,Lat-Rv,14,RS,True,3.101989081752443e-05,2.716717430982722e-05,-0.43880752897168457,1165.3285090200195,    ,1.1821437253579493e-06,1.0357344799789023e-09,8.993827123921691e-10,3.6136178256203833e-09,5.866595321613822e-08,4.607956972823723e-09
RepsRanparQMC/SmoothPerB4-2-Lat-Rv-14-10000.dat,SmoothPerB4,2,Lat-Rv,14,qmc,False,-2.1420822986846123e-05,4.08613084909189e-06,-99.87593762657833,9983.37018810399,    ,1.78116714661429e-07,1.24632517746902e-27,1.5643754407040643e-26,7.8097918590003175e-19,1.2417510729733946e-11,7.7862915894979605e-19
RepsRanparRQMC/SmoothPerB4-2-Lat-Rv-RS-16-10000.dat,SmoothPerB4,2,Lat-Rv,16,RS,False,3.2376806022910154e-08,2.606001444329606e-07,-14.419625809323135,1814.5270808143098,    ,1.1330442110560203e-08,2.714100113079318e-11,2.4326071465322226e-11,6.260965842852712e-11,5.303054503496322e-10,7.76818625532753e-11
RepsRanparRQMC/SmoothPerB4-2-Lat-Rv-RSB-16-10000.dat,SmoothPerB4,2,Lat-Rv,16,RS,True,-1.7933498737981834e-05,2.8000040982938236e-06,-43.8098071210144,2993.663995559275,    ,1.220609189984558e-07,2.7026449571118558e-11,2.3814757639260008e-11,7.8925329915364e-11,9.030780676544208e-09,9.948914185481277e-11
RepsRanparQMC/SmoothPerB4-2-Lat-Rv-16-10000.dat,SmoothPerB4,2,Lat-Rv,16,qmc,False,-1.8316336082836893e-05,1.6971990275571353e-06,-70.67696597524834,4996.8309329671,    ,7.412675023520096e-08,5.781719594280889e-32,1.4911805918374949e-30,1.377329733497103e-23,6.392957142792542e-09,1.5466972766412268e-23
RepsFixedparRQMC/SmoothPerB4-2-Sob-DS-8-10000.dat,SmoothPerB4,2,Sob,8,DS,False,1.3425217171629634e-05,3.659189156264804e-06,0.01958190054045054,2.1195406124560234,    ,1.5927541716327082e-07,1.5781926807652724e-07,2.1763197503531867e-07,2.115748829964135e-07,1.82278460295741e-07,1.7964703235714192e-07
RepsFixedparRQMC/SmoothPerB4-2-Sob-DS-8-10000.dat,SmoothPerB4,2,Sob,8,DS,True,-6.412532720317436e-05,0.00010943164707679489,-0.0009986341124685436,2.02670089444068,    ,4.762009756579996e-06,2.736846456372421e-06,4.050598306925369e-06,6.292400433527673e-06,5.4680532632193525e-06,5.347490163270878e-06
RepsFixedparRQMC/SmoothPerB4-2-Sob-DS-10-10000.dat,SmoothPerB4,2,Sob,10,DS,False,3.4929630700502625e-09,1.8354884095758865e-13,0.01908162758768274,2.395587775765784,    ,7.992585180469111e-15,1.446225385710947e-14,1.5643865721929864e-14,1.0347345536421955e-14,8.99998375131475e-15,8.857859328321796e-15
RepsFixedparRQMC/SmoothPerB4-2-Sob-DS-10-10000.dat,SmoothPerB4,2,Sob,10,DS,True,9.68791753499021e-07,9.927307250914378e-09,-0.010567464075857961,2.1327803000201766,    ,4.3256061184922935e-10,4.417322818543346e-10,5.637165685288044e-10,5.752887709212251e-10,4.967835287322299e-10,4.892616508566655e-10
RepsFixedparRQMC/SmoothPerB4-2-Sob-DS-12-10000.dat,SmoothPerB4,2,Sob,12,DS,False,2.0511648212588865e-10,1.365215835922252e-16,-0.028216216729994432,2.8028204607455978,    ,5.977793796988621e-18,9.568242362556484e-18,1.032917457404337e-17,7.435511717949255e-18,6.590799284099089e-18,6.4456429519962104e-18
RepsFixedparRQMC/SmoothPerB4-2-Sob-DS-12-10000.dat,SmoothPerB4,2,Sob,12,DS,True,-1.81061892237982e-08,3.1522575547115274e-12,0.013194209743163281,2.0298242169559724,    ,1.3738251038001351e-13,5.630151969713205e-14,7.71035025370631e-14,1.803986130515974e-13,1.576224146724549e-13,1.5379606365118405e-13
RepsFixedparRQMC/SmoothPerB4-2-Sob-DS-14-10000.dat,SmoothPerB4,2,Sob,14,DS,False,-2.818259956671646e-11,1.298000043331359e-16,0.040824567462050015,2.773937306917596,    ,5.644272708185116e-18,8.78235935984436e-18,9.406306239947226e-18,7.02486134956015e-18,6.221685476272386e-18,6.0868691957410325e-18
RepsFixedparRQMC/SmoothPerB4-2-Sob-DS-14-10000.dat,SmoothPerB4,2,Sob,14,DS,True,-9.929045415468188e-09,3.1493694023649663e-12,0.006008698875184593,2.028889089077442,    ,1.3702769039351312e-13,5.540490943808262e-14,7.352396487818461e-14,1.8011442690803944e-13,1.5752011538305195e-13,1.5361371805238717e-13
RepsFixedparRQMC/SmoothPerB4-2-Sob-DS-16-10000.dat,SmoothPerB4,2,Sob,16,DS,False,-3.984432464925139e-11,1.3246123958738116e-16,0.00928367249607399,2.724537942408642,    ,5.760771900092892e-18,9.066012311349967e-18,9.753605137621616e-18,7.211478984439403e-18,6.37356880909782e-18,6.234422491320304e-18
RepsFixedparRQMC/SmoothPerB4-2-Sob-DS-16-10000.dat,SmoothPerB4,2,Sob,16,DS,True,-7.746915587498928e-09,3.187686335158749e-12,0.005356939794586138,2.00561269472211,    ,1.3865507275150024e-13,6.072298924760708e-14,7.857922070557505e-14,1.8307253004829584e-13,1.5958280600548267e-13,1.5571900330057012e-13
RepsRanparRQMC/SmoothPerB4-2-SobLMS-DS-8-10000.dat,SmoothPerB4,2,SobLMS,8,DS,False,1.617952540031582e-05,1.1671516166245486e-06,0.15392279617042168,11.632286447097005,    ,5.100749950411636e-08,5.843295054795461e-09,5.542946288794971e-09,2.6853650885404656e-08,3.7577759859232366e-08,2.914407947837309e-08
RepsRanparQMC/SmoothPerB4-2-SobLMS-8-10000.dat,SmoothPerB4,2,SobLMS,8,qmc,False,8.831884767682814e-05,1.2178427232701795e-05,0.4082748897047609,18.146551421293545,    ,5.372970550593886e-07,1.4022509063361936e-08,1.493370593430934e-08,1.8082089099406328e-07,3.169789389544808e-07,2.1016279347951643e-07
RepsRanparRQMC/SmoothPerB4-2-SobLMS-DS-10-10000.dat,SmoothPerB4,2,SobLMS,10,DS,False,-2.5250313801791715e-06,2.311925385777717e-08,-0.34753258388679237,28.017508477472592,    ,1.0115607338090275e-09,2.2831254095903944e-11,2.358902175067427e-11,2.4101783215021936e-10,4.711113390338766e-10,2.8933419066316163e-10
RepsRanparQMC/SmoothPerB4-2-SobLMS-10-10000.dat,SmoothPerB4,2,SobLMS,10,qmc,False,6.660608935124723e-06,2.4756022464630034e-08,0.6585373815019528,30.155910756962804,    ,1.1207125141966648e-09,2.6330784328857984e-11,2.6833074240428805e-11,2.6684279044777334e-10,5.250606414488449e-10,3.239371439892371e-10
RepsRanparRQMC/SmoothPerB4-2-SobLMS-DS-12-10000.dat,SmoothPerB4,2,SobLMS,12,DS,False,-1.3398877298996665e-07,5.369984534105896e-10,-0.003679399321535895,70.17220137506366,    ,2.3365711835226035e-11,4.7167119466916077e-14,5.6003486727404423e-14,1.7300048834077872e-12,5.521674883524026e-12,2.271170301186246e-12
RepsRanparQMC/SmoothPerB4-2-SobLMS-12-10000.dat,SmoothPerB4,2,SobLMS,12,qmc,False,-3.172057312524196e-07,4.277372036402897e-10,0.6997347247440131,85.21149371787574,    ,1.8697889199430238e-11,4.879767588629554e-14,5.643008845177644e-14,1.552100678181297e-12,4.488221558139111e-12,2.0188664354142013e-12
RepsRanparRQMC/SmoothPerB4-2-SobLMS-DS-14-10000.dat,SmoothPerB4,2,SobLMS,14,DS,False,3.997898574134799e-08,9.746350674343987e-12,2.170734123349368,241.56441667468397,    ,4.2535269644629763e-13,4.8122437711941317e-17,7.428321539279012e-17,7.061940872817116e-15,4.4143206162795223e-14,9.596944217425061e-15
RepsRanparQMC/SmoothPerB4-2-SobLMS-14-10000.dat,SmoothPerB4,2,SobLMS,14,qmc,False,6.283823378245381e-08,1.0309272000721606e-11,4.374931606362983,247.8519977889536,    ,4.5217786104757684e-13,4.767755301556205e-17,7.17712417759249e-17,6.104425338640814e-15,4.259829407300163e-14,8.393516445139314e-15
RepsRanparRQMC/SmoothPerB4-2-SobLMS-DS-16-10000.dat,SmoothPerB4,2,SobLMS,16,DS,False,2.4233767551770105e-09,1.5025938751113782e-13,5.5623018562655915,820.5682010487837,    ,6.538889603207872e-15,2.1372316973198222e-20,4.9582264677897084e-20,1.9420596714471394e-17,3.8988065568260446e-16,2.692067863713123e-17
RepsRanparQMC/SmoothPerB4-2-SobLMS-16-10000.dat,SmoothPerB4,2,SobLMS,16,qmc,False,1.0713265625401903e-08,1.6879086284121481e-12,-8.858951380147372,1474.7342832286756,    ,7.350210573045382e-14,6.9732681961704e-20,2.3235967599283523e-19,1.6357353939783194e-16,4.7268209456265216e-15,2.1485395942868088e-16
RepsRanparRQMC/SmoothPerB4-2-SobNUS-8-10000.dat,SmoothPerB4,2,SobNUS,8,DS,False,-6.0231230026150935e-06,1.1580555988875877e-06,0.06743504830681503,3.3824472272900046,    ,5.038652144059975e-08,6.85643032531081e-08,7.235437836695734e-08,5.8949749643762945e-08,5.3889041357220704e-08,5.2106003318638165e-08
RepsRanparRQMC/SmoothPerB4-2-SobNUS-10-10000.dat,SmoothPerB4,2,SobNUS,10,DS,False,4.20291386737035e-06,2.638936166307955e-07,0.041613295858067084,3.443386607494848,    ,1.1491299990663295e-08,1.603558389840001e-08,1.6800611161549093e-08,1.3406384852364053e-08,1.2260473206039503e-08,1.1858337522252897e-08
RepsRanparRQMC/SmoothPerB4-2-SobNUS-12-10000.dat,SmoothPerB4,2,SobNUS,12,DS,False,-4.044479093985864e-08,4.3416430264699864e-10,-0.01171345525471662,3.250580911922523,    ,1.887834459185324e-11,2.8098931732152603e-11,2.924331308798829e-11,2.231035247271383e-11,2.0289231908689892e-11,1.9655887453653233e-11
RepsRanparRQMC/SmoothPerB4-2-SobNUS-14-10000.dat,SmoothPerB4,2,SobNUS,14,DS,False,-5.158128347665875e-08,8.133075371502714e-12,0.033840723764846356,3.177212446979515,    ,3.562726014791305e-13,5.256759968288604e-13,5.519765904183055e-13,4.232840939535087e-13,3.8393063549378346e-13,3.723242720186745e-13
RepsRanparRQMC/SmoothPerB4-2-SobNUS-16-10000.dat,SmoothPerB4,2,SobNUS,16,DS,False,2.149050591547649e-09,1.9378720470467545e-12,0.023170035354285783,3.3067954902744976,    ,8.425992481178219e-14,1.1780818745412247e-13,1.2488500647439226e-13,9.933221019246958e-14,9.043448924753753e-14,8.757295753764766e-14
RepsFixedparRQMC/SmoothPerB4-4-Lat-RS-8-10000.dat,SmoothPerB4,4,Lat,8,RS,False,-6.909624875113332e-08,4.1697991961222915e-10,0.05183059181030484,2.0320913865512904,    ,1.813433601386231e-11,4.653104645447434e-11,5.3952668590440856e-11,2.548780530815483e-11,2.0981361176132164e-11,2.1076332052451677e-11
RepsFixedparRQMC/SmoothPerB4-4-Lat-RSB-8-10000.dat,SmoothPerB4,4,Lat,8,RS,True,1.5081934351098592e-05,5.33633619835286e-07,-0.034006804449773075,1.5038441468456176,    ,2.3428926475739804e-08,9.988306807967601e-08,1.2207948256405114e-07,3.7743322542946113e-08,2.827735491541565e-08,2.9562040484817767e-08
RepsFixedparRQMC/SmoothPerB4-4-Lat-RS-10-10000.dat,SmoothPerB4,4,Lat,10,RS,False,3.444076377233547e-10,9.431164123744334e-14,-0.08210021535625331,2.378920171944743,    ,4.100624757379328e-15,7.546277856995782e-15,8.51853569801806e-15,5.3969608830301905e-15,4.63372340684633e-15,4.5764078114685176e-15
RepsFixedparRQMC/SmoothPerB4-4-Lat-RSB-10-10000.dat,SmoothPerB4,4,Lat,10,RS,True,-4.3533177171194495e-10,1.4020216444641207e-12,0.03049066806654395,2.470592616442251,    ,6.095765231653932e-14,1.055676469005943e-13,1.1738275016607615e-13,7.872469693201928e-14,6.834772604711389e-14,6.731864526240381e-14
RepsFixedparRQMC/SmoothPerB4-4-Lat-RS-12-10000.dat,SmoothPerB4,4,Lat,12,RS,False,4.08766903892401e-10,5.312399492484714e-15,-0.009624683785553211,1.551859264737937,    ,2.3114098135931405e-16,9.474667791408092e-16,1.1563355680744223e-15,3.672533688199539e-16,2.7750994039026074e-16,2.888442246651998e-16
RepsFixedparRQMC/SmoothPerB4-4-Lat-RSB-12-10000.dat,SmoothPerB4,4,Lat,12,RS,True,3.1295223219983763e-09,2.966791348052037e-14,-0.009637102155014668,2.404705045768004,    ,1.2997031917256413e-15,2.3976137779001103e-15,2.6923407294949075e-15,1.7047647366525747e-15,1.4666663803491545e-15,1.4500289665705844e-15
RepsFixedparRQMC/SmoothPerB4-4-Lat-RS-14-10000.dat,SmoothPerB4,4,Lat,14,RS,False,-2.614551893752643e-11,5.2184001512373974e-18,0.01585644325224314,1.554080020628143,    ,2.2757055125779073e-19,9.127270617163034e-19,1.1174363174813864e-18,3.601647773466332e-19,2.7248293342456107e-19,2.835596716120737e-19
RepsFixedparRQMC/SmoothPerB4-4-Lat-RSB-14-10000.dat,SmoothPerB4,4,Lat,14,RS,True,9.80218564388465e-11,5.343546733242584e-15,0.002995018936272392,1.512369390577422,    ,2.3233772712097384e-16,9.776449207030178e-16,1.1959840139735744e-15,3.728071104123964e-16,2.7968839516486844e-16,2.9217040586475982e-16
RepsFixedparRQMC/SmoothPerB4-4-Lat-RS-16-10000.dat,SmoothPerB4,4,Lat,16,RS,False,-1.966263186598824e-13,1.1012786694426317e-21,0.008518241298951084,1.9070933796606677,    ,4.792034318930416e-23,1.4562410123285433e-22,1.6943310660043025e-22,6.940146218615274e-23,5.59193028476006e-23,5.665572098640642e-23
RepsFixedparRQMC/SmoothPerB4-4-Lat-RSB-16-10000.dat,SmoothPerB4,4,Lat,16,RS,True,-2.130857955916552e-12,9.49092115546876e-20,0.004461697193135478,1.5297202565194805,    ,4.131028014527754e-21,1.7320823137986295e-20,2.111927339901221e-20,6.5938349389517156e-21,4.961015513976825e-21,5.1755471504680865e-21
RepsRanparRQMC/SmoothPerB4-4-Lat-Rp-RS-8-10000.dat,SmoothPerB4,4,Lat-Rp,8,RS,False,0.0001540658318300089,0.0013691194616003125,0.034382161369966385,49.200609360068825,    ,5.9550669393594534e-05,8.51651711097777e-06,7.592519881747932e-06,1.964838391644299e-05,2.9785952061844933e-05,2.1928724669575643e-05
RepsRanparRQMC/SmoothPerB4-4-Lat-Rp-RSB-8-10000.dat,SmoothPerB4,4,Lat-Rp,8,RS,True,-0.0005878420325320477,0.004772043957646935,-1.6677955105686748,84.82049676496413,    ,0.00020782573032681727,1.169096770496638e-05,1.0369877368647664e-05,3.7185065475304964e-05,6.846905855819329e-05,4.3760651653586745e-05
RepsRanparQMC/SmoothPerB4-4-Lat-Rp-8-10000.dat,SmoothPerB4,4,Lat-Rp,8,qmc,False,-0.009802492558622177,0.001437913292459236,-4.3820131762377565,57.08204085654208,    ,0.00015860682959920123,4.9875148634713145e-05,4.5153652040654115e-05,7.897777178267209e-05,0.00010119030897836865,9.07065402773726e-05
RepsRanparRQMC/SmoothPerB4-4-Lat-Rp-RS-10-10000.dat,SmoothPerB4,4,Lat-Rp,10,RS,False,-0.00034783393678622116,0.00030202865333910827,-3.078784089349164,187.28124704876146,    ,1.3252669027541428e-05,5.432039045324989e-07,4.745668332330687e-07,1.6464926673498462e-06,3.5459389487935035e-06,1.9809743661840007e-06
RepsRanparRQMC/SmoothPerB4-4-Lat-Rp-RSB-10-10000.dat,SmoothPerB4,4,Lat-Rp,10,RS,True,-9.801753814350959e-05,0.0015476169463063561,-2.5000026138559623,313.0663883604273,    ,6.729730075545138e-05,7.030366113939422e-07,6.132345880818319e-07,3.0597774979551363e-06,9.776308174452031e-06,3.8199637481554094e-06
RepsRanparQMC/SmoothPerB4-4-Lat-Rp-10-10000.dat,SmoothPerB4,4,Lat-Rp,10,qmc,False,-0.002078815533212953,0.00027906408263888183,-5.656636817936322,117.95961175936775,    ,1.6454695005426662e-05,8.26380685824533e-07,6.854521793454192e-07,2.7478637177737675e-06,5.8200808485040155e-06,3.696353236628752e-06
RepsRanparRQMC/SmoothPerB4-4-Lat-Rp-RS-12-10000.dat,SmoothPerB4,4,Lat-Rp,12,RS,False,0.00012046666741653054,7.027414884484102e-05,5.398918104867882,345.3971343211216,    ,3.0699099938210982e-06,3.499710109067817e-08,3.0184033766672094e-08,1.3238841145314951e-07,4.128849924670772e-07,1.666495829695578e-07
RepsRanparRQMC/SmoothPerB4-4-Lat-Rp-RSB-12-10000.dat,SmoothPerB4,4,Lat-Rp,12,RS,True,0.00017480307190776562,0.00021742181009769333,20.285372506691406,1020.2723966237746,    ,9.483678292108972e-06,4.213222601443112e-08,3.665289601535471e-08,1.9112003305783135e-07,7.176537257496181e-07,2.4356332166885514e-07
RepsRanparQMC/SmoothPerB4-4-Lat-Rp-12-10000.dat,SmoothPerB4,4,Lat-Rp,12,qmc,False,-8.016372859465122e-05,0.0001857254090663481,-24.725726883079112,910.7775308296314,    ,8.081444008875593e-06,8.893218794732272e-08,8.887600269791873e-08,1.7039600130217555e-07,8.160303299030075e-07,1.9713973335437298e-07
RepsRanparRQMC/SmoothPerB4-4-Lat-Rp-RS-14-10000.dat,SmoothPerB4,4,Lat-Rp,14,RS,False,-9.454720388685267e-06,1.5612466060457258e-05,4.983951509440791,1084.8868660477065,    ,6.788922639314221e-07,2.3202571709825392e-09,2.014986253977747e-09,1.0281183014866604e-08,5.18509563130312e-08,1.3345746300918461e-08
RepsRanparRQMC/SmoothPerB4-4-Lat-Rp-RSB-14-10000.dat,SmoothPerB4,4,Lat-Rp,14,RS,True,7.516691100204342e-06,2.616315137308707e-05,24.191504457582763,1822.4741791492193,    ,1.1375848212140988e-06,2.7129575963649364e-09,2.37385369542337e-09,1.3112119631352063e-08,6.547914152576127e-08,1.7008094868587212e-08
RepsRanparQMC/SmoothPerB4-4-Lat-Rp-14-10000.dat,SmoothPerB4,4,Lat-Rp,14,qmc,False,0.0003050385522820532,1.4077524896535885e-05,21.990791027098684,819.7597475656205,    ,7.051148182277172e-07,1.6033572679152035e-08,1.5094698708774532e-08,2.720155100654955e-08,5.969299081995196e-08,3.3250513833174494e-08
RepsRanparRQMC/SmoothPerB4-4-Lat-Rp-RS-16-10000.dat,SmoothPerB4,4,Lat-Rp,16,RS,False,-2.3349858431794533e-05,2.513313298839799e-06,-40.35185621722064,2907.6471099049318,    ,1.0981970714268917e-07,1.395174250907521e-10,1.205217739998137e-10,6.396095596540279e-10,5.700657743835685e-09,8.325541138501998e-10
RepsRanparRQMC/SmoothPerB4-4-Lat-Rp-RSB-16-10000.dat,SmoothPerB4,4,Lat-Rp,16,RS,True,3.414463203238105e-05,9.692624743002009e-06,75.92821663131227,6786.892908764032,    ,4.225843229836706e-07,1.6096267658456345e-10,1.3935209956043331e-10,7.625508841691155e-10,4.581314736896567e-09,9.862347736136433e-10
RepsRanparQMC/SmoothPerB4-4-Lat-Rp-16-10000.dat,SmoothPerB4,4,Lat-Rp,16,qmc,False,2.1157412794454856e-05,1.169775030486587e-06,24.071313798630143,1374.7062967270592,    ,5.1307420050354394e-08,1.4288261581466764e-10,1.3070069773733404e-10,4.850116243673946e-10,2.5897456573549843e-09,6.195802190412557e-10
RepsRanparRQMC/SmoothPerB4-4-Lat-Rv-RS-8-10000.dat,SmoothPerB4,4,Lat-Rv,8,RS,False,-0.0007477202653769766,0.002517114390751171,-0.025201862823845244,30.04830995694561,    ,0.00010999884171487155,1.1687273381631803e-05,1.0090876623359062e-05,3.374387264570668e-05,5.730809335235976e-05,3.91019895098089e-05
RepsRanparRQMC/SmoothPerB4-4-Lat-Rv-RSB-8-10000.dat,SmoothPerB4,4,Lat-Rv,8,RS,True,-0.0006891610770003169,0.00239057229276087,-0.025178960532374284,9.909459644698735,    ,0.00010441286876226397,1.612824087461123e-05,1.3601571753208481e-05,5.814155053121368e-05,8.02861786408832e-05,6.26938012566735e-05
RepsRanparQMC/SmoothPerB4-4-Lat-Rv-8-10000.dat,SmoothPerB4,4,Lat-Rv,8,qmc,False,0.0009424037544967654,0.0006029972470183903,1.0813061543226448,21.907307294037604,    ,2.710539644598483e-05,5.39461148311503e-09,7.432685527832953e-09,3.6730721406332255e-06,1.2106774520542644e-05,4.27151355972014e-06
RepsRanparRQMC/SmoothPerB4-4-Lat-Rv-RS-10-10000.dat,SmoothPerB4,4,Lat-Rv,10,RS,False,0.00011590687296827511,0.00019592239938238875,0.5690435763992246,118.30775472520628,    ,8.531799593739924e-06,1.5163704773917816e-07,1.5936472063959375e-07,2.036366457488437e-07,1.1320427002043776e-06,2.409051947914574e-07
RepsRanparRQMC/SmoothPerB4-4-Lat-Rv-RSB-10-10000.dat,SmoothPerB4,4,Lat-Rv,10,RS,True,-3.2635982432756805e-05,0.00033209687340011394,0.32388712574537437,74.33956591972718,    ,1.4440059603006479e-05,1.7055174517502324e-07,1.744220558374048e-07,4.972468551179743e-07,2.8150258748248587e-06,6.486327552334271e-07
RepsRanparQMC/SmoothPerB4-4-Lat-Rv-10-10000.dat,SmoothPerB4,4,Lat-Rv,10,qmc,False,-0.0004235240526634663,0.0001221025826050913,-0.47884623175862684,139.5439479401823,    ,5.488180562536283e-06,5.092903892180905e-12,1.1669432606887079e-11,4.347742886755665e-08,6.885177232883844e-07,5.2474538428525896e-08
RepsRanparRQMC/SmoothPerB4-4-Lat-Rv-RS-12-10000.dat,SmoothPerB4,4,Lat-Rv,12,RS,False,9.079790619480193e-05,4.623985348006681e-05,5.0438984233083115,484.368706704719,    ,2.0186726719461776e-06,2.1317328500350482e-08,1.8858852536382373e-08,5.1251178148983716e-08,1.8687966824527396e-07,6.268053962653431e-08
RepsRanparRQMC/SmoothPerB4-4-Lat-Rv-RSB-12-10000.dat,SmoothPerB4,4,Lat-Rv,12,RS,True,0.00013639939508170525,9.183243898213725e-05,3.2205117357475377,251.42742396971275,    ,4.011319533332449e-06,2.2776766577328612e-08,1.987163423384577e-08,7.47117866999086e-08,3.7393956883230505e-07,9.544168938842613e-08
RepsRanparQMC/SmoothPerB4-4-Lat-Rv-12-10000.dat,SmoothPerB4,4,Lat-Rv,12,qmc,False,0.00025535548942100765,2.5939455031140206e-05,19.308116707358813,440.77394365811097,    ,1.193008818635712e-06,3.473592592257266e-15,1.2084841276566499e-14,2.346255736628805e-10,5.1714096169976795e-08,3.625576241623129e-10
RepsRanparRQMC/SmoothPerB4-4-Lat-Rv-RS-14-10000.dat,SmoothPerB4,4,Lat-Rv,14,RS,False,-1.3824098234976567e-05,2.0347121539669483e-05,5.574402253954646,914.9474855028471,    ,8.848485639385095e-07,1.6550101198234304e-09,1.4362155818155843e-09,5.624491728219077e-09,5.279119048940055e-08,7.186963887574141e-09
RepsRanparRQMC/SmoothPerB4-4-Lat-Rv-RSB-14-10000.dat,SmoothPerB4,4,Lat-Rv,14,RS,True,-1.2238589728645133e-05,2.7565590483970426e-05,3.7356020458181427,666.0542414179714,    ,1.1986537171642168e-06,1.8773325204710308e-09,1.6086486858913165e-09,8.007804110967482e-09,7.289523300295854e-08,1.0247764843956189e-08
RepsRanparQMC/SmoothPerB4-4-Lat-Rv-14-10000.dat,SmoothPerB4,4,Lat-Rv,14,qmc,False,4.0577142441161745e-05,5.37953160121807e-06,50.028520805991036,2805.3333342925366,    ,2.3553918280251946e-07,1.8310496853018534e-18,9.514450527301263e-18,9.60376242493844e-13,1.3222252269982996e-10,8.795044623282899e-13
RepsRanparRQMC/SmoothPerB4-4-Lat-Rv-RS-16-10000.dat,SmoothPerB4,4,Lat-Rv,16,RS,False,-2.0324800199129745e-06,8.824397009120165e-06,10.233539747124345,3166.6750963609693,    ,3.836735661541689e-07,8.168200450189915e-11,7.152089904349437e-11,2.5766064076362303e-10,1.5853362267556846e-08,3.2296069766727783e-10
RepsRanparRQMC/SmoothPerB4-4-Lat-Rv-RSB-16-10000.dat,SmoothPerB4,4,Lat-Rv,16,RS,True,1.371676646775128e-05,2.295041331734984e-06,48.673129542316076,3558.826173143906,    ,9.997255540993884e-08,8.881169399688928e-11,7.639278413906122e-11,3.364277565171774e-10,2.1221251019776624e-09,4.226958369939796e-10
RepsRanparQMC/SmoothPerB4-4-Lat-Rv-16-10000.dat,SmoothPerB4,4,Lat-Rv,16,qmc,False,-5.67778310601286e-06,2.9003111241583262e-06,-47.62394866999768,4387.761955507993,    ,1.2613272088005656e-07,7.564837422036863e-22,4.9150631359242866e-21,8.513988749020899e-16,3.930973437477974e-09,9.087467544810881e-16
RepsFixedparRQMC/SmoothPerB4-4-Sob-DS-8-10000.dat,SmoothPerB4,4,Sob,8,DS,False,4.469366391985652e-06,1.1748565130618924e-05,0.020791798377694095,2.0445751624178494,    ,5.108271548280729e-07,1.2300905971858517e-06,1.435264577387734e-06,7.157116768393709e-07,5.898890199709254e-07,5.92438588837476e-07
RepsFixedparRQMC/SmoothPerB4-4-Sob-DS-8-10000.dat,SmoothPerB4,4,Sob,8,DS,True,0.00023198191337999815,0.00011339633789838708,-0.02801238490936451,2.0587970786109584,    ,4.984091168934883e-06,3.3298769344645587e-06,5.0084667262768055e-06,6.645604283647394e-06,5.749810072931158e-06,5.642096329913257e-06
RepsFixedparRQMC/SmoothPerB4-4-Sob-DS-10-10000.dat,SmoothPerB4,4,Sob,10,DS,False,-6.274886962774922e-07,5.948829314948151e-09,-0.014209117858101057,2.535567314372602,    ,2.590384948877887e-10,4.5676976100382424e-10,4.950314779047693e-10,3.3062419605688496e-10,2.890324500059082e-10,2.839324228957119e-10
RepsFixedparRQMC/SmoothPerB4-4-Sob-DS-10-10000.dat,SmoothPerB4,4,Sob,10,DS,True,2.9930562281549776e-06,2.6023617765276145e-07,-0.001112081778936663,1.9621793347072771,    ,1.1323574805270177e-08,2.9914945048723346e-08,3.559917097673347e-08,1.6212105352324175e-08,1.3163961576943099e-08,1.329353087364235e-08
RepsFixedparRQMC/SmoothPerB4-4-Sob-DS-12-10000.dat,SmoothPerB4,4,Sob,12,DS,False,1.8175115005932691e-07,5.373659678431363e-10,-0.1083552918115226,2.6132631877174815,    ,2.339677121285816e-11,4.2411024638031486e-11,4.5195336815149644e-11,2.9832592374665506e-11,2.6107705550503077e-11,2.5606896070300275e-11
RepsFixedparRQMC/SmoothPerB4-4-Sob-DS-12-10000.dat,SmoothPerB4,4,Sob,12,DS,True,-4.110523403643218e-06,1.9338404366163343e-07,0.022902036275073586,1.2586345161131594,    ,8.424898300983787e-09,8.729592269045153e-08,8.776725228631901e-08,1.502021794637904e-08,1.0332742348692856e-08,1.1413553181160861e-08
RepsFixedparRQMC/SmoothPerB4-4-Sob-DS-14-10000.dat,SmoothPerB4,4,Sob,14,DS,False,1.0948269390995917e-08,2.849003653965536e-12,-0.02058191720248972,1.9660346004573044,    ,1.239895886881159e-13,3.7247168754906754e-13,4.3309460911413424e-13,1.7913069968259225e-13,1.4447152961174483e-13,1.4631677222921749e-13
RepsFixedparRQMC/SmoothPerB4-4-Sob-DS-14-10000.dat,SmoothPerB4,4,Sob,14,DS,True,-6.353054433450234e-06,1.7992883898985355e-07,0.03111883848091071,1.0070050976461902,    ,7.86335430019323e-09,1.6440803100431286e-07,1.1959745189854394e-07,1.577297541136059e-08,9.812792635882417e-09,1.3225221327408876e-08
RepsFixedparRQMC/SmoothPerB4-4-Sob-DS-16-10000.dat,SmoothPerB4,4,Sob,16,DS,False,1.1702487934030247e-10,1.8741010061259693e-14,0.0464387270490327,2.47401870444353,    ,8.1484021922498e-16,1.5349481506151247e-15,1.6553306547640617e-15,1.0523201237529416e-15,9.136542269135103e-16,9.003179910314749e-16
RepsFixedparRQMC/SmoothPerB4-4-Sob-DS-16-10000.dat,SmoothPerB4,4,Sob,16,DS,True,-9.40449431911074e-09,3.3659591390111385e-12,0.003099096747183624,2.1063729536587226,    ,1.464344940356216e-13,1.0756648679689049e-13,1.6101410829772926e-13,1.9329933585082339e-13,1.6758565265607128e-13,1.644578662381578e-13
RepsRanparRQMC/SmoothPerB4-4-SobLMS-DS-8-10000.dat,SmoothPerB4,4,SobLMS,8,DS,False,1.7268181114814318e-06,7.815434147916121e-06,0.0019770438759111296,4.744494359846415,    ,3.398044665927954e-07,3.020560567178141e-07,2.9784478264707235e-07,3.3948556887750035e-07,3.3777530066747927e-07,3.1582641795951804e-07
RepsRanparQMC/SmoothPerB4-4-SobLMS-8-10000.dat,SmoothPerB4,4,SobLMS,8,qmc,False,7.090230872781972e-05,8.691106835925122e-05,0.12464128101830067,10.026940551782403,    ,3.7837692399590755e-06,8.256408891325258e-07,7.486415011766795e-07,2.2420058781388014e-06,2.9344652201429322e-06,2.3767418115128655e-06
RepsRanparRQMC/SmoothPerB4-4-SobLMS-DS-10-10000.dat,SmoothPerB4,4,SobLMS,10,DS,False,7.364723554833752e-06,3.4808246903257566e-07,0.1101184452165088,8.156049881350842,    ,1.5188259545759802e-08,6.37138356587845e-09,5.8023887228578825e-09,1.1304966942036856e-08,1.3009765235879331e-08,1.1365840413362449e-08
RepsRanparQMC/SmoothPerB4-4-SobLMS-10-10000.dat,SmoothPerB4,4,SobLMS,10,qmc,False,0.00010642043766379121,3.331177910069317e-07,1.5375496907608808,7.980505973958404,    ,2.5808691770245553e-08,7.0701674279249245e-09,6.183269120388666e-09,1.5496360343146018e-08,1.9918197002703206e-08,1.7747801713334445e-08
RepsRanparRQMC/SmoothPerB4-4-SobLMS-DS-12-10000.dat,SmoothPerB4,4,SobLMS,12,DS,False,-8.604923909637435e-07,9.100070083450837e-09,-0.14408254363064496,11.208273819694737,    ,3.963956681745081e-10,1.0749142861648195e-10,9.816946933025417e-11,2.4465717488087213e-10,3.069324248707194e-10,2.5529967980339246e-10
RepsRanparQMC/SmoothPerB4-4-SobLMS-12-10000.dat,SmoothPerB4,4,SobLMS,12,qmc,False,-3.4499622673393794e-06,1.2475351583117974e-07,-0.33581561249672903,31.854110065416876,    ,5.435968145349532e-09,3.124535313132331e-10,2.9279800719159866e-10,1.769544185876354e-09,2.896793345216866e-09,2.0282562846860375e-09
RepsRanparRQMC/SmoothPerB4-4-SobLMS-DS-14-10000.dat,SmoothPerB4,4,SobLMS,14,DS,False,3.341326902055117e-08,2.361537589294323e-10,0.20612732779193507,20.992954174742305,    ,1.0268671182608915e-11,1.4464346215158478e-12,1.3520445033754094e-12,4.722582614423349e-12,6.6087378167286765e-12,5.145524454612845e-12
RepsRanparQMC/SmoothPerB4-4-SobLMS-14-10000.dat,SmoothPerB4,4,SobLMS,14,qmc,False,-4.6570420364468667e-07,2.134023090619737e-10,-0.5088613448112599,17.43200230406886,    ,9.495241668856405e-12,1.4260195769674406e-12,1.3068593538986896e-12,4.5545646398765474e-12,6.3703766607304186e-12,4.97684491668642e-12
RepsRanparRQMC/SmoothPerB4-4-SobLMS-DS-16-10000.dat,SmoothPerB4,4,SobLMS,16,DS,False,-2.981480326935153e-08,5.618013969050693e-12,-0.5898881707448939,40.5194183939036,    ,2.4515039940923764e-13,1.2796113935370883e-14,1.1720740107392743e-14,6.362143803137165e-14,1.110416060714994e-13,7.426718197087274e-14
RepsRanparQMC/SmoothPerB4-4-SobLMS-16-10000.dat,SmoothPerB4,4,SobLMS,16,qmc,False,1.3834730408958298e-08,6.529618155480707e-12,0.5352338498955078,39.46435482930367,    ,2.84087841308128e-13,1.3348999557780502e-14,1.2456659313121632e-14,6.940878059077858e-14,1.2394477298005607e-13,8.182134348337053e-14
RepsRanparRQMC/SmoothPerB4-4-SobNUS-8-10000.dat,SmoothPerB4,4,SobNUS,8,DS,False,4.601661981993121e-06,8.061360432628745e-06,0.02162176764992849,3.16370747932112,    ,3.505151071464202e-07,5.113866266502751e-07,5.395343234129997e-07,4.179752295628586e-07,3.786040060572186e-07,3.673446642395474e-07
RepsRanparRQMC/SmoothPerB4-4-SobNUS-10-10000.dat,SmoothPerB4,4,SobNUS,10,DS,False,7.510099994274788e-06,3.5601794896119446e-07,0.10971892193853938,5.576712716205044,    ,1.553544286110637e-08,1.625073211230613e-08,1.6176830843479848e-08,1.529568056860187e-08,1.509763552487084e-08,1.4193054028832451e-08
RepsRanparRQMC/SmoothPerB4-4-SobNUS-12-10000.dat,SmoothPerB4,4,SobNUS,12,DS,False,-2.885762650936241e-06,1.2056825449946922e-07,-0.05866576868856564,4.068211780198943,    ,5.2504256477935916e-09,6.730663728775852e-09,6.960311491006511e-09,5.864072261682966e-09,5.467799859695892e-09,5.247446913665106e-09
RepsRanparRQMC/SmoothPerB4-4-SobNUS-14-10000.dat,SmoothPerB4,4,SobNUS,14,DS,False,1.0713752158753725e-08,2.2641365068468738e-10,0.024641145562455093,3.4031766960327228,    ,9.844186553384771e-12,1.3720163637168622e-11,1.4365836007317727e-11,1.151048159288929e-11,1.051794167128278e-11,1.0172618389812398e-11
RepsRanparRQMC/SmoothPerB4-4-SobNUS-16-10000.dat,SmoothPerB4,4,SobNUS,16,DS,False,-1.6175960474286503e-07,3.718334719873445e-10,-0.010138948055280253,10.028601168705341,    ,1.6192838864828502e-11,1.3611068657367444e-11,1.3418149309906459e-11,1.4416481557316367e-11,1.4663238422845923e-11,1.3586000101614474e-11
RepsFixedparRQMC/SmoothPerB4-8-Lat-RS-8-10000.dat,SmoothPerB4,8,Lat,8,RS,False,1.875318365181733e-06,4.255207422315653e-07,-0.014978235219518346,2.4210139098906143,    ,1.85044186551258e-08,3.647565852373009e-08,4.049959118952017e-08,2.430510405173836e-08,2.0851067743308804e-08,2.0629275796592973e-08
RepsFixedparRQMC/SmoothPerB4-8-Lat-RSB-8-10000.dat,SmoothPerB4,8,Lat,8,RS,True,2.5372900056606618e-05,5.2581102154853634e-06,-0.09254011215114219,2.580179611823868,    ,2.2925727168708094e-07,4.2479302081745353e-07,4.6691611938389567e-07,2.963169114389479e-07,2.567920556495944e-07,2.527920824319696e-07
RepsFixedparRQMC/SmoothPerB4-8-Lat-RS-10-10000.dat,SmoothPerB4,8,Lat,10,RS,False,-5.197366475876153e-08,1.7219071168952366e-09,-0.3003947935227668,2.8197374910701387,    ,7.486822808336048e-11,1.2758125635013675e-10,1.4157171007643102e-10,9.541240853565945e-11,8.332334758862148e-11,8.134096459472142e-11
RepsFixedparRQMC/SmoothPerB4-8-Lat-RSB-10-10000.dat,SmoothPerB4,8,Lat,10,RS,True,9.399187054375424e-07,1.8274646670513564e-08,-0.011212487735650534,2.1340272536125657,    ,7.954333024125515e-10,1.9255895582461284e-09,2.216594069138381e-09,1.10252316835832e-09,9.14684512924409e-10,9.161922684925628e-10
RepsFixedparRQMC/SmoothPerB4-8-Lat-RS-12-10000.dat,SmoothPerB4,8,Lat,12,RS,False,3.473580948790342e-07,5.031963583683789e-10,-0.1543478097006344,2.1771767659276913,    ,2.1998760183833598e-11,4.860915890241354e-11,5.63530401800054e-11,3.04800097777727e-11,2.5402094133976358e-11,2.5313875980787964e-11
RepsFixedparRQMC/SmoothPerB4-8-Lat-RSB-12-10000.dat,SmoothPerB4,8,Lat,12,RS,True,8.108669213007978e-07,6.414213125384906e-10,-0.12130399261281238,2.5117405483668707,    ,2.8545388317907253e-11,5.44511467891575e-11,6.08278329923915e-11,3.765615429730182e-11,3.227934369933851e-11,3.190705719090512e-11
RepsFixedparRQMC/SmoothPerB4-8-Lat-RS-14-10000.dat,SmoothPerB4,8,Lat,14,RS,False,-6.965342377452722e-10,2.3275886817882633e-14,-0.36269117251386124,2.59900002443297,    ,1.0124802389827268e-15,1.9611338449641665e-15,2.2706115351625674e-15,1.3550142757344036e-15,1.147703023159382e-15,1.1289070923240205e-15
RepsFixedparRQMC/SmoothPerB4-8-Lat-RSB-14-10000.dat,SmoothPerB4,8,Lat,14,RS,True,-8.319446165820816e-09,5.699236481308994e-12,0.055789645687884706,2.249847527872046,    ,2.478621036762014e-13,4.3501319408979933e-13,5.034810621804705e-13,3.2958050541809933e-13,2.819735257470282e-13,2.790423800920333e-13
RepsFixedparRQMC/SmoothPerB4-8-Lat-RS-16-10000.dat,SmoothPerB4,8,Lat,16,RS,False,6.757421301944452e-10,5.5450092783071714e-15,-0.007442039264417363,1.7190255244954253,    ,2.4154398735291846e-16,8.630013484340481e-16,1.0348168271535665e-15,3.6749080819682074e-16,2.8623433345725424e-16,2.940141971189756e-16
RepsFixedparRQMC/SmoothPerB4-8-Lat-RSB-16-10000.dat,SmoothPerB4,8,Lat,16,RS,True,-9.954053581940703e-10,7.405539444239642e-15,0.01941511827285402,2.1364043345753743,    ,3.229708076636276e-16,7.066461043423936e-16,8.186319654501488e-16,4.422212955506604e-16,3.701649752642671e-16,3.6945931934630116e-16
RepsFixedparRQMC/SmoothPerB4-8-Lat-RS-30-10000.dat,SmoothPerB4,8,Lat,30,RS,False,0.0,0.0,,,    ,0.0,,,,,
RepsRanparRQMC/SmoothPerB4-8-Lat-Rp-RS-8-10000.dat,SmoothPerB4,8,Lat-Rp,8,RS,False,-0.00011627499219517147,0.001613434963290366,0.7391983074457635,39.25840100555446,    ,7.01628661038259e-05,1.9121601032834232e-05,1.744698540737213e-05,3.304676811299599e-05,4.221540918067864e-05,3.470551483327507e-05
RepsRanparRQMC/SmoothPerB4-8-Lat-Rp-RSB-8-10000.dat,SmoothPerB4,8,Lat-Rp,8,RS,True,-0.0003733628504138267,0.005190005752178119,-0.901046291519542,68.5187667471008,    ,0.00022579182382581346,3.116900807119732e-05,2.7824298596376164e-05,6.461610599052073e-05,9.59830786722153e-05,7.158316719454523e-05
RepsRanparQMC/SmoothPerB4-8-Lat-Rp-8-10000.dat,SmoothPerB4,8,Lat-Rp,8,qmc,False,-0.006411925074530522,0.0015731868862156764,-2.583086597038193,22.285897327074473,    ,0.00010951221299685743,2.672953328674214e-05,2.3161157103761357e-05,4.907183472214818e-05,6.844007636623036e-05,5.8062212923441615e-05
RepsRanparRQMC/SmoothPerB4-8-Lat-Rp-RS-10-10000.dat,SmoothPerB4,8,Lat-Rp,10,RS,False,1.2805008937530005e-05,0.00034023032442909195,2.2340957184546264,103.06549231306181,    ,1.4792786769518757e-05,1.4740454219012262e-06,1.3029492768307372e-06,3.6767923577603084e-06,5.944789192195673e-06,4.1753523535511425e-06
RepsRanparRQMC/SmoothPerB4-8-Lat-Rp-RSB-10-10000.dat,SmoothPerB4,8,Lat-Rp,10,RS,True,-0.0008395571749197472,0.001185918886089357,-8.410984225360012,315.1060255865441,    ,5.226654694949649e-05,2.222931092926761e-06,1.9663133639843137e-06,6.564288414313653e-06,1.3266323805895486e-05,7.688929660341637e-06
RepsRanparQMC/SmoothPerB4-8-Lat-Rp-10-10000.dat,SmoothPerB4,8,Lat-Rp,10,qmc,False,-0.0014730684550731332,0.000363320002798672,-0.7973206701728314,50.95343503165312,    ,1.7966452534143375e-05,1.481876004855413e-06,1.274094699726515e-06,4.467474229073966e-06,8.056879218009447e-06,5.450661134879351e-06
RepsRanparRQMC/SmoothPerB4-8-Lat-Rp-RS-12-10000.dat,SmoothPerB4,8,Lat-Rp,12,RS,False,-1.4610388867184908e-05,8.75318473829686e-05,0.49395162096808415,250.3663072139035,    ,3.8059459583745287e-06,1.1188227026666957e-07,9.818607334127592e-08,3.588381526389948e-07,7.811866182789263e-07,4.30566937728827e-07
RepsRanparRQMC/SmoothPerB4-8-Lat-Rp-RSB-12-10000.dat,SmoothPerB4,8,Lat-Rp,12,RS,True,0.0002575827676985348,0.0004918017966303315,8.764016071055236,1110.1883062461382,    ,2.1449035692229653e-05,1.4150041549046862e-07,1.2383028468820118e-07,5.982087916889965e-07,1.6516426335660801e-06,7.414772085453234e-07
RepsRanparQMC/SmoothPerB4-8-Lat-Rp-12-10000.dat,SmoothPerB4,8,Lat-Rp,12,qmc,False,-1.3978602915526395e-05,7.306998116659703e-05,5.68242883091404,179.15640365652993,    ,3.1771511042349927e-06,1.3989711001607298e-07,1.2812351942349116e-07,3.9210170093637067e-07,7.705284089137437e-07,4.606511518202555e-07
RepsRanparRQMC/SmoothPerB4-8-Lat-Rp-RS-14-10000.dat,SmoothPerB4,8,Lat-Rp,14,RS,False,-3.364054722874057e-05,9.573068555903577e-06,3.3154249108141736,294.01802724637935,    ,4.173520584136568e-07,7.603010904551254e-09,6.780626851113662e-09,2.9668985171699922e-08,7.565876055409988e-08,3.692221919255969e-08
RepsRanparRQMC/SmoothPerB4-8-Lat-Rp-RSB-14-10000.dat,SmoothPerB4,8,Lat-Rp,14,RS,True,-7.496469119216265e-05,5.018576382007801e-05,-16.551871353309217,802.3309301848143,    ,2.187609436233276e-06,9.789558803169482e-09,8.549907233650572e-09,4.144470511455618e-08,2.1449550342977842e-07,5.2475319108707266e-08
RepsRanparQMC/SmoothPerB4-8-Lat-Rp-14-10000.dat,SmoothPerB4,8,Lat-Rp,14,qmc,False,2.3351469279983793e-05,1.776806103769987e-05,12.549107442214266,897.7070595973576,    ,7.730696840610067e-07,7.97074557134432e-09,6.982273683380819e-09,2.952239053923906e-08,8.357821848070098e-08,3.6451784267350364e-08
RepsRanparRQMC/SmoothPerB4-8-Lat-Rp-RS-16-10000.dat,SmoothPerB4,8,Lat-Rp,16,RS,False,1.8885946357316662e-05,3.360749544945925e-06,20.889963177671902,1457.4672257196628,    ,1.4647622440224296e-07,5.102053008451533e-10,4.458879204999462e-10,1.9211480041979895e-09,9.20593233604898e-09,2.4312544369185824e-09
RepsRanparRQMC/SmoothPerB4-8-Lat-Rp-RSB-16-10000.dat,SmoothPerB4,8,Lat-Rp,16,RS,True,-3.4540226434663166e-05,2.8667539125674603e-06,-22.18542363161595,1004.7627241197104,    ,1.258345017016126e-07,6.044623978743016e-10,5.338526423138392e-10,2.834484311087616e-09,1.5041808973603123e-08,3.644166413302812e-09
RepsRanparQMC/SmoothPerB4-8-Lat-Rp-16-10000.dat,SmoothPerB4,8,Lat-Rp,16,qmc,False,9.442130307663845e-06,5.114308923330272e-06,43.95700608526108,3420.7792733091487,    ,2.224504113608457e-07,4.317944138107483e-10,3.8879248449787057e-10,1.573453362902959e-09,7.928212257099531e-09,2.002758230763143e-09
RepsRanparRQMC/SmoothPerB4-8-Lat-Rp-RS-30-10000.dat,SmoothPerB4,8,Lat-Rp,30,RS,False,0.015934808674435297,0.0031401972032120405,0.129068295245954,1.702371917640195,    ,0.0003904484406739906,0.0013485180159969574,0.0012753912307098512,0.0004559549345913024,0.0004129708511987718,0.0004208164087889331
RepsRanparQMC/SmoothPerB4-8-Lat-Rp-30-10000.dat,SmoothPerB4,8,Lat-Rp,30,qmc,False,0.025885447661734895,0.023812121134020585,0.39333290398533266,1.1755006726223811,    ,0.0017053660151710504,0.014041469036762342,0.01064245104566724,0.0024592557128956124,0.0018616487123001093,0.0022072942417526898
RepsRanparRQMC/SmoothPerB4-8-Lat-Rv-RS-8-10000.dat,SmoothPerB4,8,Lat-Rv,8,RS,False,0.00045259439766087153,0.004898381059550285,0.42785569268385526,24.792753975847994,    ,0.00021317793123445857,3.667843533404454e-05,3.169118880503286e-05,8.762669229046208e-05,0.00012490125802252982,9.652894711065476e-05
RepsRanparRQMC/SmoothPerB4-8-Lat-Rv-RSB-8-10000.dat,SmoothPerB4,8,Lat-Rv,8,RS,True,0.0006629090770153667,0.002422986943482057,0.32947922129905105,8.975481343920167,    ,0.00010578670685665273,4.9243517566844596e-05,4.605927227284924e-05,7.915055494639232e-05,8.96700672263449e-05,7.905950889726812e-05
RepsRanparQMC/SmoothPerB4-8-Lat-Rv-8-10000.dat,SmoothPerB4,8,Lat-Rv,8,qmc,False,-0.002066736347815909,0.0010382730104981175,-2.375572841889041,21.61345153161053,    ,4.941370393564942e-05,5.833422194768752e-07,5.575339049488547e-07,1.2740136219292717e-05,2.6561598615609456e-05,1.5417454259048236e-05
RepsRanparRQMC/SmoothPerB4-8-Lat-Rv-RS-10-10000.dat,SmoothPerB4,8,Lat-Rv,10,RS,False,0.00013333298417708193,0.0009942306691574888,1.4939154019517502,96.14397162566213,    ,4.3245198082821254e-05,3.003102579015568e-06,2.6759837814614185e-06,7.3432525612368014e-06,1.3729820241563624e-05,8.62000375955503e-06
RepsRanparRQMC/SmoothPerB4-8-Lat-Rv-RSB-10-10000.dat,SmoothPerB4,8,Lat-Rv,10,RS,True,2.4008357007843985e-06,0.0007067146565113855,-0.06607162281633207,22.789854157834835,    ,3.072672996015926e-05,3.567066408941683e-06,3.144161415358041e-06,1.2295158571511085e-05,1.8425859062248496e-05,1.3729117164069918e-05
RepsRanparQMC/SmoothPerB4-8-Lat-Rv-10-10000.dat,SmoothPerB4,8,Lat-Rv,10,qmc,False,-0.0004399429071019853,0.00028041110927402765,2.8497781447528503,71.91267248702842,    ,1.238533712124968e-05,2.0063693417960515e-08,1.8502894421906482e-08,7.670482795173169e-07,3.2153452021380564e-06,9.446357769313529e-07
RepsRanparRQMC/SmoothPerB4-8-Lat-Rv-RS-12-10000.dat,SmoothPerB4,8,Lat-Rv,12,RS,False,-4.191082586955463e-05,8.641433370154222e-05,-0.25390408565832445,148.19759227525313,    ,3.758901460870382e-06,7.272400974423137e-08,6.423115278045924e-08,2.253681625777817e-07,6.866825202496961e-07,2.8525324124501396e-07
RepsRanparRQMC/SmoothPerB4-8-Lat-Rv-RSB-12-10000.dat,SmoothPerB4,8,Lat-Rv,12,RS,True,-0.00010415661572227961,0.0001391490988478054,0.9129264475987822,113.19362000842017,    ,6.0608094200685185e-06,9.511756177385011e-08,8.460832945499092e-08,4.023314130682314e-07,1.3002317528758224e-06,5.203292167214536e-07
RepsRanparQMC/SmoothPerB4-8-Lat-Rv-12-10000.dat,SmoothPerB4,8,Lat-Rv,12,qmc,False,-2.2646092345574597e-05,4.159834094700127e-05,-2.089002525903901,259.6508220236005,    ,1.809136364933362e-06,1.2601488295353623e-10,2.1133657950160471e-10,1.3842111315049795e-08,1.6526149653563472e-07,1.8554020471093284e-08
RepsRanparRQMC/SmoothPerB4-8-Lat-Rv-RS-14-10000.dat,SmoothPerB4,8,Lat-Rv,14,RS,False,-2.884839408488009e-05,2.6087223741836262e-05,-9.498599169140645,599.2942419526402,    ,1.1350593490515487e-06,7.518888569255057e-09,6.63155622058523e-09,2.6775619091335237e-08,1.1705011054672335e-07,3.355478286570863e-08
RepsRanparRQMC/SmoothPerB4-8-Lat-Rv-RSB-14-10000.dat,SmoothPerB4,8,Lat-Rv,14,RS,True,4.913496523913743e-05,3.641772781178211e-05,2.865349877266798,359.626646771639,    ,1.5857937148865343e-06,1.0438816521337689e-08,9.38875486430154e-09,3.644642873022869e-08,1.6911986972956615e-07,4.6281427201592236e-08
RepsRanparQMC/SmoothPerB4-8-Lat-Rv-14-10000.dat,SmoothPerB4,8,Lat-Rv,14,qmc,False,0.00018620464220023796,2.117680819904926e-05,27.245522606496046,900.0659408529059,    ,9.5540296003993e-07,1.2793432501103407e-12,1.4603132375032652e-12,3.1849810011677443e-10,3.611464397604549e-08,4.5872066582028137e-10
RepsRanparRQMC/SmoothPerB4-8-Lat-Rv-RS-16-10000.dat,SmoothPerB4,8,Lat-Rv,16,RS,False,1.581974847059242e-06,2.5784862323701314e-06,-6.975842308333208,1962.3662663219154,    ,1.1211059970398767e-07,2.5543718405840053e-10,2.236252468383822e-10,9.194882305839127e-10,4.128553957236976e-09,1.1358447110250875e-09
RepsRanparRQMC/SmoothPerB4-8-Lat-Rv-RSB-16-10000.dat,SmoothPerB4,8,Lat-Rv,16,RS,True,2.3248899866662798e-05,4.948622074736027e-06,16.7269738482801,1909.7417749539045,    ,2.1569799285527217e-07,3.0759265483716635e-10,2.654433935631095e-10,1.2562919787740262e-09,7.130628079305376e-09,1.5861830564956353e-09
RepsRanparQMC/SmoothPerB4-8-Lat-Rv-16-10000.dat,SmoothPerB4,8,Lat-Rv,16,qmc,False,0.0003709558737261229,5.3367887054535734e-05,26.142499690128805,743.1160522818813,    ,2.4579511756665082e-06,1.2947084483501467e-14,3.0625802128481065e-14,5.108740145078417e-11,8.951312798270411e-08,9.357836912536556e-11
RepsRanparRQMC/SmoothPerB4-8-Lat-Rv-RS-30-10000.dat,SmoothPerB4,8,Lat-Rv,30,RS,False,0.013155746568056431,0.0034969464196703257,-0.8981267065233351,2.2654004086959927,    ,0.0003251148164442471,0.0019419598669729364,0.0020552502032390434,0.0006793032341933204,0.0004446770075134507,0.0005123867308424761
RepsRanparQMC/SmoothPerB4-8-Lat-Rv-30-10000.dat,SmoothPerB4,8,Lat-Rv,30,qmc,False,0.08378354481375308,0.011355620408076824,0.40823730578357964,1.1666726432171013,    ,0.007513405007996294,0.007496875214732179,0.006120757249973441,0.007066614640869551,0.0073290671129164825,0.007238806329949864
RepsFixedparRQMC/SmoothPerB4-8-Sob-DS-8-10000.dat,SmoothPerB4,8,Sob,8,DS,False,4.216289429722942e-05,2.4406485451727282e-05,0.00934803674028413,2.5083342386002903,    ,1.0629292510349663e-06,1.8470132072568784e-06,2.031287758857646e-06,1.3662736792550747e-06,1.1898623378989619e-06,1.1708323441780185e-06
RepsFixedparRQMC/SmoothPerB4-8-Sob-DS-8-10000.dat,SmoothPerB4,8,Sob,8,DS,True,-3.119314831801319e-05,0.00016603048952455827,0.05459188923319136,2.4556413012464433,    ,7.219689948352349e-06,1.5233860854891565e-05,1.5897802916245643e-05,9.349883671092808e-06,8.107789957257294e-06,7.99216150290696e-06
RepsFixedparRQMC/SmoothPerB4-8-Sob-DS-10-10000.dat,SmoothPerB4,8,Sob,10,DS,False,8.551564354126873e-06,7.136461660909375e-07,-0.08256445045283406,2.3987026510994327,    ,3.110122343076962e-08,6.021447649903446e-08,6.771196110665129e-08,4.117220597291033e-08,3.519921354975832e-08,3.483329778951686e-08
RepsFixedparRQMC/SmoothPerB4-8-Sob-DS-10-10000.dat,SmoothPerB4,8,Sob,10,DS,True,-9.022117305614108e-06,6.077657425437547e-07,0.08176434665716291,2.6826589474470772,    ,2.6505996102578636e-08,4.5304070871684295e-08,4.9327841886621165e-08,3.352200237476941e-08,2.941037852602482e-08,2.8860724255217695e-08
RepsFixedparRQMC/SmoothPerB4-8-Sob-DS-12-10000.dat,SmoothPerB4,8,Sob,12,DS,False,2.2902416144388038e-08,9.409566087415048e-09,-0.00011708620058315105,2.254527853796891,    ,4.0911209353871077e-10,9.794491783837354e-10,1.112700551501819e-09,5.589546191527022e-10,4.668003341810797e-10,4.665886771695269e-10
RepsFixedparRQMC/SmoothPerB4-8-Sob-DS-12-10000.dat,SmoothPerB4,8,Sob,12,DS,True,8.999213101310555e-06,2.326660262813178e-07,-0.015141723953469757,1.744352036156352,    ,1.0196900022587052e-08,4.525384894428726e-08,5.148487847541881e-08,1.5663940894961342e-08,1.2093242532527733e-08,1.2486513978236954e-08
RepsFixedparRQMC/SmoothPerB4-8-Sob-DS-14-10000.dat,SmoothPerB4,8,Sob,14,DS,False,-1.3583413459575256e-08,1.1472480591609659e-09,0.05791371565372772,2.5124005144479815,    ,4.988053490742408e-11,8.195797969218424e-11,9.09986430973602e-11,6.39448322994614e-11,5.577684421902193e-11,5.486065731384523e-11
RepsFixedparRQMC/SmoothPerB4-8-Sob-DS-14-10000.dat,SmoothPerB4,8,Sob,14,DS,True,1.943483384626221e-06,1.957340921665311e-07,-0.009062888864575588,1.2833076895492455,    ,8.513955047950279e-09,8.524486912729502e-08,8.605796417400244e-08,1.5166042495539885e-08,1.0445938618461245e-08,1.1547034487826059e-08
RepsFixedparRQMC/SmoothPerB4-8-Sob-DS-16-10000.dat,SmoothPerB4,8,Sob,16,DS,False,-2.1464082305910627e-07,3.0279893110722656e-10,0.020539115531951646,1.2399429222046796,    ,1.3211241600628993e-11,1.4514467485050542e-10,1.4205349790315424e-10,2.3957440889925825e-11,1.6247197857045092e-11,1.8222880139420786e-11
RepsFixedparRQMC/SmoothPerB4-8-Sob-DS-16-10000.dat,SmoothPerB4,8,Sob,16,DS,True,-1.845261585737945e-07,6.102505114731692e-10,0.007506282185479124,1.6380129312103444,    ,2.6566680836814053e-11,1.1941308805807933e-10,1.4076938733534994e-10,4.138931941045054e-11,3.165670787456557e-11,3.2777352151768907e-11
RepsFixedparRQMC/SmoothPerB4-8-Sob-DS-30-10000.dat,SmoothPerB4,8,Sob,30,DS,False,-3.0119377537810084e-07,4.594671546637507e-10,-0.04521732961813554,1.9270471363064114,    ,2.0067550501793935e-11,2.598286138816096e-11,3.2486167787935946e-11,2.7092782928902784e-11,2.3197708451623783e-11,2.2798912753749353e-11
RepsRanparRQMC/SmoothPerB4-8-SobLMS-DS-8-10000.dat,SmoothPerB4,8,SobLMS,8,DS,False,-7.3496323966539375e-06,2.5086987448604336e-05,0.08400755140174161,3.554785156250412,    ,1.0907926018182935e-06,1.4729598253657467e-06,1.5298007816001327e-06,1.2582667114820606e-06,1.1582308377853297e-06,1.117101222238266e-06
RepsRanparQMC/SmoothPerB4-8-SobLMS-8-10000.dat,SmoothPerB4,8,SobLMS,8,qmc,False,0.0008056191565705359,2.4063806244786685e-05,0.1366641540099306,3.2818723706698365,    ,1.6952746708589296e-06,2.0231418069030273e-06,2.0623075274441794e-06,1.8371164791610783e-06,1.748572938814091e-06,1.7178575513804435e-06
RepsRanparRQMC/SmoothPerB4-8-SobLMS-DS-10-10000.dat,SmoothPerB4,8,SobLMS,10,DS,False,-1.1336455011336532e-05,1.723663813455782e-06,-0.07036107041347522,4.204004100027998,    ,7.507042014508414e-08,7.45142091542516e-08,7.362417012485029e-08,7.893513881543249e-08,7.660234660602174e-08,7.231820696390616e-08
RepsRanparQMC/SmoothPerB4-8-SobLMS-10-10000.dat,SmoothPerB4,8,SobLMS,10,qmc,False,0.00023903264055942736,1.5141420153727685e-06,0.5110748910178389,3.962303114792358,    ,1.2296886479075883e-07,8.984267365736167e-08,8.507082812878164e-08,1.1183457584758875e-07,1.1642429146291795e-07,1.1261899062326426e-07
RepsRanparRQMC/SmoothPerB4-8-SobLMS-DS-12-10000.dat,SmoothPerB4,8,SobLMS,12,DS,False,-3.1931853389430388e-06,4.953097087659191e-08,0.06886965921133122,4.885982229847427,    ,2.163716905504141e-09,2.1784126338120644e-09,2.153866538682502e-09,2.2002746988968162e-09,2.1576171191551647e-09,2.0300688122592413e-09
RepsRanparQMC/SmoothPerB4-8-SobLMS-12-10000.dat,SmoothPerB4,8,SobLMS,12,qmc,False,1.5804828491444489e-06,4.331936768798604e-07,0.020262872378611078,8.411102104421898,    ,1.8837005616465153e-08,7.675462175257322e-09,7.0131796372449575e-09,1.4039486236932321e-08,1.6160310165145306e-08,1.4103085078165259e-08
RepsRanparRQMC/SmoothPerB4-8-SobLMS-DS-14-10000.dat,SmoothPerB4,8,SobLMS,14,DS,False,-1.1718960356199292e-07,2.1111039405521266e-09,-0.024229413528248,6.8911602030474715,    ,9.180086125327547e-11,6.92170932410996e-11,6.599967252802657e-11,8.125440051289465e-11,8.472366095669476e-11,7.765535307133423e-11
RepsRanparQMC/SmoothPerB4-8-SobLMS-14-10000.dat,SmoothPerB4,8,SobLMS,14,qmc,False,-2.4421179202335775e-06,3.8420943274441926e-08,-0.2942475968949794,19.44144057853484,    ,1.6764397344772791e-09,3.156421563592067e-10,2.8564211149264653e-10,7.406914862548071e-10,1.0419875402825302e-09,8.095383566138316e-10
RepsRanparRQMC/SmoothPerB4-8-SobLMS-DS-16-10000.dat,SmoothPerB4,8,SobLMS,16,DS,False,-1.09045985349313e-06,9.507055044585557e-09,0.0004573939356524433,1.0009831829824694,    ,4.145393220218871e-10,9.168727639551621e-09,6.462066978667026e-09,8.314750306531229e-10,5.16298850995926e-10,7.192425227288637e-10
RepsRanparQMC/SmoothPerB4-8-SobLMS-16-10000.dat,SmoothPerB4,8,SobLMS,16,qmc,False,2.1833569222438273e-07,1.0334735650194772e-10,0.7831870015877358,9.81745829373166,    ,4.54103380067074e-12,2.2430644139285446e-12,2.1109702330501496e-12,3.343930811247696e-12,3.780779254859363e-12,3.334268127291421e-12
RepsRanparRQMC/SmoothPerB4-8-SobLMS-DS-30-10000.dat,SmoothPerB4,8,SobLMS,30,DS,False,1.6527101950974504e-06,4.54901997442639e-09,1.13675030727588e-05,1.001052769830126,    ,2.0051492813795252e-10,4.4110201509678695e-09,3.1021486221929813e-09,4.008404985402966e-10,2.5026278121794073e-10,3.4655769339852613e-10
RepsRanparRQMC/SmoothPerB4-8-SobNUS-8-10000.dat,SmoothPerB4,8,SobNUS,8,DS,False,1.365767688159547e-05,2.5223095792841587e-05,0.02597044991206193,3.068232816889764,    ,1.0968428709570016e-06,1.6661998789856867e-06,1.7734746160514105e-06,1.326941596364253e-06,1.1924347094917497e-06,1.1603523442173892e-06
RepsRanparRQMC/SmoothPerB4-8-SobNUS-10-10000.dat,SmoothPerB4,8,SobNUS,10,DS,False,-3.967841276908981e-05,7.655682206234577e-06,-0.004907496090784452,3.6766182948585002,    ,3.344301245370298e-07,4.6235892954051586e-07,4.7570610312455393e-07,3.8150316950985065e-07,3.5256913170736543e-07,3.395577352520249e-07
RepsRanparRQMC/SmoothPerB4-8-SobNUS-12-10000.dat,SmoothPerB4,8,SobNUS,12,DS,False,-1.5801307853344104e-06,4.1894244620665523e-07,0.016854933638827133,3.187950750773473,    ,1.8217385778805513e-08,2.796292684027148e-08,2.9378160259710163e-08,2.181024659636671e-08,1.9684045215516777e-08,1.912543481211604e-08
RepsRanparRQMC/SmoothPerB4-8-SobNUS-14-10000.dat,SmoothPerB4,8,SobNUS,14,DS,False,-9.662818556570585e-08,2.2456982143047942e-09,0.039808848043685216,3.9339983597947037,    ,9.764838980210634e-11,1.278489720407625e-10,1.3271343337136396e-10,1.1034958495594813e-10,1.0234656528987985e-10,9.844464148191468e-11
RepsRanparRQMC/SmoothPerB4-8-SobNUS-16-10000.dat,SmoothPerB4,8,SobNUS,16,DS,False,3.305179153468424e-10,1.0160287108963383e-10,-0.029017510556172365,4.441516190488921,    ,4.417516243573998e-12,5.2863999279585614e-12,5.431505386756325e-12,4.786159600665221e-12,4.525654158661486e-12,4.320123837891509e-12
RepsRanparRQMC/SmoothPerB4-8-SobNUS-30-10000.dat,SmoothPerB4,8,SobNUS,30,DS,False,0.0,0.0,,,    ,0.0,,,,,
RepsFixedparRQMC/SmoothPerB4-16-Lat-RS-8-10000.dat,SmoothPerB4,16,Lat,8,RS,False,9.749648465583149e-06,2.0457570456485955e-06,0.13080994331786935,2.9158303631215983,    ,8.904101415166311e-08,1.4056417119015564e-07,1.519753608905451e-07,1.0968739907083136e-07,9.754453840170425e-08,9.530735780596774e-08
RepsFixedparRQMC/SmoothPerB4-16-Lat-RSB-8-10000.dat,SmoothPerB4,16,Lat,8,RS,True,3.331517190156523e-05,9.28121522224887e-06,0.012701048900702906,2.8466520904329675,    ,4.0464099729834694e-07,6.387814445338148e-07,6.880333871036247e-07,4.999244061001866e-07,4.4452823444291053e-07,4.3432012835890843e-07
RepsFixedparRQMC/SmoothPerB4-16-Lat-RS-10-10000.dat,SmoothPerB4,16,Lat,10,RS,False,5.557334516391888e-06,1.1706986216219371e-07,0.043437402705894655,2.8793584028103685,    ,5.120877973978981e-09,8.26198317710665e-09,8.789707983574194e-09,6.2989124489749215e-09,5.612450848375427e-09,5.482691076382255e-09
RepsFixedparRQMC/SmoothPerB4-16-Lat-RSB-10-10000.dat,SmoothPerB4,16,Lat,10,RS,True,5.448188029585355e-07,4.775565679212683e-07,0.12663706457971013,2.841148816670121,    ,2.07636258675832e-08,3.394599496834289e-08,3.621774986083631e-08,2.5697090222213562e-08,2.2824318690344755e-08,2.230134665389353e-08
RepsFixedparRQMC/SmoothPerB4-16-Lat-RS-12-10000.dat,SmoothPerB4,16,Lat,12,RS,False,-3.322568823270422e-07,6.77697951961104e-09,0.13654582448431812,2.712022094892058,    ,2.9476167809720326e-10,4.908024292233651e-10,5.294944454348203e-10,3.7056245363317155e-10,3.2662773273946545e-10,3.198910490183988e-10
RepsFixedparRQMC/SmoothPerB4-16-Lat-RSB-12-10000.dat,SmoothPerB4,16,Lat,12,RS,True,-3.7394568346931776e-07,1.7347779578974948e-08,0.06577868217018232,2.582970361906524,    ,7.543911214165743e-10,1.3275552944148745e-09,1.4649284597277966e-09,9.664403768955286e-10,8.41628567228405e-10,8.281867060901917e-10
RepsFixedparRQMC/SmoothPerB4-16-Lat-RS-14-10000.dat,SmoothPerB4,16,Lat,14,RS,False,-1.1111516488210363e-07,4.90390745730373e-11,-0.07555178572022964,2.79217151097772,    ,2.1444802569553554e-12,3.548853816974306e-12,3.795930197899592e-12,2.6517116763284815e-12,2.354306839123879e-12,2.299953264113473e-12
RepsFixedparRQMC/SmoothPerB4-16-Lat-RSB-14-10000.dat,SmoothPerB4,16,Lat,14,RS,True,5.872202233313889e-07,3.2806516530407825e-09,-0.014598754226999825,2.317251296550165,    ,1.4298185598376686e-10,2.292788261719935e-10,2.6492149929133825e-10,1.875225838091159e-10,1.619433215418595e-10,1.5969304730631119e-10
RepsFixedparRQMC/SmoothPerB4-16-Lat-RS-16-10000.dat,SmoothPerB4,16,Lat,16,RS,False,1.956381909246955e-08,1.940497722940188e-12,-0.029340373049925973,2.456099833287433,    ,8.475220923227366e-14,1.6047996195308533e-13,1.782946393964578e-13,1.1080401420475512e-13,9.54221648708174e-14,9.427376713009634e-14
RepsFixedparRQMC/SmoothPerB4-16-Lat-RSB-16-10000.dat,SmoothPerB4,16,Lat,16,RS,True,-3.442953849604018e-09,1.131977540634234e-11,-0.42812248221182225,2.516187527991706,    ,4.921760020330514e-13,1.04648602259437e-12,1.2439477976508787e-12,6.856950818444714e-13,5.6667254275494e-13,5.601111812665243e-13
RepsRanparRQMC/SmoothPerB4-16-Lat-Rp-RS-8-10000.dat,SmoothPerB4,16,Lat-Rp,8,RS,False,-0.00012837482213079029,0.001508816119351905,0.5769898073598432,22.357117780361875,    ,6.561718093634428e-05,2.9669536473825758e-05,2.7665119455331145e-05,4.1014047736543956e-05,4.76680096768069e-05,4.142316234450421e-05
RepsRanparRQMC/SmoothPerB4-16-Lat-Rp-RSB-8-10000.dat,SmoothPerB4,16,Lat-Rp,8,RS,True,0.0006270403784633345,0.004827233009399488,-0.436313363116908,44.57517021266165,    ,0.00021027287569707075,5.277787378754735e-05,4.802008924785449e-05,8.696322431816037e-05,0.00011474026928538874,9.260430291121403e-05
RepsRanparQMC/SmoothPerB4-16-Lat-Rp-8-10000.dat,SmoothPerB4,16,Lat-Rp,8,qmc,False,0.007870307614199778,0.001926422006197793,3.4041278564884148,37.86192807831983,    ,0.00014569922047246982,4.461066031074513e-05,3.8966458522471944e-05,7.215762762570482e-05,9.061900260147891e-05,8.299096171157873e-05
RepsRanparRQMC/SmoothPerB4-16-Lat-Rp-RS-10-10000.dat,SmoothPerB4,16,Lat-Rp,10,RS,False,0.00028439693577906553,0.00038680755821335897,3.687525078449201,115.19769315644935,    ,1.6898601539400478e-05,2.892144617351218e-06,2.6186896085679424e-06,5.4770479008455065e-06,7.47862779718748e-06,5.900645476307673e-06
RepsRanparRQMC/SmoothPerB4-16-Lat-Rp-RSB-10-10000.dat,SmoothPerB4,16,Lat-Rp,10,RS,True,3.0965680596820275e-05,0.0012415548737327855,-2.604632588486839,223.24607664111977,    ,5.3981605557408976e-05,4.928393560242167e-06,4.371577834774245e-06,1.0833163542655485e-05,1.7991535056536804e-05,1.2229271046460493e-05
RepsRanparQMC/SmoothPerB4-16-Lat-Rp-10-10000.dat,SmoothPerB4,16,Lat-Rp,10,qmc,False,0.0006270058865927936,0.0006411418201113656,6.562350426683983,134.56263985757184,    ,2.8268867691011822e-05,3.195376241043756e-06,2.9694426410992e-06,5.929849752133366e-06,8.752441801217055e-06,6.469050893417211e-06
RepsRanparRQMC/SmoothPerB4-16-Lat-Rp-RS-12-10000.dat,SmoothPerB4,16,Lat-Rp,12,RS,False,-9.222795836528874e-06,9.99585460402322e-05,-1.3284095075440976,151.69009221192826,    ,4.346108800842703e-06,2.6425918639143857e-07,2.3723650805827874e-07,6.603523980470677e-07,1.2079654536373252e-06,7.637880021170473e-07
RepsRanparRQMC/SmoothPerB4-16-Lat-Rp-RSB-12-10000.dat,SmoothPerB4,16,Lat-Rp,12,RS,True,0.0002280311346248297,0.000291240490867911,-4.902361850107748,862.0733714372926,    ,1.2714628236093548e-05,3.6114818867196105e-07,3.196694428928685e-07,9.991395329437797e-07,2.259600609015269e-06,1.1816256636177806e-06
RepsRanparQMC/SmoothPerB4-16-Lat-Rp-12-10000.dat,SmoothPerB4,16,Lat-Rp,12,qmc,False,-0.0002731105989626883,0.0001945494078611291,-16.37560729143266,592.2229461905123,    ,8.53325930627137e-06,2.620937171176971e-07,2.396692171179228e-07,6.854160182118883e-07,1.6143663071612334e-06,7.945798448781388e-07
RepsRanparRQMC/SmoothPerB4-16-Lat-Rp-RS-14-10000.dat,SmoothPerB4,16,Lat-Rp,14,RS,False,-5.218663214183739e-06,1.720598074757945e-05,-12.63881731777134,692.6566521545091,    ,7.481133539057191e-07,2.077716866046431e-08,1.8252656804745454e-08,6.445126595259981e-08,1.473172355227906e-07,7.647567997983103e-08
RepsRanparRQMC/SmoothPerB4-16-Lat-Rp-RSB-14-10000.dat,SmoothPerB4,16,Lat-Rp,14,RS,True,1.6757500331434106e-05,0.00012398393884980864,-68.47885941201213,6194.656916329961,    ,5.39088685076556e-06,2.7049082077988867e-08,2.384404744936774e-08,9.12430219451069e-08,2.135809143339231e-07,1.1122505585904242e-07
RepsRanparQMC/SmoothPerB4-16-Lat-Rp-14-10000.dat,SmoothPerB4,16,Lat-Rp,14,qmc,False,-0.00020794108865512787,1.6303013726885113e-05,-13.160907733936305,526.5169313261285,    ,7.520661801286934e-07,2.4918910331892722e-08,2.2222836066994258e-08,6.896198771803723e-08,1.4979649427865512e-07,8.394862132368964e-08
RepsRanparRQMC/SmoothPerB4-16-Lat-Rp-RS-16-10000.dat,SmoothPerB4,16,Lat-Rp,16,RS,False,1.9452739356977666e-05,4.7309906363675035e-06,30.424840475447308,1842.5500677957145,    ,2.0607365412794717e-07,1.5490496846412907e-09,1.3775346759434592e-09,5.715357237232655e-09,1.6141121458806117e-08,7.088299595508609e-09
RepsRanparRQMC/SmoothPerB4-16-Lat-Rp-RSB-16-10000.dat,SmoothPerB4,16,Lat-Rp,16,RS,True,-8.604533107687382e-05,3.274683582102895e-05,-33.129684761782826,2060.3184322430266,    ,1.4311792694796485e-06,2.0816369094432007e-09,1.8423853507553315e-09,7.406523463795276e-09,1.1264327755984211e-07,9.182308320832585e-09
RepsRanparQMC/SmoothPerB4-16-Lat-Rp-16-10000.dat,SmoothPerB4,16,Lat-Rp,16,qmc,False,-1.7047527905315786e-05,1.674102443214034e-06,-1.5682659887935093,208.41591533269872,    ,7.307768095611878e-08,1.789221044036339e-09,1.5805486413315484e-09,5.828054376407585e-09,1.4313775186685571e-08,7.121781702289764e-09
RepsRanparRQMC/SmoothPerB4-16-Lat-Rv-RS-8-10000.dat,SmoothPerB4,16,Lat-Rv,8,RS,False,-3.6042904058976435e-05,0.001985540761994051,0.2314978025766349,12.22142201670738,    ,8.632915830806564e-05,3.927855984584474e-05,3.640230127446551e-05,5.780949455392831e-05,6.74886831234021e-05,5.852025495637641e-05
RepsRanparRQMC/SmoothPerB4-16-Lat-Rv-RSB-8-10000.dat,SmoothPerB4,16,Lat-Rv,8,RS,True,0.0005713086358232601,0.0031932665333473985,0.24229518799467514,7.759832059711728,    ,0.0001391640689202966,7.540337334216508e-05,7.032943544315688e-05,0.00011123241741727927,0.0001229001026869349,0.00010966184334694089
RepsRanparQMC/SmoothPerB4-16-Lat-Rv-8-10000.dat,SmoothPerB4,16,Lat-Rv,8,qmc,False,-0.0011826700877483178,0.0011821486257172081,-1.3840985553317664,17.24433435321232,    ,5.2796474871985404e-05,5.982627575580866e-06,5.704188304579147e-06,2.475644483613757e-05,3.506731701242801e-05,2.689404578104689e-05
RepsRanparRQMC/SmoothPerB4-16-Lat-Rv-RS-10-10000.dat,SmoothPerB4,16,Lat-Rv,10,RS,False,-0.00043303174948885825,0.001015628593666743,-0.10020563828242793,68.64189756063037,    ,4.4345281438097683e-05,4.967062730640543e-06,4.4282515123650685e-06,1.1415104894131827e-05,1.821033749964621e-05,1.292976800901296e-05
RepsRanparRQMC/SmoothPerB4-16-Lat-Rv-RSB-10-10000.dat,SmoothPerB4,16,Lat-Rv,10,RS,True,-0.00043475134014821465,0.0008295685011034739,0.3049163904662129,23.812197366396493,    ,3.625720442791171e-05,7.000676776358759e-06,6.263177703427987e-06,1.707118851820173e-05,2.3296303970468376e-05,1.84689946845957e-05
RepsRanparQMC/SmoothPerB4-16-Lat-Rv-10-10000.dat,SmoothPerB4,16,Lat-Rv,10,qmc,False,0.001186656584259397,0.00022389100114838137,-0.3268093953897916,67.56347804488749,    ,1.114254520324363e-05,1.8480413982564517e-07,1.5152131190776589e-07,1.978687093542117e-06,4.254754743027496e-06,2.5555285031545662e-06
RepsRanparRQMC/SmoothPerB4-16-Lat-Rv-RS-12-10000.dat,SmoothPerB4,16,Lat-Rv,12,RS,False,-1.7543879887957912e-05,0.0003371264226750996,0.0863330098524879,351.464564022974,    ,1.465797833881281e-05,4.966313134312243e-07,4.4445608070067404e-07,1.1071468278194232e-06,2.386793212853134e-06,1.2882772784735579e-06
RepsRanparRQMC/SmoothPerB4-16-Lat-Rv-RSB-12-10000.dat,SmoothPerB4,16,Lat-Rv,12,RS,True,0.000123570861352761,0.00017405469734769859,0.7247485370943275,69.77949781806826,    ,7.582865294631923e-06,5.578245307174761e-07,4.826570277153461e-07,1.8154059883555577e-06,3.1342794698552654e-06,2.1097790021577383e-06
RepsRanparQMC/SmoothPerB4-16-Lat-Rv-12-10000.dat,SmoothPerB4,16,Lat-Rv,12,qmc,False,0.00016519811688802085,6.207466654962508e-05,6.281780407609578,214.93187406916238,    ,2.726188963459221e-06,1.0673685149269669e-08,9.310244472623166e-09,8.200658234730947e-08,3.7075470135298734e-07,1.0978926885778873e-07
RepsRanparRQMC/SmoothPerB4-16-Lat-Rv-RS-14-10000.dat,SmoothPerB4,16,Lat-Rv,14,RS,False,-3.14816833976348e-05,6.579941180702049e-05,-17.827425782660335,1235.8648473671713,    ,2.8618350879991353e-06,3.904501721733957e-08,3.449206178510935e-08,1.0768204790564885e-07,3.1926606692952596e-07,1.289152234784106e-07
RepsRanparRQMC/SmoothPerB4-16-Lat-Rv-RSB-14-10000.dat,SmoothPerB4,16,Lat-Rv,14,RS,True,4.562080769692472e-05,4.340350047457771e-05,2.9100752863181034,247.81161925474188,    ,1.8891899743809072e-06,4.798642569263414e-08,4.222178679249035e-08,1.390648696472846e-07,3.4490422924192533e-07,1.7112502006595222e-07
RepsRanparQMC/SmoothPerB4-16-Lat-Rv-14-10000.dat,SmoothPerB4,16,Lat-Rv,14,qmc,False,-2.4594829549511977e-05,2.4606482281580284e-05,7.199411793366136,732.9405871057679,    ,1.0704519613614513e-06,3.5205946873951524e-10,3.526969285206099e-10,3.6220303801448478e-09,5.1057806639860974e-08,4.818583510473896e-09
RepsRanparRQMC/SmoothPerB4-16-Lat-Rv-RS-16-10000.dat,SmoothPerB4,16,Lat-Rv,16,RS,False,3.428428068612739e-05,1.965274902932442e-05,9.61875057476879,1356.8742649273986,    ,8.556427610032269e-07,3.6461186399693153e-09,3.2120802139932457e-09,1.182618013904825e-08,5.728465623428135e-08,1.4427261372494936e-08
RepsRanparRQMC/SmoothPerB4-16-Lat-Rv-RSB-16-10000.dat,SmoothPerB4,16,Lat-Rv,16,RS,True,-4.622941814157953e-05,1.1240002646256228e-05,-30.78352614259893,1889.0981895113625,    ,4.908329263302407e-07,3.420890613885393e-09,3.0541833895941987e-09,1.051277233288774e-08,5.045610666318488e-08,1.2919217589082974e-08
RepsRanparQMC/SmoothPerB4-16-Lat-Rv-16-10000.dat,SmoothPerB4,16,Lat-Rv,16,qmc,False,1.96895431551865e-05,2.384550852447093e-06,35.17674887847001,2213.3226301946484,    ,1.0406380212909877e-07,4.9374674355362386e-12,5.147848795814129e-12,1.673703827359515e-10,3.1152700454519056e-09,2.2283282983002306e-10
RepsFixedparRQMC/SmoothPerB4-16-Sob-DS-8-10000.dat,SmoothPerB4,16,Sob,8,DS,False,4.582687654684445e-05,2.815704122965526e-05,0.0083665526518304,2.654154941218009,    ,1.2263192865120946e-06,2.071776601473612e-06,2.259121310220869e-06,1.5510089570320088e-06,1.3618069980640916e-06,1.3362910418615217e-06
RepsFixedparRQMC/SmoothPerB4-16-Sob-DS-8-10000.dat,SmoothPerB4,16,Sob,8,DS,True,-0.0001459600771566727,0.0003057083879075935,0.13818306420501858,2.837543971214567,    ,1.3312973383584168e-05,2.16583424633412e-05,2.328799921502218e-05,1.654548300111645e-05,1.4663200404033144e-05,1.4333416504459565e-05
RepsFixedparRQMC/SmoothPerB4-16-Sob-DS-10-10000.dat,SmoothPerB4,16,Sob,10,DS,False,2.2189862575585194e-06,1.5207380744852283e-06,-0.027099779442677864,2.65177770359911,    ,6.612397061676029e-08,1.1499401231154693e-07,1.2522389608917177e-07,8.387278972865995e-08,7.349459560751784e-08,7.214129666972134e-08
RepsFixedparRQMC/SmoothPerB4-16-Sob-DS-10-10000.dat,SmoothPerB4,16,Sob,10,DS,True,2.120823380696093e-05,7.725604088270866e-06,0.09563117829041179,2.2585708234895283,    ,3.36345619106031e-07,7.804751872757204e-07,8.8442002994263e-07,4.5779601877235677e-07,3.8361499572626616e-07,3.83126673843009e-07
RepsFixedparRQMC/SmoothPerB4-16-Sob-DS-12-10000.dat,SmoothPerB4,16,Sob,12,DS,False,-1.1131451121990654e-06,3.9253449571605085e-08,0.06300475600140398,2.7926370837376,    ,1.7079108125453816e-09,2.8189065722181807e-09,3.0287838167138683e-09,2.1250503056800697e-09,1.881673109663086e-09,1.8405800160826854e-09
RepsFixedparRQMC/SmoothPerB4-16-Sob-DS-12-10000.dat,SmoothPerB4,16,Sob,12,DS,True,-1.8798971817745436e-05,8.197591865465722e-07,0.0021631811636023423,2.5418890477752822,    ,3.599510510429883e-08,6.698518622357064e-08,7.072752372669012e-08,4.5696507973621016e-08,4.0042023266153633e-08,3.932234947377843e-08
RepsFixedparRQMC/SmoothPerB4-16-Sob-DS-14-10000.dat,SmoothPerB4,16,Sob,14,DS,False,1.4500564468072242e-06,4.721244779564232e-09,-0.0007657443653964011,2.5601133159941996,    ,2.0737417585389378e-10,3.794931097592069e-10,4.203072055635981e-10,2.677422132393259e-10,2.3195672824013213e-10,2.2889161420695882e-10
RepsFixedparRQMC/SmoothPerB4-16-Sob-DS-14-10000.dat,SmoothPerB4,16,Sob,14,DS,True,3.5261480015108315e-06,2.105449975951805e-07,-0.025344803472493245,1.5547529364758967,    ,9.166564049953798e-09,5.698774442585636e-08,6.283835587187587e-08,1.4927397384142858e-08,1.1027826634407324e-08,1.1634354167390698e-08
RepsFixedparRQMC/SmoothPerB4-16-Sob-DS-16-10000.dat,SmoothPerB4,16,Sob,16,DS,False,-1.5532472697550453e-07,6.841822096060348e-10,-0.023723890714445365,2.202279097727636,    ,2.977117836237675e-11,3.0423843987414485e-11,4.087815618384286e-11,3.909673590369236e-11,3.386551935430534e-11,3.329101421046603e-11
RepsFixedparRQMC/SmoothPerB4-16-Sob-DS-16-10000.dat,SmoothPerB4,16,Sob,16,DS,True,-4.6091715237144006e-07,1.0844447019520311e-09,-0.002235207507123007,2.524011042262378,    ,4.736221427143851e-11,8.803339688806992e-11,9.732167924387192e-11,6.111175864030793e-11,5.293774967215336e-11,5.219621647982958e-11
RepsRanparRQMC/SmoothPerB4-16-SobLMS-DS-8-10000.dat,SmoothPerB4,16,SobLMS,8,DS,False,0.00011510751800538443,4.651342645616084e-05,0.08023192938961785,3.300529596426264,    ,2.0355726300996573e-06,2.925958580007754e-06,3.07681600739301e-06,2.4056258842912847e-06,2.185834235692438e-06,2.1210528943573513e-06
RepsRanparQMC/SmoothPerB4-16-SobLMS-8-10000.dat,SmoothPerB4,16,SobLMS,8,qmc,False,-0.00023945203275935753,0.0002155942356875765,-0.044220549734988686,4.916001921729487,    ,9.430999697191568e-06,7.84657994091274e-06,7.542664104056711e-06,9.197200119155476e-06,9.278089160659794e-06,8.624441340377534e-06
RepsRanparRQMC/SmoothPerB4-16-SobLMS-DS-10-10000.dat,SmoothPerB4,16,SobLMS,10,DS,False,-2.050965979862598e-05,3.0881156449946434e-06,0.03951758227436955,3.2668826494008125,    ,1.3468654375351813e-07,1.811114562545864e-07,1.8934124861804384e-07,1.577267526162514e-07,1.445171120419986e-07,1.395549921092766e-07
RepsRanparQMC/SmoothPerB4-16-SobLMS-10-10000.dat,SmoothPerB4,16,SobLMS,10,qmc,False,5.500452361253139e-05,1.4382853355843322e-05,0.07406418696263656,5.682799509679466,    ,6.28366947871899e-07,5.351316944259393e-07,5.132519009413924e-07,5.92547120256508e-07,6.029450670088389e-07,5.593453628058093e-07
RepsRanparRQMC/SmoothPerB4-16-SobLMS-DS-12-10000.dat,SmoothPerB4,16,SobLMS,12,DS,False,3.0095388566575344e-06,1.854830549952984e-07,0.05164692670502447,3.550681810021395,    ,8.073537976099228e-09,1.0896036103510652e-08,1.1277202562794964e-08,9.276845815024834e-09,8.55938330365611e-09,8.250254960090029e-09
RepsRanparQMC/SmoothPerB4-16-SobLMS-12-10000.dat,SmoothPerB4,16,SobLMS,12,qmc,False,2.4434883088579884e-06,7.65093116902977e-07,-0.013738301496461344,5.185191556383806,    ,3.327088876133192e-08,2.942723158564995e-08,2.8376124251155683e-08,3.257200316738642e-08,3.266890500067785e-08,3.045095032317334e-08
RepsRanparRQMC/SmoothPerB4-16-SobLMS-DS-14-10000.dat,SmoothPerB4,16,SobLMS,14,DS,False,1.2487042760857548e-07,1.502955080765058e-08,0.003126414285262626,6.92578324146925,    ,6.534743233911076e-10,4.720359244030241e-10,4.490830050412051e-10,5.402704988607678e-10,5.864284269590146e-10,5.27208189595378e-10
RepsRanparQMC/SmoothPerB4-16-SobLMS-14-10000.dat,SmoothPerB4,16,SobLMS,14,qmc,False,-2.632355154769117e-05,1.5074293232929747e-08,-1.306447721759939,6.062973328549567,    ,1.3483334196895955e-09,5.940862962027639e-10,5.259766274373415e-10,8.383687800663284e-10,1.0705599132973496e-09,9.604058356812502e-10
RepsRanparRQMC/SmoothPerB4-16-SobLMS-DS-16-10000.dat,SmoothPerB4,16,SobLMS,16,DS,False,1.5337879303925633e-07,6.360365482880741e-10,-0.03429330820709691,4.469693416977903,    ,2.7677288023200878e-11,2.9007962151172603e-11,2.930924975337076e-11,2.925229028551544e-11,2.8153976454633705e-11,2.6690649463714644e-11
RepsRanparQMC/SmoothPerB4-16-SobLMS-16-10000.dat,SmoothPerB4,16,SobLMS,16,qmc,False,2.3523318246589333e-06,6.265480428016408e-10,0.012711207084303585,4.3548457203742235,    ,3.2774684265548477e-11,3.5085616047844425e-11,3.50956421413763e-11,3.4672097762767545e-11,3.341773636672169e-11,3.2069013490345246e-11
RepsRanparRQMC/SmoothPerB4-16-SobNUS-8-10000.dat,SmoothPerB4,16,SobNUS,8,DS,False,-4.258384794794594e-05,4.4610505626503525e-05,0.042789264778387924,3.062474560236598,    ,1.9414005852583807e-06,3.1005890107507043e-06,3.281377807888256e-06,2.355099251555763e-06,2.110790838873673e-06,2.0557866622197864e-06
RepsRanparRQMC/SmoothPerB4-16-SobNUS-10-10000.dat,SmoothPerB4,16,SobNUS,10,DS,False,1.417591657182875e-05,3.1833343250325574e-06,0.09243203407115791,3.1205740845406393,    ,1.386067968294583e-07,2.1253770721860434e-07,2.223726403873521e-07,1.6614398468176923e-07,1.499956024546003e-07,1.458006498948034e-07
RepsRanparRQMC/SmoothPerB4-16-SobNUS-12-10000.dat,SmoothPerB4,16,SobNUS,12,DS,False,5.279202314944653e-06,7.671798736855093e-07,0.02294388851610854,3.2930029790595214,    ,3.338351665906078e-08,4.882625488003495e-08,5.1233362151839506e-08,3.9593873626252936e-08,3.5929449117002446e-08,3.484120041189102e-08
RepsRanparRQMC/SmoothPerB4-16-SobNUS-14-10000.dat,SmoothPerB4,16,SobNUS,14,DS,False,2.0061679854237238e-06,5.7847664688959554e-08,-0.03269182320519261,3.586142469674106,    ,2.519140566027459e-09,3.5446943325650434e-09,3.718705154500769e-09,2.9412887167531788e-09,2.6868187433980983e-09,2.5980502690401114e-09
RepsRanparRQMC/SmoothPerB4-16-SobNUS-16-10000.dat,SmoothPerB4,16,SobNUS,16,DS,False,3.1238632645692046e-07,6.536756517767782e-10,0.04828928057050965,3.6536133266532578,    ,2.8518265728991087e-11,3.9148542173257536e-11,4.0765568169710125e-11,3.286428159069839e-11,3.020754664018073e-11,2.917154628899078e-11
RepsFixedparRQMC/SmoothPerB4-32-Lat-RS-8-10000.dat,SmoothPerB4,32,Lat,8,RS,False,-2.647119767166473e-07,4.8358134325164436e-06,0.1445887152962823,3.0734772405344333,    ,2.1025282800792816e-07,3.180916538089877e-07,3.370316151818905e-07,2.5436744845840457e-07,2.2860514550617836e-07,2.2242406082065855e-07
RepsFixedparRQMC/SmoothPerB4-32-Lat-RSB-8-10000.dat,SmoothPerB4,32,Lat,8,RS,True,1.327080746266951e-06,2.4125184633938594e-05,0.14029545966448026,2.9440788525711423,    ,1.0489228321841156e-06,1.730370616210601e-06,1.850480386801643e-06,1.2943164883249662e-06,1.1491138267592775e-06,1.1231472929188757e-06
RepsFixedparRQMC/SmoothPerB4-32-Lat-RS-10-10000.dat,SmoothPerB4,32,Lat,10,RS,False,2.3004744548718036e-07,2.237218550075441e-07,0.0982603115261305,2.9943081828949247,    ,9.727090096068224e-09,1.5016019196836113e-08,1.5848109384255516e-08,1.1809688805890315e-08,1.0601916607819419e-08,1.0320951938843164e-08
RepsFixedparRQMC/SmoothPerB4-32-Lat-RSB-10-10000.dat,SmoothPerB4,32,Lat,10,RS,True,-5.240327553613744e-06,1.0630266609532112e-06,0.11205412256930675,3.0444811478565144,    ,4.6246011509095736e-08,7.108124391476266e-08,7.58812276210935e-08,5.622813920153054e-08,5.0371950029699946e-08,4.9060679979044037e-08
RepsFixedparRQMC/SmoothPerB4-32-Lat-RS-12-10000.dat,SmoothPerB4,32,Lat,12,RS,False,1.2646764695288804e-06,2.062196904480605e-08,0.09847319686495366,2.864573255028862,    ,8.982067563467561e-10,1.5248417352882622e-09,1.6332236327246787e-09,1.11527143474733e-09,9.867280758939272e-10,9.663147358070169e-10
RepsFixedparRQMC/SmoothPerB4-32-Lat-RSB-12-10000.dat,SmoothPerB4,32,Lat,12,RS,True,2.735666658316671e-06,5.607159372214619e-08,0.08303818979827468,2.882107047864805,    ,2.445379251289173e-09,3.958700161753507e-09,4.243654446624206e-09,3.016603644370832e-09,2.681558699712613e-09,2.6212613342614753e-09
RepsFixedparRQMC/SmoothPerB4-32-Lat-RS-14-10000.dat,SmoothPerB4,32,Lat,14,RS,False,3.7931444550531323e-07,8.197223315884464e-10,0.023856160855773863,2.8021675159449706,    ,3.5783980821979716e-11,5.959909453540595e-11,6.414548325169347e-11,4.4566743969322736e-11,3.942907371416568e-11,3.86034529030508e-11
RepsFixedparRQMC/SmoothPerB4-32-Lat-RSB-14-10000.dat,SmoothPerB4,32,Lat,14,RS,True,-5.826569544408689e-07,7.870612989138064e-09,0.03876735637311979,2.8018634814548657,    ,3.425400538716915e-10,5.545462649173863e-10,5.948799672319508e-10,4.2469795715356584e-10,3.7697084591480244e-10,3.6841597985308216e-10
RepsFixedparRQMC/SmoothPerB4-32-Lat-RS-16-10000.dat,SmoothPerB4,32,Lat,16,RS,False,2.6749164203422952e-08,1.768174447740512e-11,0.0647522317781709,2.866413251823883,    ,7.694870168031956e-13,1.197083288578527e-12,1.2885546360248246e-12,9.47763667035474e-13,8.442412191984583e-13,8.243578871710692e-13
RepsFixedparRQMC/SmoothPerB4-32-Lat-RSB-16-10000.dat,SmoothPerB4,32,Lat,16,RS,True,-8.332586773524206e-08,1.0290508405648576e-10,0.01404925540464028,2.8611236940505584,    ,4.4810772896462556e-12,7.033868205483463e-12,7.552030146889608e-12,5.514426508947319e-12,4.913516275943275e-12,4.794892412072592e-12
RepsRanparRQMC/SmoothPerB4-32-Lat-Rp-RS-8-10000.dat,SmoothPerB4,32,Lat-Rp,8,RS,False,-8.927078213532411e-05,0.0017588041770653724,0.14536611914927544,21.164184488145892,    ,7.647771610147229e-05,3.873528931839151e-05,3.6123195465849384e-05,4.970851968482809e-05,5.703416550362789e-05,4.983094770033475e-05
RepsRanparRQMC/SmoothPerB4-32-Lat-Rp-RSB-8-10000.dat,SmoothPerB4,32,Lat-Rp,8,RS,True,-0.0004978748845540764,0.005655272434834416,-1.1055754499841304,56.62813734863262,    ,0.00024612928961086176,6.37091538712849e-05,5.922453548768589e-05,9.622496851845464e-05,0.0001245285676655468,0.00010117071733377567
RepsRanparQMC/SmoothPerB4-32-Lat-Rp-8-10000.dat,SmoothPerB4,32,Lat-Rp,8,qmc,False,-0.002467800203515654,0.001473741374917342,0.6721159163617849,11.615311034972846,    ,7.016574979739982e-05,5.516548848625986e-05,5.5629405755475537e-05,6.133670237547606e-05,6.341530760476115e-05,5.7346139582502596e-05
RepsRanparRQMC/SmoothPerB4-32-Lat-Rp-RS-10-10000.dat,SmoothPerB4,32,Lat-Rp,10,RS,False,0.00020554872563608483,0.0003956431881637889,2.1050668456619035,84.07680572188852,    ,1.724412802486231e-05,4.057776901455245e-06,3.772214323395698e-06,6.962689772774763e-06,9.012591207520759e-06,7.358269449101054e-06
RepsRanparRQMC/SmoothPerB4-32-Lat-Rp-RSB-10-10000.dat,SmoothPerB4,32,Lat-Rp,10,RS,True,-0.00020001701253010112,0.0013503587248482427,-5.540983061020835,259.8283411659154,    ,5.87512557117468e-05,6.931849495933189e-06,6.382205330946873e-06,1.2397186003779143e-05,1.897747703088692e-05,1.3486170047548729e-05
RepsRanparQMC/SmoothPerB4-32-Lat-Rp-10-10000.dat,SmoothPerB4,32,Lat-Rp,10,qmc,False,-0.0010968687969423279,0.0003649354843197787,-1.2688741380864532,44.50136267299814,    ,1.7069881345522177e-05,4.345386633822112e-06,4.0178344589813285e-06,7.278649807050618e-06,9.530345270969418e-06,7.823038366523772e-06
RepsRanparRQMC/SmoothPerB4-32-Lat-Rp-RS-12-10000.dat,SmoothPerB4,32,Lat-Rp,12,RS,False,3.333648728651593e-05,9.901476566605832e-05,-0.93571610314456,246.08868960523287,    ,4.306101132952358e-06,4.3582703720052235e-07,3.940682108224258e-07,9.308053824703176e-07,1.4636194607062162e-06,1.0378719597900379e-06
RepsRanparRQMC/SmoothPerB4-32-Lat-Rp-RSB-12-10000.dat,SmoothPerB4,32,Lat-Rp,12,RS,True,0.00035854733406742484,0.0002985753136562701,16.77369186775208,836.535087491974,    ,1.3110091567126428e-05,6.238841505145456e-07,5.640898681385924e-07,1.413300876273279e-06,2.4194690881083643e-06,1.6101646638991124e-06
RepsRanparQMC/SmoothPerB4-32-Lat-Rp-12-10000.dat,SmoothPerB4,32,Lat-Rp,12,qmc,False,-0.0002003598493679169,8.804900607371753e-05,-4.982363318566468,154.7210639984877,    ,3.868361724617757e-06,4.2694308106800895e-07,3.8788497479760026e-07,8.738559967966255e-07,1.371294836429783e-06,9.723173602388382e-07
RepsRanparRQMC/SmoothPerB4-32-Lat-Rp-RS-14-10000.dat,SmoothPerB4,32,Lat-Rp,14,RS,False,5.680753523959901e-05,1.4842804382247279e-05,10.857082328294924,570.659581566299,    ,6.485664170272712e-07,3.914560940080255e-08,3.498660534262158e-08,1.0410960176700719e-07,1.8215827480995535e-07,1.2087309550930347e-07
RepsRanparRQMC/SmoothPerB4-32-Lat-Rp-RSB-14-10000.dat,SmoothPerB4,32,Lat-Rp,14,RS,True,3.2488979418204164e-05,6.02272115245411e-05,-0.9782281291398657,557.8104055580396,    ,2.6196299478941193e-06,5.8817010862167043e-08,5.245984505569969e-08,1.5523977110562755e-07,3.783850757571144e-07,1.8389401960966153e-07
RepsRanparQMC/SmoothPerB4-32-Lat-Rp-14-10000.dat,SmoothPerB4,32,Lat-Rp,14,qmc,False,3.279521759506805e-05,4.1900421121728914e-05,11.758302128863024,1232.2967679923966,    ,1.822832966372278e-06,4.251077784333078e-08,3.851334123135373e-08,1.0427212522954505e-07,2.3417653497034884e-07,1.2121112143836637e-07
RepsRanparRQMC/SmoothPerB4-32-Lat-Rp-RS-16-10000.dat,SmoothPerB4,32,Lat-Rp,16,RS,False,1.5436826937628558e-05,3.1466762734392972e-06,-5.012554495385667,484.6854516070838,    ,1.370503075145674e-07,3.499367026900567e-09,3.1457367778829434e-09,9.670143181409553e-09,2.28495360794994e-08,1.1427245976606094e-08
RepsRanparRQMC/SmoothPerB4-32-Lat-Rp-RSB-16-10000.dat,SmoothPerB4,32,Lat-Rp,16,RS,True,-5.531197713802776e-05,2.2301896249757585e-05,-75.08945739186245,6897.34852346859,    ,9.727070778478562e-07,4.591255939153383e-09,4.070140124674548e-09,1.3831468495651566e-08,3.317136216724053e-08,1.675521561054582e-08
RepsRanparQMC/SmoothPerB4-32-Lat-Rp-16-10000.dat,SmoothPerB4,32,Lat-Rp,16,qmc,False,3.8370908225489675e-05,3.1976890286014276e-06,9.785756639900873,460.9942815716934,    ,1.4050228436332842e-07,3.7046922527232215e-09,3.270650044631997e-09,1.0130823575441926e-08,2.1983278990117573e-08,1.2012203958098575e-08
RepsRanparRQMC/SmoothPerB4-32-Lat-Rv-RS-8-10000.dat,SmoothPerB4,32,Lat-Rv,8,RS,False,-0.00023397485530459648,0.001728354441899082,0.1694036373678633,10.409229370835616,    ,7.52005895328749e-05,4.283674761861581e-05,4.0327318544941844e-05,5.454136352852111e-05,6.15956716127178e-05,5.4364848079339235e-05
RepsRanparRQMC/SmoothPerB4-32-Lat-Rv-RSB-8-10000.dat,SmoothPerB4,32,Lat-Rv,8,RS,True,-0.0009908302363532328,0.002824019858890901,0.0938308832621069,6.893798666416122,    ,0.00012376521668296315,8.025220983117628e-05,7.5778765020622e-05,0.00010490113000716948,0.0001127754850208071,0.00010189204727775474
RepsRanparQMC/SmoothPerB4-32-Lat-Rv-8-10000.dat,SmoothPerB4,32,Lat-Rv,8,qmc,False,0.007533660673310544,0.0008303396095428699,2.4106954481497107,12.415205657567356,    ,9.285776529462369e-05,1.799662727596684e-05,1.5008367123420418e-05,4.5002518100281956e-05,6.351311743575027e-05,5.6580521416654974e-05
RepsRanparRQMC/SmoothPerB4-32-Lat-Rv-RS-10-10000.dat,SmoothPerB4,32,Lat-Rv,10,RS,False,-0.00014437524792150142,0.0007826968705339309,0.8672419530871628,56.71435969496868,    ,3.4051142931078956e-05,6.520505662729545e-06,5.958433706091001e-06,1.1890408158068944e-05,1.6578792997719295e-05,1.2904429001365663e-05
RepsRanparRQMC/SmoothPerB4-32-Lat-Rv-RSB-10-10000.dat,SmoothPerB4,32,Lat-Rv,10,RS,True,0.00017187516121211388,0.0008925752839520506,0.18219276457638797,20.614501830413047,    ,3.88371621124352e-05,9.769514449657493e-06,8.939609908948462e-06,1.898334950742663e-05,2.5085608720340536e-05,2.0293750150791138e-05
RepsRanparQMC/SmoothPerB4-32-Lat-Rv-10-10000.dat,SmoothPerB4,32,Lat-Rv,10,qmc,False,-0.0008292072535427323,0.00029678064649283167,-4.042595132762781,49.13417380288407,    ,1.3591091038581432e-05,6.163447048519135e-07,5.404310407059761e-07,3.105605786165442e-06,5.861098853293476e-06,3.6875106569027037e-06
RepsRanparRQMC/SmoothPerB4-32-Lat-Rv-RS-12-10000.dat,SmoothPerB4,32,Lat-Rv,12,RS,False,9.591211837463973e-05,0.0001728414682840418,-0.9182133376281837,203.9853923580937,    ,7.524045581583363e-06,5.933104697999966e-07,5.275782638206554e-07,1.313170186630335e-06,2.2359752519546866e-06,1.4955992189462657e-06
RepsRanparRQMC/SmoothPerB4-32-Lat-Rv-RSB-12-10000.dat,SmoothPerB4,32,Lat-Rv,12,RS,True,-0.0002916330537423118,0.00022586415516013804,-0.6180673049418929,65.34157267921834,    ,9.905230497171503e-06,7.909251091898738e-07,6.934428956369471e-07,2.1038216031909888e-06,3.7042910410530817e-06,2.4559536208995407e-06
RepsRanparQMC/SmoothPerB4-32-Lat-Rv-12-10000.dat,SmoothPerB4,32,Lat-Rv,12,qmc,False,-0.00041086440363157965,8.880795011126151e-05,-10.453543607228351,168.91182013501367,    ,4.030024780400295e-06,3.9302177323142206e-08,3.3904071210423766e-08,2.1948022097756293e-07,7.338998896753179e-07,2.8631152210047705e-07
RepsRanparRQMC/SmoothPerB4-32-Lat-Rv-RS-14-10000.dat,SmoothPerB4,32,Lat-Rv,14,RS,False,-0.00019844106248837826,3.996231453079574e-05,-8.945419067807917,388.63862493681074,    ,1.7768707914030703e-06,6.687660174633862e-08,6.021213027168032e-08,1.599709596676264e-07,3.584194012335586e-07,1.9023341518224849e-07
RepsRanparRQMC/SmoothPerB4-32-Lat-Rv-RSB-14-10000.dat,SmoothPerB4,32,Lat-Rv,14,RS,True,-6.772890549417099e-05,5.7521290395001455e-05,-2.8924009038539453,225.65809797565282,    ,2.505512873987328e-06,7.497254127911158e-08,6.536888188684307e-08,2.351892203520364e-07,5.511638698834502e-07,2.849829961636901e-07
RepsRanparQMC/SmoothPerB4-32-Lat-Rv-14-10000.dat,SmoothPerB4,32,Lat-Rv,14,qmc,False,2.0547928215269805e-05,1.7971579050759305e-05,-11.30351904039794,1283.9222876998222,    ,7.817952195608661e-07,2.411171418241913e-09,2.113217778460718e-09,1.0840324832237484e-08,6.866317921710996e-08,1.3953804978311499e-08
RepsRanparRQMC/SmoothPerB4-32-Lat-Rv-RS-16-10000.dat,SmoothPerB4,32,Lat-Rv,16,RS,False,3.8406586917809627e-07,1.912393490828063e-05,8.00405736215008,1952.5589832121038,    ,8.314755783014019e-07,3.525785606387398e-09,3.119794332070724e-09,9.707531868218625e-09,3.909533177237389e-08,1.185774131056841e-08
RepsRanparRQMC/SmoothPerB4-32-Lat-Rv-RSB-16-10000.dat,SmoothPerB4,32,Lat-Rv,16,RS,True,8.083492947360682e-06,1.5207567002766526e-05,-9.400407226300002,1103.3482033020048,    ,6.612639081959051e-07,4.960717457256281e-09,4.4249861569130756e-09,1.3026871977287986e-08,5.0663781135416774e-08,1.596926846362963e-08
RepsRanparQMC/SmoothPerB4-32-Lat-Rv-16-10000.dat,SmoothPerB4,32,Lat-Rv,16,qmc,False,-2.1535595188546597e-05,2.389663802679633e-06,-11.570045358143133,688.1354853025988,    ,1.0436220806358724e-07,1.3793778552421307e-10,1.2530111638603255e-10,7.246422712033003e-10,7.923040507105118e-09,9.441194580967589e-10
RepsFixedparRQMC/SmoothPerB4-32-Sob-DS-8-10000.dat,SmoothPerB4,32,Sob,8,DS,False,-2.3685008731300884e-05,6.218162283750615e-05,0.03174598169101812,2.796630471328206,    ,2.704109798660608e-06,4.341129505526647e-06,4.652955533256283e-06,3.350934365357766e-06,2.9757601153791428e-06,2.907446306931757e-06
RepsFixedparRQMC/SmoothPerB4-32-Sob-DS-8-10000.dat,SmoothPerB4,32,Sob,8,DS,True,0.00020044226506297065,0.0003223205535018109,0.13636926718189973,2.7984352020457157,    ,1.4054114210397963e-05,2.3301572379835368e-05,2.5219887107346928e-05,1.7519793634518573e-05,1.5483133585652726e-05,1.5167284723128548e-05
RepsFixedparRQMC/SmoothPerB4-32-Sob-DS-10-10000.dat,SmoothPerB4,32,Sob,10,DS,False,-2.479195329632198e-05,2.6663157542711505e-06,0.04665210435352586,2.9052131725912096,    ,1.1654141287307963e-07,1.8204810576240268e-07,1.9476799153256962e-07,1.4277880072039485e-07,1.275023968868049e-07,1.2432539363626803e-07
RepsFixedparRQMC/SmoothPerB4-32-Sob-DS-10-10000.dat,SmoothPerB4,32,Sob,10,DS,True,-2.3242199571752843e-05,1.1425905551637766e-05,0.10614760192596148,2.664025391044448,    ,4.973187020860535e-07,8.951004835432839e-07,9.78270100944414e-07,6.345656389152299e-07,5.532482931295262e-07,5.442550164911314e-07
RepsFixedparRQMC/SmoothPerB4-32-Sob-DS-12-10000.dat,SmoothPerB4,32,Sob,12,DS,False,-4.134722607783081e-06,9.063191999028347e-08,-0.032627660544420775,2.9117037485565374,    ,3.95761419149042e-09,6.270875538484476e-09,6.624684081660023e-09,4.820386849201952e-09,4.318803034748276e-09,4.205409607679586e-09
RepsFixedparRQMC/SmoothPerB4-32-Sob-DS-12-10000.dat,SmoothPerB4,32,Sob,12,DS,True,4.189589055734055e-06,1.0284487379464313e-06,0.004881974478966068,2.620287123917878,    ,4.4732715175865976e-08,7.276106286140805e-08,8.020108570535895e-08,5.671177187304723e-08,4.976789880784818e-08,4.882742904158249e-08
RepsFixedparRQMC/SmoothPerB4-32-Sob-DS-14-10000.dat,SmoothPerB4,32,Sob,14,DS,False,2.2791151732867722e-07,2.11333546339748e-08,0.009967542235078041,2.7095400472034656,    ,9.188934494847224e-10,1.4849993593175416e-09,1.6010273625967545e-09,1.1486621908569596e-09,1.0162651392043665e-09,9.941824068048531e-10
RepsFixedparRQMC/SmoothPerB4-32-Sob-DS-14-10000.dat,SmoothPerB4,32,Sob,14,DS,True,6.552934550698719e-07,3.0641501168634865e-07,-0.03530016873291063,2.2225427128086053,    ,1.3322821221962198e-08,3.0268720541669875e-08,3.470014036774794e-08,1.818903940688935e-08,1.521962077659535e-08,1.5190406893320677e-08
RepsFixedparRQMC/SmoothPerB4-32-Sob-DS-16-10000.dat,SmoothPerB4,32,Sob,16,DS,False,1.1652285407852125e-07,1.1523358206603047e-09,0.03369826318925548,2.7419748042182706,    ,5.0115134995535855e-11,8.145285896920296e-11,8.775510676371856e-11,6.253312505128112e-11,5.533283981367159e-11,5.4148218355467485e-11
RepsFixedparRQMC/SmoothPerB4-32-Sob-DS-16-10000.dat,SmoothPerB4,32,Sob,16,DS,True,2.372646106401477e-07,6.104510038436136e-09,0.035672519875906916,2.7933427437653546,    ,2.654697744274681e-10,4.34369826497628e-10,4.662052356954061e-10,3.3008323964037705e-10,2.925324993194066e-10,2.8608289803962595e-10
RepsRanparRQMC/SmoothPerB4-32-SobLMS-DS-8-10000.dat,SmoothPerB4,32,SobLMS,8,DS,False,-3.255368324398233e-05,8.611150529106806e-05,0.07115095903456785,3.131369265871493,    ,3.7450382332087524e-06,5.610102937141527e-06,5.914395536683371e-06,4.487202074503927e-06,4.053646831524252e-06,3.936365712576932e-06
RepsRanparQMC/SmoothPerB4-32-SobLMS-8-10000.dat,SmoothPerB4,32,SobLMS,8,qmc,False,-0.002079392669677016,8.111691300690025e-05,0.009735244921808694,2.9668251408192496,    ,7.850696179354344e-06,9.375341236303048e-06,9.659369765723898e-06,8.45909395513236e-06,8.097966373832988e-06,7.957324371820413e-06
RepsRanparRQMC/SmoothPerB4-32-SobLMS-DS-10-10000.dat,SmoothPerB4,32,SobLMS,10,DS,False,1.1738291230271348e-05,6.332045278027337e-06,0.1096994744497395,3.292428245321464,    ,2.7544410391697785e-07,3.92516165206178e-07,4.095609880356694e-07,3.246087229772761e-07,2.957893197611912e-07,2.8642306820022705e-07
RepsRanparQMC/SmoothPerB4-32-SobLMS-10-10000.dat,SmoothPerB4,32,SobLMS,10,qmc,False,5.03045520131387e-05,1.7875865331302833e-05,-0.011775972705396731,4.9974399373742955,    ,7.797420840968439e-07,7.598415629449176e-07,7.52671340143401e-07,7.912622329068286e-07,7.76186093355642e-07,7.306403455372595e-07
RepsRanparRQMC/SmoothPerB4-32-SobLMS-DS-12-10000.dat,SmoothPerB4,32,SobLMS,12,DS,False,-7.166073133157225e-06,3.5690586215991766e-07,0.07947991305729217,3.208147312566126,    ,1.5568998785015744e-08,2.255557918778338e-08,2.394196111238666e-08,1.859667560018945e-08,1.681028444038352e-08,1.6320461760861292e-08
RepsRanparQMC/SmoothPerB4-32-SobLMS-12-10000.dat,SmoothPerB4,32,SobLMS,12,qmc,False,-2.236515029975816e-06,1.2804080778032215e-06,0.028644877612211204,4.981676197850682,    ,5.5674918425706326e-08,5.81283675606739e-08,5.743166492481666e-08,5.654554362762344e-08,5.534614589932544e-08,5.2131318478495557e-08
RepsRanparRQMC/SmoothPerB4-32-SobLMS-DS-14-10000.dat,SmoothPerB4,32,SobLMS,14,DS,False,4.93857758860844e-07,2.7562867103541255e-08,-0.0806281808771435,4.27947684894894,    ,1.1986294217269113e-09,1.4169846096790058e-09,1.446795123513325e-09,1.2975866249361167e-09,1.2312092329651766e-09,1.1734067891048092e-09
RepsRanparQMC/SmoothPerB4-32-SobLMS-14-10000.dat,SmoothPerB4,32,SobLMS,14,qmc,False,-2.5708748773427676e-05,2.762524738182297e-08,-0.6328201647172105,4.131804012945324,    ,1.8620374757483916e-09,1.5921208669129822e-09,1.5227437819513167e-09,1.6345759324490062e-09,1.722254114142124e-09,1.6312843673780238e-09
RepsRanparRQMC/SmoothPerB4-32-SobLMS-DS-16-10000.dat,SmoothPerB4,32,SobLMS,16,DS,False,2.665434265875663e-07,1.846127918008941e-09,0.07160966490564154,3.627098717016339,    ,8.033747661603708e-11,1.0620807526173701e-10,1.0973315550773612e-10,9.181045721491011e-11,8.49078133148357e-11,8.178474265850264e-11
RepsRanparQMC/SmoothPerB4-32-SobLMS-16-10000.dat,SmoothPerB4,32,SobLMS,16,qmc,False,-8.276248183277726e-06,1.8639809019910075e-09,-0.19148317545577662,3.5414133605433054,    ,1.4953893190386038e-10,1.572534661035272e-10,1.572526538590253e-10,1.497677229826696e-10,1.4819299773695586e-10,1.4405405396148097e-10
RepsRanparRQMC/SmoothPerB4-32-SobNUS-8-10000.dat,SmoothPerB4,32,SobNUS,8,DS,False,-0.00022284097648933498,0.000245718455615146,0.13974298086741002,3.2302403456508686,    ,1.073306921450472e-05,1.616486263601743e-05,1.6945998135731525e-05,1.2806989357315163e-05,1.1593362523067767e-05,1.1243180217947135e-05
RepsRanparRQMC/SmoothPerB4-32-SobNUS-10-10000.dat,SmoothPerB4,32,SobNUS,10,DS,False,-3.099228574676793e-05,6.432863674774445e-06,0.08609664551439998,3.2095052373910145,    ,2.8065024676600255e-07,4.1517587437170554e-07,4.40549688516214e-07,3.354054953914764e-07,3.0306871090792827e-07,2.9426347439642046e-07
RepsRanparRQMC/SmoothPerB4-32-SobNUS-12-10000.dat,SmoothPerB4,32,SobNUS,12,DS,False,1.2303975028106252e-05,1.3052517717212342e-06,0.05881403703669799,3.175750449271272,    ,5.690146483285027e-08,8.588350507962187e-08,8.999475960039874e-08,6.793691272249361e-08,6.144583873455127e-08,5.969461046497234e-08
RepsRanparRQMC/SmoothPerB4-32-SobNUS-14-10000.dat,SmoothPerB4,32,SobNUS,14,DS,False,-6.062154881892478e-06,1.298334756231743e-07,0.048340148806754565,3.3312296590429855,    ,5.681683444558761e-09,8.385127231142809e-09,8.895572405364672e-09,6.733223435969789e-09,6.098750509668105e-09,5.91902651442527e-09
RepsRanparRQMC/SmoothPerB4-32-SobNUS-16-10000.dat,SmoothPerB4,32,SobNUS,16,DS,False,-1.1807573542129967e-06,9.463432669682423e-09,-0.004403129418994366,3.3221532968272545,    ,4.128477822635465e-10,5.917441328663494e-10,6.207762052344404e-10,4.858210850625439e-10,4.4250414429224765e-10,4.284037543841017e-10
RepsFixedparRQMC/SumUeU-4-Lat-RS-6-10000.dat,SumUeU,4,Lat,6,RS,False,9.899802052985018e-06,0.000606221041991062,0.0017158534333009579,2.712600412386784,    ,2.635753461438773e-05,4.2083767440063555e-05,4.5515756288680296e-05,3.19644654230215e-05,2.8463266414919214e-05,2.7744503639630615e-05
RepsFixedparRQMC/SumUeU-4-Lat-RSB-6-10000.dat,SumUeU,4,Lat,6,RS,True,3.489662190192533e-08,1.0506587674159211e-07,0.3470198515623623,2.7769387955180145,    ,4.568082815234747e-09,8.481843620201793e-09,9.439413327375976e-09,6.026168136771766e-09,5.141980564060963e-09,5.088337983290342e-09
RepsFixedparRQMC/SumUeU-4-Lat-RS-8-10000.dat,SumUeU,4,Lat,8,RS,False,-1.772300563948299e-05,3.803190103118587e-05,-0.009895090259300701,2.680686529733354,    ,1.6538750193282827e-06,2.7309260017447005e-06,2.963454916219157e-06,2.050666409198291e-06,1.8178663067328332e-06,1.7835592223178922e-06
RepsFixedparRQMC/SumUeU-4-Lat-RSB-8-10000.dat,SumUeU,4,Lat,8,RS,True,-2.6609953800216245e-08,4.1248790372332144e-10,0.3333157809030958,2.7890973768528733,    ,1.7934964773263923e-11,3.0771566732597854e-11,3.4378258160212966e-11,2.2822243865162505e-11,1.9848904482138226e-11,1.939432856453525e-11
RepsFixedparRQMC/SumUeU-4-Lat-RS-10-10000.dat,SumUeU,4,Lat,10,RS,False,-6.8411090702902745e-06,2.3464099052359024e-06,-0.02934622891512497,2.6785333332009107,    ,1.0206462274008998e-07,1.7000983639253011e-07,1.8504956421439046e-07,1.2498419150745242e-07,1.1042505632952989e-07,1.078620113964884e-07
RepsFixedparRQMC/SumUeU-4-Lat-RSB-10-10000.dat,SumUeU,4,Lat,10,RS,True,-3.3876375356944874e-08,1.5796941416437458e-12,0.32374851009414185,2.778011527026342,    ,6.98299627918353e-14,1.2568129028816007e-13,1.4127315808566803e-13,9.039844124569643e-14,7.760794540888757e-14,7.645912936922983e-14
RepsFixedparRQMC/SumUeU-4-Lat-RS-12-10000.dat,SumUeU,4,Lat,12,RS,False,-5.239855112713831e-06,1.4371000911447527e-07,-0.015410794430865876,2.737186886387906,    ,6.275717347448984e-09,9.776683269856798e-09,1.0641514225983488e-08,7.862249201098289e-09,6.950626517144174e-09,6.850249889590951e-09
RepsFixedparRQMC/SumUeU-4-Lat-RSB-12-10000.dat,SumUeU,4,Lat,12,RS,True,1.6514805780687426e-10,6.345474554020434e-15,0.32206606604206267,2.7896462022751147,    ,2.759174718818858e-16,5.039013684339421e-16,5.529010447970381e-16,3.5180555522906135e-16,3.0676498629121046e-16,3.003129535845221e-16
RepsFixedparRQMC/SumUeU-4-Lat-RS-14-10000.dat,SumUeU,4,Lat,14,RS,False,-1.5566834964365395e-06,9.134242697804627e-09,-0.005816236841150735,2.6961318208992684,    ,3.9956425036914866e-10,6.553899850600325e-10,7.165511526588844e-10,5.060886156950301e-10,4.452552351036286e-10,4.373219996529124e-10
RepsFixedparRQMC/SumUeU-4-Lat-RSB-14-10000.dat,SumUeU,4,Lat,14,RS,True,-2.351292422986262e-11,2.407788077531072e-17,0.3266966936199445,2.7693911542832597,    ,1.0474172391410879e-18,1.7665900771192433e-18,1.9824283551068117e-18,1.3544614695419373e-18,1.1744188985133108e-18,1.157878484426081e-18
RepsFixedparRQMC/SumUeU-4-Lat-RS-16-10000.dat,SumUeU,4,Lat,16,RS,False,-1.3399270140452835e-07,5.746689154394865e-10,-0.00839994081378172,2.7283739984175606,    ,2.5003559063137792e-11,4.06902793387166e-11,4.425305694765598e-11,3.1187512862672e-11,2.7554458619027225e-11,2.6988243635356096e-11
RepsFixedparRQMC/SumUeU-4-Lat-RSB-16-10000.dat,SumUeU,4,Lat,16,RS,True,7.325667628066412e-13,9.452827921212227e-20,0.30122781505767293,2.7576397856264707,    ,4.1104618371977196e-21,7.330889060538586e-21,8.108407781711126e-21,5.29011016101744e-21,4.595178151939615e-21,4.542949676056517e-21
RepsRanparRQMC/SumUeU-4-Lat-Rp-RS-6-10000.dat,SumUeU,4,Lat-Rp,6,RS,False,0.0004927824065104682,0.001145879134771029,0.034924575050905175,3.013190447669677,    ,5.006366644673273e-05,7.667574568765281e-05,8.124532504036863e-05,6.066331193157448e-05,5.458746864071179e-05,5.2982238585056905e-05
RepsRanparRQMC/SumUeU-4-Lat-Rp-RSB-6-10000.dat,SumUeU,4,Lat-Rp,6,RS,True,-1.4028652057225521e-05,8.438325925088098e-07,0.25399666976387314,3.8422452226409467,    ,3.688517666588225e-08,4.6349672484728073e-08,4.738488870494516e-08,4.128913330997786e-08,3.852500435322249e-08,3.703812984713621e-08
RepsRanparRQMC/SumUeU-4-Lat-Rp-RS-8-10000.dat,SumUeU,4,Lat-Rp,8,RS,False,4.522589866880149e-05,7.92159961752229e-05,-0.033906257571337396,3.177205736300545,    ,3.4462191286592225e-06,5.045991258761754e-06,5.286756484422016e-06,4.12126947850559e-06,3.7101363458018144e-06,3.631191046682239e-06
RepsRanparRQMC/SumUeU-4-Lat-Rp-RSB-8-10000.dat,SumUeU,4,Lat-Rp,8,RS,True,-2.425153335720687e-07,4.033557962586049e-09,0.23654341832896578,4.451502263970043,    ,1.7543089901684578e-10,1.9305652488512807e-10,1.929877534921238e-10,1.8961318366179463e-10,1.8295420463276067e-10,1.737236169487845e-10
RepsRanparRQMC/SumUeU-4-Lat-Rp-RS-10-10000.dat,SumUeU,4,Lat-Rp,10,RS,False,4.473980191194675e-05,4.664578879417714e-06,0.024944972854203735,3.1838021057499146,    ,2.048094272411078e-07,2.8686077177798203e-07,3.025411791689646e-07,2.3757698650582284e-07,2.1818928480724283e-07,2.1141068897660696e-07
RepsRanparRQMC/SumUeU-4-Lat-Rp-RSB-10-10000.dat,SumUeU,4,Lat-Rp,10,RS,True,-3.0573889919383035e-08,1.499585848319549e-11,0.2534628046134076,4.4268984447385105,    ,6.529286098402586e-13,7.337917631750283e-13,7.428576950942088e-13,6.992497632582309e-13,6.733313990906359e-13,6.364236610963092e-13
RepsRanparRQMC/SumUeU-4-Lat-Rp-RS-12-10000.dat,SumUeU,4,Lat-Rp,12,RS,False,-2.0543807886371115e-06,2.9459973948259597e-07,0.0031219339412719067,3.08979176368926,    ,1.2812904805754981e-08,1.9184052704312328e-08,2.025346107652379e-08,1.5609145877836337e-08,1.3881460953577901e-08,1.3633585053717534e-08
RepsRanparRQMC/SumUeU-4-Lat-Rp-RSB-12-10000.dat,SumUeU,4,Lat-Rp,12,RS,True,-6.121462057695481e-10,6.174418701394337e-14,0.2740516415505572,4.576432082312276,    ,2.684904593148689e-15,3.0151574705345644e-15,2.975656121258827e-15,2.792443238976539e-15,2.7214303724454393e-15,2.574422603429312e-15
RepsRanparRQMC/SumUeU-4-Lat-Rp-RS-14-10000.dat,SumUeU,4,Lat-Rp,14,RS,False,-2.472353534145544e-07,1.8023471075367205e-08,0.0052033737592147,3.136474767097507,    ,7.836903025098564e-10,1.1278708193804838e-09,1.193665411988671e-09,9.412132370514866e-10,8.597738958754877e-10,8.294097315476326e-10
RepsRanparRQMC/SumUeU-4-Lat-Rp-RSB-14-10000.dat,SumUeU,4,Lat-Rp,14,RS,True,-1.1877047429997844e-10,2.3267114530088386e-16,0.22650509181974307,4.430563194518379,    ,1.0130243177777784e-17,1.15503902201957e-17,1.1616709353219155e-17,1.0873931774656712e-17,1.0618587852022496e-17,9.993633903452871e-18
RepsRanparRQMC/SumUeU-4-Lat-Rp-RS-16-10000.dat,SumUeU,4,Lat-Rp,16,RS,False,2.82420867674027e-07,1.1476409092216225e-09,0.0032582135814599464,3.2149871954516986,    ,4.997719238222047e-11,7.412079908586745e-11,7.67580529592206e-11,5.946294402602808e-11,5.414191976985276e-11,5.269121313745506e-11
RepsRanparRQMC/SumUeU-4-Lat-Rp-RSB-16-10000.dat,SumUeU,4,Lat-Rp,16,RS,True,-6.2650094001526215e-12,9.215689913317447e-19,0.2677590641628224,4.319081843498365,    ,4.010746735720768e-20,4.459650512044308e-20,4.461178072534715e-20,4.264888013574127e-20,4.091365336834291e-20,3.87990980031094e-20
RepsRanparRQMC/SumUeU-4-Lat-Rv-RS-6-10000.dat,SumUeU,4,Lat-Rv,6,RS,False,-3.996280098737941e-05,0.0005979469705978032,-0.021849828177506758,2.6908812741951085,    ,2.599929139928029e-05,4.2650886669647934e-05,4.623614282037248e-05,3.2488617287199246e-05,2.86777944621666e-05,2.8121765077950345e-05
RepsRanparRQMC/SumUeU-4-Lat-Rv-RSB-6-10000.dat,SumUeU,4,Lat-Rv,6,RS,True,1.297341984288769e-06,1.0466556217986801e-07,0.3301955595778117,2.788000744771846,    ,4.552359712740198e-09,8.224649891014236e-09,9.077191230918179e-09,5.883552675913355e-09,5.219638539038989e-09,5.064348893466327e-09
RepsRanparRQMC/SumUeU-4-Lat-Rv-RS-8-10000.dat,SumUeU,4,Lat-Rv,8,RS,False,1.3874057307579646e-05,3.786495979258235e-05,0.00892669898047248,2.6863870119839874,    ,1.6464950891436675e-06,2.8484564291321216e-06,3.0810274369362825e-06,2.1125182998876017e-06,1.8567202633208157e-06,1.8277247826560056e-06
RepsRanparRQMC/SumUeU-4-Lat-Rv-RSB-8-10000.dat,SumUeU,4,Lat-Rv,8,RS,True,2.9535191967733353e-08,4.059993843000675e-10,0.3225607588663849,2.787358529679467,    ,1.7653019471045767e-11,3.0815534277558254e-11,3.4246656538632854e-11,2.2373602284357244e-11,1.9509580995170396e-11,1.9043452025374617e-11
RepsRanparRQMC/SumUeU-4-Lat-Rv-RS-10-10000.dat,SumUeU,4,Lat-Rv,10,RS,False,7.229498540583679e-06,2.3416228808610934e-06,-0.029594947627249707,2.727304090172084,    ,1.0186195612136975e-07,1.635331769845551e-07,1.764622556663906e-07,1.2768466446820892e-07,1.1353009409374197e-07,1.1063524606765963e-07
RepsRanparRQMC/SumUeU-4-Lat-Rv-RSB-10-10000.dat,SumUeU,4,Lat-Rv,10,RS,True,-2.9131655488789933e-09,1.5945544962934292e-12,0.2982394058556461,2.7767400425047337,    ,6.933694289409906e-14,1.1899665547523654e-13,1.3199996907292462e-13,8.725951919450431e-14,7.572614593243488e-14,7.458549428178203e-14
RepsRanparRQMC/SumUeU-4-Lat-Rv-RS-12-10000.dat,SumUeU,4,Lat-Rv,12,RS,False,3.580201984505882e-06,1.4449623221733716e-07,-0.02726797860274376,2.7135992806982885,    ,6.295262725264519e-09,9.830818555116767e-09,1.0700954116916842e-08,7.763104846743965e-09,6.9058609916357576e-09,6.757188073821091e-09
RepsRanparRQMC/SumUeU-4-Lat-Rv-RSB-12-10000.dat,SumUeU,4,Lat-Rv,12,RS,True,4.4964075618381116e-11,6.307336280940943e-15,0.33699110891063355,2.8106491652855117,    ,2.7423403398291984e-16,4.828190049028667e-16,5.331228877582688e-16,3.4563805676888725e-16,3.0190486903847144e-16,2.9599175858796396e-16
RepsRanparRQMC/SumUeU-4-Lat-Rv-RS-14-10000.dat,SumUeU,4,Lat-Rv,14,RS,False,-6.173677368768171e-07,9.007880133645193e-09,0.008968534484026966,2.745607907293103,    ,3.9202810525493606e-10,6.503303352463547e-10,7.05793730343619e-10,4.827358290874895e-10,4.2834624773830154e-10,4.2022499505475604e-10
RepsRanparRQMC/SumUeU-4-Lat-Rv-RSB-14-10000.dat,SumUeU,4,Lat-Rv,14,RS,True,-6.544070672021007e-11,2.4318172453934214e-17,0.3559405078397092,2.798334755606578,    ,1.0615943319192672e-18,1.8797695700520148e-18,2.1123983680003827e-18,1.390524652053957e-18,1.1997764517037956e-18,1.1729549173644018e-18
RepsRanparRQMC/SumUeU-4-Lat-Rv-RS-16-10000.dat,SumUeU,4,Lat-Rv,16,RS,False,-1.1132306951124882e-07,5.739521620165847e-10,-0.018047455606231683,2.688893973812568,    ,2.4966834652613437e-11,4.228306917736296e-11,4.592425478597466e-11,3.086239090755761e-11,2.769574588008904e-11,2.6794631116262342e-11
RepsRanparRQMC/SumUeU-4-Lat-Rv-RSB-16-10000.dat,SumUeU,4,Lat-Rv,16,RS,True,2.003767241021137e-12,9.434305604075755e-20,0.3255412257051433,2.8132517325330775,    ,4.1058870849282565e-21,7.008221814812156e-21,7.766397691633828e-21,5.152758981964719e-21,4.4716103210601294e-21,4.4171069182791156e-21
RepsFixedparRQMC/SumUeU-4-Sob-DS-6-10000.dat,SumUeU,4,Sob,6,DS,False,9.902333653975904e-06,0.0006062210424517987,0.0017158534330465646,2.7126004123867924,    ,2.635753468455087e-05,4.2083767119051065e-05,4.551575588874702e-05,3.196446574497942e-05,2.8463266751269716e-05,2.774450393009568e-05
RepsFixedparRQMC/SumUeU-4-Sob-DS-8-10000.dat,SumUeU,4,Sob,8,DS,False,-1.7720474049002587e-05,3.803190106009028e-05,-0.009895090259387044,2.6806865297333364,    ,1.6538749308566206e-06,2.7309258845974164e-06,2.963454828911944e-06,2.05066636607057e-06,1.8178662560840716e-06,1.783559177603065e-06
RepsFixedparRQMC/SumUeU-4-Sob-DS-10-10000.dat,SumUeU,4,Sob,10,DS,False,-6.838577475716123e-06,2.3464099070194484e-06,-0.02934622891518399,2.6785333332008032,    ,1.0206458818621521e-07,1.7000982018306217e-07,1.8504954882281856e-07,1.249841704086686e-07,1.1042502547436852e-07,1.0786197938499678e-07
RepsFixedparRQMC/SumUeU-4-Sob-DS-12-10000.dat,SumUeU,4,Sob,12,DS,False,-5.237323517467241e-06,1.4371000922370295e-07,-0.015410794432744804,2.7371868863874855,    ,6.275690828222396e-09,9.776660181832036e-09,1.0641491229681959e-08,7.862227728455524e-09,6.95060352653487e-09,6.85022646524674e-09
RepsFixedparRQMC/SumUeU-4-Sob-DS-14-10000.dat,SumUeU,4,Sob,14,DS,False,-1.5541518996393222e-06,9.134242704742065e-09,-0.005816236828396751,2.6961318209074308,    ,3.99556375289851e-10,6.553785987224185e-10,7.165393220418544e-10,5.060806365271658e-10,4.4524615501562784e-10,4.3731360272796936e-10
RepsFixedparRQMC/SumUeU-4-Sob-DS-16-10000.dat,SumUeU,4,Sob,16,DS,False,-1.3146110479027583e-07,5.746689158631223e-10,-0.008399940800505155,2.7283739983375304,    ,2.5002887059599737e-11,4.0689919943524576e-11,4.4252788234346836e-11,3.1187015511000646e-11,2.7553908684735463e-11,2.6987648753992135e-11
RepsRanparRQMC/SumUeU-4-Sob-LMS-DS-6-10000.dat,SumUeU,4,Sob-LMS,6,DS,False,3.153836130447636e-05,1.2059937802473296e-05,0.039767483258373454,8.959388195465195,    ,5.253397900804367e-07,5.0152750740302527e-08,5.1700590458255335e-08,3.163539817674443e-07,4.250861477318477e-07,3.359197110747061e-07
RepsRanparRQMC/SumUeU-4-Sob-LMS-DS-8-10000.dat,SumUeU,4,Sob-LMS,8,DS,False,9.123284566249046e-06,1.700008808998463e-07,0.9666474435601032,29.93499735089198,    ,7.474576969096163e-09,2.1723449061895354e-11,3.094665553262896e-11,1.4589132223344596e-09,3.4230673852188957e-09,1.775874513384198e-09
RepsRanparRQMC/SumUeU-4-Sob-LMS-DS-10-10000.dat,SumUeU,4,Sob-LMS,10,DS,False,1.0800194103325837e-07,3.0188206849904016e-09,0.4847665182099731,106.73346950050345,    ,1.3126473767971918e-10,2.3218442957842468e-15,6.72134556641273e-15,3.877186624442601e-12,2.1072676751039605e-11,5.403123115108093e-12
RepsRanparRQMC/SumUeU-4-Sob-LMS-DS-12-10000.dat,SumUeU,4,Sob-LMS,12,DS,False,9.740784346972831e-08,4.199720731864917e-11,6.484517882391029,395.85598525976076,    ,1.8354538235628654e-12,4.505471752838745e-20,3.7976069089355e-19,6.2716751284165024e-15,1.2204088666380515e-13,6.1186479168999554e-15
RepsRanparRQMC/SumUeU-4-Sob-LMS-DS-14-10000.dat,SumUeU,4,Sob-LMS,14,DS,False,-7.887971041776557e-09,6.4337070173717e-13,-6.230405873417404,1626.71247428259,    ,2.8034859293119818e-14,3.166206614854486e-25,8.447557483518013e-24,2.6029610672578753e-18,2.2144536330016765e-16,4.045254626446294e-18
RepsRanparRQMC/SumUeU-4-Sob-LMS-DS-16-10000.dat,SumUeU,4,Sob-LMS,16,DS,False,-2.638517466020853e-09,2.0356756709338366e-14,-48.61867449052475,3141.4533079760668,    ,8.920381530853826e-16,2.263373439601165e-31,6.694402265181209e-29,2.1408987944252517e-21,9.947267929445891e-19,2.4165458460646315e-21
RepsRanparRQMC/SumUeU-4-Sob-NUS-6-10000.dat,SumUeU,4,Sob-NUS,6,NUS,False,1.926332757216156e-05,1.1523438409267517e-05,-0.02016768289045219,3.0425420688274465,    ,5.013901370616531e-07,7.767258031679055e-07,8.236462116281637e-07,6.007558812270268e-07,5.442745336615844e-07,5.243430436391674e-07
RepsRanparRQMC/SumUeU-4-Sob-NUS-8-10000.dat,SumUeU,4,Sob-NUS,8,NUS,False,-5.673569497844034e-06,1.743032977037256e-07,0.05015129474154672,3.089051715171801,    ,7.610593638834936e-09,1.1332828268306674e-08,1.2039702319947384e-08,9.248617897463616e-09,8.370722317621664e-09,8.106456717192583e-09
RepsRanparRQMC/SumUeU-4-Sob-NUS-10-10000.dat,SumUeU,4,Sob-NUS,10,NUS,False,6.205238523786516e-07,2.8089158350215944e-09,-0.016197171779999957,3.03763776768941,    ,1.2251182528709235e-10,1.9173180733195165e-10,2.048978052659931e-10,1.509554150252959e-10,1.3409601301479733e-10,1.3178622131343833e-10
RepsRanparRQMC/SumUeU-4-Sob-NUS-12-10000.dat,SumUeU,4,Sob-NUS,12,NUS,False,-1.5964631575413612e-07,4.33083605722023e-11,0.014301155358915357,3.0736344353113334,    ,1.9084591449252736e-12,2.7922045090285786e-12,2.9816311271025545e-12,2.2314624559205594e-12,2.031401325520631e-12,1.9628176732625594e-12
RepsRanparRQMC/SumUeU-4-Sob-NUS-14-10000.dat,SumUeU,4,Sob-NUS,14,NUS,False,-5.5744750213193586e-09,6.853822995663965e-13,-0.026720081576925476,3.1023428297544267,    ,2.983030518769359e-14,4.557140210726258e-14,4.796697337449721e-14,3.602578260249782e-14,3.213977879438819e-14,3.1544552931369945e-14
RepsRanparRQMC/SumUeU-4-Sob-NUS-16-10000.dat,SumUeU,4,Sob-NUS,16,NUS,False,-1.1978883136976036e-09,1.0638223644168316e-14,-0.021594833464067962,3.0330644506912035,    ,4.6396639920202e-16,7.220881510739684e-16,7.635368009405802e-16,5.567538864790208e-16,5.035785473778629e-16,4.910328521970122e-16
RepsFixedparRQMC/SumUeU-8-Lat-RS-6-10000.dat,SumUeU,8,Lat,6,RS,False,0.00015259085532503506,0.001216781879102319,0.0060524884842028835,2.878749030991019,    ,5.292684393009922e-05,8.129140796735368e-05,8.755236579670694e-05,6.390939455395021e-05,5.684906820285385e-05,5.585355775920398e-05
RepsFixedparRQMC/SumUeU-8-Lat-RSB-6-10000.dat,SumUeU,8,Lat,6,RS,True,1.0156085394533498e-06,2.1272109074381412e-07,0.2766707709717379,2.882016412163591,    ,9.249774536523415e-09,1.551038350248607e-08,1.697283812517733e-08,1.1498114372616948e-08,1.0301440780243956e-08,9.952253410452559e-09
RepsFixedparRQMC/SumUeU-8-Lat-RS-8-10000.dat,SumUeU,8,Lat,8,RS,False,3.1285315981367126e-05,7.549154953462642e-05,-0.015134199770212499,2.784097012696256,    ,3.283220055110246e-06,5.432434151052584e-06,5.867923778646976e-06,4.117169658005216e-06,3.6266753004487366e-06,3.5588365102019236e-06
RepsFixedparRQMC/SumUeU-8-Lat-RSB-8-10000.dat,SumUeU,8,Lat,8,RS,True,-2.5412400697533145e-08,8.123445795393112e-10,0.2344131306674697,2.9255281205527335,    ,3.531997533529666e-11,5.642430265737352e-11,6.147155149621393e-11,4.320063394955521e-11,3.83264830426859e-11,3.7330363687751234e-11
RepsFixedparRQMC/SumUeU-8-Lat-RS-10-10000.dat,SumUeU,8,Lat,10,RS,False,-8.7994394939936e-06,4.715748131413767e-06,0.00772164641832781,2.8214567444926644,    ,2.0510995758818094e-07,3.3580129794993625e-07,3.6178612657268653e-07,2.531429347480241e-07,2.238292672278539e-07,2.1973649036111437e-07
RepsFixedparRQMC/SumUeU-8-Lat-RSB-10-10000.dat,SumUeU,8,Lat,10,RS,True,-2.824120520683593e-08,3.203441763796244e-12,0.2542769454024298,2.9416943506230546,    ,1.4007764235832781e-13,2.2764424192768416e-13,2.483850631851569e-13,1.7556256606465044e-13,1.541421026118583e-13,1.511180598191056e-13
RepsFixedparRQMC/SumUeU-8-Lat-RS-12-10000.dat,SumUeU,8,Lat,12,RS,False,-2.753485621610885e-06,2.9014697494886396e-07,0.008159642380590599,2.9180682636137205,    ,1.262266755041033e-08,1.9699247992651823e-08,2.121022012326988e-08,1.5378711143465844e-08,1.3831854261602702e-08,1.3455389565978775e-08
RepsFixedparRQMC/SumUeU-8-Lat-RSB-12-10000.dat,SumUeU,8,Lat,12,RS,True,-1.0332856680506097e-09,1.2786081462816939e-14,0.2609757109405022,2.9268392390495035,    ,5.569842646116657e-16,9.451410088864093e-16,1.0248191761619786e-15,6.928465762167709e-16,6.104384845319585e-16,5.973381440838841e-16
RepsFixedparRQMC/SumUeU-8-Lat-RS-14-10000.dat,SumUeU,8,Lat,14,RS,False,-6.793473119876658e-07,1.8140382505485015e-08,0.015629279902610666,2.813750146034052,    ,7.891737956174794e-10,1.2353929047575881e-09,1.3342643209788842e-09,9.668259592495061e-10,8.654123686958828e-10,8.425213072395642e-10
RepsFixedparRQMC/SumUeU-8-Lat-RSB-14-10000.dat,SumUeU,8,Lat,14,RS,True,-1.7843267574590982e-11,4.7897624223249375e-17,0.2593172465245836,2.980843013146614,    ,2.0828237832085806e-18,3.343083600289201e-18,3.6160811035584915e-18,2.6213699253347065e-18,2.3173424254072696e-18,2.2596883341992266e-18
RepsFixedparRQMC/SumUeU-8-Lat-RS-16-10000.dat,SumUeU,8,Lat,16,RS,False,-3.516685431470101e-07,1.1470029467762466e-09,-0.031349143919956,2.8869966053954546,    ,4.999336410233682e-11,7.634238383668682e-11,8.180404967580636e-11,6.107284669041514e-11,5.543663431533029e-11,5.381635456932896e-11
RepsFixedparRQMC/SumUeU-8-Lat-RSB-16-10000.dat,SumUeU,8,Lat,16,RS,True,2.259127640513725e-12,1.8806193332596338e-19,0.20604353888923033,2.8415635490280007,    ,8.18170945447715e-21,1.3976855090925268e-20,1.523436084189464e-20,1.0300373174309703e-20,9.082490919610066e-21,8.931392880043456e-21
RepsRanparRQMC/SumUeU-8-Lat-Rp-RS-6-10000.dat,SumUeU,8,Lat-Rp,6,RS,False,-0.00023087878726335277,0.0022615164253752384,0.010251645842916206,3.239319445537005,    ,9.838010611767944e-05,0.00014310713333428202,0.00015028603392128428,0.00011528404678816777,0.0001062709258185294,0.00010229635140899993
RepsRanparRQMC/SumUeU-8-Lat-Rp-RSB-6-10000.dat,SumUeU,8,Lat-Rp,6,RS,True,-7.2349466413515806e-06,1.6881151459030275e-06,0.2203314310066056,4.229490385332136,    ,7.344865514433918e-08,8.58701207015366e-08,8.697976620215311e-08,8.034879351283048e-08,7.601285153222403e-08,7.275082944576299e-08
RepsRanparRQMC/SumUeU-8-Lat-Rp-RS-8-10000.dat,SumUeU,8,Lat-Rp,8,RS,False,0.0001539801340206318,0.00015247984466857213,0.0013622488370842116,3.3059930094365715,    ,6.653268345523974e-06,9.539950176665492e-06,9.953631160138239e-06,7.840523377985033e-06,7.1922354232640335e-06,6.961321560591419e-06
RepsRanparRQMC/SumUeU-8-Lat-Rp-RSB-8-10000.dat,SumUeU,8,Lat-Rp,8,RS,True,-3.341695276830592e-07,7.812106652944153e-09,0.18614942233416287,4.656725002180526,    ,3.3976848027080384e-10,3.732690815029248e-10,3.7177834208370103e-10,3.555238421222955e-10,3.447618185815685e-10,3.26616529775799e-10
RepsRanparRQMC/SumUeU-8-Lat-Rp-RS-10-10000.dat,SumUeU,8,Lat-Rp,10,RS,False,-5.202765556193967e-05,9.166980542731434e-06,-0.047991041354701315,3.2367759715584827,    ,4.0127124836637766e-07,5.895958253026774e-07,6.22144470873803e-07,4.840007751650956e-07,4.376463790136268e-07,4.2693167778351137e-07
RepsRanparRQMC/SumUeU-8-Lat-Rp-RSB-10-10000.dat,SumUeU,8,Lat-Rp,10,RS,True,1.272056490204676e-08,2.918254604514794e-11,0.19802101883992157,4.66638744334132,    ,1.268968162560468e-12,1.3251402684674113e-12,1.3246354499927804e-12,1.3177146008298696e-12,1.2955951518644735e-12,1.2159647273501822e-12
RepsRanparRQMC/SumUeU-8-Lat-Rp-RS-12-10000.dat,SumUeU,8,Lat-Rp,12,RS,False,1.1868123243819363e-05,5.928920397903491e-07,0.027974311464327356,3.3772536733990504,    ,2.5918767122823924e-08,3.880287200907854e-08,4.090954416541855e-08,3.01402373521825e-08,2.776559415244719e-08,2.6595513404366507e-08
RepsRanparRQMC/SumUeU-8-Lat-Rp-RSB-12-10000.dat,SumUeU,8,Lat-Rp,12,RS,True,1.2656618674000696e-09,1.1780469866584703e-13,0.1995132854336389,4.5783363305914415,    ,5.12354532021681e-15,5.6816327599298406e-15,5.575670948125314e-15,5.311287223717849e-15,5.2010821160297294e-15,4.9171640137051e-15
RepsRanparRQMC/SumUeU-8-Lat-Rp-RS-14-10000.dat,SumUeU,8,Lat-Rp,14,RS,False,-1.7801007602358253e-08,3.706266284479708e-08,-0.0216088494418233,3.30198208067622,    ,1.6114204405627013e-09,2.274368015329375e-09,2.4052105109580842e-09,1.909965812539361e-09,1.729602428775876e-09,1.6928374592031117e-09
RepsRanparRQMC/SumUeU-8-Lat-Rp-RSB-14-10000.dat,SumUeU,8,Lat-Rp,14,RS,True,-1.1743897001537108e-10,4.644890084086902e-16,0.20998982134199343,4.940327941665261,    ,2.0208966190316976e-17,2.106512753835944e-17,2.112001542238594e-17,2.020845221245015e-17,1.9881766832644913e-17,1.86810176922972e-17
RepsRanparRQMC/SumUeU-8-Lat-Rp-RS-16-10000.dat,SumUeU,8,Lat-Rp,16,RS,False,-3.576871601937093e-07,2.2701515170010838e-09,-0.04004707472139243,3.368934431286558,    ,9.883017997417979e-11,1.41772076017505e-10,1.487129120715218e-10,1.179318312524816e-10,1.0721161032378881e-10,1.0394441013123737e-10
RepsRanparRQMC/SumUeU-8-Lat-Rp-RSB-16-10000.dat,SumUeU,8,Lat-Rp,16,RS,True,-4.227580951976506e-12,1.8216984426357164e-18,0.1793643597848289,4.706543483107729,    ,7.922215255530187e-20,8.237156471220113e-20,8.283915096673574e-20,8.201901435655349e-20,7.859712082004668e-20,7.532340604803286e-20
RepsRanparRQMC/SumUeU-8-Lat-Rv-RS-6-10000.dat,SumUeU,8,Lat-Rv,6,RS,False,-8.354191777305698e-05,0.0012305914259813332,-0.008441018861351113,2.8329758628229618,    ,5.351095429469186e-05,8.432530353799807e-05,9.070182891904241e-05,6.48574851213298e-05,5.9220857462030055e-05,5.701018412203331e-05
RepsRanparRQMC/SumUeU-8-Lat-Rv-RSB-6-10000.dat,SumUeU,8,Lat-Rv,6,RS,True,2.0024173627295916e-06,2.1160954961107972e-07,0.2755805575142277,2.9178906632290524,    ,9.204424875776288e-09,1.5264943980449924e-08,1.6684691295009463e-08,1.1547535987794159e-08,1.0011497406201223e-08,9.921074727207473e-09
RepsRanparRQMC/SumUeU-8-Lat-Rv-RS-8-10000.dat,SumUeU,8,Lat-Rv,8,RS,False,-1.1959042164211642e-05,7.558361220591774e-05,-0.010498029839062608,2.802397507320556,    ,3.2863870276424305e-06,5.181333844616764e-06,5.599896851233332e-06,3.9818756653371e-06,3.565971988522527e-06,3.4838358733226196e-06
RepsRanparRQMC/SumUeU-8-Lat-Rv-RSB-8-10000.dat,SumUeU,8,Lat-Rv,8,RS,True,-4.914392747187967e-07,8.108072199117949e-10,0.25516863509460286,2.9670821100041653,    ,3.549400038298809e-11,6.085461882743253e-11,6.598183917015795e-11,4.527371419689995e-11,3.940518143066764e-11,3.885920395836776e-11
RepsRanparRQMC/SumUeU-8-Lat-Rv-RS-10-10000.dat,SumUeU,8,Lat-Rv,10,RS,False,4.0821148037925245e-06,4.6513524150087235e-06,0.02368554208717839,2.8321915386982575,    ,2.022493773573028e-07,3.327821144104399e-07,3.5806309363872157e-07,2.507602692159262e-07,2.223774240651894e-07,2.177862362509013e-07
RepsRanparRQMC/SumUeU-8-Lat-Rv-RSB-10-10000.dat,SumUeU,8,Lat-Rv,10,RS,True,-3.6563644238718496e-08,3.1545122475691744e-12,0.2706766512066901,2.945886704061475,    ,1.3848960649606662e-13,2.195574061492997e-13,2.3968423117172734e-13,1.736020930305485e-13,1.5440390029819317e-13,1.4970801687575006e-13
RepsRanparRQMC/SumUeU-8-Lat-Rv-RS-12-10000.dat,SumUeU,8,Lat-Rv,12,RS,False,2.166675503473403e-06,2.916208785616335e-07,-0.029634107504477345,2.8173356602901225,    ,1.2683863115851852e-08,2.0236366448507877e-08,2.18747721964414e-08,1.563017698487186e-08,1.3920484415210768e-08,1.3612225323404541e-08
RepsRanparRQMC/SumUeU-8-Lat-Rv-RSB-12-10000.dat,SumUeU,8,Lat-Rv,12,RS,True,-6.358422286467658e-11,1.2386829688580526e-14,0.26250408867422637,2.9754822662513423,    ,5.385618555003767e-16,8.341796079290323e-16,9.10279651498468e-16,6.547762537391084e-16,5.766910207211145e-16,5.656410623402591e-16
RepsRanparRQMC/SumUeU-8-Lat-Rv-RS-14-10000.dat,SumUeU,8,Lat-Rv,14,RS,False,3.91441521466529e-07,1.866275860970532e-08,-0.0036523609484505853,2.809903735481991,    ,8.115775138432202e-10,1.2458146330408348e-09,1.3425914202396451e-09,9.91630825602637e-10,8.909099809843901e-10,8.645782606788248e-10
RepsRanparRQMC/SumUeU-8-Lat-Rv-RSB-14-10000.dat,SumUeU,8,Lat-Rv,14,RS,True,-1.9205684864687102e-11,4.8610907751093415e-17,0.24935064201119753,2.8914160893933927,    ,2.1138865866395313e-18,3.6202738321319535e-18,3.9264887150735435e-18,2.7011220626773407e-18,2.3774428492716843e-18,2.317571477948524e-18
RepsRanparRQMC/SumUeU-8-Lat-Rv-RS-16-10000.dat,SumUeU,8,Lat-Rv,16,RS,False,-5.542450696595758e-07,1.1470561061610467e-09,0.022184930294309475,2.892894010510479,    ,5.017919221293963e-11,7.849406488207477e-11,8.411630756440314e-11,6.139430794439247e-11,5.5011011284888145e-11,5.368462323929274e-11
RepsRanparRQMC/SumUeU-8-Lat-Rv-RSB-16-10000.dat,SumUeU,8,Lat-Rv,16,RS,True,-3.2955123074884795e-13,1.8596995103033796e-19,0.20346853536253476,2.825566939665071,    ,8.08575864881099e-21,1.4143856225128484e-20,1.545753888152904e-20,1.0304911406903451e-20,9.16489230737476e-21,8.968376717594532e-21
RepsFixedparRQMC/SumUeU-8-Sob-DS-6-10000.dat,SumUeU,8,Sob,6,DS,False,0.0001525959185774651,0.0012167818800270977,0.006052488484015085,2.878749030990981,    ,5.2926845515544665e-05,8.129140866212014e-05,8.755236680589763e-05,6.390939547316703e-05,5.6849069134210974e-05,5.5853558762201305e-05
RepsFixedparRQMC/SumUeU-8-Sob-DS-8-10000.dat,SumUeU,8,Sob,8,DS,False,3.1290379187719974e-05,7.549154959200141e-05,-0.015134199770274961,2.7840970126962197,    ,3.283220374438468e-06,5.432435429236371e-06,5.867925215538774e-06,4.117170320116856e-06,3.6266758373875987e-06,3.558837042186525e-06
RepsFixedparRQMC/SumUeU-8-Sob-DS-10-10000.dat,SumUeU,8,Sob,10,DS,False,-8.794376302770424e-06,4.7157481349975345e-06,0.0077216464179696844,2.821456744493369,    ,2.0510986866314317e-07,3.3580111729952933e-07,3.617859247241738e-07,2.531427959829335e-07,2.2382911635333904e-07,2.1973634608458475e-07
RepsFixedparRQMC/SumUeU-8-Sob-DS-12-10000.dat,SumUeU,8,Sob,12,DS,False,-2.748422427990782e-06,2.90146975169129e-07,0.008159642379425881,2.91806826361692,    ,1.2622639702761335e-08,1.9699206903410536e-08,2.1210182784453264e-08,1.5378678660508614e-08,1.3831823710783366e-08,1.345535694765836e-08
RepsFixedparRQMC/SumUeU-8-Sob-DS-14-10000.dat,SumUeU,8,Sob,14,DS,False,-6.742841175173986e-07,1.8140382519248576e-08,0.015629279920680878,2.8137501460396055,    ,7.891669425167265e-10,1.2353662734649367e-09,1.3342342385355527e-09,9.668131821972773e-10,8.654025327838791e-10,8.425100334919964e-10
RepsFixedparRQMC/SumUeU-8-Sob-DS-16-10000.dat,SumUeU,8,Sob,16,DS,False,-3.4660534900083917e-07,1.1470029476641364e-09,-0.03134914377771779,2.886996605566261,    ,4.998982864465757e-11,7.634059688249556e-11,8.180341544847885e-11,6.106981869812158e-11,5.5433224488818877e-11,5.3812800479948254e-11
RepsRanparRQMC/SumUeU-8-Sob-LMS-DS-6-10000.dat,SumUeU,8,Sob-LMS,6,DS,False,6.63638973042219e-05,2.3515249089339342e-05,0.04252867933670652,5.98735818737084,    ,1.026806301184507e-06,3.074460616597997e-07,2.9582415500409455e-07,8.772304537334876e-07,9.74775664617099e-07,8.671379983345218e-07
RepsRanparRQMC/SumUeU-8-Sob-LMS-DS-8-10000.dat,SumUeU,8,Sob-LMS,8,DS,False,1.0161230254635533e-05,3.5670505229712854e-07,0.43584883482768744,15.028391191184461,    ,1.5612165917554178e-08,2.5791011461173754e-10,3.0861180855126014e-10,5.558758141768684e-09,9.707696733616768e-09,6.482547985139504e-09
RepsRanparRQMC/SumUeU-8-Sob-LMS-DS-10-10000.dat,SumUeU,8,Sob-LMS,10,DS,False,-3.760536694869546e-07,5.824692184319145e-09,-0.24832698628721853,54.40632499326732,    ,2.5338890263708e-10,6.73993567795302e-14,1.2570940527650736e-13,2.011444173015588e-11,7.231997485298557e-11,2.6440887077945332e-11
RepsRanparRQMC/SumUeU-8-Sob-LMS-DS-12-10000.dat,SumUeU,8,Sob-LMS,12,DS,False,7.077006421119622e-08,8.53860042102093e-11,4.221485415956151,193.66503812465515,    ,3.717443367649731e-12,2.881854139298599e-18,1.3526572496872555e-17,4.8604465939319443e-14,3.7633659204340997e-13,6.817844467786686e-14
RepsRanparRQMC/SumUeU-8-Sob-LMS-DS-14-10000.dat,SumUeU,8,Sob-LMS,14,DS,False,-8.832088974655368e-09,1.1657892152830926e-12,-12.15739352447707,961.6567738306748,    ,5.076449341666025e-14,3.868436873203129e-23,5.080048581678762e-22,2.0342317767556798e-17,1.0090574371987894e-15,3.6754858054532584e-17
RepsRanparRQMC/SumUeU-8-Sob-LMS-DS-16-10000.dat,SumUeU,8,Sob-LMS,16,DS,False,-1.577978827176092e-10,1.4106597746149448e-14,63.594656555352955,5886.595146985495,    ,6.133552369608966e-16,8.285510172802748e-29,8.27313370330426e-27,2.5838753223613095e-20,8.198888851558157e-19,4.868209137843853e-20
RepsRanparRQMC/SumUeU-8-Sob-NUS-6-10000.dat,SumUeU,8,Sob-NUS,6,NUS,False,4.198186444844127e-05,2.3004192000979e-05,0.004512642427027574,3.116727614525448,    ,1.0019447378546976e-06,1.5197037764462449e-06,1.6179553777007243e-06,1.2008771986000588e-06,1.0857397075603834e-06,1.051961092528797e-06
RepsRanparRQMC/SumUeU-8-Sob-NUS-8-10000.dat,SumUeU,8,Sob-NUS,8,NUS,False,-1.1844042785114173e-05,3.5448955560781837e-07,0.02057802401516841,2.992104458914791,    ,1.5552870723748588e-08,2.3301888454537735e-08,2.4948172233500396e-08,1.848721686493577e-08,1.691364828220572e-08,1.627675886717732e-08
RepsRanparRQMC/SumUeU-8-Sob-NUS-10-10000.dat,SumUeU,8,Sob-NUS,10,NUS,False,1.1160218899100016e-07,5.559850196947662e-09,0.03703648902847157,3.0231915623476313,    ,2.4174507230718155e-10,3.6767947173302174e-10,3.874722180220446e-10,2.926757969757721e-10,2.6837966813777494e-10,2.5787800011176996e-10
RepsRanparRQMC/SumUeU-8-Sob-NUS-12-10000.dat,SumUeU,8,Sob-NUS,12,NUS,False,-2.0459110426758188e-07,8.752183493064688e-11,0.026873743471200386,3.046470158194564,    ,3.847154690843118e-12,6.025667435679798e-12,6.414484640817254e-12,4.6022481804041215e-12,4.126050947132835e-12,4.020701038668122e-12
RepsRanparRQMC/SumUeU-8-Sob-NUS-14-10000.dat,SumUeU,8,Sob-NUS,14,NUS,False,-1.2248044229501432e-08,1.3595253509065834e-12,0.014809273254656849,2.958362370228656,    ,5.925981245295145e-14,9.550904767663069e-14,1.0245020310356722e-13,7.292461568413773e-14,6.52996322376144e-14,6.360528067816968e-14
RepsRanparRQMC/SumUeU-8-Sob-NUS-16-10000.dat,SumUeU,8,Sob-NUS,16,NUS,False,-2.477469450301584e-09,2.1143604497444122e-14,-0.018531630228532398,3.015738770014085,    ,9.254250069399656e-16,1.370765692495012e-15,1.4587535965585791e-15,1.1205874930187271e-15,1.0059963228579798e-15,9.8552492921093e-16
RepsFixedparRQMC/SumUeU-16-Lat-RS-6-10000.dat,SumUeU,16,Lat,6,RS,False,-0.00016728260690733113,0.0024607996897356562,-0.022755261269879545,2.9781207184393703,    ,0.00010701927432864572,0.00016447591230493494,0.0001747926668527765,0.00013065680757390317,0.00011770656621115594,0.00011452928010579797
RepsFixedparRQMC/SumUeU-16-Lat-RSB-6-10000.dat,SumUeU,16,Lat,6,RS,True,-2.9345324048826174e-07,4.232605347763251e-07,0.12467569701843062,2.877745026594075,    ,1.8402718061601095e-08,2.851724413648346e-08,3.063763557204561e-08,2.262614980240079e-08,1.9987025524744094e-08,1.961990795272257e-08
RepsFixedparRQMC/SumUeU-16-Lat-RS-8-10000.dat,SumUeU,16,Lat,8,RS,False,-7.923387729777325e-05,0.00014977738042494084,0.03232885446707954,2.9335043579119526,    ,6.518338025787327e-06,1.0129277300417784e-05,1.0771844406173497e-05,7.871694978970616e-06,7.029375971553943e-06,6.866762729049027e-06
RepsFixedparRQMC/SumUeU-16-Lat-RSB-8-10000.dat,SumUeU,16,Lat,8,RS,True,-6.325264486253701e-07,1.622938608541736e-09,0.17487589606999654,2.919020630332145,    ,7.09626379056774e-11,1.1570160375871991e-10,1.2542706587934102e-10,8.787696012620477e-11,7.695218604326612e-11,7.616162584893741e-11
RepsFixedparRQMC/SumUeU-16-Lat-RS-10-10000.dat,SumUeU,16,Lat,10,RS,False,-3.36903736879453e-05,9.244839190168837e-06,-0.02183418675363708,2.9392618220132603,    ,4.0308457128657416e-07,6.422474747096487e-07,6.855702409178695e-07,4.922759487072761e-07,4.4031538113766534e-07,4.2867358237937077e-07
RepsFixedparRQMC/SumUeU-16-Lat-RSB-10-10000.dat,SumUeU,16,Lat,10,RS,True,-3.105070825029088e-08,6.434378546949764e-12,0.17325408728125022,2.966991796503121,    ,2.807197354806605e-13,4.640798802911346e-13,4.96761466511406e-13,3.3655683060078905e-13,3.065963855942457e-13,2.943237768119613e-13
RepsFixedparRQMC/SumUeU-16-Lat-RS-12-10000.dat,SumUeU,16,Lat,12,RS,False,3.0564694104207033e-08,5.852575025898965e-07,-0.023975019466070214,2.824927612850555,    ,2.5445979307674287e-08,4.011351866884491e-08,4.3430976680742644e-08,3.1090733182329746e-08,2.811910868437322e-08,2.7154256432450205e-08
RepsFixedparRQMC/SumUeU-16-Lat-RSB-12-10000.dat,SumUeU,16,Lat,12,RS,True,4.4340026299494183e-10,2.482205835902214e-14,0.1897682209270409,2.966466215995528,    ,1.0794165324463605e-15,1.6785826438848397e-15,1.798078371519549e-15,1.3098416147234653e-15,1.1826950814127479e-15,1.145788608353186e-15
RepsFixedparRQMC/SumUeU-16-Lat-RS-14-10000.dat,SumUeU,16,Lat,14,RS,False,-1.1309304585546797e-06,3.728498168329354e-08,0.009893403051182005,2.9693408362749714,    ,1.6223651638452841e-09,2.5040125821522874e-09,2.6604175184504425e-09,1.905100091677018e-09,1.7127960794278237e-09,1.6721103500591565e-09
RepsFixedparRQMC/SumUeU-16-Lat-RSB-14-10000.dat,SumUeU,16,Lat,14,RS,True,-3.605830301012247e-11,9.471289119364937e-17,0.15123441393516393,2.9845642308261158,    ,4.1192519922442035e-18,6.645673865779791e-18,7.167127761356392e-18,5.10341436539715e-18,4.560043385391876e-18,4.425779621746527e-18
RepsFixedparRQMC/SumUeU-16-Lat-RS-16-10000.dat,SumUeU,16,Lat,16,RS,False,-9.235327125670878e-07,2.2866447010943717e-09,0.0160477913601971,2.9543729025314898,    ,1.002722475013716e-10,1.5767161275694125e-10,1.6708275904037014e-10,1.2126702597340768e-10,1.0875590313672909e-10,1.0665774668540416e-10
RepsFixedparRQMC/SumUeU-16-Lat-RSB-16-10000.dat,SumUeU,16,Lat,16,RS,True,1.135569149823823e-12,3.771117359237072e-19,0.13178745932516375,2.890258392495588,    ,1.6397451948759562e-20,2.6158097379400564e-20,2.8129281654167243e-20,2.050980921791276e-20,1.8287335243593713e-20,1.7943592508615238e-20
RepsRanparRQMC/SumUeU-16-Lat-Rp-RS-6-10000.dat,SumUeU,16,Lat-Rp,6,RS,False,-3.4673934631934954e-05,0.004584392891297936,-0.00630142077541574,3.210525218548738,    ,0.00019932263233817486,0.0002992086229523139,0.000315883831105206,0.00023844828573473147,0.00021542456324391576,0.0002097149966222066
RepsRanparRQMC/SumUeU-16-Lat-Rp-RSB-6-10000.dat,SumUeU,16,Lat-Rp,6,RS,True,2.9301919071523486e-05,3.3247544984936053e-06,0.07276384597927871,4.053083537648423,    ,1.4541314587403956e-07,1.7050934429975685e-07,1.7102421300710437e-07,1.5484602909571605e-07,1.4749966372640573e-07,1.410457104426905e-07
RepsRanparRQMC/SumUeU-16-Lat-Rp-RS-8-10000.dat,SumUeU,16,Lat-Rp,8,RS,False,-0.00010340522480390782,0.0003130443484543099,0.013382878973305668,3.4087358772101646,    ,1.3621316486356306e-05,1.9280262670062623e-05,2.012132945493364e-05,1.6015213837671354e-05,1.4795362210917035e-05,1.4324146140857896e-05
RepsRanparRQMC/SumUeU-16-Lat-Rp-RSB-8-10000.dat,SumUeU,16,Lat-Rp,8,RS,True,1.8113235765490289e-06,1.6295199164361243e-08,0.15965261898689714,5.019839520459784,    ,7.117678132885816e-10,6.906626456351225e-10,6.892141557237608e-10,7.235839615533399e-10,7.11835915406456e-10,6.67587277990406e-10
RepsRanparRQMC/SumUeU-16-Lat-Rp-RS-10-10000.dat,SumUeU,16,Lat-Rp,10,RS,False,9.782722798176379e-07,1.809426769385304e-05,0.008718728095771691,3.325261911033252,    ,7.867082480537422e-07,1.1401097839664512e-06,1.203570508394659e-06,9.232493939517633e-07,8.351447139215752e-07,8.132820181673166e-07
RepsRanparRQMC/SumUeU-16-Lat-Rp-RSB-10-10000.dat,SumUeU,16,Lat-Rp,10,RS,True,-1.6145598864447662e-08,5.94891833833767e-11,0.1487388438525202,4.685146405636591,    ,2.586746914422548e-12,2.667363835178596e-12,2.644783868610956e-12,2.7148568347896726e-12,2.625295981490653e-12,2.5026759805406622e-12
RepsRanparRQMC/SumUeU-16-Lat-Rp-RS-12-10000.dat,SumUeU,16,Lat-Rp,12,RS,False,2.2414618645507643e-06,1.1875547244774752e-06,-0.015220979640300013,3.4058647402705793,    ,5.1637838259006545e-08,7.138272797565157e-08,7.394574728588269e-08,5.969089378839674e-08,5.4937232966207054e-08,5.2997089165455485e-08
RepsRanparRQMC/SumUeU-16-Lat-Rp-RSB-12-10000.dat,SumUeU,16,Lat-Rp,12,RS,True,5.127761490086869e-09,2.5338779891938833e-13,0.26514822995797105,5.264952450336188,    ,1.104315476048132e-14,1.1141115142410098e-14,1.1041685194830595e-14,1.1357477457831312e-14,1.1107410223029979e-14,1.048911524673273e-14
RepsRanparRQMC/SumUeU-16-Lat-Rp-RS-14-10000.dat,SumUeU,16,Lat-Rp,14,RS,False,1.2723257628289631e-06,7.547865183511521e-08,-0.00612650717489534,3.429628469919004,    ,3.2832993274169848e-09,4.688468924040136e-09,4.89956860579936e-09,3.83767554543408e-09,3.4850698474363566e-09,3.4098788435670683e-09
RepsRanparRQMC/SumUeU-16-Lat-Rp-RSB-14-10000.dat,SumUeU,16,Lat-Rp,14,RS,True,1.516845561155833e-10,9.77110855164248e-16,0.171138007906838,5.027009068655951,    ,4.250608886387911e-17,4.052550194744351e-17,4.0334049115488463e-17,4.215495944110538e-17,4.128815004141303e-17,3.9071368858197665e-17
RepsRanparRQMC/SumUeU-16-Lat-Rp-RS-16-10000.dat,SumUeU,16,Lat-Rp,16,RS,False,3.8822175732029507e-07,4.7023185299563396e-09,0.03142440499948388,3.4927951571666105,    ,2.0459934787008902e-10,2.8492996914625194e-10,3.010568247640297e-10,2.349604141083828e-10,2.1656131413697503e-10,2.090986106206862e-10
RepsRanparRQMC/SumUeU-16-Lat-Rp-RSB-16-10000.dat,SumUeU,16,Lat-Rp,16,RS,True,-2.1841698583102697e-11,3.797475563602167e-18,0.14258868772586836,4.935476467631758,    ,1.6558469299708932e-19,1.6530665718967747e-19,1.6288170353321524e-19,1.694175574681782e-19,1.6646370698539028e-19,1.5654046326303573e-19
RepsRanparRQMC/SumUeU-16-Lat-Rv-RS-6-10000.dat,SumUeU,16,Lat-Rv,6,RS,False,-0.0005768823674331136,0.002452620484992085,-0.014992327019662388,3.0634377060026443,    ,0.00010696846652638067,0.00016314794444716884,0.00017418368992481783,0.00013092252934161202,0.00011709167854386233,0.00011474858550071763
RepsRanparRQMC/SumUeU-16-Lat-Rv-RSB-6-10000.dat,SumUeU,16,Lat-Rv,6,RS,True,4.827285517591839e-06,4.200933880839214e-07,0.1692748188087778,2.9079088512629037,    ,1.8288232602160585e-08,2.8680125418686595e-08,3.0626391259789897e-08,2.220667172736608e-08,1.972624452651092e-08,1.9400712177142396e-08
RepsRanparRQMC/SumUeU-16-Lat-Rv-RS-8-10000.dat,SumUeU,16,Lat-Rv,8,RS,False,-1.0121437735310046e-05,0.00015186755206598687,0.028307741651056106,2.9305948124362593,    ,6.603039489849085e-06,1.0341656077598419e-05,1.1031901070749055e-05,8.109336836785267e-06,7.202757367005502e-06,7.069042121089079e-06
RepsRanparRQMC/SumUeU-16-Lat-Rv-RSB-8-10000.dat,SumUeU,16,Lat-Rv,8,RS,True,-4.293700664707245e-07,1.6382748483438443e-09,0.15764748943370702,2.9343651497509673,    ,7.141369988632214e-11,1.1638362624644042e-10,1.252142376432051e-10,8.700758039646913e-11,7.717618849665508e-11,7.598189653386354e-11
RepsRanparRQMC/SumUeU-16-Lat-Rv-RS-10-10000.dat,SumUeU,16,Lat-Rv,10,RS,False,-2.488465577985597e-05,9.208764703769827e-06,-0.006909684864401037,2.8914351886588787,    ,4.010003201702309e-07,6.166886398660593e-07,6.676813111090393e-07,4.86322275305696e-07,4.3669225575489763e-07,4.2644183870354403e-07
RepsRanparRQMC/SumUeU-16-Lat-Rv-RSB-10-10000.dat,SumUeU,16,Lat-Rv,10,RS,True,-1.9761754976421743e-08,6.464808772588565e-12,0.17874645965424957,2.9984455428070054,    ,2.814691692462075e-13,4.401629907218066e-13,4.760372187603357e-13,3.4484867943606616e-13,3.078323484821364e-13,2.9883856872891134e-13
RepsRanparRQMC/SumUeU-16-Lat-Rv-RS-12-10000.dat,SumUeU,16,Lat-Rv,12,RS,False,7.368646957678138e-07,5.874484431895708e-07,-0.003972421681562759,2.856191188937787,    ,2.5541779629995988e-08,4.068299681084133e-08,4.343394225335996e-08,3.129628016494812e-08,2.8235818124461473e-08,2.732048927690496e-08
RepsRanparRQMC/SumUeU-16-Lat-Rv-RSB-12-10000.dat,SumUeU,16,Lat-Rv,12,RS,True,-1.6029614169355e-10,2.468602421505972e-14,0.14053006046429373,2.8815052096846987,    ,1.0733310955078123e-15,1.7355001707425515e-15,1.870058793283018e-15,1.3324730387198292e-15,1.189264405140109e-15,1.1614909007807026e-15
RepsRanparRQMC/SumUeU-16-Lat-Rv-RS-14-10000.dat,SumUeU,16,Lat-Rv,14,RS,False,-2.2660961243635924e-06,3.6501840652646344e-08,0.017187846634612564,2.972754313777323,    ,1.592171741759914e-09,2.627013678968448e-09,2.7536554894821433e-09,1.934902419172223e-09,1.7396528257285478e-09,1.6931668430863108e-09
RepsRanparRQMC/SumUeU-16-Lat-Rv-RSB-14-10000.dat,SumUeU,16,Lat-Rv,14,RS,True,-6.491734865221587e-11,9.507549700440891e-17,0.10860747637750952,2.9519918457591334,    ,4.1379315232172906e-18,6.557580465448428e-18,6.981696084223093e-18,5.146712026691445e-18,4.52318945339179e-18,4.471032414137478e-18
RepsRanparRQMC/SumUeU-16-Lat-Rv-RS-16-10000.dat,SumUeU,16,Lat-Rv,16,RS,False,-4.991315385776574e-07,2.2569575223994646e-09,0.012156297578034207,2.934712450204999,    ,9.837772022321441e-11,1.519852732589274e-10,1.614249624999831e-10,1.1914589505282552e-10,1.0776931777803676e-10,1.0442722612808913e-10
RepsRanparRQMC/SumUeU-16-Lat-Rv-RSB-16-10000.dat,SumUeU,16,Lat-Rv,16,RS,True,-4.781564300060381e-12,3.8678017884252633e-19,0.16374778302650123,2.9478719881107893,    ,1.683939287204806e-20,2.691562226510228e-20,2.884602282126883e-20,2.087745343382469e-20,1.827016486011942e-20,1.8026334984065802e-20
RepsFixedparRQMC/SumUeU-16-Sob-DS-6-10000.dat,SumUeU,16,Sob,6,DS,False,-0.00016727248058198577,0.002460799691605897,-0.022755261269997735,2.9781207184394023,    ,0.00010701927102214688,0.00016447591247705352,0.00017479266607493197,0.00013065680977797324,0.00011770656696460209,0.0001145292816863199
RepsFixedparRQMC/SumUeU-16-Sob-DS-8-10000.dat,SumUeU,16,Sob,8,DS,False,-7.922375093898956e-05,0.00014977738053877435,0.032328854467078436,2.9335043579120073,    ,6.518336426137815e-06,1.0129275670418773e-05,1.0771842261115029e-05,7.871693388142408e-06,7.029374524932505e-06,6.866761400574612e-06
RepsFixedparRQMC/SumUeU-16-Sob-DS-10-10000.dat,SumUeU,16,Sob,10,DS,False,-3.368024731162702e-05,9.244839197196648e-06,-0.021834186753620817,2.9392618220131004,    ,4.030838893718701e-07,6.422473043800452e-07,6.855701473968785e-07,4.922754832725439e-07,4.4031475345650474e-07,4.2867301229728237e-07
RepsFixedparRQMC/SumUeU-16-Sob-DS-12-10000.dat,SumUeU,16,Sob,12,DS,False,4.069108263653476e-08,5.852575030359998e-07,-0.023975019464097424,2.8249276128504537,    ,2.5445980048633762e-08,4.011352571779767e-08,4.343099275821606e-08,3.1090758900356655e-08,2.811914721438341e-08,2.715427566363547e-08
RepsFixedparRQMC/SumUeU-16-Sob-DS-14-10000.dat,SumUeU,16,Sob,14,DS,False,-1.1208040694260292e-06,3.72849817117425e-08,0.009893403030707522,2.969340836265336,    ,1.6223423631421506e-09,2.5039848004079255e-09,2.6603849394660946e-09,1.9050689085995905e-09,1.712771211695409e-09,1.6720856077848244e-09
RepsFixedparRQMC/SumUeU-16-Sob-DS-16-10000.dat,SumUeU,16,Sob,16,DS,False,-9.134063268998461e-07,2.2866447025561855e-09,0.01604779132209067,2.9543729023220417,    ,1.0025364601176786e-10,1.5765157374807887e-10,1.6706226598457132e-10,1.2124553237250784e-10,1.0873510042812625e-10,1.0663709347303595e-10
RepsRanparRQMC/SumUeU-16-Sob-LMS-DS-6-10000.dat,SumUeU,16,Sob-LMS,6,DS,False,-6.492308165587293e-05,4.540120327773334e-05,0.05100522014568733,4.388126549051302,    ,1.978180366433145e-06,1.4751880912680503e-06,1.4613447592264815e-06,2.032645723127092e-06,2.020890148310754e-06,1.89154197376057e-06
RepsRanparRQMC/SumUeU-16-Sob-LMS-DS-8-10000.dat,SumUeU,16,Sob-LMS,8,DS,False,-1.4311560987021465e-05,7.018027378287937e-07,-0.14174882235156203,9.308624578866494,    ,3.0717983292180616e-08,2.4820113012017046e-09,2.5924997842947293e-09,1.7924877180666136e-08,2.4331485448526505e-08,1.9051971330814102e-08
RepsRanparRQMC/SumUeU-16-Sob-LMS-DS-10-10000.dat,SumUeU,16,Sob-LMS,10,DS,False,1.7622615486274213e-07,1.1889902772345117e-08,0.0034545483209997624,27.74295488441333,    ,5.169833501074454e-10,1.1947190021034724e-12,1.7649514353154254e-12,9.740022552472135e-11,2.3854236381709535e-10,1.20035598769311e-10
RepsRanparRQMC/SumUeU-16-Sob-LMS-DS-12-10000.dat,SumUeU,16,Sob-LMS,12,DS,False,2.1679955309685515e-07,1.827938413787435e-10,1.1475542429470313,99.61531114923048,    ,7.994560367037932e-12,1.328916314877398e-16,3.839081408873484e-16,2.2783688186923747e-13,1.353037612786944e-12,3.084934594492255e-13
RepsRanparRQMC/SumUeU-16-Sob-LMS-DS-14-10000.dat,SumUeU,16,Sob-LMS,14,DS,False,3.7077005384178854e-08,2.4994870202109952e-12,8.373099609951776,419.77028361812387,    ,1.1004805303308431e-13,4.306688017703327e-21,3.20401926178539e-20,2.716901840162564e-16,5.391508586282641e-15,3.928361200119736e-16
RepsRanparRQMC/SumUeU-16-Sob-LMS-DS-16-10000.dat,SumUeU,16,Sob-LMS,16,DS,False,1.0049426952672403e-09,4.8837270221912817e-14,10.993249595257298,1559.2396747146665,    ,2.1243694846865453e-15,2.4011879908137157e-26,4.353517805499664e-25,1.0935753041981577e-19,1.4451647433027738e-17,2.0186384032472793e-19
RepsRanparRQMC/SumUeU-16-Sob-NUS-6-10000.dat,SumUeU,16,Sob-NUS,6,NUS,False,-7.520778965945851e-06,4.671385668279503e-05,0.029317813705884155,3.0597649345723013,    ,2.031093809194299e-06,3.0415722438707347e-06,3.237935035224027e-06,2.447581498817645e-06,2.2056300540341317e-06,2.159668883186914e-06
RepsRanparRQMC/SumUeU-16-Sob-NUS-8-10000.dat,SumUeU,16,Sob-NUS,8,NUS,False,-1.1233087155085463e-05,7.126981612429852e-07,0.033722139217130284,3.0153297646705015,    ,3.1113058822815714e-08,4.8853424759201775e-08,5.180013822303071e-08,3.803270716828731e-08,3.4051737625593413e-08,3.330147803828294e-08
RepsRanparRQMC/SumUeU-16-Sob-NUS-10-10000.dat,SumUeU,16,Sob-NUS,10,NUS,False,-4.172034563806548e-07,1.109241723999492e-08,0.03963760130538449,2.954410761773881,    ,4.824530691585778e-10,7.686454889272245e-10,8.184100578442585e-10,5.842624254634832e-10,5.21832383658537e-10,5.108499304835907e-10
RepsRanparRQMC/SumUeU-16-Sob-NUS-12-10000.dat,SumUeU,16,Sob-NUS,12,NUS,False,-2.3002353972216837e-07,1.73146837538292e-10,0.020925320618333566,2.9299196680747444,    ,7.581034200056402e-12,1.1823039869316045e-11,1.2722293863091822e-11,9.21186288765006e-12,8.248521916064048e-12,8.059662247331468e-12
RepsRanparRQMC/SumUeU-16-Sob-NUS-14-10000.dat,SumUeU,16,Sob-NUS,14,NUS,False,-1.1324484646557664e-08,2.7042945839183308e-12,0.004161458014299082,2.8911412651777386,    ,1.1770626934026365e-13,1.900552661925386e-13,2.034737546659736e-13,1.4432437472432115e-13,1.285136400787266e-13,1.257831659117946e-13
RepsRanparRQMC/SumUeU-16-Sob-NUS-16-10000.dat,SumUeU,16,Sob-NUS,16,NUS,False,-5.755830816234209e-09,4.312406044347971e-14,0.024912045723436194,3.015615555081938,    ,1.9080887381016205e-15,2.929798908211157e-15,3.0717577245198658e-15,2.320535573856345e-15,2.0862785964839155e-15,2.0381151855668807e-15
RepsFixedparRQMC/SumUeU-32-Lat-RS-6-10000.dat,SumUeU,32,Lat,6,RS,False,-0.00038543932544958255,0.004892405916751163,-0.02603799946045018,3.0521274753016625,    ,0.00021286186420191446,0.0003110365054594311,0.000329286990161315,0.0002525979454278272,0.00023171029047318098,0.00022290215121879492
RepsFixedparRQMC/SumUeU-32-Lat-RSB-6-10000.dat,SumUeU,32,Lat,6,RS,True,1.4990409803452565e-06,8.294703303864937e-07,0.1138425386189617,2.956115856832589,    ,3.606617453196918e-08,5.5920688049904694e-08,5.995902225446316e-08,4.324674034365366e-08,3.855240249103236e-08,3.7726221309493746e-08
RepsFixedparRQMC/SumUeU-32-Lat-RS-8-10000.dat,SumUeU,32,Lat,8,RS,False,3.337720458503455e-05,0.00030075141950812234,-0.036476731335491556,3.043463211831263,    ,1.30772627120521e-05,2.0562294595932688e-05,2.172895348298022e-05,1.582263805261578e-05,1.4076806847621232e-05,1.3868165376643574e-05
RepsFixedparRQMC/SumUeU-32-Lat-RSB-8-10000.dat,SumUeU,32,Lat,8,RS,True,-9.177431833112593e-07,3.28362040268725e-09,0.08763666952780823,2.8169910361556294,    ,1.4360835701517733e-10,2.320132920059661e-10,2.5247709626082863e-10,1.7763330089908482e-10,1.5836172349255504e-10,1.5413589700694193e-10
RepsFixedparRQMC/SumUeU-32-Lat-RS-10-10000.dat,SumUeU,32,Lat,10,RS,False,-3.860865482858742e-05,1.8479526999966795e-05,-0.06056770898315698,2.959959182628272,    ,8.049483238784032e-07,1.3180238179529938e-06,1.3925734785451508e-06,9.87826521502702e-07,8.845489167840371e-07,8.628728851076358e-07
RepsFixedparRQMC/SumUeU-32-Lat-RSB-10-10000.dat,SumUeU,32,Lat,10,RS,True,-4.3961289742355804e-08,1.2982422474151631e-11,0.16846861645252653,3.016296382915675,    ,5.663857460458823e-13,8.457382214733492e-13,9.131271436024641e-13,6.906683164054677e-13,6.169915215848674e-13,6.007479736779613e-13
RepsFixedparRQMC/SumUeU-32-Lat-RS-12-10000.dat,SumUeU,32,Lat,12,RS,False,-3.8228248711416054e-06,1.1736209470227646e-06,-0.03748365612611242,2.93390929753166,    ,5.104161168663735e-08,7.74090015218551e-08,8.245349145688994e-08,6.118811352718157e-08,5.5050560179411014e-08,5.364878144424095e-08
RepsFixedparRQMC/SumUeU-32-Lat-RSB-12-10000.dat,SumUeU,32,Lat,12,RS,True,-2.1935536942407907e-10,5.030088513955952e-14,0.11649369892911952,2.9346099955317047,    ,2.1870431228459005e-15,3.463757968372308e-15,3.719175200892596e-15,2.7148675180705653e-15,2.4158161896919445e-15,2.369153170370756e-15
RepsFixedparRQMC/SumUeU-32-Lat-RS-14-10000.dat,SumUeU,32,Lat,14,RS,False,-1.583019662274765e-06,7.316005544917685e-08,-0.004701950866755431,2.9439599811104302,    ,3.1833779273023158e-09,4.952739164864742e-09,5.315691761315346e-09,3.855684021304349e-09,3.4211176951048216e-09,3.3535432182794026e-09
RepsFixedparRQMC/SumUeU-32-Lat-RSB-14-10000.dat,SumUeU,32,Lat,14,RS,True,-1.7929335065502982e-10,1.9491468798741555e-16,0.10351636539244935,2.9654215067674494,    ,8.50669775721587e-18,1.3440500262020059e-17,1.432544994016431e-17,1.0316930837121087e-17,9.301729298604325e-18,9.056629817978628e-18
RepsFixedparRQMC/SumUeU-32-Lat-RS-16-10000.dat,SumUeU,32,Lat,16,RS,False,-1.1723445369881346e-06,4.5808591918599766e-09,-0.005238951008937562,2.9071092640259435,    ,2.0054218266383968e-10,3.0847876570847754e-10,3.3180535432102157e-10,2.398366195796584e-10,2.1963395060724827e-10,2.1102984339968934e-10
RepsFixedparRQMC/SumUeU-32-Lat-RSB-16-10000.dat,SumUeU,32,Lat,16,RS,True,4.723582236465518e-12,7.449131323381353e-19,0.09312816735295529,2.9315994128702925,    ,3.240983972210705e-20,5.2356479579474906e-20,5.625685639155875e-20,4.0399449786277953e-20,3.5427013242958265e-20,3.5006471551967836e-20
RepsRanparRQMC/SumUeU-32-Lat-Rp-RS-6-10000.dat,SumUeU,32,Lat-Rp,6,RS,False,0.00013176175358196787,0.009012868310321893,-0.020619671969743025,3.2513694142028253,    ,0.00039188120073891975,0.0005648027865547391,0.0005941617515125175,0.00046045248565780203,0.0004232689952191989,0.0004077411908275339
RepsRanparRQMC/SumUeU-32-Lat-Rp-RSB-6-10000.dat,SumUeU,32,Lat-Rp,6,RS,True,-4.043469406048459e-05,6.747787777003515e-06,0.12986861723780102,4.446175401273338,    ,2.9501704174478735e-07,3.238911515953164e-07,3.244835594589753e-07,3.114212334086479e-07,2.980565057737158e-07,2.820641547695724e-07
RepsRanparRQMC/SumUeU-32-Lat-Rp-RS-8-10000.dat,SumUeU,32,Lat-Rp,8,RS,False,9.431042960529438e-05,0.000606662527674606,-0.010833297764188088,3.4309976775946174,    ,2.6385526095158684e-05,3.693672947271093e-05,3.832444031883277e-05,3.024213974431699e-05,2.8050094544853087e-05,2.71340536312208e-05
RepsRanparRQMC/SumUeU-32-Lat-Rp-RSB-8-10000.dat,SumUeU,32,Lat-Rp,8,RS,True,-1.8273834266793188e-07,3.175727033597195e-08,0.1158941997136448,4.616680280595852,    ,1.3807842774745747e-09,1.4526489451722377e-09,1.4407362637634094e-09,1.4529897925217245e-09,1.3955185582270092e-09,1.3264715098243976e-09
RepsRanparRQMC/SumUeU-32-Lat-Rp-RS-10-10000.dat,SumUeU,32,Lat-Rp,10,RS,False,1.0887829580375907e-05,3.614452142513713e-05,-0.026500346387001328,3.4099283865501935,    ,1.5716194763606726e-06,2.278121823297146e-06,2.395302656008931e-06,1.8881663439070852e-06,1.7312871368945246e-06,1.674471602178114e-06
RepsRanparRQMC/SumUeU-32-Lat-Rp-RSB-10-10000.dat,SumUeU,32,Lat-Rp,10,RS,True,-1.0002686745735901e-07,1.1617270876081484e-10,0.012021700592351702,4.586773034706281,    ,5.060992711640064e-12,5.403473080258959e-12,5.311074178133607e-12,5.171215514037509e-12,5.055860116396772e-12,4.793656165667869e-12
RepsRanparRQMC/SumUeU-32-Lat-Rp-RS-12-10000.dat,SumUeU,32,Lat-Rp,12,RS,False,-6.462345355160437e-06,2.398029270487641e-06,-0.01541434218435255,3.3434530959465683,    ,1.0430390410260419e-07,1.4732080355631763e-07,1.5381162175704975e-07,1.2040107035333403e-07,1.1086199961664093e-07,1.0624151117394557e-07
RepsRanparRQMC/SumUeU-32-Lat-Rp-RSB-12-10000.dat,SumUeU,32,Lat-Rp,12,RS,True,2.1500069077973196e-09,4.748414450647475e-13,0.052853936849676895,5.048509993355424,    ,2.064990274990999e-14,2.0156743394298197e-14,2.0234173907207878e-14,2.0466447559969893e-14,2.0274955454528116e-14,1.9031270834022587e-14
RepsRanparRQMC/SumUeU-32-Lat-Rp-RS-14-10000.dat,SumUeU,32,Lat-Rp,14,RS,False,-2.7228875139361007e-06,1.4746700567952088e-07,0.02134888334152369,3.383227016467673,    ,6.4190230590014135e-09,8.818581601257975e-09,9.176847894208281e-09,7.3434133767042855e-09,6.813806022411374e-09,6.533882818795668e-09
RepsRanparRQMC/SumUeU-32-Lat-Rp-RSB-14-10000.dat,SumUeU,32,Lat-Rp,14,RS,True,-3.1017739630101457e-10,1.8558568584052876e-15,0.19001862770654673,4.86391701052469,    ,8.078563864349293e-17,8.205154603552982e-17,8.113182341524297e-17,8.196503583664767e-17,7.924487829222888e-17,7.56334260909036e-17
RepsRanparRQMC/SumUeU-32-Lat-Rp-RS-16-10000.dat,SumUeU,32,Lat-Rp,16,RS,False,1.202195578176557e-06,9.257781823135619e-09,0.012710991064950942,3.3952823835475425,    ,4.039575273879968e-10,5.596885970214216e-10,5.857705514576483e-10,4.734499015981367e-10,4.331245052814355e-10,4.197016238845967e-10
RepsRanparRQMC/SumUeU-32-Lat-Rp-RSB-16-10000.dat,SumUeU,32,Lat-Rp,16,RS,True,7.8300139705334e-12,7.565108731925348e-18,0.08111965324086433,4.792815554344344,    ,3.289790800720547e-19,3.1820916727764267e-19,3.164996131241782e-19,3.3118656525827847e-19,3.2560749475597787e-19,3.070279996359122e-19
RepsRanparRQMC/SumUeU-32-Lat-Rv-RS-6-10000.dat,SumUeU,32,Lat-Rv,6,RS,False,-0.0006940362400005985,0.004891864403153436,0.022586574000318937,2.970719604439136,    ,0.0002131714429612792,0.00032257593249104203,0.0003461305155764603,0.00026204402704839804,0.00023625647223570704,0.00022971405004545745
RepsRanparRQMC/SumUeU-32-Lat-Rv-RSB-6-10000.dat,SumUeU,32,Lat-Rv,6,RS,True,4.7932274102318924e-06,8.232329840687197e-07,0.16839447421924605,3.054907176563432,    ,3.581571346677662e-08,5.704096457503313e-08,6.114596691124972e-08,4.304357417640081e-08,3.839131494126544e-08,3.74391036688462e-08
RepsRanparRQMC/SumUeU-32-Lat-Rv-RS-8-10000.dat,SumUeU,32,Lat-Rv,8,RS,False,6.998529809633389e-05,0.00029856941460372087,-0.028294359550014345,2.9943358554149864,    ,1.2986176837763583e-05,1.9748540831044674e-05,2.1108522218660464e-05,1.5441959642107485e-05,1.3799069753420875e-05,1.3443419907209576e-05
RepsRanparRQMC/SumUeU-32-Lat-Rv-RSB-8-10000.dat,SumUeU,32,Lat-Rv,8,RS,True,-1.3919542018566488e-06,3.320735247862378e-09,0.09341170852911865,2.882309235201639,    ,1.4631732988538716e-10,2.3694254655647466e-10,2.5539998439183143e-10,1.8018615820768036e-10,1.6180186343704385e-10,1.5826993124392885e-10
RepsRanparRQMC/SumUeU-32-Lat-Rv-RS-10-10000.dat,SumUeU,32,Lat-Rv,10,RS,False,-2.045121044077156e-05,1.894965897100281e-05,-0.039763775556164234,2.98610213616445,    ,8.243164681390497e-07,1.2536357427397583e-06,1.3246235970664427e-06,9.903225376910285e-07,8.924635164456187e-07,8.690137517659758e-07
RepsRanparRQMC/SumUeU-32-Lat-Rv-RSB-10-10000.dat,SumUeU,32,Lat-Rv,10,RS,True,7.268318448439004e-09,1.2729700996325004e-11,0.12724058107455716,2.95887830960665,    ,5.535180891628507e-13,8.438143269081029e-13,9.032702523871701e-13,6.70464973408509e-13,5.987260106910434e-13,5.848030449173395e-13
RepsRanparRQMC/SumUeU-32-Lat-Rv-RS-12-10000.dat,SumUeU,32,Lat-Rv,12,RS,False,5.761489519953855e-06,1.1700763244079075e-06,-0.021048934368593133,2.9165374177795464,    ,5.090607843139756e-08,8.06064783206738e-08,8.555508249705028e-08,6.14895466854299e-08,5.5242813346711745e-08,5.373347759801101e-08
RepsRanparRQMC/SumUeU-32-Lat-Rv-RSB-12-10000.dat,SumUeU,32,Lat-Rv,12,RS,True,2.4725459784491476e-09,4.946463700103775e-14,0.09941890848959609,2.928733134725287,    ,2.1567498749650123e-15,3.4321524601652304e-15,3.696345113622785e-15,2.6245260835251756e-15,2.3429982584218943e-15,2.2858688237020513e-15
RepsRanparRQMC/SumUeU-32-Lat-Rv-RS-14-10000.dat,SumUeU,32,Lat-Rv,14,RS,False,4.683091998739286e-07,7.423064042255639e-08,-0.01884522435063041,2.8873715527382906,    ,3.227638462313486e-09,5.002715866175519e-09,5.408917983802466e-09,3.938949685192616e-09,3.4946761381009674e-09,3.4189698202443283e-09
RepsRanparRQMC/SumUeU-32-Lat-Rv-RSB-14-10000.dat,SumUeU,32,Lat-Rv,14,RS,True,-3.629299705210087e-11,1.9439974199971059e-16,0.07834650510452885,2.9235110325015965,    ,8.453479877274614e-18,1.3211427833565093e-17,1.4217880820004853e-17,1.0240137765650436e-17,9.117780336472182e-18,8.908467619596433e-18
RepsRanparRQMC/SumUeU-32-Lat-Rv-RS-16-10000.dat,SumUeU,32,Lat-Rv,16,RS,False,-8.506703970777352e-07,4.579078934306168e-09,0.029473369100242845,2.898036834108622,    ,1.9981402857255866e-10,3.1613929866164073e-10,3.38277457052698e-10,2.4660055820785915e-10,2.2177657567595967e-10,2.1619746988102913e-10
RepsRanparRQMC/SumUeU-32-Lat-Rv-RSB-16-10000.dat,SumUeU,32,Lat-Rv,16,RS,True,7.375596311476329e-12,7.540390559757313e-19,0.11351691156072619,2.9085063497041146,    ,3.28387062025034e-20,5.277096394089232e-20,5.63033865773216e-20,4.0294429570951574e-20,3.578189189826544e-20,3.522626920504895e-20
RepsFixedparRQMC/SumUeU-32-Sob-DS-6-10000.dat,SumUeU,32,Sob,6,DS,False,-0.0003854190728181777,0.004892405920469479,-0.026037999460552495,3.052127475301692,    ,0.00021286184875166938,0.00031103650329992165,0.0003292869900676228,0.0002525979333365264,0.0002317102747721972,0.00022290213604831836
RepsFixedparRQMC/SumUeU-32-Sob-DS-8-10000.dat,SumUeU,32,Sob,8,DS,False,3.3397457375566476e-05,0.0003007514197367005,-0.03647673133552141,3.0434632118312304,    ,1.3077264074363522e-05,2.0562299093248755e-05,2.1728959173191545e-05,1.582264068231488e-05,1.4076808353538712e-05,1.3868166829685901e-05
RepsFixedparRQMC/SumUeU-32-Sob-DS-10-10000.dat,SumUeU,32,Sob,10,DS,False,-3.85884020651595e-05,1.8479527014005512e-05,-0.06056770898334327,2.959959182629493,    ,8.049467610350516e-07,1.3180234411609184e-06,1.3925732963697101e-06,9.878261905813827e-07,8.845478980840308e-07,8.628720580153118e-07
RepsFixedparRQMC/SumUeU-32-Sob-DS-12-10000.dat,SumUeU,32,Sob,12,DS,False,-3.8025720939252494e-06,1.1736209479156527e-06,-0.037483656127310715,2.9339092975317422,    ,5.1041457289992665e-08,7.740893841008522e-08,8.245350844459692e-08,6.118800978187042e-08,5.505035125869639e-08,5.3648617349464214e-08
RepsFixedparRQMC/SumUeU-32-Sob-DS-14-10000.dat,SumUeU,32,Sob,14,DS,False,-1.5627668833257502e-06,7.31600555049797e-08,-0.004701950879036528,2.9439599810695203,    ,3.1833142188089977e-09,4.952635647139554e-09,5.315582127840356e-09,3.855614859656025e-09,3.42104086459455e-09,3.3534715857479714e-09
RepsFixedparRQMC/SumUeU-32-Sob-DS-16-10000.dat,SumUeU,32,Sob,16,DS,False,-1.1520917575658985e-06,4.5808591952975316e-09,-0.0052389510281909,2.907109264565665,    ,2.0049510651774396e-10,3.084349597558739e-10,3.317634521060531e-10,2.397987243629415e-10,2.1959122559459577e-10,2.1098896868758154e-10
RepsRanparRQMC/SumUeU-32-Sob-LMS-DS-6-10000.dat,SumUeU,32,Sob-LMS,6,DS,False,4.659454336414761e-05,9.338974787309056e-05,0.012746473161385679,3.689996705501968,    ,4.062594872040469e-06,4.531765560905956e-06,4.657585684659457e-06,4.505434641862889e-06,4.254476492812961e-06,4.062581039614555e-06
RepsRanparRQMC/SumUeU-32-Sob-LMS-DS-8-10000.dat,SumUeU,32,Sob-LMS,8,DS,False,6.740909919119176e-06,1.4685561533016944e-06,-0.11028847983726578,6.339269755466798,    ,6.389570740139396e-08,1.8242149090789167e-08,1.7693613767704158e-08,5.160186451320482e-08,5.868525681379472e-08,5.133022812386356e-08
RepsRanparRQMC/SumUeU-32-Sob-LMS-DS-10-10000.dat,SumUeU,32,Sob-LMS,10,DS,False,7.481096227493403e-07,2.4555513520354904e-08,-0.282459234449147,16.90020782942352,    ,1.0681906906317763e-09,1.599332723279231e-11,1.8620537719841145e-11,3.746101989670901e-10,6.767765634690203e-10,4.351771799248326e-10
RepsRanparRQMC/SumUeU-32-Sob-LMS-DS-12-10000.dat,SumUeU,32,Sob-LMS,12,DS,False,1.892264045947894e-07,3.566845357852601e-10,-0.026003483662359574,52.78952147013023,    ,1.5543829927207178e-11,3.3801637620545466e-15,7.032948065004494e-15,1.247048339809395e-12,4.4545768335058784e-12,1.628242779097775e-12
RepsRanparRQMC/SumUeU-32-Sob-LMS-DS-14-10000.dat,SumUeU,32,Sob-LMS,14,DS,False,-2.402972670901088e-08,5.849273097154122e-12,-2.047860495048571,205.4069962596767,    ,2.5489364938110636e-13,2.1692683280032316e-19,8.778123796652533e-19,2.937772357648894e-15,2.7128608950669667e-14,3.857078302098795e-15
RepsRanparRQMC/SumUeU-32-Sob-LMS-DS-16-10000.dat,SumUeU,32,Sob-LMS,16,DS,False,-9.45321901152967e-10,1.195304281953268e-13,1.4575984757280043,748.2668244215645,    ,5.197868772424052e-15,2.4287977604604064e-24,3.921819262137951e-23,2.9462193570071854e-17,4.4491176849624576e-17,2.261845106546142e-17
RepsRanparRQMC/SumUeU-32-Sob-NUS-6-10000.dat,SumUeU,32,Sob-NUS,6,NUS,False,-8.067978128213689e-05,9.117899794536855e-05,0.009343101959611588,3.0997505928361666,    ,3.970813485602018e-06,5.842710022548052e-06,6.2126277293320536e-06,4.586898776556509e-06,4.175614244895084e-06,4.09338204216622e-06
RepsRanparRQMC/SumUeU-32-Sob-NUS-8-10000.dat,SumUeU,32,Sob-NUS,8,NUS,False,-1.2298779414441441e-05,1.4242715703167936e-06,-0.007410592483725652,2.929504858305887,    ,6.207611085842393e-08,1.0549345612171244e-07,1.1208173868650261e-07,7.782135193730991e-08,7.04319828484769e-08,6.817688207592415e-08
RepsRanparRQMC/SumUeU-32-Sob-NUS-10-10000.dat,SumUeU,32,Sob-NUS,10,NUS,False,-4.2697784007614813e-07,2.2551442865092044e-08,-0.0015680532849922395,3.073276163968772,    ,9.806798259494831e-10,1.4975946738818154e-09,1.589058680043571e-09,1.1867242967497544e-09,1.074107979185632e-09,1.040564430813637e-09
RepsRanparRQMC/SumUeU-32-Sob-NUS-12-10000.dat,SumUeU,32,Sob-NUS,12,NUS,False,-6.708943493762831e-08,3.4569729773548344e-10,-0.015137059147549859,2.9415550176922682,    ,1.5034818285127355e-11,2.2445338512629295e-11,2.3984929530934522e-11,1.805164458547127e-11,1.6167465428042125e-11,1.5798465909377753e-11
RepsRanparRQMC/SumUeU-32-Sob-NUS-14-10000.dat,SumUeU,32,Sob-NUS,14,NUS,False,-2.6981199855669046e-08,5.513155479931425e-12,-0.026775255553907883,2.9092006123434677,    ,2.4043039731658307e-13,3.825664155119545e-13,4.111176556481977e-13,2.965348835913597e-13,2.6178582812257506e-13,2.563291623592494e-13
RepsRanparRQMC/SumUeU-32-Sob-NUS-16-10000.dat,SumUeU,32,Sob-NUS,16,NUS,False,-1.7611941149198174e-08,8.541923004288531e-14,0.011990498761966124,3.002273187345999,    ,4.02406003812479e-15,5.954000211437107e-15,6.344432094644419e-15,4.735278745690531e-15,4.3010918158708964e-15,4.191376037148728e-15
