file,TestFunction,dim,DrawMethod,log2n,shift,baker,mean,var,skewness,kurtosis,    ,MSE[A_r],MSE[M_r],MSE[L_r],MSE[N(3)_r],MSE[N(2)_r],MSE[N(3;1.0)_r]
RepsFixedparRQMC/IndSumNormal-4-Lat-RS-6-10000.dat,IndSumNormal,4,Lat,6,RS,False,6.0371068542949936e-05,0.0015540769433593756,-0.11054444272710187,2.5406124283679543,    ,0.0001412833667894966,0.0002732745264476591,0.0002865468409241287,0.00023979649170038632,0.00017882304470563342,0.00018294795159766043
RepsFixedparRQMC/IndSumNormal-4-Lat-RSB-6-10000.dat,IndSumNormal,4,Lat,6,RS,True,0.00014943356854296935,0.0027716229858398434,-0.4011127327135561,2.367458770372185,    ,0.0002519880563768478,0.0005215262011681784,0.0005775455803382367,0.0004927011492533475,0.00034114620404599545,0.0003578851823781396
RepsFixedparRQMC/IndSumNormal-4-Lat-RS-8-10000.dat,IndSumNormal,4,Lat,8,RS,False,-1.7363306456919635e-05,0.00028862933822631885,-0.1719853108170681,2.794749621777041,    ,2.6239332232258283e-05,4.028601525649471e-05,4.26369751656802e-05,4.036520367252551e-05,3.098581685514479e-05,3.1495308724640256e-05
RepsFixedparRQMC/IndSumNormal-4-Lat-RSB-8-10000.dat,IndSumNormal,4,Lat,8,RS,True,6.115231854310765e-05,0.00018495077575683637,0.05051776991942423,2.7316378018852316,    ,1.6817446493048322e-05,2.9217429359325825e-05,3.0824285503004784e-05,2.767506876877702e-05,2.0697670204076042e-05,2.1322989624538546e-05
RepsFixedparRQMC/IndSumNormal-4-Lat-RS-10-10000.dat,IndSumNormal,4,Lat,10,RS,False,1.4843497931880293e-06,2.0311298131942777e-05,0.19398442940899155,2.6772476205714524,    ,1.8464838516527429e-06,3.2241676263213068e-06,3.4609624285060883e-06,3.128183075656308e-06,2.2833856323366397e-06,2.3681649123866056e-06
RepsFixedparRQMC/IndSumNormal-4-Lat-RSB-10-10000.dat,IndSumNormal,4,Lat,10,RS,True,5.097631043202816e-06,5.2161206016540596e-05,-0.04929267805583183,2.575250731676555,    ,4.741953805527761e-06,8.508617122522764e-06,9.20964101817353e-06,8.275135213850678e-06,5.999782484143995e-06,6.217958375590914e-06
RepsFixedparRQMC/IndSumNormal-4-Lat-RS-12-10000.dat,IndSumNormal,4,Lat,12,RS,False,-4.021486895899299e-05,1.0285160312651972e-05,0.37116382676011384,2.0805412158879766,    ,9.366318095628409e-07,2.3587267931470983e-06,2.673942785612976e-06,2.1603877222379513e-06,1.3454875356254846e-06,1.5180754762719525e-06
RepsFixedparRQMC/IndSumNormal-4-Lat-RSB-12-10000.dat,IndSumNormal,4,Lat,12,RS,True,-2.2685572086137513e-05,3.970868527889003e-06,-0.0004271295935529663,2.945265420496324,    ,3.615026831707847e-07,5.621297842568658e-07,5.933257761242129e-07,5.619240461828919e-07,4.353404378360767e-07,4.4078858580020666e-07
RepsFixedparRQMC/IndSumNormal-4-Lat-RS-14-10000.dat,IndSumNormal,4,Lat,14,RS,False,-1.5063728597665096e-06,2.8495829924943003e-07,0.05323856317465695,2.8593066664009674,    ,2.5907569090959008e-08,3.964371003414034e-08,4.245568963352055e-08,4.096031535406507e-08,3.12584550511111e-08,3.193153134220679e-08
RepsFixedparRQMC/IndSumNormal-4-Lat-RSB-14-10000.dat,IndSumNormal,4,Lat,14,RS,True,-9.035723255245744e-08,5.717299936712598e-07,-0.07214070025823427,3.157991192715235,    ,5.1975462134544e-08,7.481135903781293e-08,7.895622690228551e-08,7.599097237407339e-08,5.8958542907691754e-08,5.978633692626103e-08
RepsFixedparRQMC/IndSumNormal-4-Lat-RS-16-10000.dat,IndSumNormal,4,Lat,16,RS,False,1.069310690456872e-06,3.7993974834632796e-08,0.052041373032147765,2.9722779495306524,    ,3.4551411375920704e-09,5.275159532774883e-09,5.631229233765371e-09,5.479260388991232e-09,4.0898174652024426e-09,4.2381121662889165e-09
RepsFixedparRQMC/IndSumNormal-4-Lat-RSB-16-10000.dat,IndSumNormal,4,Lat,16,RS,True,-7.98365102281291e-07,1.3675490707145775e-07,0.023459676124866137,3.082463063420292,    ,1.2432901666059972e-08,1.969477818173844e-08,2.09757421001185e-08,1.9723519464455724e-08,1.5042447628052954e-08,1.534261323279351e-08
RepsRanparRQMC/IndSumNormal-4-Lat-Rp-RS-6-10000.dat,IndSumNormal,4,Lat-Rp,6,RS,False,-0.0005269991190383909,0.0015286375547990557,0.18644671790304929,3.7789050547802416,    ,0.00013924477850774502,0.00019143653220294107,0.0001973155287366532,0.00019022787024628663,0.00015198865015697517,0.00015189266056983761
RepsRanparRQMC/IndSumNormal-4-Lat-Rp-RSB-6-10000.dat,IndSumNormal,4,Lat-Rp,6,RS,True,7.03705414596393e-05,0.00145662932359187,-0.07205316891297346,3.6286996264145563,    ,0.00013242579961236624,0.0001777743268416945,0.0001807999675798093,0.00018106730452002723,0.00014895621058846876,0.00014651300594707454
RepsRanparQMC/IndSumNormal-4-Lat-Rp-6-10000.dat,IndSumNormal,4,Lat-Rp,6,qmc,False,-0.018321990663342898,0.002699521041530914,-0.12695962475736267,2.650188446407742,    ,0.000581106345643162,0.0006846087943698536,0.0006974308394088242,0.0006889989540200915,0.000611134742174728,0.00061286243849301
RepsRanparQMC/IndSumNormal-4-Lat-Rp-B-6-10000.dat,IndSumNormal,4,Lat-Rp,6,qmc,True,0.005416748759777506,0.0022759301420310608,0.23905516285106398,3.0547732791656266,    ,0.00023624390731119305,0.00032040857564112054,0.0003317995199281939,0.00033263519207121794,0.00026443282949856624,0.000268105972699383
RepsRanparRQMC/IndSumNormal-4-Lat-Rp-RS-8-10000.dat,IndSumNormal,4,Lat-Rp,8,RS,False,-7.477044485519069e-05,0.000381782473166323,0.12306651914331003,6.699033688514917,    ,3.471308817999866e-05,3.653888427221038e-05,3.670355187877477e-05,3.845770834547116e-05,3.445540165924812e-05,3.245969833690642e-05
RepsRanparRQMC/IndSumNormal-4-Lat-Rp-RSB-8-10000.dat,IndSumNormal,4,Lat-Rp,8,RS,True,-0.00013345437289645829,0.00036194679093758635,-0.16328654462152856,5.677484717197166,    ,3.292206379124395e-05,3.5660756212559166e-05,3.581840572896268e-05,3.705727996452915e-05,3.158289364321541e-05,3.095875811136398e-05
RepsRanparQMC/IndSumNormal-4-Lat-Rp-8-10000.dat,IndSumNormal,4,Lat-Rp,8,qmc,False,-0.00513152574485032,0.000851216169188894,-0.5411488372338276,4.336438465594301,    ,0.0001037158445781429,0.00010172437448312098,0.00010019084263842249,0.00010776474363281037,9.836550532100342e-05,9.554320920770538e-05
RepsRanparQMC/IndSumNormal-4-Lat-Rp-B-8-10000.dat,IndSumNormal,4,Lat-Rp,8,qmc,True,0.0018598876415388166,0.0005595889412121806,0.4292808530796598,3.704772529062863,    ,5.433090396752888e-05,6.63441261866125e-05,6.770078295530949e-05,6.839386488801278e-05,5.741638476747495e-05,5.666846840140063e-05
RepsRanparRQMC/IndSumNormal-4-Lat-Rp-RS-10-10000.dat,IndSumNormal,4,Lat-Rp,10,RS,False,0.00029745010297771803,8.822877805804792e-05,0.9719469244979215,30.5251200705998,    ,8.109274569038539e-06,5.699975965182988e-06,5.597116735121104e-06,6.1652792056951455e-06,5.860420512365962e-06,5.450752199864167e-06
RepsRanparRQMC/IndSumNormal-4-Lat-Rp-RSB-10-10000.dat,IndSumNormal,4,Lat-Rp,10,RS,True,0.00010328783388615468,8.941819814391033e-05,-0.46636237529319813,15.761645380661387,    ,8.139595480620742e-06,7.088001621938339e-06,7.214698732611123e-06,7.599091574512335e-06,6.517063269715275e-06,6.339159313380749e-06
RepsRanparQMC/IndSumNormal-4-Lat-Rp-10-10000.dat,IndSumNormal,4,Lat-Rp,10,qmc,False,-0.0015243598866034596,0.0002240912372167998,-1.070738753051919,9.968319685866868,    ,2.269560371995842e-05,1.4792536122662098e-05,1.4228154062899148e-05,1.6826919761307746e-05,1.740062116381306e-05,1.548593252833587e-05
RepsRanparQMC/IndSumNormal-4-Lat-Rp-B-10-10000.dat,IndSumNormal,4,Lat-Rp,10,qmc,True,0.0005720538220814351,0.00014348265098617494,0.9843110965505729,7.257621756737956,    ,1.337112293773752e-05,1.3934375133458647e-05,1.4334668419216217e-05,1.4641940512194703e-05,1.239278841957498e-05,1.2041797986412717e-05
RepsRanparRQMC/IndSumNormal-4-Lat-Rp-RS-12-10000.dat,IndSumNormal,4,Lat-Rp,12,RS,False,-3.0162585241204436e-05,2.286096849336773e-05,1.1702036556417643,89.37253737105726,    ,2.0791796445818627e-06,8.927208955628617e-07,8.589594586368633e-07,1.030429548250193e-06,1.0618804194084274e-06,9.2992114670351e-07
RepsRanparRQMC/IndSumNormal-4-Lat-Rp-RSB-12-10000.dat,IndSumNormal,4,Lat-Rp,12,RS,True,1.2900604748406846e-05,2.103018760723715e-05,-0.5489431203093156,49.84226034493407,    ,1.9120016626244335e-06,1.4835560676662226e-06,1.484735650516094e-06,1.5539717246525163e-06,1.4101983859138721e-06,1.3317507764124869e-06
RepsRanparQMC/IndSumNormal-4-Lat-Rp-12-10000.dat,IndSumNormal,4,Lat-Rp,12,qmc,False,-0.0005339429471684183,5.582269897492538e-05,-2.2233967761126125,33.61430393283118,    ,5.3598858867332035e-06,1.8157635612495663e-06,1.6978511604423534e-06,2.238860905204312e-06,2.7474579963081477e-06,2.2031670091765284e-06
RepsRanparQMC/IndSumNormal-4-Lat-Rp-B-12-10000.dat,IndSumNormal,4,Lat-Rp,12,qmc,True,0.00011336551440050653,3.490184176753896e-05,2.225238305864429,23.051240870973064,    ,3.1857464459951965e-06,3.053464126125097e-06,3.105005160139301e-06,3.102148212701738e-06,2.6413725866595537e-06,2.569217384742543e-06
RepsRanparRQMC/IndSumNormal-4-Lat-Rp-RS-14-10000.dat,IndSumNormal,4,Lat-Rp,14,RS,False,1.4744122363535423e-05,4.531252292476331e-06,-0.8719952805079099,137.91874766638693,    ,4.121494157330283e-07,1.4273007976987516e-07,1.369370214887193e-07,1.5864281921959168e-07,1.702282444646363e-07,1.449222345059903e-07
RepsRanparRQMC/IndSumNormal-4-Lat-Rp-RSB-14-10000.dat,IndSumNormal,4,Lat-Rp,14,RS,True,-3.542671927901834e-05,5.3234691597061125e-06,-7.169160246135115,227.59229870217655,    ,4.852067942303391e-07,2.782036554692572e-07,2.7969075216838376e-07,3.006718811917002e-07,2.701579623709644e-07,2.554494975966934e-07
RepsRanparQMC/IndSumNormal-4-Lat-Rp-14-10000.dat,IndSumNormal,4,Lat-Rp,14,qmc,False,-0.00010612183358397727,1.5574325043928537e-05,-7.171791677322157,159.66287162544165,    ,1.427109574829456e-06,2.3931505929164946e-07,2.2214619737025545e-07,2.873157048390858e-07,4.0050964027499755e-07,2.855996321808312e-07
RepsRanparQMC/IndSumNormal-4-Lat-Rp-B-14-10000.dat,IndSumNormal,4,Lat-Rp,14,qmc,True,6.562659475019371e-05,8.91353861460499e-06,4.454159785691921,78.2200448049382,    ,8.146285421753234e-07,5.726049272152642e-07,5.74809405376075e-07,6.137511197554964e-07,5.42257586571199e-07,5.18569679593274e-07
RepsRanparRQMC/IndSumNormal-4-Lat-Rp-RS-16-10000.dat,IndSumNormal,4,Lat-Rp,16,RS,False,3.204232682603581e-05,1.4485819584125158e-06,7.430258201949239,396.3652934696882,    ,1.3271597965501885e-07,2.2270151791613794e-08,2.1448904872338065e-08,2.555692763279592e-08,3.1291077259964186e-08,2.3771496715263017e-08
RepsRanparRQMC/IndSumNormal-4-Lat-Rp-RSB-16-10000.dat,IndSumNormal,4,Lat-Rp,16,RS,True,-5.756633625102037e-07,1.0110535933240636e-06,1.0616172615391462,110.63799245211626,    ,9.191429441776727e-08,4.9774168141983726e-08,4.9171893201843346e-08,5.274655922225565e-08,5.00036556356297e-08,4.624686231335573e-08
RepsRanparQMC/IndSumNormal-4-Lat-Rp-16-10000.dat,IndSumNormal,4,Lat-Rp,16,qmc,False,-1.6280815572163904e-05,3.5228782321705115e-06,-16.06183607874688,756.6145658551691,    ,3.205267224257413e-07,3.3736533389886426e-08,3.193858871579636e-08,4.0998480753940144e-08,5.219335047084816e-08,4.0102408245118386e-08
RepsRanparQMC/IndSumNormal-4-Lat-Rp-B-16-10000.dat,IndSumNormal,4,Lat-Rp,16,qmc,True,1.2663275518215272e-05,2.068373767991848e-06,7.58506395180135,275.44123457953765,    ,1.8819433745520003e-07,1.0431975806501656e-07,1.0323905427188393e-07,1.1257877622285176e-07,1.0549159791183096e-07,9.869152710163609e-08
RepsRanparRQMC/IndSumNormal-4-Lat-Rv-RS-6-10000.dat,IndSumNormal,4,Lat-Rv,6,RS,False,-0.0005740039314570543,0.0012076328515625004,0.14818428471031558,4.598511041855287,    ,0.00011011428520082819,0.00014951951705219696,0.00014412559591967197,0.00013819490418986134,0.0001170458675613372,0.00011512746856913103
RepsRanparRQMC/IndSumNormal-4-Lat-Rv-RSB-6-10000.dat,IndSumNormal,4,Lat-Rv,6,RS,True,0.0003588085685429486,0.0015173843725585939,-0.09536456499554478,3.6954956062856112,    ,0.00013807277745782294,0.00019309326515891233,0.00019000762661670268,0.00018185373523245843,0.00015157869677901895,0.0001489831723422134
RepsRanparQMC/IndSumNormal-4-Lat-Rv-6-10000.dat,IndSumNormal,4,Lat-Rv,6,qmc,False,-0.01307712893145704,0.0026361110839843733,-0.2745277902656935,2.716368503741863,    ,0.00041065776327034833,0.00048775891241078953,0.0004879045999003049,0.0004874096050512299,0.0004326885283155519,0.0004271684522236628
RepsRanparQMC/IndSumNormal-4-Lat-Rv-B-6-10000.dat,IndSumNormal,4,Lat-Rv,6,qmc,True,-0.006336503931457055,0.002083568710937501,0.5994145022852468,3.09888613852759,    ,0.00022956661943132536,0.0005341145463432039,0.0005367038164627155,0.00041770652094954934,0.0003068568998737065,0.0003280967601760695
RepsRanparRQMC/IndSumNormal-4-Lat-Rv-RS-8-10000.dat,IndSumNormal,4,Lat-Rv,8,RS,False,-0.000140800806457018,0.00028313061386108396,0.023631940775546798,9.122994539880759,    ,2.5758971581742942e-05,2.5418497165839604e-05,2.4759568422113264e-05,2.5571075111341446e-05,2.3306778281549593e-05,2.1816568655425393e-05
RepsRanparRQMC/IndSumNormal-4-Lat-Rv-RSB-8-10000.dat,IndSumNormal,4,Lat-Rv,8,RS,True,0.0003756054435429854,0.0003691695921325683,-0.415264337971718,7.947667055801855,    ,3.370195146127079e-05,3.0082555826526103e-05,2.8747427651921977e-05,3.0667335814796784e-05,2.9547643640991338e-05,2.7055066043774295e-05
RepsRanparQMC/IndSumNormal-4-Lat-Rv-8-10000.dat,IndSumNormal,4,Lat-Rv,8,qmc,False,-0.003598222681456977,0.0007312245306396475,-0.8364537565895662,5.523442504142443,    ,7.942216379622848e-05,6.658984945904806e-05,6.289166154086766e-05,7.017415339173076e-05,7.05968403793797e-05,6.481231210013915e-05
RepsRanparQMC/IndSumNormal-4-Lat-Rv-B-8-10000.dat,IndSumNormal,4,Lat-Rv,8,qmc,True,-0.0033443164314570064,0.000517147946777344,0.9367717877687498,4.772961278029315,    ,5.81979021007446e-05,8.620779208013614e-05,8.960716584196674e-05,8.817951165622467e-05,7.30750770017055e-05,7.072065212364633e-05
RepsRanparRQMC/IndSumNormal-4-Lat-Rv-RS-10-10000.dat,IndSumNormal,4,Lat-Rv,10,RS,False,-8.386721270695066e-05,7.483377036094656e-05,0.5139890920597792,40.74753612906166,    ,6.810103742180557e-06,4.041125390721038e-06,3.927035614080015e-06,4.3794039628169325e-06,4.208715823171312e-06,3.907953247590709e-06
RepsRanparRQMC/IndSumNormal-4-Lat-Rv-RSB-10-10000.dat,IndSumNormal,4,Lat-Rv,10,RS,True,0.00019601559979305017,8.946209174156201e-05,-0.7886114351158775,23.944457080239317,    ,8.171339546413322e-06,5.916557607948777e-06,5.841246580205009e-06,5.994957641717749e-06,5.578590141664935e-06,5.218876170379448e-06
RepsRanparQMC/IndSumNormal-4-Lat-Rv-10-10000.dat,IndSumNormal,4,Lat-Rv,10,qmc,False,-0.0009624804939569161,0.0001834158794784544,-1.612985182040628,15.483084251240383,    ,1.760053956292522e-05,8.756373883312477e-06,8.247177247431934e-06,1.0179043310371603e-05,1.1070191022379193e-05,9.520305661811778e-06
RepsRanparQMC/IndSumNormal-4-Lat-Rv-B-10-10000.dat,IndSumNormal,4,Lat-Rv,10,qmc,True,-0.0010554492439569473,0.00012438652339935295,1.496929718840221,10.197817290331804,    ,1.2421838870146832e-05,1.247696112160114e-05,1.2352976465916835e-05,1.2919761057975715e-05,1.175729967923839e-05,1.0995721327904387e-05
RepsRanparRQMC/IndSumNormal-4-Lat-Rv-RS-12-10000.dat,IndSumNormal,4,Lat-Rv,12,RS,False,-7.300295489440282e-05,1.8314612006545707e-05,1.4298573687500582,192.67374228782222,    ,1.6702941592911058e-06,6.09157299029164e-07,5.848921174623194e-07,6.698901855893873e-07,6.866647442080249e-07,6.123716737907439e-07
RepsRanparRQMC/IndSumNormal-4-Lat-Rv-RSB-12-10000.dat,IndSumNormal,4,Lat-Rv,12,RS,True,8.373532635558547e-05,2.28946276897188e-05,-0.12571559309158423,68.50765228443883,    ,2.0883413948543128e-06,1.0303083087465786e-06,1.0264217575855442e-06,1.0967460904147596e-06,1.026538780362158e-06,9.505325752211429e-07
RepsRanparQMC/IndSumNormal-4-Lat-Rv-12-10000.dat,IndSumNormal,4,Lat-Rv,12,qmc,False,-0.0002911670173944174,4.6087624043821956e-05,-3.1742605566912667,55.01862357878032,    ,4.2745622360021755e-06,1.184753956491237e-06,1.1103694259066083e-06,1.4201227681913411e-06,1.7440711961382035e-06,1.3857212830799116e-06
RepsRanparQMC/IndSumNormal-4-Lat-Rv-B-12-10000.dat,IndSumNormal,4,Lat-Rv,12,qmc,True,-0.00034753908770690495,3.181407889365894e-05,2.930581205267771,31.10536016786633,    ,3.0129724078167784e-06,2.171485038550202e-06,2.1463077987222563e-06,2.315099274111671e-06,2.1646940817903946e-06,2.009100716639215e-06
RepsRanparRQMC/IndSumNormal-4-Lat-Rv-RS-14-10000.dat,IndSumNormal,4,Lat-Rv,14,RS,False,-3.492922442563346e-05,5.619640301316735e-06,-12.452126293245605,373.6991296694778,    ,5.120964417477704e-07,9.461656992164818e-08,9.04408694250028e-08,1.1051373537310091e-07,1.2646487297381454e-07,1.0300310336700616e-07
RepsRanparRQMC/IndSumNormal-4-Lat-Rv-RSB-14-10000.dat,IndSumNormal,4,Lat-Rv,14,RS,True,6.366696698063021e-05,7.22339965164758e-06,3.0143794968471482,248.51313998221698,    ,6.607261782888381e-07,1.9096772153536e-07,1.8922468721273217e-07,2.037002811596161e-07,2.023313476977465e-07,1.7877267837563027e-07
RepsRanparQMC/IndSumNormal-4-Lat-Rv-14-10000.dat,IndSumNormal,4,Lat-Rv,14,qmc,False,-0.00012982058184753584,1.1648078663313655e-05,-8.528456608327907,233.82585063141897,    ,1.075769625590656e-06,1.5493432670439913e-07,1.4386185936951766e-07,1.9137310177340363e-07,2.398886981371428e-07,1.9114813410867827e-07
RepsRanparQMC/IndSumNormal-4-Lat-Rv-B-14-10000.dat,IndSumNormal,4,Lat-Rv,14,qmc,True,-9.714846270685654e-05,7.429798483850364e-06,5.08863910382227,109.21968866992063,    ,6.848740496108841e-07,4.0228491683675967e-07,4.028277760022706e-07,4.2537297648088416e-07,3.8755714595469775e-07,3.67240570549981e-07
RepsRanparRQMC/IndSumNormal-4-Lat-Rv-RS-16-10000.dat,IndSumNormal,4,Lat-Rv,16,RS,False,-4.764124328017485e-06,1.23439488414477e-06,-14.627847292705175,1235.3482512239318,    ,1.1224041362104646e-07,1.4729629392163553e-08,1.4239516745807928e-08,1.6694146256303713e-08,1.9432032066917855e-08,1.5486931962275753e-08
RepsRanparRQMC/IndSumNormal-4-Lat-Rv-RSB-16-10000.dat,IndSumNormal,4,Lat-Rv,16,RS,True,-3.3908333123947774e-06,2.040939179189638e-06,-7.693293546955281,1199.8365941058694,    ,1.8555142313142864e-07,3.463473230185081e-08,3.407189553521019e-08,3.7833238807353664e-08,3.6786587965911104e-08,3.363697272723347e-08
RepsRanparQMC/IndSumNormal-4-Lat-Rv-16-10000.dat,IndSumNormal,4,Lat-Rv,16,qmc,False,-3.3595606261694024e-05,2.791054025059677e-06,-23.53197871567619,1096.8886619096356,    ,2.5486084885642506e-07,2.1157880261839098e-08,2.008949214160683e-08,2.5791128370380224e-08,3.130606709650424e-08,2.481943965709552e-08
RepsRanparQMC/IndSumNormal-4-Lat-Rv-B-16-10000.dat,IndSumNormal,4,Lat-Rv,16,qmc,True,-2.408938067571505e-05,1.6733295507712629e-06,8.805942635123635,430.97527695880115,    ,1.527011665132725e-07,7.090618914226191e-08,7.015728186987116e-08,7.654122826050329e-08,7.114872941551259e-08,6.660214361050476e-08
RepsFixedparRQMC/IndSumNormal-4-Sob-DS-6-10000.dat,IndSumNormal,4,Sob,6,DS,False,0.00014005856854294577,0.0006965731420898438,0.0818439772332915,2.9528382145092182,    ,6.334444750169902e-05,0.00010779023262805378,0.0001051434244687395,9.158672373167999e-05,7.570919761098922e-05,7.456222232980352e-05
RepsFixedparRQMC/IndSumNormal-4-Sob-DS-8-10000.dat,IndSumNormal,4,Sob,8,DS,False,0.00012208981854295586,0.00016269517517089857,0.12396107838377132,2.645002439433068,    ,1.4805376393873539e-05,2.601499838599468e-05,2.761040432826942e-05,2.4597118548749486e-05,1.8198620850109564e-05,1.8723381542605727e-05
RepsFixedparRQMC/IndSumNormal-4-Sob-DS-10-10000.dat,IndSumNormal,4,Sob,10,DS,False,7.326169354301244e-05,2.7790599822998064e-05,-0.07343482986016266,2.7824957527248073,    ,2.531785441467887e-06,4.1665234864417545e-06,4.431144427463418e-06,4.062700274308315e-06,3.1306125189437256e-06,3.1477244261508344e-06
RepsFixedparRQMC/IndSumNormal-4-Sob-DS-12-10000.dat,IndSumNormal,4,Sob,12,DS,False,-3.276857989440415e-05,5.935037536025056e-06,0.11386434443819447,2.862392226815635,    ,5.406226467396647e-07,8.460928116461422e-07,9.05124788343703e-07,8.390034682075799e-07,6.459919921480602e-07,6.507810571256195e-07
RepsFixedparRQMC/IndSumNormal-4-Sob-DS-14-10000.dat,IndSumNormal,4,Sob,14,DS,False,-1.1070581847472662e-05,7.556918573007019e-07,0.050601144150347124,2.9445157950862377,    ,6.882181753705085e-08,1.0389051628418365e-07,1.1000265794297284e-07,1.0670999312346988e-07,8.303184854725003e-08,8.390741670996326e-08
RepsFixedparRQMC/IndSumNormal-4-Sob-DS-16-10000.dat,IndSumNormal,4,Sob,16,DS,False,-9.212061339620936e-06,1.4728681906126443e-07,0.15882612220672773,2.909111512322938,    ,1.347457289787625e-08,2.161028272422268e-08,2.312682642181719e-08,2.2139215625309543e-08,1.6763388563263765e-08,1.7110874980903576e-08
RepsRanparRQMC/IndSumNormal-4-Sob-LMS-DS-6-10000.dat,IndSumNormal,4,Sob-LMS,6,DS,False,-4.119143145705401e-05,0.0006746602319335939,0.05967353658251473,2.930365884206757,    ,6.133444509162493e-05,0.0001134777022481428,0.00011096041263798697,9.435224523607395e-05,7.265455284663703e-05,7.469725294212652e-05
RepsRanparQMC/IndSumNormal-4-Sob-LMS-6-10000.dat,IndSumNormal,4,Sob-LMS,6,qmc,False,0.002336933568542946,0.0006502899780273438,0.07001142537732574,3.012508529187676,    ,6.45785292335414e-05,0.00011256163864428475,0.00010883909418182298,9.532304598141618e-05,7.540257915442888e-05,7.792270670023955e-05
RepsRanparRQMC/IndSumNormal-4-Sob-LMS-DS-8-10000.dat,IndSumNormal,4,Sob-LMS,8,DS,False,0.0001416210685429535,0.00014879907226562507,0.03558727871801853,2.9662121382338604,    ,1.3547244914839346e-05,2.1175886030427026e-05,2.1961745496590765e-05,2.0656526174880173e-05,1.5850935447499205e-05,1.617124809660943e-05
RepsRanparQMC/IndSumNormal-4-Sob-LMS-8-10000.dat,IndSumNormal,4,Sob-LMS,8,qmc,False,-2.5175806457046995e-05,0.00014842916122436524,0.015916478473187008,2.97481625940945,    ,1.3494193932536694e-05,2.2129265718006457e-05,2.2794245343727358e-05,2.0861772128519205e-05,1.640604991533254e-05,1.639218249813051e-05
RepsRanparRQMC/IndSumNormal-4-Sob-LMS-DS-10-10000.dat,IndSumNormal,4,Sob-LMS,10,DS,False,-4.6367212706986795e-05,2.982164359092712e-05,0.02751866811908343,2.9725210706729115,    ,2.7132084266803165e-06,4.155573545431456e-06,4.3758203791325e-06,4.122680481749472e-06,3.1641353896184313e-06,3.2200884185604927e-06
RepsRanparQMC/IndSumNormal-4-Sob-LMS-10-10000.dat,IndSumNormal,4,Sob-LMS,10,qmc,False,7.599606854301338e-05,3.0031714782714904e-05,0.028650819669833606,2.962144191467732,    ,2.7359312917717127e-06,4.271055800777574e-06,4.504259053833884e-06,4.2703449876870016e-06,3.268523519577308e-06,3.3415885644909042e-06
RepsRanparRQMC/IndSumNormal-4-Sob-LMS-DS-12-10000.dat,IndSumNormal,4,Sob-LMS,12,DS,False,1.737790448058649e-05,5.058049344420438e-06,0.011215382423467988,3.1498462573773365,    ,4.6012465923872166e-07,6.829516717861516e-07,7.174792068686703e-07,6.895439443777137e-07,5.293144161466498e-07,5.43297690928164e-07
RepsRanparQMC/IndSumNormal-4-Sob-LMS-12-10000.dat,IndSumNormal,4,Sob-LMS,12,qmc,False,2.4140599793085915e-05,4.9583065128326465e-06,-0.05093669215969488,3.083299136907298,    ,4.5133790608861054e-07,6.837095373150869e-07,7.222524406732612e-07,6.980178908925383e-07,5.375135354897768e-07,5.468330121325611e-07
RepsRanparRQMC/IndSumNormal-4-Sob-LMS-DS-14-10000.dat,IndSumNormal,4,Sob-LMS,14,DS,False,-1.3011499816227851e-05,8.573184525594097e-07,0.012210736871475544,3.1593880927246065,    ,7.810734026923222e-08,1.1686628960627815e-07,1.228645410823349e-07,1.1950930995785754e-07,9.278034887712442e-08,9.38312746710152e-08
RepsRanparQMC/IndSumNormal-4-Sob-LMS-14-10000.dat,IndSumNormal,4,Sob-LMS,14,qmc,False,1.0780004090022376e-05,8.702512588724502e-07,0.04757519009168642,3.204366139275495,    ,7.922995929476729e-08,1.139890458202652e-07,1.2025805603616776e-07,1.1998716520561337e-07,9.359137876834266e-08,9.450320902148132e-08
RepsRanparRQMC/IndSumNormal-4-Sob-LMS-DS-16-10000.dat,IndSumNormal,4,Sob-LMS,16,DS,False,4.069188660376534e-06,1.5198659925721635e-07,0.03487224721941433,3.2112296140786016,    ,1.3833521865191588e-08,2.0657489418291125e-08,2.1634142567415234e-08,2.0518580246842565e-08,1.6064046967280122e-08,1.63056391670592e-08
RepsRanparQMC/IndSumNormal-4-Sob-LMS-16-10000.dat,IndSumNormal,4,Sob-LMS,16,qmc,False,-1.558917165384692e-08,1.5073222525185005e-07,-0.021769865857006968,3.0102595134510675,    ,1.3702929811372277e-08,2.0397325359581323e-08,2.1730523267647758e-08,2.15730474636597e-08,1.629283371885468e-08,1.6745782202910488e-08
RepsRanparRQMC/IndSumNormal-4-Sob-NUS-6-10000.dat,IndSumNormal,4,Sob-NUS,6,NUS,False,5.683568542945982e-06,0.0006732645288085938,0.036224647755858416,2.8833403023239157,    ,6.12058985582781e-05,0.00011356652668740184,0.00011095236535900896,9.355601796841664e-05,7.281824554929599e-05,7.457715122954106e-05
RepsRanparRQMC/IndSumNormal-4-Sob-NUS-8-10000.dat,IndSumNormal,4,Sob-NUS,8,NUS,False,-7.947268145704627e-05,0.00015241544860839843,0.01944668919583298,2.9115630323109563,    ,1.3862265780588739e-05,2.2827061391756733e-05,2.37863136352149e-05,2.155258381891924e-05,1.67013480977567e-05,1.6893493751861553e-05
RepsRanparRQMC/IndSumNormal-4-Sob-NUS-10-10000.dat,IndSumNormal,4,Sob-NUS,10,NUS,False,-6.140627520698628e-05,2.984945296287539e-05,0.046797333536113914,2.93611513848001,    ,2.7173573636234684e-06,4.308874421285786e-06,4.557458986147614e-06,4.284096350448594e-06,3.2913404216339857e-06,3.3219765682700394e-06
RepsRanparRQMC/IndSumNormal-4-Sob-NUS-12-10000.dat,IndSumNormal,4,Sob-NUS,12,NUS,False,-1.6142603331912298e-05,5.016941926479334e-06,0.0178557362881465,2.9688585200444457,    ,4.5634621332227095e-07,7.103878194345247e-07,7.490372114105318e-07,7.175077104015718e-07,5.519694639386027e-07,5.587318249809092e-07
RepsRanparRQMC/IndSumNormal-4-Sob-NUS-14-10000.dat,IndSumNormal,4,Sob-NUS,14,NUS,False,2.0702872931477516e-06,8.348546528816254e-07,0.038787492356933746,3.0342549426136394,    ,7.590016362416939e-08,1.1589857536194793e-07,1.2360300995222597e-07,1.1947491419321214e-07,9.05105228214117e-08,9.269129251885139e-08
RepsRanparRQMC/IndSumNormal-4-Sob-NUS-16-10000.dat,IndSumNormal,4,Sob-NUS,16,NUS,False,-6.99343340993501e-06,1.536098491027951e-07,0.04768807664715204,3.0348974345726027,    ,1.401343984747693e-08,2.0493032619338163e-08,2.1802931608190605e-08,2.1745517992199747e-08,1.6803963422795312e-08,1.6971828375791292e-08
RepsFixedparRQMC/IndSumNormal-8-Lat-RS-6-10000.dat,IndSumNormal,8,Lat,6,RS,False,-0.00025525393145705617,0.0011587075781250003,-0.011913642007652176,2.930417363178297,    ,0.00010540220712634249,0.00018018905959094378,0.00018083288465723117,0.00016070812133185374,0.00012465536155758925,0.00012680911778114389
RepsFixedparRQMC/IndSumNormal-8-Lat-RSB-6-10000.dat,IndSumNormal,8,Lat,6,RS,True,-3.337893145705274e-05,0.0016439835839843753,-0.028319666401264362,2.8077363423076327,    ,0.00014945416724255388,0.00025249574503857916,0.0002604563564844169,0.00023244792180762084,0.00017615746154711043,0.00018171146043081916
RepsFixedparRQMC/IndSumNormal-8-Lat-RS-8-10000.dat,IndSumNormal,8,Lat,8,RS,False,-0.00018064455645695664,0.00024352370834350613,-0.08926517798253779,2.9917447959942622,    ,2.217115139609627e-05,3.5243118130429844e-05,3.681516198904006e-05,3.475741341811295e-05,2.6828451082240247e-05,2.7188163347015125e-05
RepsFixedparRQMC/IndSumNormal-8-Lat-RSB-8-10000.dat,IndSumNormal,8,Lat,8,RS,True,-0.00014080080645692677,0.0002140906968688968,0.034599565209927303,2.9709633445719685,    ,1.9482615491544085e-05,3.052647759166875e-05,3.173767988101863e-05,3.0210014492880444e-05,2.3337965705725795e-05,2.364850815092317e-05
RepsFixedparRQMC/IndSumNormal-8-Lat-RS-10-10000.dat,IndSumNormal,8,Lat,10,RS,False,-0.00017937502520682795,6.504811430931095e-05,-0.10885666525750573,2.8319243138294667,    ,5.945640336878037e-06,9.050313040531452e-06,9.71873924444198e-06,9.1422786912071e-06,7.013352149310123e-06,7.074357927827449e-06
RepsFixedparRQMC/IndSumNormal-8-Lat-RSB-10-10000.dat,IndSumNormal,8,Lat,10,RS,True,-6.833986895681212e-05,6.384463405609136e-05,-0.011268127076034735,2.8216443072548216,    ,5.808727979151886e-06,9.442630540237421e-06,1.0044489061527284e-05,9.476653446795089e-06,7.244265705204595e-06,7.346385537941379e-06
RepsFixedparRQMC/IndSumNormal-8-Lat-RS-12-10000.dat,IndSumNormal,8,Lat,12,RS,False,-2.4272486144552688e-05,7.935133203863929e-06,0.06605065750236781,2.9921435828736316,    ,7.219648993894492e-07,1.0412397211820082e-06,1.1013215814332182e-06,1.069541536000565e-06,8.500587318375621e-07,8.475224090813721e-07
RepsFixedparRQMC/IndSumNormal-8-Lat-RSB-12-10000.dat,IndSumNormal,8,Lat,12,RS,True,-4.6538111145552716e-05,8.235858816504267e-06,-0.00017352938475257568,2.897144477254372,    ,7.508802336530201e-07,1.1164417074064407e-06,1.1918279150533693e-06,1.1587300592927629e-06,8.876558384335719e-07,8.958782359209437e-07
RepsFixedparRQMC/IndSumNormal-8-Lat-RS-14-10000.dat,IndSumNormal,8,Lat,14,RS,False,8.155492371767256e-06,1.054343187473735e-06,0.06059917793956698,2.995018810047252,    ,9.591589273525642e-08,1.4188578716818125e-07,1.519709123963556e-07,1.4847221435732534e-07,1.1584460146475117e-07,1.1711078728983268e-07
RepsFixedparRQMC/IndSumNormal-8-Lat-RSB-14-10000.dat,IndSumNormal,8,Lat,14,RS,True,-1.4982935359297738e-05,1.5676404951514695e-06,-0.024512434891997156,2.9751782672404055,    ,1.4273726063847812e-07,2.1656731419850205e-07,2.3068896948541746e-07,2.2396277779233864e-07,1.7006280072433146e-07,1.7367478622339357e-07
RepsFixedparRQMC/IndSumNormal-8-Lat-RS-16-10000.dat,IndSumNormal,8,Lat,16,RS,False,7.520726722490784e-06,2.782015882056576e-07,0.025255257257192,2.9361114239854222,    ,2.5347614803675987e-08,4.040875978710853e-08,4.3169521190999886e-08,4.1482987995576514e-08,3.108500311945544e-08,3.207766228472151e-08
RepsFixedparRQMC/IndSumNormal-8-Lat-RSB-16-10000.dat,IndSumNormal,8,Lat,16,RS,True,-9.215113138542039e-06,3.581817917896201e-07,-0.01692526378883898,2.9734204831208126,    ,3.2646899381939774e-08,4.688932734911414e-08,4.9913493458477904e-08,4.971968796467984e-08,3.864539916476213e-08,3.88847183756809e-08
RepsRanparRQMC/IndSumNormal-8-Lat-Rp-RS-6-10000.dat,IndSumNormal,8,Lat-Rp,6,RS,False,0.0005266881456798276,0.001659340891051606,0.0627300057696965,3.0827973368276442,    ,0.000151126572316582,0.00023235127154078974,0.00024219910833975353,0.00023160243308346676,0.00017749519926413897,0.00018166500428459632
RepsRanparRQMC/IndSumNormal-8-Lat-Rp-RSB-6-10000.dat,IndSumNormal,8,Lat-Rp,6,RS,True,-0.00024727229812595013,0.0015000265105890019,0.019391683871008585,3.128367057323871,    ,0.00013642719000660247,0.00021362818182627113,0.00022305939762705016,0.00021312216774277193,0.00016641623537283202,0.0001683835308612269
RepsRanparQMC/IndSumNormal-8-Lat-Rp-6-10000.dat,IndSumNormal,8,Lat-Rp,6,qmc,False,-0.018940840193457292,0.0032229218166278137,0.19281247148389535,2.895659731731673,    ,0.0006517483196547976,0.0008870897918754844,0.000934994996470385,0.0008851541696970772,0.0007542115863760396,0.0007584261796892257
RepsRanparQMC/IndSumNormal-8-Lat-Rp-B-6-10000.dat,IndSumNormal,8,Lat-Rp,6,qmc,True,0.015549033903991875,0.0029579042496046875,0.1692992084752244,3.0022148317271036,    ,0.0005106728416751877,0.0006029013746606327,0.0006171624265054585,0.0006164751020102452,0.000539431378190381,0.0005371064615986382
RepsRanparRQMC/IndSumNormal-8-Lat-Rp-RS-8-10000.dat,IndSumNormal,8,Lat-Rp,8,RS,False,0.00018985881723817727,0.0004014521771259445,0.040812334719525015,3.337542555811299,    ,3.653169883647804e-05,5.244621300963443e-05,5.483328906214067e-05,5.30982322575191e-05,4.1190758620142166e-05,4.2188996963545766e-05
RepsRanparRQMC/IndSumNormal-8-Lat-Rp-RSB-8-10000.dat,IndSumNormal,8,Lat-Rp,8,RS,True,-0.0004180749188870409,0.0003861225935189377,-0.03831064643893231,3.6096813877023863,    ,3.527684059406947e-05,4.890394628021689e-05,5.094051250605952e-05,5.0748790703519075e-05,4.049141308938194e-05,4.089380803755714e-05
RepsRanparQMC/IndSumNormal-8-Lat-Rp-8-10000.dat,IndSumNormal,8,Lat-Rp,8,qmc,False,-0.005863609226180948,0.0010358041984433,-0.011420613600624543,3.140494605193935,    ,0.00012854593119765434,0.0001845047161750332,0.00019164736916588027,0.00018121373190335878,0.00014440526552117944,0.0001492682186957563
RepsRanparQMC/IndSumNormal-8-Lat-Rp-B-8-10000.dat,IndSumNormal,8,Lat-Rp,8,qmc,True,0.003981452694472082,0.0007250701248520204,0.3044604096540866,3.191527081600343,    ,8.176743145395722e-05,0.00010390395436776941,0.00010727023113186044,0.0001085513902648104,9.063026875706821e-05,9.076491785649731e-05
RepsRanparRQMC/IndSumNormal-8-Lat-Rp-RS-10-10000.dat,IndSumNormal,8,Lat-Rp,10,RS,False,-6.51192940052702e-05,9.424779437971607e-05,0.0358118944541767,3.9148852403412495,    ,8.57222182969866e-06,1.1601259034201876e-05,1.2042704055505881e-05,1.2004594484786204e-05,9.545323346899939e-06,9.552974016896095e-06
RepsRanparRQMC/IndSumNormal-8-Lat-Rp-RSB-10-10000.dat,IndSumNormal,8,Lat-Rp,10,RS,True,-0.00013281118494837404,9.474592819711722e-05,-0.1517266667102273,5.372394052387448,    ,8.630905010585321e-06,9.940006267220709e-06,1.0095756005063272e-05,1.0402822843390783e-05,8.739096229892008e-06,8.596867112544975e-06
RepsRanparQMC/IndSumNormal-8-Lat-Rp-10-10000.dat,IndSumNormal,8,Lat-Rp,10,qmc,False,-0.002023939773097537,0.00028759607811208314,-0.04802712019476711,4.4349886333150925,    ,3.0241430215315484e-05,3.424513636348561e-05,3.4841781692441774e-05,3.557786729973248e-05,3.094590726070388e-05,2.9854771793815356e-05
RepsRanparQMC/IndSumNormal-8-Lat-Rp-B-10-10000.dat,IndSumNormal,8,Lat-Rp,10,qmc,True,0.0008504589400205562,0.00018161146723055755,0.5533171640780339,4.035971735312527,    ,1.7233413793257027e-05,2.0117247673562534e-05,2.058848138976473e-05,2.1537971385311134e-05,1.881673807014501e-05,1.79101571220451e-05
RepsRanparRQMC/IndSumNormal-8-Lat-Rp-RS-12-10000.dat,IndSumNormal,8,Lat-Rp,12,RS,False,-4.983104469298899e-05,2.434386166489583e-05,0.003196415066628578,8.400017535922405,    ,2.215561466187543e-06,2.5644936919938355e-06,2.61124416784223e-06,2.684076913731502e-06,2.2358568623804504e-06,2.1982656188327996e-06
RepsRanparRQMC/IndSumNormal-8-Lat-Rp-RSB-12-10000.dat,IndSumNormal,8,Lat-Rp,12,RS,True,-7.601409815817548e-05,2.5012422925420657e-05,-0.5211236785446656,15.129347534992718,    ,2.2796347727024966e-06,2.1224665229906655e-06,2.1885308193900273e-06,2.220565388363645e-06,1.8837030421508308e-06,1.8204046529899258e-06
RepsRanparQMC/IndSumNormal-8-Lat-Rp-12-10000.dat,IndSumNormal,8,Lat-Rp,12,qmc,False,-0.0006533287190021607,7.419805309573905e-05,-0.4262103205020805,8.537758205440301,    ,7.1721159692310995e-06,5.604214798181333e-06,5.479142453239285e-06,6.2702545661802195e-06,6.02324322472791e-06,5.557248719158916e-06
RepsRanparQMC/IndSumNormal-8-Lat-Rp-B-12-10000.dat,IndSumNormal,8,Lat-Rp,12,qmc,True,0.0002657893749312669,4.536200769652219e-05,1.1590783528567363,7.824121812087932,    ,4.194462873328371e-06,4.3495963123589675e-06,4.455601662464427e-06,4.615158034717583e-06,3.898492946358935e-06,3.824543105201285e-06
RepsRanparRQMC/IndSumNormal-8-Lat-Rp-RS-14-10000.dat,IndSumNormal,8,Lat-Rp,14,RS,False,1.344590101120639e-05,6.260374577964193e-06,-0.03514048034330649,14.20679195007023,    ,5.693057538871116e-07,5.014834057486435e-07,5.051641136409411e-07,5.482524991661992e-07,4.774279025635359e-07,4.594443927939654e-07
RepsRanparRQMC/IndSumNormal-8-Lat-Rp-RSB-14-10000.dat,IndSumNormal,8,Lat-Rp,14,RS,True,-1.9490220040073454e-05,6.435283819695072e-06,-2.079337721242931,69.89455388733256,    ,5.854056704676716e-07,5.004333735333802e-07,5.147853925195163e-07,5.206545226361148e-07,4.243761049320812e-07,4.2034833623141213e-07
RepsRanparQMC/IndSumNormal-8-Lat-Rp-14-10000.dat,IndSumNormal,8,Lat-Rp,14,qmc,False,-0.00017582735852763508,1.864548311594686e-05,-1.0779212449540334,20.22258946248325,    ,1.7259591796383383e-06,1.0561146194994864e-06,1.0282388274903525e-06,1.1375352085696487e-06,1.146561981792533e-06,1.023549582664177e-06
RepsRanparQMC/IndSumNormal-8-Lat-Rp-B-14-10000.dat,IndSumNormal,8,Lat-Rp,14,qmc,True,6.436256385221125e-05,1.1168191453998021e-05,2.3820929870081478,22.635209840536763,    ,1.019432671807268e-06,9.927053653543392e-07,1.0405942498176954e-06,1.0416914808132547e-06,8.611798691007518e-07,8.424495358102462e-07
RepsRanparRQMC/IndSumNormal-8-Lat-Rp-RS-16-10000.dat,IndSumNormal,8,Lat-Rp,16,RS,False,-3.770213675991197e-06,1.432179275653787e-06,0.5275760774184033,25.61195936401032,    ,1.3021233047968872e-07,9.896415706048419e-08,9.899876836567274e-08,1.0731444891688138e-07,9.699357019642735e-08,9.136678270726472e-08
RepsRanparRQMC/IndSumNormal-8-Lat-Rp-RSB-16-10000.dat,IndSumNormal,8,Lat-Rp,16,RS,True,-3.18116093226299e-05,1.6523404963209598e-06,-6.158141518637832,175.26471275130746,    ,1.5122475088051018e-07,1.0659585132718011e-07,1.0952483265039537e-07,1.1128136108087337e-07,9.543702851479341e-08,9.209901115647258e-08
RepsRanparQMC/IndSumNormal-8-Lat-Rp-16-10000.dat,IndSumNormal,8,Lat-Rp,16,qmc,False,-8.932107223752023e-05,4.369379943731994e-06,-3.26569215822918,74.82915427968864,    ,4.0519461246675067e-07,1.8039475216769171e-07,1.760593287157747e-07,1.9919958514757978e-07,2.0207262914343888e-07,1.8014982879485357e-07
RepsRanparQMC/IndSumNormal-8-Lat-Rp-B-16-10000.dat,IndSumNormal,8,Lat-Rp,16,qmc,True,3.307854700392395e-05,2.5708276394872163e-06,4.070167629088976,73.29592340922899,    ,2.3480579386163774e-07,2.2617164294695234e-07,2.3456608288570544e-07,2.411311309507659e-07,1.962594258592259e-07,1.9462951339836237e-07
RepsRanparRQMC/IndSumNormal-8-Lat-Rv-RS-6-10000.dat,IndSumNormal,8,Lat-Rv,6,RS,False,-0.00011775393145705551,0.0012705485937500002,0.10655184021693437,3.0980917378900292,    ,0.00011551828360200997,0.00019065631980421687,0.00019224077555388458,0.0001724831829080626,0.00013761918738169787,0.00013733346612580132
RepsRanparRQMC/IndSumNormal-8-Lat-Rv-RSB-6-10000.dat,IndSumNormal,8,Lat-Rv,6,RS,True,0.0005822460685429464,0.0015482037500000002,0.09320206502293503,2.993119893028697,    ,0.0001410848059388792,0.00023084841085134014,0.0002361682161093734,0.00021648145240863115,0.00017129314328787485,0.0001714947489122239
RepsRanparQMC/IndSumNormal-8-Lat-Rv-6-10000.dat,IndSumNormal,8,Lat-Rv,6,qmc,False,-0.017628691431457035,0.0029614842553710927,-0.007540237979510545,2.639293339478387,    ,0.0005799966029828988,0.0007599356744613405,0.0007869173598561137,0.0007462050519801352,0.0006429845001990951,0.0006491153113712074
RepsRanparQMC/IndSumNormal-8-Lat-Rv-B-6-10000.dat,IndSumNormal,8,Lat-Rv,6,qmc,True,-0.01441775393145705,0.0025133170312499997,0.3639625044995019,3.0499415837435913,    ,0.000436354994905318,0.0007118515033234889,0.0007247636034932492,0.0006461392935554136,0.00053335751268728,0.0005455926992629105
RepsRanparRQMC/IndSumNormal-8-Lat-Rv-RS-8-10000.dat,IndSumNormal,8,Lat-Rv,8,RS,False,2.716794354299214e-05,0.0003123496202087403,0.021032956614357955,3.718006142389688,    ,2.8396158116132743e-05,4.1082629515101306e-05,4.261620974475011e-05,4.068174841631793e-05,3.230018340163374e-05,3.24942148654518e-05
RepsRanparRQMC/IndSumNormal-8-Lat-Rv-RSB-8-10000.dat,IndSumNormal,8,Lat-Rv,8,RS,True,0.00020373044354299834,0.0004000428709411622,0.0010647653336004136,3.7069317403104267,    ,3.6409039815550064e-05,4.694272104649174e-05,4.823900114962089e-05,4.778579685822032e-05,3.929439116920181e-05,3.8625118947005e-05
RepsRanparQMC/IndSumNormal-8-Lat-Rv-8-10000.dat,IndSumNormal,8,Lat-Rv,8,qmc,False,-0.005355253931456953,0.0009129863427734368,-0.03170396870295016,3.4688788267019133,    ,0.00011167750310433396,0.00014100974496074873,0.0001451404647216575,0.00014625585885427535,0.0001229104367566392,0.00012270284330777472
RepsRanparQMC/IndSumNormal-8-Lat-Rv-B-8-10000.dat,IndSumNormal,8,Lat-Rv,8,qmc,True,-0.005998222681456984,0.0007061701654052729,0.5197067255816884,3.4400910383933634,    ,0.00010017596310046072,0.00016849431854894567,0.00017980948285334922,0.00016076731044730727,0.00012569369302965189,0.00012884983447630205
RepsRanparRQMC/IndSumNormal-8-Lat-Rv-RS-10-10000.dat,IndSumNormal,8,Lat-Rv,10,RS,False,7.570309979307222e-05,7.399497961997987e-05,-0.15612203886425524,5.486953394749942,    ,6.732547288407359e-06,8.689631305163437e-06,8.949040711274997e-06,8.671406190468036e-06,7.169023653079295e-06,7.03904237166543e-06
RepsRanparRQMC/IndSumNormal-8-Lat-Rv-RSB-10-10000.dat,IndSumNormal,8,Lat-Rv,10,RS,True,0.00017365231854306822,9.89560845947266e-05,-0.06993907873117025,5.9249894706555315,    ,9.026162818165075e-06,8.997180285285534e-06,8.892177038508948e-06,9.426988633014737e-06,8.407666134481298e-06,7.942485104224676e-06
RepsRanparQMC/IndSumNormal-8-Lat-Rv-10-10000.dat,IndSumNormal,8,Lat-Rv,10,qmc,False,-0.0013542773689568838,0.00024378165584564192,-0.20009280288193057,5.248155415529308,    ,2.3996035905308954e-05,2.4105256068181738e-05,2.3740883953693825e-05,2.6006298026777242e-05,2.340698301529418e-05,2.2498229986795027e-05
RepsRanparQMC/IndSumNormal-8-Lat-Rv-B-10-10000.dat,IndSumNormal,8,Lat-Rv,10,qmc,True,-0.0018890429939569155,0.00017696512416839595,0.8824554792627547,4.616724160921598,    ,1.9656221993780976e-05,2.8699408089395383e-05,3.0627231922755154e-05,2.9442283592206786e-05,2.4232832460415316e-05,2.3539057048573625e-05
RepsRanparRQMC/IndSumNormal-8-Lat-Rv-RS-12-10000.dat,IndSumNormal,8,Lat-Rv,12,RS,False,1.220212323063986e-05,1.876661040723338e-05,-0.299119061265444,11.620538337237706,    ,1.7062043833780069e-06,1.747680358890373e-06,1.7804798927016627e-06,1.824215016222179e-06,1.5567663134200402e-06,1.5132016518648636e-06
RepsRanparRQMC/IndSumNormal-8-Lat-Rv-RSB-12-10000.dat,IndSumNormal,8,Lat-Rv,12,RS,True,5.038571698062547e-05,2.5604051417708508e-05,-0.3280576217719823,14.992084912985952,    ,2.330179758449152e-06,1.7842862336399748e-06,1.80976235394249e-06,1.8621305241817935e-06,1.6490725703630464e-06,1.5791227638003828e-06
RepsRanparQMC/IndSumNormal-8-Lat-Rv-12-10000.dat,IndSumNormal,8,Lat-Rv,12,qmc,False,-0.0003966601814568942,6.11228811836254e-05,-0.5045204411947403,10.523603573932608,    ,5.71396486170118e-06,3.86317640044769e-06,3.7250654771160975e-06,4.244506620615236e-06,4.256789827287924e-06,3.848069792024338e-06
RepsRanparQMC/IndSumNormal-8-Lat-Rv-B-12-10000.dat,IndSumNormal,8,Lat-Rv,12,qmc,True,-0.0005602832283318637,4.584773486852591e-05,1.7800383755787215,10.124061483090404,    ,4.481893193088695e-06,4.767567278647417e-06,4.893753736332711e-06,4.994379201154731e-06,4.536613002486396e-06,4.12439036429579e-06
RepsRanparRQMC/IndSumNormal-8-Lat-Rv-RS-14-10000.dat,IndSumNormal,8,Lat-Rv,14,RS,False,1.783566815252607e-05,5.064523369036592e-06,1.266907097392284,97.53460436262081,    ,4.607293264254099e-07,3.620849540129359e-07,3.6786136563970383e-07,3.8828815137084776e-07,3.3285824292627564e-07,3.21688456195539e-07
RepsRanparRQMC/IndSumNormal-8-Lat-Rv-RSB-14-10000.dat,IndSumNormal,8,Lat-Rv,14,RS,True,1.0261205261928245e-05,6.781719082444443e-06,-1.0804707803936746,58.84539673861619,    ,6.166252089192859e-07,3.647427500866502e-07,3.715078052920833e-07,3.87243043230714e-07,3.377025020544408e-07,3.2520298471142287e-07
RepsRanparQMC/IndSumNormal-8-Lat-Rv-14-10000.dat,IndSumNormal,8,Lat-Rv,14,qmc,False,-0.00017662233966004887,1.6621102417967986e-05,-1.3113851061846113,37.091556353104835,    ,1.542204761591352e-06,7.111664579170682e-07,6.914706678896254e-07,7.771300743795765e-07,7.975975597742208e-07,7.014105537413709e-07
RepsRanparQMC/IndSumNormal-8-Lat-Rv-B-14-10000.dat,IndSumNormal,8,Lat-Rv,14,qmc,True,-0.0001714038338005657,1.1606901584715498e-05,3.471140503128946,30.570355639048206,    ,1.0845521455793046e-06,8.347645374448707e-07,8.434401510184923e-07,8.638680991570575e-07,7.993760530418781e-07,7.26637540504605e-07
RepsRanparRQMC/IndSumNormal-8-Lat-Rv-RS-16-10000.dat,IndSumNormal,8,Lat-Rv,16,RS,False,7.114842957076151e-06,1.3019931481677472e-06,12.842264453982583,621.683786830486,    ,1.1841363446009906e-07,7.051253861898297e-08,7.129322271185467e-08,7.507205769448113e-08,6.520048695886134e-08,6.334456068323196e-08
RepsRanparRQMC/IndSumNormal-8-Lat-Rv-RSB-16-10000.dat,IndSumNormal,8,Lat-Rv,16,RS,True,-6.9125618280955535e-06,1.5508881590123775e-06,-2.4584353133132653,226.8529012720918,    ,1.410376161485161e-07,7.637676623213009e-08,7.797337754655752e-08,7.920166661168514e-08,6.916532765384132e-08,6.609073762637171e-08
RepsRanparQMC/IndSumNormal-8-Lat-Rv-16-10000.dat,IndSumNormal,8,Lat-Rv,16,qmc,False,-4.161867755100468e-05,4.117001227515265e-06,-4.52335280641684,133.10651271240374,    ,3.7600495318611855e-07,1.246824026964396e-07,1.2091513407969646e-07,1.359504899000291e-07,1.3554840078031297e-07,1.212729271940484e-07
RepsRanparQMC/IndSumNormal-8-Lat-Rv-B-16-10000.dat,IndSumNormal,8,Lat-Rv,16,qmc,True,-1.8492456847815615e-05,2.9112174656584465e-06,7.375560623145062,121.68601152975155,    ,2.6499810420194526e-07,1.5141108833432132e-07,1.5346572300793853e-07,1.576115086231591e-07,1.4135354889317513e-07,1.3300874861820515e-07
RepsFixedparRQMC/IndSumNormal-8-Sob-DS-6-10000.dat,IndSumNormal,8,Sob,6,DS,False,0.0004025585685429456,0.0008918476342773438,0.08169087691642996,3.114257253646693,    ,8.123911106268406e-05,0.0001384579103599081,0.0001360990883885508,0.00012120449844071883,9.661530668212588e-05,9.700599632664555e-05
RepsFixedparRQMC/IndSumNormal-8-Sob-DS-8-10000.dat,IndSumNormal,8,Sob,8,DS,False,-2.439455645704116e-05,0.0001711061058044434,0.0531279234551114,2.915894062963745,    ,1.555569562206141e-05,2.460457155793069e-05,2.566081654506813e-05,2.409570725559666e-05,1.8772305173118156e-05,1.8848015918586842e-05
RepsFixedparRQMC/IndSumNormal-8-Sob-DS-10-10000.dat,IndSumNormal,8,Sob,10,DS,False,-3.7187525206972356e-05,3.8313255300521863e-05,0.04944401478873934,3.0026397485864336,    ,3.4844061211693703e-06,5.3582118526110504e-06,5.640405204031773e-06,5.346131954311375e-06,4.152507827688072e-06,4.171074991687099e-06
RepsFixedparRQMC/IndSumNormal-8-Sob-DS-12-10000.dat,IndSumNormal,8,Sob,12,DS,False,1.0615209168110542e-05,8.226517369747166e-06,0.0845642560644984,2.961994530090405,    ,7.479778980972433e-07,1.1493066725175454e-06,1.2266363388075285e-06,1.1544530195273018e-06,8.805691114020096e-07,8.955232431193214e-07
RepsFixedparRQMC/IndSumNormal-8-Sob-DS-14-10000.dat,IndSumNormal,8,Sob,14,DS,False,-1.4439722472452274e-05,2.1966361432895067e-06,0.03446950139291414,3.097449631801646,    ,1.9990270042958206e-07,3.0341513120554013e-07,3.2076103551113506e-07,3.0318258908210726e-07,2.3569245082564683e-07,2.3852580259650106e-07
RepsFixedparRQMC/IndSumNormal-8-Sob-DS-16-10000.dat,IndSumNormal,8,Sob,16,DS,False,-6.409021788824618e-06,3.643603309779529e-07,-0.018532861899889987,2.9857628511581953,    ,3.3164742012830805e-08,4.941698265227197e-08,5.3039715824698266e-08,5.161462634508214e-08,3.9253273597791066e-08,4.012939183992452e-08
RepsRanparRQMC/IndSumNormal-8-Sob-LMS-DS-6-10000.dat,IndSumNormal,8,Sob-LMS,6,DS,False,5.255856854294512e-05,0.0008224991967773437,0.06685353780773007,2.971490056477641,    ,7.477541665561309e-05,0.00013101727290905127,0.0001303291800968246,0.00011449854160249739,8.901919408932302e-05,9.131160445600342e-05
RepsRanparQMC/IndSumNormal-8-Sob-LMS-6-10000.dat,IndSumNormal,8,Sob-LMS,6,qmc,False,-0.02471931643145706,0.0007783765600585941,0.05835495117597916,2.860233678124603,    ,0.0006818061102983752,0.0007435473130324927,0.0007453516283702075,0.0007288615142700963,0.000699327999833364,0.0007024455983517842
RepsRanparRQMC/IndSumNormal-8-Sob-LMS-DS-8-10000.dat,IndSumNormal,8,Sob-LMS,8,DS,False,6.076169354295858e-05,0.00016769043441772465,0.013103743768172646,2.997187490532527,    ,1.5248276930468087e-05,2.3930592253414137e-05,2.490016584629468e-05,2.368119819758733e-05,1.8655697678977674e-05,1.8675332550601504e-05
RepsRanparQMC/IndSumNormal-8-Sob-LMS-8-10000.dat,IndSumNormal,8,Sob-LMS,8,qmc,False,-0.003991191431457037,0.00015366461181640553,-0.019448277745444147,2.9102051105670896,    ,2.9899119207663844e-05,3.81219903089949e-05,3.886448190967169e-05,3.747367873048534e-05,3.252089152678603e-05,3.281616589462834e-05
RepsRanparRQMC/IndSumNormal-8-Sob-LMS-DS-10-10000.dat,IndSumNormal,8,Sob-LMS,10,DS,False,9.980443543029253e-06,4.104412246704105e-05,0.07074054184542143,2.9454507486506003,    ,3.731383469893411e-06,5.683267567963134e-06,6.0268145178411085e-06,5.705838234103731e-06,4.461874182721849e-06,4.4960964666560945e-06
RepsRanparQMC/IndSumNormal-8-Sob-LMS-10-10000.dat,IndSumNormal,8,Sob-LMS,10,qmc,False,0.0008618359122930283,3.9730958700179973e-05,0.043282384854130794,3.0166757052530957,    ,4.354666476097954e-06,6.2640946424592e-06,6.537852343624981e-06,6.242351624793113e-06,5.0486589037204025e-06,5.079912709785512e-06
RepsRanparRQMC/IndSumNormal-8-Sob-LMS-DS-12-10000.dat,IndSumNormal,8,Sob-LMS,12,DS,False,-4.6757837706888726e-05,8.583096971511837e-06,0.009300675440970529,3.0758446561459825,    ,7.824678382517362e-07,1.171334662772977e-06,1.2372053429690354e-06,1.193437232237772e-06,9.172409642060098e-07,9.327987977806247e-07
RepsRanparQMC/IndSumNormal-8-Sob-LMS-12-10000.dat,IndSumNormal,8,Sob-LMS,12,qmc,False,-3.7431665831888405e-05,8.189735295772577e-06,0.0872645685987135,3.0491499663820116,    ,7.459225201317299e-07,1.1012119588640095e-06,1.1585961946148758e-06,1.120340121463962e-06,8.696254015333242e-07,8.831029795164288e-07
RepsRanparRQMC/IndSumNormal-8-Sob-LMS-DS-14-10000.dat,IndSumNormal,8,Sob-LMS,14,DS,False,-2.5139185363077526e-05,1.891114497035741e-06,0.025952277062931624,2.9130436469793954,    ,1.7255147837124108e-07,2.688995848592829e-07,2.8699538546436983e-07,2.725962998927271e-07,2.054461333388261e-07,2.1185787139789966e-07
RepsRanparQMC/IndSumNormal-8-Sob-LMS-14-10000.dat,IndSumNormal,8,Sob-LMS,14,qmc,False,2.2608617371296857e-05,1.8310042485222258e-06,-0.013645811692319178,2.889283807764856,    ,1.669660812632804e-07,2.5671263007874514e-07,2.742902240124723e-07,2.565108855474103e-07,1.9777849171094124e-07,1.993623409030139e-07
RepsRanparRQMC/IndSumNormal-8-Sob-LMS-DS-16-10000.dat,IndSumNormal,8,Sob-LMS,16,DS,False,-7.678474724174228e-07,3.9579461697489256e-07,-0.0028367563575405572,2.9362790258330422,    ,3.5981918405640225e-08,5.6461299218698485e-08,5.986881101217906e-08,5.5730025947433074e-08,4.2116412749548855e-08,4.31884973480874e-08
RepsRanparQMC/IndSumNormal-8-Sob-LMS-16-10000.dat,IndSumNormal,8,Sob-LMS,16,qmc,False,-2.860903399586028e-05,3.8447789064607913e-07,0.050518761212426155,3.0869945066800444,    ,3.577101233945621e-08,5.283594329155546e-08,5.582854263226398e-08,5.4070150140390796e-08,4.2352879698755753e-08,4.239111262826353e-08
RepsRanparRQMC/IndSumNormal-8-Sob-NUS-6-10000.dat,IndSumNormal,8,Sob-NUS,6,NUS,False,-3.6914314570547725e-06,0.0007919131616210937,0.023247440313503565,2.898604369791338,    ,7.19921192285838e-05,0.00013192810964008706,0.00012962469106540068,0.00011017434865643318,8.632858864906068e-05,8.810625576964063e-05
RepsRanparRQMC/IndSumNormal-8-Sob-NUS-8-10000.dat,IndSumNormal,8,Sob-NUS,8,NUS,False,0.0001853710685429586,0.00016856026855468757,0.05584130230510643,2.933192801151464,    ,1.5358023210751627e-05,2.5032949055957554e-05,2.5906996508018422e-05,2.385923567828319e-05,1.8811900284443888e-05,1.887332770399935e-05
RepsRanparRQMC/IndSumNormal-8-Sob-NUS-10-10000.dat,IndSumNormal,8,Sob-NUS,10,NUS,False,9.884763104302912e-05,4.082115016937259e-05,-0.002792337934284116,3.108905397431424,    ,3.720784505923963e-06,5.750681298665732e-06,6.067085752262289e-06,5.697668820085781e-06,4.455952585168747e-06,4.479238107858835e-06
RepsRanparRQMC/IndSumNormal-8-Sob-NUS-12-10000.dat,IndSumNormal,8,Sob-NUS,12,NUS,False,2.412084168112241e-06,8.510524079799648e-06,0.01824964906442676,2.915593843407392,    ,7.736898254045475e-07,1.2000707218135221e-06,1.2801771065473129e-06,1.2334072814787415e-06,9.290302346600622e-07,9.561786240557973e-07
RepsRanparRQMC/IndSumNormal-8-Sob-NUS-14-10000.dat,IndSumNormal,8,Sob-NUS,14,NUS,False,-1.4281031066203254e-05,1.886198402605949e-06,-0.01998848001417577,2.974232736643752,    ,1.7167652990340013e-07,2.5734359617150487e-07,2.722230264267688e-07,2.645085152069319e-07,2.0330097109162964e-07,2.0812279187841462e-07
RepsRanparRQMC/IndSumNormal-8-Sob-NUS-16-10000.dat,IndSumNormal,8,Sob-NUS,16,NUS,False,1.8291984260184503e-06,4.0112538254819996e-07,-0.006761417998424891,3.0512566934836878,    ,3.6469289834899925e-08,5.496415580023664e-08,5.824584969736831e-08,5.4907716656546196e-08,4.3024715472463e-08,4.321130236412685e-08
RepsFixedparRQMC/IndSumNormal-16-Lat-RS-6-10000.dat,IndSumNormal,16,Lat,6,RS,False,0.0001588085685429448,0.001245940231933594,0.08065781805684843,3.0001319044707238,    ,0.00011329251397358755,0.00019065551913070064,0.0001927294316142009,0.00017071089112448233,0.00013384118928421623,0.00013455687654811922
RepsFixedparRQMC/IndSumNormal-16-Lat-RSB-6-10000.dat,IndSumNormal,16,Lat,6,RS,True,-0.0005286914314570538,0.001556219724121094,0.06239325002684519,2.9073099910533813,    ,0.00014175403500434102,0.0002365503067028479,0.00024401344657783651,0.0002174015357693551,0.0001688113529453723,0.00016989938950288673
RepsFixedparRQMC/IndSumNormal-16-Lat-RS-8-10000.dat,IndSumNormal,16,Lat,8,RS,False,2.013669354304284e-05,0.00034170201400756864,0.004763829878168044,2.972499123593954,    ,3.1064224941660357e-05,4.7883418827098426e-05,5.00515098572916e-05,4.826021743136293e-05,3.6756712376634934e-05,3.7777906044473125e-05
RepsFixedparRQMC/IndSumNormal-16-Lat-RSB-8-10000.dat,IndSumNormal,16,Lat,8,RS,True,-0.00022244143145693095,0.0004328970727539067,-0.014962031964382144,2.791441024465876,    ,3.940375953169286e-05,6.122356611343466e-05,6.507495323319239e-05,6.13267631206482e-05,4.7626266229356304e-05,4.7529232152103285e-05
RepsFixedparRQMC/IndSumNormal-16-Lat-RS-10-10000.dat,IndSumNormal,16,Lat,10,RS,False,-2.8593775206849426e-05,6.994400435447694e-05,-0.07934310449033517,2.9519099278522813,    ,6.3593634543875746e-06,9.604467549650986e-06,1.0156497334021692e-05,9.773377579955623e-06,7.568880626722682e-06,7.669562294098416e-06
RepsFixedparRQMC/IndSumNormal-16-Lat-RSB-10-10000.dat,IndSumNormal,16,Lat,10,RS,True,-4.031252520682925e-05,6.373717223167424e-05,0.010071035990232007,3.006091158963289,    ,5.795913484386209e-06,8.73195844619963e-06,9.189994919818734e-06,8.774653542173124e-06,6.779913103109987e-06,6.875173034061592e-06
RepsFixedparRQMC/IndSumNormal-16-Lat-RS-12-10000.dat,IndSumNormal,16,Lat,12,RS,False,-6.084009581781123e-06,1.3337675988674164e-05,-0.023094764192690388,2.9904504850483824,    ,1.2125530141429697e-06,1.8566594731377013e-06,1.9633715007745096e-06,1.8793482867190496e-06,1.4761155708744367e-06,1.4794798050861857e-06
RepsFixedparRQMC/IndSumNormal-16-Lat-RSB-12-10000.dat,IndSumNormal,16,Lat,12,RS,True,2.1992162293224407e-05,1.1907174348831174e-05,0.056093916989166874,3.0014573299561977,    ,1.0829540505506201e-06,1.6988286442804332e-06,1.7901637750796736e-06,1.6577036715750116e-06,1.2820248743943233e-06,1.296693226836837e-06
RepsFixedparRQMC/IndSumNormal-16-Lat-RS-14-10000.dat,IndSumNormal,16,Lat,14,RS,False,1.094479900980324e-05,2.8326087854802577e-06,0.0474709542681393,2.9332456434068934,    ,2.5762967821447934e-07,3.8885193536734297e-07,4.163897352662986e-07,3.9659578592903177e-07,3.0478101025771196e-07,3.0956950050144305e-07
RepsFixedparRQMC/IndSumNormal-16-Lat-RSB-14-10000.dat,IndSumNormal,16,Lat,14,RS,True,-8.275171689885026e-06,2.061594507061092e-06,-0.0033697906461903357,2.9827624137703044,    ,1.8748616092659633e-07,2.874684593005146e-07,3.047462111802036e-07,2.868616948147402e-07,2.2341361706075376e-07,2.2539753250118366e-07
RepsFixedparRQMC/IndSumNormal-16-Lat-RS-16-10000.dat,IndSumNormal,16,Lat,16,RS,False,1.0775426445690229e-05,6.49930722636273e-07,0.024197979828746555,3.007601949752969,    ,5.920072096383857e-08,8.661395992621153e-08,9.190686614981662e-08,8.914586246070388e-08,6.891184542493395e-08,6.976973490968261e-08
RepsFixedparRQMC/IndSumNormal-16-Lat-RSB-16-10000.dat,IndSumNormal,16,Lat,16,RS,True,8.75821451173701e-06,5.244999653442298e-07,-0.005144371762252897,2.9913332706504736,    ,4.775852135272722e-08,7.21459217397859e-08,7.657230640629122e-08,7.356891168553293e-08,5.7287412066115535e-08,5.763979045864424e-08
RepsRanparRQMC/IndSumNormal-16-Lat-Rp-RS-6-10000.dat,IndSumNormal,16,Lat-Rp,6,RS,False,-0.00038245002603305744,0.0016677148085751028,0.105176341349502,3.111673075918607,    ,0.00015175670516560385,0.00023121897815981453,0.0002443675715212807,0.00023175495937185188,0.0001804495759938653,0.00018213949985292289
RepsRanparRQMC/IndSumNormal-16-Lat-Rp-RSB-6-10000.dat,IndSumNormal,16,Lat-Rp,6,RS,True,-0.0003238445654966492,0.001575508623998344,0.05236942651072419,2.94666650802044,    ,0.00014333293202972388,0.00021892389139048304,0.00023062865285669752,0.0002230938505998317,0.00017057920198305566,0.00017400124301389472
RepsRanparQMC/IndSumNormal-16-Lat-Rp-6-10000.dat,IndSumNormal,16,Lat-Rp,6,qmc,False,-0.01996449537957994,0.003306212974322039,0.23098338142976102,2.9216941877567693,    ,0.0006991458916087268,0.0009256186334771231,0.000976287942487836,0.0009148210855851986,0.0007902318560903117,0.0007879622129981343
RepsRanparQMC/IndSumNormal-16-Lat-Rp-B-6-10000.dat,IndSumNormal,16,Lat-Rp,6,qmc,True,0.029897812989734752,0.003328195302804989,0.14960945556463762,2.920800488162396,    ,0.00119644243091506,0.0013142328141226942,0.0013185728415932077,0.001313594465004613,0.0012399694412345474,0.0012377128264290625
RepsRanparRQMC/IndSumNormal-16-Lat-Rp-RS-8-10000.dat,IndSumNormal,16,Lat-Rp,8,RS,False,9.744088006156078e-05,0.0004117676342803046,0.06071814044965183,3.2264197286825467,    ,3.744291602331668e-05,5.262893381818619e-05,5.56002189678781e-05,5.4085817242027335e-05,4.362850969827136e-05,4.304448214632719e-05
RepsRanparRQMC/IndSumNormal-16-Lat-Rp-RSB-8-10000.dat,IndSumNormal,16,Lat-Rp,8,RS,True,4.244157153405811e-05,0.0004043531116946383,0.03389473689747395,3.1857202909961457,    ,3.676117507741594e-05,5.538313430024657e-05,5.808385550392864e-05,5.537941376186863e-05,4.283582506832134e-05,4.381081793652778e-05
RepsRanparQMC/IndSumNormal-16-Lat-Rp-8-10000.dat,IndSumNormal,16,Lat-Rp,8,qmc,False,-0.0066008850310398035,0.0011246441081126097,0.1262431052381173,3.033178020495866,    ,0.00014581205665778805,0.00020601749314440245,0.00021705429236540876,0.0002059398874559756,0.00016916993845093214,0.00016969647326402706
RepsRanparQMC/IndSumNormal-16-Lat-Rp-B-8-10000.dat,IndSumNormal,16,Lat-Rp,8,qmc,True,0.008230190850082435,0.0008230333972614727,0.22773424562217745,3.1206973447262167,    ,0.00014255725936164178,0.0001661677104808016,0.0001689851779236513,0.00016699488192894102,0.00014781528331673518,0.0001487854233582176
RepsRanparRQMC/IndSumNormal-16-Lat-Rp-RS-10-10000.dat,IndSumNormal,16,Lat-Rp,10,RS,False,5.4115061246317594e-05,9.903571182375126e-05,0.052336776489553795,3.239310709083667,    ,9.006174969285625e-06,1.3018318116154698e-05,1.3756944766436387e-05,1.33316309359965e-05,1.0378293246047187e-05,1.0430045509041707e-05
RepsRanparRQMC/IndSumNormal-16-Lat-Rp-RSB-10-10000.dat,IndSumNormal,16,Lat-Rp,10,RS,True,-0.0001657647228758325,9.420269660343295e-05,-0.03889180841109822,3.715277291185902,    ,8.591359452753098e-06,1.0900562551144125e-05,1.128313209833855e-05,1.1543138988571882e-05,9.359392103504935e-06,9.301234088881325e-06
RepsRanparQMC/IndSumNormal-16-Lat-Rp-10-10000.dat,IndSumNormal,16,Lat-Rp,10,qmc,False,-0.0018575284600824736,0.0003060331891251625,0.0467969996607089,3.3982696609575487,    ,3.127161099139478e-05,4.0396744850571085e-05,4.231895705534279e-05,4.1855284169232516e-05,3.517806519360373e-05,3.438900271599306e-05
RepsRanparQMC/IndSumNormal-16-Lat-Rp-B-10-10000.dat,IndSumNormal,16,Lat-Rp,10,qmc,True,0.0020864947461825536,0.00019822896901865292,0.3278386916799767,3.4319543367223786,    ,2.237427569117948e-05,2.8109995678641462e-05,2.886752408545769e-05,2.882981651345958e-05,2.461882773706412e-05,2.4302902786319678e-05
RepsRanparRQMC/IndSumNormal-16-Lat-Rp-RS-12-10000.dat,IndSumNormal,16,Lat-Rp,12,RS,False,-1.0082553772559932e-05,2.4121688725982066e-05,-0.045357024743160335,3.6094968144520254,    ,2.1929824511616736e-06,2.924592262957971e-06,3.0879797283075493e-06,3.13414475929639e-06,2.4823399189330276e-06,2.488660685380088e-06
RepsRanparRQMC/IndSumNormal-16-Lat-Rp-RSB-12-10000.dat,IndSumNormal,16,Lat-Rp,12,RS,True,-6.4919203086457254e-06,2.4584585063408816e-05,-0.06763266910719318,5.055538191257689,    ,2.2350044235210043e-06,2.5157910850580216e-06,2.550904036608819e-06,2.658589739556923e-06,2.2410390571079843e-06,2.200014417835059e-06
RepsRanparQMC/IndSumNormal-16-Lat-Rp-12-10000.dat,IndSumNormal,16,Lat-Rp,12,qmc,False,-0.0004808483221421901,8.441872070718271e-05,-0.1239794228863497,4.049046842466032,    ,7.905644264105388e-06,9.584122466035436e-06,9.861582997150135e-06,1.020928539521123e-05,8.487457424291748e-06,8.32472172030694e-06
RepsRanparQMC/IndSumNormal-16-Lat-Rp-B-12-10000.dat,IndSumNormal,16,Lat-Rp,12,qmc,True,0.0005633746139613501,5.029098117828159e-05,0.6907678626860791,4.488878421126409,    ,4.889298335499881e-06,5.189502831498866e-06,5.267951161761223e-06,5.665588012140205e-06,4.967488940772534e-06,4.7626886045285425e-06
RepsRanparRQMC/IndSumNormal-16-Lat-Rp-RS-14-10000.dat,IndSumNormal,16,Lat-Rp,14,RS,False,-2.4467027410262497e-05,6.192999886079476e-06,-0.25293784452454215,4.997126096053441,    ,5.635986250738832e-07,7.222290628173779e-07,7.462746499762873e-07,7.423251481260477e-07,6.025100185495324e-07,5.965531992976978e-07
RepsRanparRQMC/IndSumNormal-16-Lat-Rp-RSB-14-10000.dat,IndSumNormal,16,Lat-Rp,14,RS,True,-6.428408564034069e-06,6.356705533009835e-06,-0.3469545007162685,11.600726730210758,    ,5.779236456193784e-07,5.672123294527929e-07,5.879431894386324e-07,5.860172389072236e-07,5.000384583064716e-07,4.849750577918486e-07
RepsRanparQMC/IndSumNormal-16-Lat-Rp-14-10000.dat,IndSumNormal,16,Lat-Rp,14,qmc,False,-0.00021393851605407366,2.2406312778422793e-05,-0.28066335105937196,6.78404940194159,    ,2.082707213962582e-06,1.8565765074626595e-06,1.8459763845301978e-06,2.052702807377546e-06,1.9089149447454716e-06,1.7789757659403674e-06
RepsRanparQMC/IndSumNormal-16-Lat-Rp-B-14-10000.dat,IndSumNormal,16,Lat-Rp,14,qmc,True,0.0001764625474008332,1.2873705630655217e-05,1.4047045390930324,8.527602495005983,    ,1.2014759061493017e-06,1.1681771406648783e-06,1.195331130098949e-06,1.2418715769035797e-06,1.0722984727806438e-06,1.0342683471219194e-06
RepsRanparRQMC/IndSumNormal-16-Lat-Rp-RS-16-10000.dat,IndSumNormal,16,Lat-Rp,16,RS,False,-1.0309214326363839e-05,1.5275641160834845e-06,-0.5066737847377711,10.676751463732197,    ,1.389757449985255e-07,1.5849639317208707e-07,1.6286430864477127e-07,1.6570668952218218e-07,1.36979004016527e-07,1.3475735255960081e-07
RepsRanparRQMC/IndSumNormal-16-Lat-Rp-RSB-16-10000.dat,IndSumNormal,16,Lat-Rp,16,RS,True,1.0197751528417127e-05,1.4930340655951967e-06,0.46578409208813965,28.837051244277745,    ,1.3583436373579867e-07,1.3690035872571116e-07,1.4270827717692936e-07,1.4232248372329226e-07,1.1605112027161788e-07,1.1617521122666591e-07
RepsRanparQMC/IndSumNormal-16-Lat-Rp-16-10000.dat,IndSumNormal,16,Lat-Rp,16,qmc,False,-7.150166917252316e-05,5.763229185801568e-06,-0.6204260823554417,16.223343930593533,    ,5.290424146764177e-07,3.4989208638810215e-07,3.4375436979494737e-07,3.822961616879136e-07,3.786902152123873e-07,3.4303133324545425e-07
RepsRanparQMC/IndSumNormal-16-Lat-Rp-B-16-10000.dat,IndSumNormal,16,Lat-Rp,16,qmc,True,5.967044571414577e-05,3.4493020897922668e-06,2.90615709320123,24.585916035369053,    ,3.1713347934556726e-07,2.5969719365339636e-07,2.6818651082481423e-07,2.790773519944515e-07,2.3413605758747566e-07,2.2926701910268708e-07
RepsRanparRQMC/IndSumNormal-16-Lat-Rv-RS-6-10000.dat,IndSumNormal,16,Lat-Rv,6,RS,False,-0.00012244143145705556,0.001259412790527344,0.07476623996196345,2.9581669005096134,    ,0.00011450706377025944,0.00018724208066800204,0.0001882078114040454,0.00016625526099697807,0.0001332952320698114,0.00013188033189136874
RepsRanparRQMC/IndSumNormal-16-Lat-Rv-RSB-6-10000.dat,IndSumNormal,16,Lat-Rv,6,RS,True,-9.900393145705293e-05,0.0016361851171875007,0.08928299453433426,2.9749304045452742,    ,0.00014875390334094402,0.0002413516743052268,0.00024580196224725234,0.00022564731841093338,0.00017399156226173416,0.00017718488688196684
RepsRanparQMC/IndSumNormal-16-Lat-Rv-6-10000.dat,IndSumNormal,16,Lat-Rv,6,qmc,False,-0.015272441431457034,0.0030911493530273427,0.00822189961913142,2.703617841142629,    ,0.0005142610448252256,0.0006920845113835689,0.0007178487500902451,0.0006812303942996244,0.0005778628879740049,0.0005823087270829608
RepsRanparQMC/IndSumNormal-16-Lat-Rv-B-6-10000.dat,IndSumNormal,16,Lat-Rv,6,qmc,True,-0.01225525393145705,0.0027508290625000006,0.2803142685302098,2.9275481986549106,    ,0.00040026661824267535,0.0006689356786101294,0.0006790472327903219,0.0006093846946195518,0.00049010283361701,0.0005003327397976662
RepsRanparRQMC/IndSumNormal-16-Lat-Rv-RS-8-10000.dat,IndSumNormal,16,Lat-Rv,8,RS,False,-0.00016619143145700675,0.0003116522485351563,0.022386653498427198,3.0892996112750986,    ,2.835964218599485e-05,4.150902453565985e-05,4.334504234322187e-05,4.15711863629982e-05,3.290259694694192e-05,3.309332332237171e-05
RepsRanparRQMC/IndSumNormal-16-Lat-Rv-RSB-8-10000.dat,IndSumNormal,16,Lat-Rv,8,RS,True,-0.00024626955645699867,0.0003995151170349122,0.0760182931722007,3.0858696711158378,    ,3.638020478852045e-05,5.3484891458072445e-05,5.574229880548047e-05,5.337949196790175e-05,4.251626098096203e-05,4.237618503964935e-05
RepsRanparQMC/IndSumNormal-16-Lat-Rv-8-10000.dat,IndSumNormal,16,Lat-Rv,8,qmc,False,-0.005558769556456949,0.0009569483445739738,-0.021680644457998253,2.9741024421603774,    ,0.00011789522303397204,0.00016681494375068686,0.00017397465655415468,0.00016644747495052502,0.00013479004067217754,0.00013676680275923967
RepsRanparQMC/IndSumNormal-16-Lat-Rv-B-8-10000.dat,IndSumNormal,16,Lat-Rv,8,qmc,True,-0.00539119143145698,0.000791792185058593,0.34189192114656536,3.120164790343353,    ,0.00010104605278321453,0.00016477819916605748,0.00017472391126991955,0.00016091584321565046,0.0001275244075809687,0.0001297023098173811
RepsRanparRQMC/IndSumNormal-16-Lat-Rv-RS-10-10000.dat,IndSumNormal,16,Lat-Rv,10,RS,False,-4.1972681456919394e-05,7.488384246826172e-05,0.0236263837666577,3.2192604842342565,    ,6.809383748557931e-06,9.97840090487201e-06,1.0530264394733487e-05,1.0009960302870252e-05,7.967832522614019e-06,7.890106547923427e-06
RepsRanparRQMC/IndSumNormal-16-Lat-Rv-RSB-10-10000.dat,IndSumNormal,16,Lat-Rv,10,RS,True,4.923825604307879e-05,9.822618526458742e-05,-0.020366463943905747,3.664937941438874,    ,8.932077611729747e-06,1.1115970203931926e-05,1.1486562297285065e-05,1.1777526384749076e-05,9.726962571655153e-06,9.580720453487538e-06
RepsRanparQMC/IndSumNormal-16-Lat-Rv-10-10000.dat,IndSumNormal,16,Lat-Rv,10,qmc,False,-0.0016053515877068692,0.00025844724196434003,-0.12382819777814114,3.2566985360810117,    ,2.607235753509297e-05,3.526026321735177e-05,3.675485325508534e-05,3.6741524174797927e-05,2.96447172829153e-05,2.960533516041938e-05
RepsRanparQMC/IndSumNormal-16-Lat-Rv-B-10-10000.dat,IndSumNormal,16,Lat-Rv,10,qmc,True,-0.0019390429939569,0.00020468377040863027,0.4700786537960471,3.4295426990927895,    ,2.2367503224107e-05,3.615239859917356e-05,3.8939214335832314e-05,3.6476849154025417e-05,2.7725788899673485e-05,2.8468410946825806e-05
RepsRanparRQMC/IndSumNormal-16-Lat-Rv-RS-12-10000.dat,IndSumNormal,16,Lat-Rv,12,RS,False,-4.080080645684793e-05,1.8702998695373533e-05,-0.07119180194859658,3.662082950634107,    ,1.7019373144778503e-06,2.3875103859382943e-06,2.491413733374916e-06,2.375024463902102e-06,1.935928501896276e-06,1.9147583047780343e-06
RepsRanparRQMC/IndSumNormal-16-Lat-Rv-RSB-12-10000.dat,IndSumNormal,16,Lat-Rv,12,RS,True,-3.3745142394353866e-05,2.534818245828151e-05,-0.07020958711612163,5.509876963983483,    ,2.305518958115353e-06,2.2413044753897786e-06,2.2329498199922375e-06,2.3939223578611045e-06,2.1801042146410243e-06,2.039129979537671e-06
RepsRanparQMC/IndSumNormal-16-Lat-Rv-12-10000.dat,IndSumNormal,16,Lat-Rv,12,qmc,False,-0.0004985644783318277,6.890127801656739e-05,-0.2173677966277711,4.26703504777097,    ,6.51231908601496e-06,7.338848810166601e-06,7.415418408732085e-06,7.768707323060907e-06,6.8407244504425594e-06,6.543037141277028e-06
RepsRanparQMC/IndSumNormal-16-Lat-Rv-B-12-10000.dat,IndSumNormal,16,Lat-Rv,12,qmc,True,-0.0005179004158318449,5.0251497247219004e-05,0.8446043188123576,4.5228061036242915,    ,4.8365387722841616e-06,6.592659932605374e-06,7.057509047307548e-06,7.142439727347372e-06,5.882546133297888e-06,5.630257070857203e-06
RepsRanparRQMC/IndSumNormal-16-Lat-Rv-RS-14-10000.dat,IndSumNormal,16,Lat-Rv,14,RS,False,1.6064201056625576e-06,4.683561041951266e-06,-0.08930822797053983,7.658859326931278,    ,4.257808571265801e-07,5.08249344741231e-07,5.242439006390846e-07,5.346417505840928e-07,4.2808358568730746e-07,4.3018375434605517e-07
RepsRanparRQMC/IndSumNormal-16-Lat-Rv-RSB-14-10000.dat,IndSumNormal,16,Lat-Rv,14,RS,True,2.0216039246243887e-05,6.1844271674380935e-06,-0.26433066826864493,13.61135306756353,    ,5.626293398280869e-07,4.898481057862362e-07,4.9934240183042e-07,4.95357618123089e-07,4.3068333549838155e-07,4.1090696452534764e-07
RepsRanparQMC/IndSumNormal-16-Lat-Rv-14-10000.dat,IndSumNormal,16,Lat-Rv,14,qmc,False,-0.00016259035723829244,1.8527863776535437e-05,-0.5103439336470021,9.046902795197905,    ,1.7107868766791881e-06,1.3223854373649645e-06,1.3052654205737858e-06,1.4565316092196114e-06,1.3922367705223724e-06,1.2651675666917488e-06
RepsRanparQMC/IndSumNormal-16-Lat-Rv-B-14-10000.dat,IndSumNormal,16,Lat-Rv,14,qmc,True,-0.00012579836505074342,1.3514674709881974e-05,1.9020973668872854,10.125659030364016,    ,1.2444320204568921e-06,1.2502906206061677e-06,1.303187354138605e-06,1.368682063795083e-06,1.2338024075465958e-06,1.1108881150028653e-06
RepsRanparRQMC/IndSumNormal-16-Lat-Rv-RS-16-10000.dat,IndSumNormal,16,Lat-Rv,16,RS,False,-1.335024493360864e-05,1.125002365177435e-06,-0.5865281436733758,15.41862137343638,    ,1.0245117132864507e-07,1.229905459962077e-07,1.2658997530862753e-07,1.2394345589367902e-07,9.955149281396069e-08,9.957777606270477e-08
RepsRanparRQMC/IndSumNormal-16-Lat-Rv-RSB-16-10000.dat,IndSumNormal,16,Lat-Rv,16,RS,True,-5.455347472572899e-06,1.5130366109683592e-06,-0.6944238948073145,48.81762524594088,    ,1.375785436313519e-07,1.0893843608769709e-07,1.1240253431033526e-07,1.1119443047482034e-07,9.311386938377674e-08,9.102188798351875e-08
RepsRanparQMC/IndSumNormal-16-Lat-Rv-16-10000.dat,IndSumNormal,16,Lat-Rv,16,qmc,False,-3.7704798156639336e-05,4.4848484443292356e-06,-0.6940751580356537,24.55648635526261,    ,4.0913514674305435e-07,2.315150485103926e-07,2.2731528167685917e-07,2.552456801406394e-07,2.492608576130647e-07,2.2795396240116028e-07
RepsRanparQMC/IndSumNormal-16-Lat-Rv-B-16-10000.dat,IndSumNormal,16,Lat-Rv,16,qmc,True,-4.3071314269686434e-05,3.3378653079292823e-06,3.624385438824048,29.994618334042563,    ,3.0529743883376194e-07,2.525021399345587e-07,2.6112912989825173e-07,2.6181397208367044e-07,2.2874219241452321e-07,2.1531161517987996e-07
RepsFixedparRQMC/IndSumNormal-16-Sob-DS-6-10000.dat,IndSumNormal,16,Sob,6,DS,False,0.00022443356854294488,0.000955316188964844,0.07935968614081597,2.96524412299465,    ,8.689729669622018e-05,0.00015259416726609703,0.0001526534988158828,0.0001335092611431031,0.00010249750751233098,0.00010507280095174807
RepsFixedparRQMC/IndSumNormal-16-Sob-DS-8-10000.dat,IndSumNormal,16,Sob,8,DS,False,6.464818542962958e-06,0.000186136127319336,0.046157839325895046,2.916726846072849,    ,1.692150791381843e-05,2.8273179161572014e-05,2.9365757587488644e-05,2.6920696945415062e-05,2.047371011146537e-05,2.083277301339489e-05
RepsFixedparRQMC/IndSumNormal-16-Sob-DS-10-10000.dat,IndSumNormal,16,Sob,10,DS,False,0.00010910153729303565,4.535619727134706e-05,-0.014311931169275632,2.977921991184647,    ,4.135193806471255e-06,6.2190629253708916e-06,6.58694410223498e-06,6.258707650501737e-06,4.82031535126403e-06,4.901238128472118e-06
RepsFixedparRQMC/IndSumNormal-16-Sob-DS-12-10000.dat,IndSumNormal,16,Sob,12,DS,False,4.252438885562183e-05,1.1702347921729091e-05,0.0024970709140005607,2.879979146125607,    ,1.0656581347138251e-06,1.6608150950805042e-06,1.766809090786567e-06,1.6936371004275357e-06,1.304651143810771e-06,1.3252193626095372e-06
RepsFixedparRQMC/IndSumNormal-16-Sob-DS-14-10000.dat,IndSumNormal,16,Sob,14,DS,False,2.7137425965056516e-05,2.534563409946862e-06,-0.06351419205054767,2.977541062232124,    ,2.3115129533772367e-07,3.4193964221175964e-07,3.627176250452454e-07,3.534862105921066e-07,2.7872891756723594e-07,2.7866281776604515e-07
RepsFixedparRQMC/IndSumNormal-16-Sob-DS-16-10000.dat,IndSumNormal,16,Sob,16,DS,False,1.9512687384923076e-06,5.908929570670968e-07,0.013040619619542108,3.0245899083973184,    ,5.372134900124407e-08,8.006881444005969e-08,8.460578085991879e-08,8.404210318452986e-08,6.565261873041435e-08,6.631834513950079e-08
RepsRanparRQMC/IndSumNormal-16-Sob-LMS-DS-6-10000.dat,IndSumNormal,16,Sob-LMS,6,DS,False,-0.00011150393145705551,0.0009260863671875,0.07895266599240126,2.985955985173735,    ,8.420210287104856e-05,0.00014284193906013783,0.00014245924521675952,0.00012567150993112288,9.97489007850284e-05,0.00010007919538338646
RepsRanparQMC/IndSumNormal-16-Sob-LMS-6-10000.dat,IndSumNormal,16,Sob-LMS,6,qmc,False,-0.04224119143145705,0.0009782592163085926,0.14899631436407554,2.8787076192461556,    ,0.0018732509095770542,0.001995181569013349,0.002011458022747866,0.0019617726139886486,0.0019216264859753154,0.0019191015313503755
RepsRanparRQMC/IndSumNormal-16-Sob-LMS-DS-8-10000.dat,IndSumNormal,16,Sob-LMS,8,DS,False,2.3652318542964124e-05,0.00020439094177246097,-0.011605995300882391,3.0198290988744345,    ,1.858155413875982e-05,2.8709577716888646e-05,3.0166595144514002e-05,2.7843101522533253e-05,2.1842870183023798e-05,2.1885502334624267e-05
RepsRanparQMC/IndSumNormal-16-Sob-LMS-8-10000.dat,IndSumNormal,16,Sob-LMS,8,qmc,False,-0.020120097681456964,0.00017380027770995903,0.054602034607743356,3.011971038573648,    ,0.0004206183559577298,0.0004321111778826464,0.00043349658873838634,0.00043124859933973703,0.0004255039406468285,0.0004255514319147115
RepsRanparRQMC/IndSumNormal-16-Sob-LMS-DS-10-10000.dat,IndSumNormal,16,Sob-LMS,10,DS,False,-4.4218775206962664e-05,4.519407912254333e-05,-0.03581495941426189,2.929634102357426,    ,4.110507947584743e-06,6.373287179188028e-06,6.747972654492891e-06,6.3708409727677e-06,4.951718728813724e-06,5.014565511757323e-06
RepsRanparQMC/IndSumNormal-16-Sob-LMS-10-10000.dat,IndSumNormal,16,Sob-LMS,10,qmc,False,-0.007768632837706863,4.066118010520848e-05,-0.008458704742076835,2.923603628781745,    ,6.404812708575271e-05,6.613830872637238e-05,6.656092593818635e-05,6.646389290011763e-05,6.50032939463986e-05,6.512795879927789e-05
RepsRanparRQMC/IndSumNormal-16-Sob-LMS-DS-12-10000.dat,IndSumNormal,16,Sob-LMS,12,DS,False,2.3041966980621608e-05,1.1095679778456693e-05,0.0055172857174208565,2.910552469686467,    ,1.0092290939202172e-06,1.5178675240559137e-06,1.605566557375146e-06,1.5122502567310734e-06,1.1814508945973323e-06,1.185018478456037e-06
RepsRanparQMC/IndSumNormal-16-Sob-LMS-12-10000.dat,IndSumNormal,16,Sob-LMS,12,qmc,False,-0.0005460742439568333,9.733243522643792e-06,-0.028270203936700298,3.0479447664885906,    ,1.183037400153372e-06,1.629876213550957e-06,1.6967889965311594e-06,1.6675925627750617e-06,1.3739538591439286e-06,1.3807517147752174e-06
RepsRanparRQMC/IndSumNormal-16-Sob-LMS-DS-14-10000.dat,IndSumNormal,16,Sob-LMS,14,DS,False,-6.737085753693149e-06,2.6233245160803177e-06,0.025985795113718093,2.96027369357484,    ,2.3852943524084516e-07,3.5268669636641237e-07,3.7656621987897476e-07,3.6463891232854326e-07,2.7930377025463487e-07,2.8157725573308976e-07
RepsRanparQMC/IndSumNormal-16-Sob-LMS-14-10000.dat,IndSumNormal,16,Sob-LMS,14,qmc,False,-6.638674395680947e-05,2.4366095662116624e-06,-0.046200243656328806,2.943832544029528,    ,2.2591716033788356e-07,3.455986604488503e-07,3.658277921962137e-07,3.438685102648915e-07,2.6860903879362633e-07,2.701986191382624e-07
RepsRanparRQMC/IndSumNormal-16-Sob-LMS-DS-16-10000.dat,IndSumNormal,16,Sob-LMS,16,DS,False,-1.2332405388628822e-06,6.834455556212667e-07,0.025351262295596276,2.892165934724768,    ,6.213293502961458e-08,9.665538170552489e-08,1.0350597182208019e-07,9.883473389576614e-08,7.44475067107993e-08,7.693097328474108e-08
RepsRanparQMC/IndSumNormal-16-Sob-LMS-16-10000.dat,IndSumNormal,16,Sob-LMS,16,qmc,False,8.373532635568354e-05,6.153745067864164e-07,-0.03228377848076435,2.9287462554043526,    ,6.295474186047614e-08,9.340184864496757e-08,9.918904976050243e-08,9.345519024641305e-08,7.279525405038298e-08,7.413238366726565e-08
RepsRanparRQMC/IndSumNormal-16-Sob-NUS-6-10000.dat,IndSumNormal,16,Sob-NUS,6,NUS,False,-0.00026619143145705556,0.0009255269506835939,0.05251053200608333,3.0663762410576196,    ,8.420967157668969e-05,0.00014360534166472813,0.00014280976918575682,0.00012609849019695377,0.0001005321609638123,0.00010057477022761177
RepsRanparRQMC/IndSumNormal-16-Sob-NUS-8-10000.dat,IndSumNormal,16,Sob-NUS,8,NUS,False,7.052731854296366e-05,0.0001943099603271485,0.03348421962907931,2.9692583488032684,    ,1.7669515950583452e-05,2.732233932498699e-05,2.833002017630829e-05,2.7227751629943014e-05,2.0887293444752308e-05,2.128742489587973e-05
RepsRanparRQMC/IndSumNormal-16-Sob-NUS-10-10000.dat,IndSumNormal,16,Sob-NUS,10,NUS,False,1.1933568543037105e-05,4.635256286621095e-05,0.022166488422653445,2.9951934895730994,    ,4.214011761531894e-06,6.498571564623026e-06,6.876584595436905e-06,6.478862878216268e-06,5.033683443687815e-06,5.051631300856252e-06
RepsRanparRQMC/IndSumNormal-16-Sob-NUS-12-10000.dat,IndSumNormal,16,Sob-NUS,12,NUS,False,3.852513855620533e-06,1.113454083859921e-05,0.03216077727412258,2.939703159864826,    ,1.0122458271902086e-06,1.509722388816621e-06,1.612757261857373e-06,1.5651657183481744e-06,1.19304709980637e-06,1.2165292108854044e-06
RepsRanparRQMC/IndSumNormal-16-Sob-NUS-14-10000.dat,IndSumNormal,16,Sob-NUS,14,NUS,False,-1.427492755056773e-05,2.654623216241598e-06,0.006370123853430985,2.9859591637256924,    ,2.4153315685126465e-07,3.57566605866895e-07,3.8119174498830096e-07,3.6757606719362547e-07,2.845720118352137e-07,2.901550216485602e-07
RepsRanparRQMC/IndSumNormal-16-Sob-NUS-16-10000.dat,IndSumNormal,16,Sob-NUS,16,NUS,False,4.444554871294797e-06,6.804455341771102e-07,0.038238087442663056,2.905417171629354,    ,6.18784389931958e-08,9.600071647107805e-08,1.0227146742323022e-07,9.595184812205352e-08,7.383706978892953e-08,7.525881684585525e-08
RepsFixedparRQMC/IndSumNormal-32-Lat-RS-6-10000.dat,IndSumNormal,32,Lat,6,RS,False,0.00038380856854294365,0.0012003998413085942,0.07246420766455684,2.997937667684024,    ,0.00010927456731806828,0.0001820757725303943,0.00018439019642936183,0.00016475482200706422,0.00012998018758057675,0.0001308753937279062
RepsFixedparRQMC/IndSumNormal-32-Lat-RSB-6-10000.dat,IndSumNormal,32,Lat,6,RS,True,6.662106854294573e-05,0.0016388605371093757,0.12986091877050226,2.901866835056043,    ,0.0001489917599221716,0.0002530373153088837,0.00025812112756954286,0.0002334297973246668,0.00018075471118443763,0.00018378155333451432
RepsFixedparRQMC/IndSumNormal-32-Lat-RS-8-10000.dat,IndSumNormal,32,Lat,8,RS,False,0.00016232419354301745,0.00031074915634155296,-0.006549564541990366,2.9071893271646854,    ,2.8276272447586933e-05,4.360655487603388e-05,4.6094699803454384e-05,4.331679063942367e-05,3.3522845478437724e-05,3.38065159215183e-05
RepsFixedparRQMC/IndSumNormal-32-Lat-RSB-8-10000.dat,IndSumNormal,32,Lat,8,RS,True,0.00022521481854304048,0.0004427144232177737,0.019730473953531988,2.9123626163659027,    ,4.029748746156171e-05,6.368978676269264e-05,6.739705575075076e-05,6.385875470593628e-05,4.856652052066097e-05,4.9728564416711396e-05
RepsFixedparRQMC/IndSumNormal-32-Lat-RS-10-10000.dat,IndSumNormal,32,Lat,10,RS,False,9.503903729312616e-05,6.936127081871034e-05,0.03248882698427385,2.9542631358728535,    ,6.314602493037818e-06,9.947077318327901e-06,1.0498224184736491e-05,9.903008717870826e-06,7.632054575125974e-06,7.752740473995182e-06
RepsFixedparRQMC/IndSumNormal-32-Lat-RSB-10-10000.dat,IndSumNormal,32,Lat,10,RS,True,0.0001833202872931533,8.354100180625917e-05,0.04946393202588292,2.865898586810946,    ,7.6282428555749865e-06,1.2033666944142922e-05,1.2881138222664923e-05,1.2132220522862378e-05,9.06050147991983e-06,9.37023588957259e-06
RepsFixedparRQMC/IndSumNormal-32-Lat-RS-12-10000.dat,IndSumNormal,32,Lat,12,RS,False,8.480954510571058e-05,2.09508287614584e-05,0.18202733897073028,2.9539620769045847,    ,1.9118134554372556e-06,2.9167216033805724e-06,3.1093065402235464e-06,2.957723165615201e-06,2.2691156003788375e-06,2.3107240374275534e-06
RepsFixedparRQMC/IndSumNormal-32-Lat-RSB-12-10000.dat,IndSumNormal,32,Lat,12,RS,True,0.0002147411857307208,3.699982212483884e-05,-0.018623802718201504,2.3507117912459603,    ,3.4097339700162032e-06,6.597197341608229e-06,7.282691257729937e-06,6.370080103370651e-06,4.403542048325776e-06,4.717349628545426e-06
RepsFixedparRQMC/IndSumNormal-32-Lat-RS-14-10000.dat,IndSumNormal,32,Lat,14,RS,False,1.4948705258607373e-05,3.468783621638784e-06,0.0015846356512835107,2.9835842113713866,    ,3.155674293924345e-07,4.83724659245116e-07,5.118672065865483e-07,4.939976576576555e-07,3.7333391388307746e-07,3.8200268595818146e-07
RepsFixedparRQMC/IndSumNormal-32-Lat-RSB-14-10000.dat,IndSumNormal,32,Lat,14,RS,True,2.7416740080828365e-06,2.6568165169656073e-06,0.03028136801995992,2.9950579802298125,    ,2.4153629104596723e-07,3.528271181114672e-07,3.731892236346208e-07,3.5766714162833174e-07,2.8360469625190057e-07,2.832675183336603e-07
RepsFixedparRQMC/IndSumNormal-32-Lat-RS-16-10000.dat,IndSumNormal,32,Lat,16,RS,False,4.5025382731861405e-06,8.399598054493153e-07,0.05952266910030781,2.9705481873364468,    ,7.638025516447563e-08,1.1712779135081315e-07,1.2411688373364514e-07,1.1952756358570688e-07,9.142682430038628e-08,9.277750919358792e-08
RepsFixedparRQMC/IndSumNormal-32-Lat-RSB-16-10000.dat,IndSumNormal,32,Lat,16,RS,True,1.3714347515651002e-06,8.740907850766788e-07,0.013566500653004205,2.8879217416644463,    ,7.946467947661224e-08,1.2143241953637047e-07,1.2951021287617813e-07,1.2451833293688738e-07,9.512733497021284e-08,9.660572794964235e-08
RepsRanparRQMC/IndSumNormal-32-Lat-Rp-RS-6-10000.dat,IndSumNormal,32,Lat-Rp,6,RS,False,-0.00041894383864640315,0.0017077625964831153,0.08712182636766488,3.0615776615360386,    ,0.00015542665907476843,0.00023514177358195773,0.0002482613830299216,0.00023710841039266165,0.0001813667297219226,0.00018621037555537114
RepsRanparRQMC/IndSumNormal-32-Lat-Rp-RSB-6-10000.dat,IndSumNormal,32,Lat-Rp,6,RS,True,-0.0005643838717501414,0.0015734587196457046,0.10156957028204266,3.022655065272187,    ,0.00014336023094066482,0.0002157882024734908,0.0002254006139459161,0.0002113577968139159,0.0001657580156760974,0.0001668265883038156
RepsRanparQMC/IndSumNormal-32-Lat-Rp-6-10000.dat,IndSumNormal,32,Lat-Rp,6,qmc,False,-0.02041900089078903,0.003298252342405228,0.25528910642723435,2.937486679127408,    ,0.0007167767194148821,0.000988881925997172,0.0010516105253695373,0.0010035556828795643,0.000848246590367096,0.0008586135235392287
RepsRanparQMC/IndSumNormal-32-Lat-Rp-B-6-10000.dat,IndSumNormal,32,Lat-Rp,6,qmc,True,0.052246249304127676,0.0035377727748310242,0.12628328405157296,3.013367860822999,    ,0.0030512862731518825,0.0031053258357575204,0.0030986512292279444,0.0031238367002327464,0.003065508418432218,0.0030625665906267377
RepsRanparRQMC/IndSumNormal-32-Lat-Rp-RS-8-10000.dat,IndSumNormal,32,Lat-Rp,8,RS,False,2.9435576646193894e-05,0.000410197581736042,0.07441952470969612,3.1407475179804427,    ,3.729155570190359e-05,5.504125345264936e-05,5.828776873068442e-05,5.6391463434219544e-05,4.304563140192098e-05,4.387042275816618e-05
RepsRanparRQMC/IndSumNormal-32-Lat-Rp-RSB-8-10000.dat,IndSumNormal,32,Lat-Rp,8,RS,True,-0.00038089471586144223,0.00041007509125453413,0.06951330791256066,3.1869174526899275,    ,3.742463453498337e-05,5.488394477661012e-05,5.792854278327672e-05,5.546210185196454e-05,4.323285636434237e-05,4.353341710232119e-05
RepsRanparQMC/IndSumNormal-32-Lat-Rp-8-10000.dat,IndSumNormal,32,Lat-Rp,8,qmc,False,-0.007307783302770816,0.0011590115083207557,0.151182909942082,3.16577401932104,    ,0.0001587683793748701,0.00023276874274275432,0.00024417127384860834,0.00023441662360466,0.00019029643669973918,0.00019380892105606105
RepsRanparQMC/IndSumNormal-32-Lat-Rp-B-8-10000.dat,IndSumNormal,32,Lat-Rp,8,qmc,True,0.014789680722700127,0.0008586490960064365,0.1558185565350658,3.0983172507620274,    ,0.0002967936646072656,0.0003201892814055741,0.00032207710003522754,0.0003207753643993835,0.00030392597444439315,0.0003036036688873062
RepsRanparRQMC/IndSumNormal-32-Lat-Rp-RS-10-10000.dat,IndSumNormal,32,Lat-Rp,10,RS,False,-2.305284576205938e-05,0.00010188268401313949,0.042266755307310826,3.2483045225817433,    ,9.26259361671041e-06,1.4317920577731897e-05,1.5050475930348778e-05,1.431202569048364e-05,1.1110200015596994e-05,1.123869019378513e-05
RepsRanparRQMC/IndSumNormal-32-Lat-Rp-RSB-10-10000.dat,IndSumNormal,32,Lat-Rp,10,RS,True,-8.563033990683451e-05,0.0001009937894026923,-0.014975724687277772,3.171171544804541,    ,9.188586137175495e-06,1.2994037173436002e-05,1.3818838880900993e-05,1.369844676797546e-05,1.069221438822695e-05,1.0736107637230436e-05
RepsRanparQMC/IndSumNormal-32-Lat-Rp-10-10000.dat,IndSumNormal,32,Lat-Rp,10,qmc,False,-0.0019294803821383983,0.0003300260571993622,0.07019422743819774,3.1226422751500875,    ,3.372526338136259e-05,4.817753799612078e-05,5.074987383045755e-05,4.889197470231579e-05,3.910908187854594e-05,3.9255582947247185e-05
RepsRanparQMC/IndSumNormal-32-Lat-Rp-B-10-10000.dat,IndSumNormal,32,Lat-Rp,10,qmc,True,0.003894573731232589,0.00021430639753123887,0.2371946066658665,3.322404323966068,    ,3.46501043235741e-05,3.938939291440707e-05,4.024714069047232e-05,4.069112236985883e-05,3.5139960405938496e-05,3.5585733655099616e-05
RepsRanparRQMC/IndSumNormal-32-Lat-Rp-RS-12-10000.dat,IndSumNormal,32,Lat-Rp,12,RS,False,-0.00014589604173252638,2.5627003648932123e-05,0.007898465260163632,3.1483226656644274,    ,2.351013259441594e-06,3.3923745390537044e-06,3.560600477363045e-06,3.527675553803157e-06,2.7666794852849607e-06,2.782501077915207e-06
RepsRanparRQMC/IndSumNormal-32-Lat-Rp-RSB-12-10000.dat,IndSumNormal,32,Lat-Rp,12,RS,True,-8.039261518406892e-07,2.5811022202114984e-05,-0.04105391682802461,3.599657010666878,    ,2.3464572101258927e-06,3.1729153464193915e-06,3.3161177104123153e-06,3.250150865295268e-06,2.6289421852205153e-06,2.595953523224766e-06
RepsRanparQMC/IndSumNormal-32-Lat-Rp-12-10000.dat,IndSumNormal,32,Lat-Rp,12,qmc,False,-0.0005879260980506334,9.075827297950228e-05,0.0030890451203050328,3.3525906388616513,    ,8.596409185814706e-06,1.2012327991881172e-05,1.2577480462590445e-05,1.214146360912885e-05,9.68295461123339e-06,9.727380017879605e-06
RepsRanparQMC/IndSumNormal-32-Lat-Rp-B-12-10000.dat,IndSumNormal,32,Lat-Rp,12,qmc,True,0.0011132083995156142,5.391412919852111e-05,0.38060709085634853,3.4507434525987803,    ,6.1405174133449434e-06,7.312117338552265e-06,7.502253314811702e-06,7.54544310616342e-06,6.356254624786223e-06,6.3332562232818215e-06
RepsRanparRQMC/IndSumNormal-32-Lat-Rp-RS-14-10000.dat,IndSumNormal,32,Lat-Rp,14,RS,False,-1.887677882600065e-05,6.376538346488291e-06,-0.007622752109487111,3.522551649692454,    ,5.80041637005054e-07,8.132494833410779e-07,8.570800206226612e-07,8.387214588284078e-07,6.662089274264647e-07,6.683061920046412e-07
RepsRanparRQMC/IndSumNormal-32-Lat-Rp-RSB-14-10000.dat,IndSumNormal,32,Lat-Rp,14,RS,True,-2.5946089189271337e-05,6.422745860512756e-06,-0.07912650944297533,5.3268814685225445,    ,5.84559186863559e-07,6.460846813924849e-07,6.618564643695867e-07,6.896087498935303e-07,5.94465137556969e-07,5.716027433448368e-07
RepsRanparQMC/IndSumNormal-32-Lat-Rp-14-10000.dat,IndSumNormal,32,Lat-Rp,14,qmc,False,-0.0001614121299906731,2.234565965014197e-05,-0.042520134365447916,3.8150543845439953,    ,2.057477480266487e-06,2.6555964863372095e-06,2.7381025605312125e-06,2.763929600760779e-06,2.2739547348615465e-06,2.2361193632845227e-06
RepsRanparQMC/IndSumNormal-32-Lat-Rp-B-14-10000.dat,IndSumNormal,32,Lat-Rp,14,qmc,True,0.000305336511803259,1.3427856865103e-05,0.7972992072996673,4.7616885236773765,    ,1.3139446459040907e-06,1.391138278864918e-06,1.4099583998369723e-06,1.4949402753520057e-06,1.327780309907154e-06,1.2479934761742715e-06
RepsRanparRQMC/IndSumNormal-32-Lat-Rp-RS-16-10000.dat,IndSumNormal,32,Lat-Rp,16,RS,False,-8.882962701775198e-06,1.6526494870594131e-06,-0.07896778360021704,5.111751415447994,    ,1.503197694863078e-07,2.0161117551449254e-07,2.1052882746168648e-07,1.9956949846689437e-07,1.6236658502510655e-07,1.607121578440567e-07
RepsRanparRQMC/IndSumNormal-32-Lat-Rp-RSB-16-10000.dat,IndSumNormal,32,Lat-Rp,16,RS,True,1.5589106863812957e-05,1.6864158124035162e-06,0.14143546065775478,11.883433807454411,    ,1.5355354865313104e-07,1.5409241371935588e-07,1.5760992141462326e-07,1.600321357511677e-07,1.3544783851366884e-07,1.3230588078972318e-07
RepsRanparQMC/IndSumNormal-32-Lat-Rp-16-10000.dat,IndSumNormal,32,Lat-Rp,16,qmc,False,-2.187271571469154e-05,5.777657043841358e-06,-0.05717623981660771,5.9471648374873665,    ,5.257199651328591e-07,5.106224464893961e-07,5.110955060380899e-07,5.493135152079247e-07,4.896555873321609e-07,4.63186375589527e-07
RepsRanparQMC/IndSumNormal-32-Lat-Rp-B-16-10000.dat,IndSumNormal,32,Lat-Rp,16,qmc,True,8.058047750580882e-05,3.3495581123680097e-06,1.576718434771307,10.323442951143962,    ,3.109984962976105e-07,3.039175129528283e-07,3.1121204070728414e-07,3.192425139003913e-07,2.7439509450144886e-07,2.6364450599770135e-07
RepsRanparRQMC/IndSumNormal-32-Lat-Rv-RS-6-10000.dat,IndSumNormal,32,Lat-Rv,6,RS,False,7.912106854294345e-05,0.0012548142089843753,0.08286262150194229,2.944009813658177,    ,0.00011408027914206694,0.00018823904166188963,0.0001898176342872996,0.0001695811452114351,0.0001334914253626474,0.00013412798626623933
RepsRanparRQMC/IndSumNormal-32-Lat-Rv-RSB-6-10000.dat,IndSumNormal,32,Lat-Rv,6,RS,True,-0.0006646289314570535,0.0016713842871093757,0.14290011561490265,2.9309450047905417,    ,0.00015238575771738208,0.0002584592960586397,0.0002662243134050591,0.00023767826652404826,0.00018533425662487933,0.00018491643269931489
RepsRanparQMC/IndSumNormal-32-Lat-Rv-6-10000.dat,IndSumNormal,32,Lat-Rv,6,qmc,False,-0.017608378931457037,0.003125896240234374,0.09106493398104676,2.7246516010431723,    ,0.0005942273940696323,0.0007902544045404186,0.0008196723382036755,0.0007935233965088493,0.0006670309116019914,0.0006784905811234467
RepsRanparQMC/IndSumNormal-32-Lat-Rv-B-6-10000.dat,IndSumNormal,32,Lat-Rv,6,qmc,True,-0.014289628931457047,0.0029128631933593753,0.2996184532725805,2.9787647144229275,    ,0.0004689992398495866,0.000766627827762748,0.0007757168405706219,0.0006899275160638545,0.0005659796865615055,0.0005757544727953646
RepsRanparRQMC/IndSumNormal-32-Lat-Rv-RS-8-10000.dat,IndSumNormal,32,Lat-Rv,8,RS,False,-4.5878931457005856e-05,0.0003103116455078126,0.07667599874939998,3.064188531976825,    ,2.8212254467970963e-05,4.42187023302035e-05,4.642656499942642e-05,4.357274852773743e-05,3.384417436015464e-05,3.4204364838568095e-05
RepsRanparRQMC/IndSumNormal-32-Lat-Rv-RSB-8-10000.dat,IndSumNormal,32,Lat-Rv,8,RS,True,-6.150393145699431e-05,0.0004228820800781251,0.07684967178641683,3.008064793449025,    ,3.84476081952324e-05,5.944720257844027e-05,6.261132009679935e-05,5.94652123526072e-05,4.5887255510775484e-05,4.657395167467806e-05
RepsRanparQMC/IndSumNormal-32-Lat-Rv-8-10000.dat,IndSumNormal,32,Lat-Rv,8,qmc,False,-0.005440019556456947,0.0009799762937927237,0.006742457104289211,2.9173411206041715,    ,0.00011868256675579074,0.00016030079372107386,0.0001681538418868545,0.00016255244682311694,0.00013343950354677742,0.00013417719833331852
RepsRanparQMC/IndSumNormal-32-Lat-Rv-B-8-10000.dat,IndSumNormal,32,Lat-Rv,8,qmc,True,-0.00600759768145698,0.000837999682006835,0.23382828921035373,3.17820937601346,    ,0.00011227301917559591,0.00015891846977278136,0.0001666520279603072,0.000159425326134649,0.0001281615080723519,0.000130692725303934
RepsRanparRQMC/IndSumNormal-32-Lat-Rv-RS-10-10000.dat,IndSumNormal,32,Lat-Rv,10,RS,False,-4.695315020691657e-05,7.883411215782163e-05,0.00012207417768794203,3.0041471130958386,    ,7.168942067207229e-06,1.0806092851323008e-05,1.146507854380972e-05,1.0789288403553754e-05,8.466209645253328e-06,8.457601118338893e-06
RepsRanparRQMC/IndSumNormal-32-Lat-Rv-RSB-10-10000.dat,IndSumNormal,32,Lat-Rv,10,RS,True,-2.4394556456912714e-05,0.00010537219619750977,0.045665276720177395,3.2118087582045383,    ,9.57988565779471e-06,1.4399841210658566e-05,1.5100281463743042e-05,1.4402781233570875e-05,1.127532343903967e-05,1.1373682750971317e-05
RepsRanparQMC/IndSumNormal-32-Lat-Rv-10-10000.dat,IndSumNormal,32,Lat-Rv,10,qmc,False,-0.001597929712706864,0.00027553450308799723,0.0012183480887522067,3.013564083725575,    ,2.760197055656937e-05,4.08145494214208e-05,4.32235178375477e-05,4.1774770388958014e-05,3.202411634923437e-05,3.296744940990316e-05
RepsRanparQMC/IndSumNormal-32-Lat-Rv-B-10-10000.dat,IndSumNormal,32,Lat-Rv,10,qmc,True,-0.002121074243956896,0.00021736766719818098,0.28536881455636526,3.129063343265477,    ,2.425965296639377e-05,3.772295939242935e-05,4.0388680297705213e-05,3.700708847266916e-05,2.8890211772556708e-05,2.9387246117460442e-05
RepsRanparRQMC/IndSumNormal-32-Lat-Rv-RS-12-10000.dat,IndSumNormal,32,Lat-Rv,12,RS,False,3.144040448065529e-05,1.9333990067839615e-05,-0.0712751682711217,3.149673478361896,    ,1.7586239597465994e-06,2.6124788251504446e-06,2.7625056021734842e-06,2.7053751245898512e-06,2.0773697698695684e-06,2.1241288691245546e-06
RepsRanparRQMC/IndSumNormal-32-Lat-Rv-RSB-12-10000.dat,IndSumNormal,32,Lat-Rv,12,RS,True,-2.2246118956848237e-05,2.6275049648284888e-05,-0.0834304697822733,3.789828305350332,    ,2.3891357669254505e-06,3.10330880402253e-06,3.1886977022807143e-06,3.2617489425953307e-06,2.611516571420748e-06,2.6327598669018905e-06
RepsRanparQMC/IndSumNormal-32-Lat-Rv-12-10000.dat,IndSumNormal,32,Lat-Rv,12,qmc,False,-0.000409428736144316,6.967142283856865e-05,-0.055902447321253976,3.2642434599562673,    ,6.501397602577882e-06,9.098450698136823e-06,9.540548900122664e-06,9.320532360215927e-06,7.685193854079426e-06,7.513864878443159e-06
RepsRanparQMC/IndSumNormal-32-Lat-Rv-B-12-10000.dat,IndSumNormal,32,Lat-Rv,12,qmc,True,-0.000612089868956835,5.431897121429442e-05,0.46371415808080707,3.4547787349083494,    ,5.3127422998881795e-06,8.231121177681282e-06,8.84376811552041e-06,8.433337434116082e-06,6.527339563318994e-06,6.567136677703157e-06
RepsRanparRQMC/IndSumNormal-32-Lat-Rv-RS-14-10000.dat,IndSumNormal,32,Lat-Rv,14,RS,False,1.5253881043171488e-05,4.7786241853237515e-06,-0.05405841310697906,3.821201890873185,    ,4.346530613708566e-07,5.89410669826029e-07,6.144699065611329e-07,6.068542372688262e-07,4.886481447052381e-07,4.857115508511891e-07
RepsRanparRQMC/IndSumNormal-32-Lat-Rv-RSB-14-10000.dat,IndSumNormal,32,Lat-Rv,14,RS,True,-3.795191222489249e-06,6.660656369291365e-06,-0.08789485349151244,5.5625458867093425,    ,6.055286188665393e-07,6.26510033860801e-07,6.191866511921763e-07,6.699431642394212e-07,5.904208172990646e-07,5.650342481086952e-07
RepsRanparQMC/IndSumNormal-32-Lat-Rv-14-10000.dat,IndSumNormal,32,Lat-Rv,14,qmc,False,-0.00015273317950398506,1.907403145697021e-05,-0.08353010429410303,4.240757507755614,    ,1.7573302838459612e-06,1.981288576176288e-06,2.01769097910425e-06,2.118717836307192e-06,1.8454593257739487e-06,1.7591757830947806e-06
RepsRanparQMC/IndSumNormal-32-Lat-Rv-B-14-10000.dat,IndSumNormal,32,Lat-Rv,14,qmc,True,-0.00016757082598819797,1.4050343227234851e-05,1.034097843211181,5.126246417741966,    ,1.3053839114709897e-06,1.7480784612809667e-06,1.8836428390017535e-06,1.931667427587737e-06,1.5573990849621347e-06,1.5054711941453959e-06
RepsRanparRQMC/IndSumNormal-32-Lat-Rv-RS-16-10000.dat,IndSumNormal,32,Lat-Rv,16,RS,False,1.473050457807773e-05,1.2093753471945953e-06,-0.11891398975662101,6.796445666964432,    ,1.1016020114645162e-07,1.342501294043888e-07,1.3851232090559348e-07,1.3738844296578337e-07,1.1254474276603527e-07,1.1162495988521553e-07
RepsRanparRQMC/IndSumNormal-32-Lat-Rv-RSB-16-10000.dat,IndSumNormal,32,Lat-Rv,16,RS,True,3.0471471375049362e-05,1.6207323625475317e-06,0.3772687381260273,13.522825006545554,    ,1.482678162538997e-07,1.2378490567894288e-07,1.269427697701922e-07,1.3000045110651918e-07,1.1550092039234828e-07,1.0964778164026374e-07
RepsRanparQMC/IndSumNormal-32-Lat-Rv-16-10000.dat,IndSumNormal,32,Lat-Rv,16,qmc,False,-4.8054834777983525e-05,4.596016894569433e-06,-0.16025112370360972,8.24184124221521,    ,4.201289848336696e-07,3.55416737629801e-07,3.480177715713214e-07,3.759074792426662e-07,3.599996089084253e-07,3.291042975747858e-07
RepsRanparQMC/IndSumNormal-32-Lat-Rv-B-16-10000.dat,IndSumNormal,32,Lat-Rv,16,qmc,True,-6.961855548067205e-05,3.4057527195586705e-06,2.037403116476922,12.288855737927635,    ,3.144606268634582e-07,3.131070864176302e-07,3.26342727074251e-07,3.451362897666864e-07,3.0557958701498036e-07,2.809711386470572e-07
RepsFixedparRQMC/IndSumNormal-32-Sob-DS-6-10000.dat,IndSumNormal,32,Sob,6,DS,False,-0.00042712893145705665,0.0009267022558593752,0.0892384302038332,2.904292997159473,    ,8.44280987476672e-05,0.00014677041766491958,0.0001463988948890827,0.00012928997558853535,9.920321330916446e-05,0.00010225192983250195
RepsFixedparRQMC/IndSumNormal-32-Sob-DS-8-10000.dat,IndSumNormal,32,Sob,8,DS,False,-0.00011580080645703555,0.00020228251327514656,0.01775425618352324,2.985672031106396,    ,1.8402729215425786e-05,2.8787962421084634e-05,3.0080365621351046e-05,2.7978895797330227e-05,2.1907430861221032e-05,2.176907061109779e-05
RepsFixedparRQMC/IndSumNormal-32-Sob-DS-10-10000.dat,IndSumNormal,32,Sob,10,DS,False,-6.687502520695742e-05,5.313345885276796e-05,-0.01207405129791158,2.9728595681697105,    ,4.834786710157154e-06,7.376696679783551e-06,7.850957982887642e-06,7.244319092408334e-06,5.708791215807499e-06,5.684545069522928e-06
RepsFixedparRQMC/IndSumNormal-32-Sob-DS-12-10000.dat,IndSumNormal,32,Sob,12,DS,False,4.5942357605624815e-05,1.1784976243376729e-05,-0.03394872708731327,3.019153211105186,    ,1.0734721768929748e-06,1.6390483929990166e-06,1.7446532015644487e-06,1.6716792108250965e-06,1.2621218035097888e-06,1.2964242473054256e-06
RepsFixedparRQMC/IndSumNormal-32-Sob-DS-14-10000.dat,IndSumNormal,32,Sob,14,DS,False,1.1689427918184242e-05,2.841454592943194e-06,0.02981810222546091,2.955322793751925,    ,2.584506966289811e-07,3.92527863878095e-07,4.186239463420918e-07,4.048471934045521e-07,3.026587450149028e-07,3.1312934678883645e-07
RepsFixedparRQMC/IndSumNormal-32-Sob-DS-16-10000.dat,IndSumNormal,32,Sob,16,DS,False,5.199864929879455e-06,6.82681400270632e-07,0.05149811494215649,3.073423886380222,    ,6.208898407443736e-08,9.552313765315213e-08,1.0137451436272945e-07,9.702643322814562e-08,7.454918178294224e-08,7.572388645049662e-08
RepsRanparRQMC/IndSumNormal-32-Sob-LMS-DS-6-10000.dat,IndSumNormal,32,Sob-LMS,6,DS,False,0.0005025585685429444,0.001028287790527344,0.014526879383408572,3.004325759885891,    ,9.373327334457448e-05,0.00016249782267214712,0.00016225215543168715,0.0001446993508211111,0.00011026446040427064,0.00011353690685932482
RepsRanparQMC/IndSumNormal-32-Sob-LMS-6-10000.dat,IndSumNormal,32,Sob-LMS,6,qmc,False,-0.05425525393145706,0.0007708060156249991,0.21352432459988743,3.002981911317869,    ,0.003013705853314614,0.0031810036271315537,0.0032022693635745596,0.0031492545754630667,0.0030819934059300607,0.003090202462006262
RepsRanparRQMC/IndSumNormal-32-Sob-LMS-DS-8-10000.dat,IndSumNormal,32,Sob-LMS,8,DS,False,6.855443542973627e-06,0.0002578764915466309,0.0057981453577408415,2.848961696518068,    ,2.3443364410436253e-05,3.8602508600596955e-05,4.063487436054942e-05,3.773103263394449e-05,2.8900236385721023e-05,2.9396153689408284e-05
RepsRanparQMC/IndSumNormal-32-Sob-LMS-8-10000.dat,IndSumNormal,32,Sob-LMS,8,qmc,False,-0.024146660181456947,0.00020763657165527146,0.08832022587640721,3.0501055191883073,    ,0.0006019372498874195,0.0006151379578860748,0.0006182803291498262,0.0006139285695680358,0.0006063380592122542,0.0006050607187886051
RepsRanparRQMC/IndSumNormal-32-Sob-LMS-DS-10-10000.dat,IndSumNormal,32,Sob-LMS,10,DS,False,5.2753881043050034e-05,5.788680171966552e-05,3.068477422581252e-05,2.9823635430212216,    ,5.265219491934697e-06,8.165006009950655e-06,8.656135198208914e-06,8.255023989458316e-06,6.320981555785907e-06,6.418689681540562e-06
RepsRanparQMC/IndSumNormal-32-Sob-LMS-10-10000.dat,IndSumNormal,32,Sob-LMS,10,qmc,False,-0.014481035181456827,4.735978759765568e-05,0.04676497952046692,2.9209829017437636,    ,0.00021400581516274088,0.000218401095403472,0.00021922000079200527,0.00021764824523380616,0.00021522242065448097,0.0002154799143139013
RepsRanparRQMC/IndSumNormal-32-Sob-LMS-DS-12-10000.dat,IndSumNormal,32,Sob-LMS,12,DS,False,-4.521509581865995e-06,1.5469637181758884e-05,-0.002603554935255532,2.9769188407668037,    ,1.4063510969360701e-06,2.145214613639147e-06,2.2825677752163674e-06,2.1665134049826165e-06,1.654629665460803e-06,1.6828209666977377e-06
RepsRanparQMC/IndSumNormal-32-Sob-LMS-12-10000.dat,IndSumNormal,32,Sob-LMS,12,qmc,False,-0.0023937304939567992,1.2588475475311007e-05,0.018021375707784074,2.8929256787671833,    ,6.874352539090572e-06,7.603788338164501e-06,7.753207897006783e-06,7.644553003046633e-06,7.0809490902399765e-06,7.161132273104688e-06
RepsRanparRQMC/IndSumNormal-32-Sob-LMS-DS-14-10000.dat,IndSumNormal,32,Sob-LMS,14,DS,False,-1.8443628722434113e-05,2.8863756721839314e-06,0.006669642231979631,2.9712333405495706,    ,2.6273795582080836e-07,4.0872946135565536e-07,4.330590856793605e-07,4.091612440478313e-07,3.157458838764857e-07,3.191556755584029e-07
RepsRanparQMC/IndSumNormal-32-Sob-LMS-14-10000.dat,IndSumNormal,32,Sob-LMS,14,qmc,False,-0.0012231372322380441,2.303804170936305e-06,-0.010274098788222502,3.0062211551428146,    ,1.7055014316993344e-06,1.797151185007527e-06,1.8132317208982972e-06,1.8003596732845233e-06,1.7261718982801852e-06,1.7334951637473492e-06
RepsRanparRQMC/IndSumNormal-32-Sob-LMS-DS-16-10000.dat,IndSumNormal,32,Sob-LMS,16,DS,False,-8.797022277160143e-06,6.850781530048494e-07,0.030329065870643268,3.014594358133276,    ,6.23572196922948e-08,8.940101798702005e-08,9.475967380883892e-08,9.313524696363468e-08,7.21767532877984e-08,7.318471806264413e-08
RepsRanparQMC/IndSumNormal-32-Sob-LMS-16-10000.dat,IndSumNormal,32,Sob-LMS,16,qmc,False,0.00018158231121895426,5.72602228538454e-07,0.00550726695423984,3.013654475234749,    ,8.502688379656753e-08,1.1300803849744012e-07,1.1712537736680872e-07,1.1301866808917734e-07,9.663508327945802e-08,9.66752799285509e-08
RepsRanparRQMC/IndSumNormal-32-Sob-NUS-6-10000.dat,IndSumNormal,32,Sob-NUS,6,NUS,False,-0.0004255664314570557,0.0010358025170898438,0.11239848370469534,3.0274799806885113,    ,9.43449719775689e-05,0.00015879937720467642,0.0001580500142902871,0.00014233379853794044,0.00011223378154158164,0.00011358638688179116
RepsRanparRQMC/IndSumNormal-32-Sob-NUS-8-10000.dat,IndSumNormal,32,Sob-NUS,8,NUS,False,0.00025646481854297274,0.0002501997991943361,0.012113179991165887,2.935567510076833,    ,2.281121049354447e-05,3.698291330644623e-05,3.8862761791288106e-05,3.576213348173683e-05,2.7570117269251942e-05,2.7900341698969694e-05
RepsRanparRQMC/IndSumNormal-32-Sob-NUS-10-10000.dat,IndSumNormal,32,Sob-NUS,10,NUS,False,-0.00010408205645694959,5.7313326873779304e-05,0.023552371486741917,2.9384410809033863,    ,5.221135517547153e-06,8.184085822988222e-06,8.683125960756538e-06,8.039446417334589e-06,6.194550075313815e-06,6.278223438120594e-06
RepsRanparRQMC/IndSumNormal-32-Sob-NUS-12-10000.dat,IndSumNormal,32,Sob-NUS,12,NUS,False,3.419919354313383e-05,1.5537818431854254e-05,0.007216187447960132,2.9449255994158845,    ,1.4136985331893877e-06,2.152698278344623e-06,2.284763400341486e-06,2.172103739961618e-06,1.6772374010725444e-06,1.6900449867797006e-06
RepsRanparRQMC/IndSumNormal-32-Sob-NUS-14-10000.dat,IndSumNormal,32,Sob-NUS,14,NUS,False,1.7468009650653225e-06,2.7956483599171056e-06,0.025472740702248416,3.010643312506199,    ,2.541529022151666e-07,3.731461247571967e-07,3.9763139867432127e-07,3.9368906895043585e-07,2.9711724298422444e-07,3.061755910444807e-07
RepsRanparRQMC/IndSumNormal-32-Sob-NUS-16-10000.dat,IndSumNormal,32,Sob-NUS,16,NUS,False,-9.122034484185718e-06,6.718233268684821e-07,0.0015388770341522898,2.8958953758429216,    ,6.115805941026542e-08,9.370029154757097e-08,1.0044118898938068e-07,9.698618899309294e-08,7.39807580599404e-08,7.558556915522412e-08
RepsFixedparRQMC/MC2-4-Lat-RS-6-10000.dat,MC2,4,Lat,6,RS,False,-2.0161993331869854e-06,1.9644662312853135e-05,0.22930563419724526,2.8420114815075657,    ,1.7858824571373088e-06,2.9205470877282066e-06,3.134626771041135e-06,2.9007849159849357e-06,2.22058002805423e-06,2.2420846285532415e-06
RepsFixedparRQMC/MC2-4-Lat-RSB-6-10000.dat,MC2,4,Lat,6,RS,True,3.313630392842779e-05,2.3436298393098205e-05,-0.018830480094896882,1.626023512304485,    ,2.131670595828783e-06,6.837342011555939e-06,7.7686174018181e-06,5.848122478145293e-06,3.1940879095429927e-06,3.962632659931001e-06
RepsFixedparRQMC/MC2-4-Lat-RS-8-10000.dat,MC2,4,Lat,8,RS,False,6.1091525168056495e-06,1.6339039680609694e-06,-0.28394040771794093,2.570771089745601,    ,1.4857404611365263e-07,2.676619205435025e-07,2.9358113704724036e-07,2.573196271244176e-07,1.86804118362973e-07,1.9308656208442003e-07
RepsFixedparRQMC/MC2-4-Lat-RSB-8-10000.dat,MC2,4,Lat,8,RS,True,-1.7950308393164027e-06,2.7545931529484667e-07,0.014192529732600922,1.5260051323264565,    ,2.504497807160925e-08,8.608528527868261e-08,9.803040224693675e-08,7.22235944033769e-08,3.922172490455286e-08,4.932312772798612e-08
RepsFixedparRQMC/MC2-4-Lat-RS-10-10000.dat,MC2,4,Lat,10,RS,False,2.4607245642750076e-06,4.3743325300594375e-08,0.08963280326914048,2.9514618889626862,    ,3.9827211017988966e-09,6.094994058558968e-09,6.473585066758086e-09,6.163540649629012e-09,4.650918481698011e-09,4.8201461547427415e-09
RepsFixedparRQMC/MC2-4-Lat-RSB-10-10000.dat,MC2,4,Lat,10,RS,True,-7.107327545807785e-09,7.508402877079419e-12,-0.01080447844453504,1.868121357643741,    ,6.82632593839336e-13,1.820837931119749e-12,2.0727293378736508e-12,1.607163198343083e-12,9.679517970923628e-13,1.1237027261894961e-12
RepsFixedparRQMC/MC2-4-Lat-RS-12-10000.dat,MC2,4,Lat,12,RS,False,8.724812479639632e-07,3.119313114327358e-09,-0.047719517455427844,2.8697972440165525,    ,2.8433514301235396e-10,4.426843435186563e-10,4.730953028149515e-10,4.484883447373897e-10,3.3735175670777925e-10,3.4898648111078195e-10
RepsFixedparRQMC/MC2-4-Lat-RSB-12-10000.dat,MC2,4,Lat,12,RS,True,5.921628950189551e-10,8.80003367662428e-14,-0.01692900024233738,2.173218876983532,    ,8.00038127200722e-15,1.694054310372593e-14,1.8992529210708287e-14,1.5876174500126497e-14,1.0569178711743434e-14,1.1572748499134071e-14
RepsFixedparRQMC/MC2-4-Lat-RS-14-10000.dat,MC2,4,Lat,14,RS,False,1.4924626656536156e-07,1.5144935901299594e-10,-0.011264613312442889,2.8089065004451883,    ,1.3790397994719693e-11,2.134848058642911e-11,2.2888851107914597e-11,2.1561006750777e-11,1.6571146934947444e-11,1.679359814125684e-11
RepsFixedparRQMC/MC2-4-Lat-RSB-14-10000.dat,MC2,4,Lat,14,RS,True,-4.679138237984049e-11,1.0365172208795557e-17,0.011425321847977558,2.6902148413742366,    ,9.444778160827944e-19,1.5611669924337783e-18,1.6933841305111736e-18,1.5723374956675781e-18,1.1724308923225827e-18,1.201827195565709e-18
RepsFixedparRQMC/MC2-4-Lat-RS-16-10000.dat,MC2,4,Lat,16,RS,False,9.224651465467027e-09,1.4018193837486741e-11,0.020372892602490218,2.9803530597500774,    ,1.2744663521479995e-12,1.885991417505507e-12,2.007763432538141e-12,1.927596127985533e-12,1.480485719449142e-12,1.5031899662825846e-12
RepsFixedparRQMC/MC2-4-Lat-RSB-16-10000.dat,MC2,4,Lat,16,RS,True,7.3529691335672e-12,1.29847381438922e-18,-0.01692378946407534,2.8255056446058577,    ,1.1809714019046282e-19,1.8078901326380678e-19,1.9351366903698444e-19,1.8435597607695054e-19,1.3931066734236708e-19,1.4246046161139376e-19
RepsRanparRQMC/MC2-4-Lat-Rp-RS-6-10000.dat,MC2,4,Lat-Rp,6,RS,False,-8.874875423850059e-05,1.82572039507183e-05,0.012305121266195892,3.1357365573594844,    ,1.6676221550805494e-06,2.343869519108082e-06,2.4622525341782772e-06,2.4459060695958843e-06,1.905128083071523e-06,1.9348745976166954e-06
RepsRanparRQMC/MC2-4-Lat-Rp-RSB-6-10000.dat,MC2,4,Lat-Rp,6,RS,True,3.1741458431323254e-06,6.009785909387147e-06,0.13721231368378997,7.5841158555784265,    ,5.463542487824831e-07,5.3207203898717326e-08,5.120537759597919e-08,1.9680445906885233e-07,3.692055217895911e-07,2.148194978883463e-07
RepsRanparQMC/MC2-4-Lat-Rp-6-10000.dat,MC2,4,Lat-Rp,6,qmc,False,0.014952001811608282,2.5734707459365956e-05,0.5348157268061748,3.668451741860293,    ,0.0002259018770342797,0.00021570532442511664,0.00021330128152276617,0.00021611982646992987,0.00022069407930975235,0.0002196706774001563
RepsRanparQMC/MC2-4-Lat-Rp-B-6-10000.dat,MC2,4,Lat-Rp,6,qmc,True,0.0031602631018889694,1.1256947786315263e-05,2.036600049814148,8.654435049842764,    ,1.1010621762825916e-05,4.543020574797134e-06,4.183840168916635e-06,6.254224438029388e-06,8.523896755276222e-06,7.146323141250242e-06
RepsRanparRQMC/MC2-4-Lat-Rp-RS-8-10000.dat,MC2,4,Lat-Rp,8,RS,False,-1.4708313893239967e-05,2.3322273319806507e-06,0.028011446296990983,5.085486437574439,    ,2.1223700104127758e-07,2.414930091540277e-07,2.471451409888917e-07,2.5701978614150985e-07,2.1941461681267345e-07,2.1375161943059914e-07
RepsRanparRQMC/MC2-4-Lat-Rp-RSB-8-10000.dat,MC2,4,Lat-Rp,8,RS,True,-2.038623313462795e-06,1.4512922938244266e-06,0.00858365266491148,23.42202966307141,    ,1.3193981905996208e-07,7.977257885421549e-10,8.174671114067915e-10,7.75646383542441e-09,3.2759457620043184e-08,9.723478679620168e-09
RepsRanparQMC/MC2-4-Lat-Rp-8-10000.dat,MC2,4,Lat-Rp,8,qmc,False,0.003913280231276923,7.035351782287852e-06,0.4994145357209285,5.651964834173354,    ,1.5953339603256206e-05,1.4723671560779713e-05,1.4533631301538602e-05,1.4938900382515397e-05,1.529537621923709e-05,1.5200647504583822e-05
RepsRanparQMC/MC2-4-Lat-Rp-B-8-10000.dat,MC2,4,Lat-Rp,8,qmc,True,0.0007452207569078146,2.9990305370035323e-06,3.9045299716933783,21.159283816904413,    ,8.2799311625385e-07,6.620351848218502e-08,5.590438274741724e-08,1.2553458748187697e-07,3.54233387032746e-07,1.732998755170057e-07
RepsRanparRQMC/MC2-4-Lat-Rp-RS-10-10000.dat,MC2,4,Lat-Rp,10,RS,False,6.038442000200262e-06,4.1137803180858805e-07,0.14473936754330266,23.919776616107153,    ,3.7434465673479604e-08,2.1575434228916258e-08,2.0768530604034525e-08,2.4090158676118454e-08,2.454664342852928e-08,2.191635083209261e-08
RepsRanparRQMC/MC2-4-Lat-Rp-RSB-10-10000.dat,MC2,4,Lat-Rp,10,RS,True,5.505251901219244e-06,3.5586634736356566e-07,0.9744484487966593,95.182924655532,    ,3.238179392245639e-08,1.1295740160764963e-11,1.192703313854601e-11,1.3578493379694297e-10,2.1091592493374378e-09,2.34166827114427e-10
RepsRanparQMC/MC2-4-Lat-Rp-10-10000.dat,MC2,4,Lat-Rp,10,qmc,False,0.0009516372228109839,1.7789115745504222e-06,0.31851473978696593,14.508840090465128,    ,1.0673326378894408e-06,9.308466456615637e-07,9.23442624184654e-07,9.612766511946413e-07,9.939470389585566e-07,9.702978076270903e-07
RepsRanparQMC/MC2-4-Lat-Rp-B-10-10000.dat,MC2,4,Lat-Rp,10,qmc,True,0.0001813820737597809,7.592863588507009e-07,7.505685273392122,60.50153605389464,    ,1.0192548930418958e-07,7.661779292159162e-10,6.280293790448097e-10,2.08944913838168e-09,1.6856497046190406e-08,3.3038822331345995e-09
RepsRanparRQMC/MC2-4-Lat-Rp-RS-12-10000.dat,MC2,4,Lat-Rp,12,RS,False,-2.8737767835508963e-06,9.218757948762095e-08,-1.7220863652256453,99.7993611192991,    ,8.388947637330853e-09,1.8592887293219876e-09,1.721760298182083e-09,2.225655179840991e-09,2.895013927798914e-09,2.1772173865197325e-09
RepsRanparRQMC/MC2-4-Lat-Rp-RSB-12-10000.dat,MC2,4,Lat-Rp,12,RS,True,1.9041196767341507e-06,7.756363637438091e-08,3.871102706769206,426.04292574529995,    ,7.05486534214159e-09,1.0251918130112707e-13,1.1758354667711798e-13,2.2174733790733057e-12,1.8291421183176712e-10,2.4709922364802117e-12
RepsRanparQMC/MC2-4-Lat-Rp-12-10000.dat,MC2,4,Lat-Rp,12,qmc,False,0.00023050481038986597,4.391401828280102e-07,0.12714496970749495,47.84211952266966,    ,9.305430241541445e-08,5.899285165249414e-08,5.8433153650804666e-08,6.245023283667884e-08,6.82639824242104e-08,6.315028192615486e-08
RepsRanparQMC/MC2-4-Lat-Rp-B-12-10000.dat,MC2,4,Lat-Rp,12,qmc,True,4.355831012765989e-05,1.8104976250062533e-07,15.349927032369258,243.61413675383798,    ,1.8356395699416065e-08,8.663746994059879e-12,7.053650234407394e-12,2.9580581657147294e-11,5.276712856849929e-10,5.746965037513262e-11
RepsRanparRQMC/MC2-4-Lat-Rp-RS-14-10000.dat,MC2,4,Lat-Rp,14,RS,False,2.0924037009071417e-06,2.009897684453641e-08,0.34852168959072255,194.04027797601935,    ,1.8315578663872436e-09,1.56836667327369e-10,1.43458825212589e-10,2.112891045741168e-10,3.067502780268297e-10,2.2155371408386077e-10
RepsRanparRQMC/MC2-4-Lat-Rp-RSB-14-10000.dat,MC2,4,Lat-Rp,14,RS,True,-3.3064674015336746e-06,1.909222508754662e-08,-35.50750269025901,1483.685123164927,    ,1.7465895528180068e-09,1.7738973515222353e-15,2.1658780788666668e-15,3.8929016024397806e-13,1.038448390069797e-12,1.7548735733644277e-13
RepsRanparQMC/MC2-4-Lat-Rp-14-10000.dat,MC2,4,Lat-Rp,14,qmc,False,5.840419817881671e-05,1.1580881184536541e-07,-4.208482424586073,195.31936198218372,    ,1.3939124169034626e-08,4.0785162774048876e-09,3.994023782608952e-09,4.457240483425998e-09,5.424890555625803e-09,4.594485785574814e-09
RepsRanparQMC/MC2-4-Lat-Rp-B-14-10000.dat,MC2,4,Lat-Rp,14,qmc,True,1.2094228184180733e-05,5.24795161101095e-08,28.739665404471143,849.6281226057683,    ,4.917135456290077e-09,9.777016772044307e-14,7.959586196613579e-14,3.808443047910307e-13,1.723120293155583e-10,6.834911140783339e-13
RepsRanparRQMC/MC2-4-Lat-Rp-RS-16-10000.dat,MC2,4,Lat-Rp,16,RS,False,1.3001270623895667e-06,5.348149393786566e-09,1.1856204543775921,618.5827411961659,    ,4.878857298135001e-10,1.3231995537583584e-11,1.1812008956340865e-11,1.8295257516089303e-11,3.459951918411833e-11,2.03722601439903e-11
RepsRanparRQMC/MC2-4-Lat-Rp-RSB-16-10000.dat,MC2,4,Lat-Rp,16,RS,True,-1.8853199726582837e-07,1.9270809390105815e-09,-36.28561044107003,3769.2415442369975,    ,1.7522472058768228e-10,1.4183818607682035e-17,1.7289602139493072e-17,5.580222935037723e-16,6.323181289716732e-14,1.04905216599045e-15
RepsRanparQMC/MC2-4-Lat-Rp-16-10000.dat,MC2,4,Lat-Rp,16,qmc,False,1.3904102131408957e-05,2.2740552720511386e-08,-18.265322488669216,972.4824264031448,    ,2.2606470306725953e-09,2.63537803488982e-10,2.574217284358616e-10,2.9851209719864355e-10,3.8237957751200105e-10,3.1122446199289637e-10
RepsRanparQMC/MC2-4-Lat-Rp-B-16-10000.dat,MC2,4,Lat-Rp,16,qmc,True,2.185525927360099e-06,9.415653717366978e-09,68.92950753455386,4825.764827805614,    ,8.607450433397976e-10,9.713685925012662e-16,7.880445785146849e-16,2.079910754957592e-14,6.159515262296967e-13,2.921325751375558e-14
RepsRanparRQMC/MC2-4-Lat-Rv-RS-6-10000.dat,MC2,4,Lat-Rv,6,RS,False,-2.3188203251572283e-05,1.235430586484403e-05,0.05912115318661,3.3956088694011344,    ,1.1236564077558571e-06,1.6313233575526914e-06,1.7282169410236568e-06,1.693922590372561e-06,1.3101601210410034e-06,1.329108124909258e-06
RepsRanparRQMC/MC2-4-Lat-Rv-RSB-6-10000.dat,MC2,4,Lat-Rv,6,RS,True,1.203804841211359e-05,8.931121354901732e-06,0.28862021531842547,6.324912364022838,    ,8.120650377824571e-07,1.2187318840769214e-07,1.3123300854303205e-07,4.5080634926155826e-07,6.487722587977652e-07,4.5332333426258896e-07
RepsRanparQMC/MC2-4-Lat-Rv-6-10000.dat,MC2,4,Lat-Rv,6,qmc,False,0.010990473237845709,2.102577703794975e-05,0.5815122256802697,4.630508023494236,    ,0.00012270193626798,0.0001202322862116938,0.0001194660928182663,0.00011920383550673264,0.00011991854351277859,0.00012015125286741357
RepsRanparQMC/MC2-4-Lat-Rv-B-6-10000.dat,MC2,4,Lat-Rv,6,qmc,True,0.0038704468237362798,1.615945794601231e-05,1.9636392900486388,9.488779649116346,    ,1.644940024682592e-05,9.243255493397214e-06,8.576886937596947e-06,1.0724225499439787e-05,1.3241556710323088e-05,1.1717916313426658e-05
RepsRanparRQMC/MC2-4-Lat-Rv-RS-8-10000.dat,MC2,4,Lat-Rv,8,RS,False,-1.299737799837175e-05,1.7820015470575718e-06,0.09601026972750203,8.058200900407083,    ,1.6216907247643e-07,1.4143957587999076e-07,1.396133450793105e-07,1.5269173681143758e-07,1.410685655834107e-07,1.3230840313546595e-07
RepsRanparRQMC/MC2-4-Lat-Rv-RSB-8-10000.dat,MC2,4,Lat-Rv,8,RS,True,2.4076502574314262e-05,2.1350412102682126e-06,0.34797028343768127,18.626804947961464,    ,1.946743334551394e-07,1.4597938627510348e-09,1.5472776553696042e-09,1.6460456371979376e-08,6.126567832104434e-08,1.90465009515382e-08
RepsRanparQMC/MC2-4-Lat-Rv-8-10000.dat,MC2,4,Lat-Rv,8,qmc,False,0.002779641705717056,6.100765282960191e-06,0.3802639750773515,8.247609363707658,    ,8.28102303788528e-06,7.830754829746276e-06,7.780746244535299e-06,7.87937715347087e-06,8.012374755360276e-06,7.9258016508743e-06
RepsRanparQMC/MC2-4-Lat-Rv-B-8-10000.dat,MC2,4,Lat-Rv,8,qmc,True,0.0009399979438435913,4.314313793717252e-06,3.868988833432988,29.012379941942502,    ,1.2758064793135661e-06,9.559278321453662e-08,8.062076638931081e-08,2.5992048796313155e-07,6.338054776041048e-07,3.285422483553173e-07
RepsRanparRQMC/MC2-4-Lat-Rv-RS-10-10000.dat,MC2,4,Lat-Rv,10,RS,False,-6.4631389782711765e-06,3.676047540925526e-07,-0.5478771334934349,34.71360237025398,    ,3.3460386173866324e-08,1.2409899766966219e-08,1.1715452556411332e-08,1.4325592753567114e-08,1.6042275981353385e-08,1.3579568428154053e-08
RepsRanparRQMC/MC2-4-Lat-Rv-RSB-10-10000.dat,MC2,4,Lat-Rv,10,RS,True,5.994891058802887e-06,4.979228719948068e-07,0.5488229275853123,71.7886239169967,    ,4.530165435469845e-08,1.5364501648337133e-11,2.0268384111394583e-11,3.160806303707735e-10,4.5567864437132285e-09,4.4860311313809916e-10
RepsRanparQMC/MC2-4-Lat-Rv-10-10000.dat,MC2,4,Lat-Rv,10,qmc,False,0.0007087355531369398,1.5571125504525554e-06,0.40706879261023593,21.018752519589295,    ,6.438617706851019e-07,5.114769688973455e-07,5.070012997465109e-07,5.283097653342237e-07,5.528901960197401e-07,5.340788126024167e-07
RepsRanparQMC/MC2-4-Lat-Rv-B-10-10000.dat,MC2,4,Lat-Rv,10,qmc,True,0.00022404365582436646,1.0133363703194065e-06,6.970288158722908,58.775951094252896,    ,1.423170479260023e-07,9.464913945703171e-10,7.728569425236323e-10,4.060777751518394e-09,2.4403914547753394e-08,6.133605077983189e-09
RepsRanparRQMC/MC2-4-Lat-Rv-RS-12-10000.dat,MC2,4,Lat-Rv,12,RS,False,-3.0264251101750794e-06,8.877470132888066e-08,-2.685536783431907,151.67889877893737,    ,8.079586642482103e-09,1.0961277126877906e-09,1.0291778457444021e-09,1.3140797581175582e-09,1.8505613344202803e-09,1.297640415521534e-09
RepsRanparRQMC/MC2-4-Lat-Rv-RSB-12-10000.dat,MC2,4,Lat-Rv,12,RS,True,7.327631776367638e-06,1.372009450676988e-07,3.984760019248716,246.80197028772272,    ,1.252650737542265e-08,1.790800771172465e-13,2.0763436602516285e-13,4.207514542246968e-12,3.5378904499607287e-10,8.194307002269969e-12
RepsRanparQMC/MC2-4-Lat-Rv-12-10000.dat,MC2,4,Lat-Rv,12,qmc,False,0.00017466183154533105,3.923231600240677e-07,0.5750622584392098,73.73913514081433,    ,6.617249721913938e-08,3.2102340656496275e-08,3.179997962282774e-08,3.405194312018268e-08,3.8787655572395175e-08,3.477212850346759e-08
RepsRanparQMC/MC2-4-Lat-Rv-B-12-10000.dat,MC2,4,Lat-Rv,12,qmc,True,5.577253324574969e-05,2.4646327852990654e-07,13.121226680011226,178.0286753699974,    ,2.5516328058276122e-08,1.051252508963093e-11,8.585644812491738e-12,4.8859122860162976e-11,1.9054753750531274e-09,1.1457138856044778e-10
RepsRanparRQMC/MC2-4-Lat-Rv-RS-14-10000.dat,MC2,4,Lat-Rv,14,RS,False,-1.077568104850124e-06,3.445654784408067e-08,-12.688605411473139,586.0780316142194,    ,3.13357459339156e-09,9.476165149057058e-11,8.639099925009722e-11,1.248951007271652e-10,2.0644257799696018e-10,1.3127275507274758e-10
RepsRanparRQMC/MC2-4-Lat-Rv-RSB-14-10000.dat,MC2,4,Lat-Rv,14,RS,True,5.181531053873578e-06,5.386370924813956e-08,14.802242953150268,682.6724275538352,    ,4.923549104802216e-09,1.0984636548913463e-15,1.8989807774339753e-15,4.852170383820983e-14,3.0775186557892554e-12,7.62792307603001e-14
RepsRanparQMC/MC2-4-Lat-Rv-14-10000.dat,MC2,4,Lat-Rv,14,qmc,False,3.7946778773491894e-05,8.997986626968231e-08,-3.5696674700314825,295.89447069965104,    ,9.619945861982727e-09,2.09699398266343e-09,2.074201016865013e-09,2.302679120205522e-09,2.752834980044688e-09,2.3264589004792688e-09
RepsRanparQMC/MC2-4-Lat-Rv-B-14-10000.dat,MC2,4,Lat-Rv,14,qmc,True,1.2339902803723569e-05,5.257942270930514e-08,28.673539518906253,846.786987300619,    ,4.932220720233085e-09,6.963892073053782e-14,5.757993874544314e-14,5.056491088859601e-13,1.381422632500438e-11,9.875607564410389e-13
RepsRanparRQMC/MC2-4-Lat-Rv-RS-16-10000.dat,MC2,4,Lat-Rv,16,RS,False,-3.6973498746724063e-07,8.995482216923957e-09,-5.747406563858767,2042.245977391049,    ,8.17907814590408e-10,8.234131523204357e-12,7.493558034575063e-12,1.1007982461434094e-11,1.6901780281826905e-11,1.1352789401853186e-11
RepsRanparRQMC/MC2-4-Lat-Rv-RSB-16-10000.dat,MC2,4,Lat-Rv,16,RS,True,1.619338426409267e-07,1.5690824986051004e-08,8.976783105308824,2481.6266905753514,    ,1.4264648576649384e-09,9.594109490273188e-18,1.4847338459099882e-17,4.125271955597292e-16,2.1801754436953194e-14,5.41214345917109e-16
RepsRanparQMC/MC2-4-Lat-Rv-16-10000.dat,MC2,4,Lat-Rv,16,qmc,False,8.64099928669384e-06,1.7054389730728746e-08,-29.345550738405223,1519.5465752896664,    ,1.6250659351025293e-09,1.4775135201849254e-10,1.4521484521677571e-10,1.6752820715648346e-10,2.145654014562718e-10,1.7055223274373736e-10
RepsRanparQMC/MC2-4-Lat-Rv-B-16-10000.dat,MC2,4,Lat-Rv,16,qmc,True,2.351442797985359e-06,9.554671773640017e-09,67.56327710614865,4688.417340526073,    ,8.741358081085624e-10,5.124850649556652e-16,4.243283665013245e-16,5.039049604170868e-15,8.478789017801248e-14,1.080877035123846e-14
RepsFixedparRQMC/MC2-4-Sob-DS-6-10000.dat,MC2,4,Sob,6,DS,False,-1.444604304709163e-07,6.6970059172401065e-06,0.006840194535885575,2.7124754061023966,    ,6.088187406179166e-07,9.652357152244635e-07,1.0402423494054569e-06,9.847882608906548e-07,7.317658962100999e-07,7.553614429534014e-07
RepsFixedparRQMC/MC2-4-Sob-DS-8-10000.dat,MC2,4,Sob,8,DS,False,1.8938503455885324e-06,4.2024924565715864e-07,0.012140458539079184,2.6806273303700783,    ,3.8208063547054995e-08,6.228540256661057e-08,6.708578201196681e-08,6.285052572608903e-08,4.7075107547723037e-08,4.8197379043960073e-08
RepsFixedparRQMC/MC2-4-Sob-DS-10-10000.dat,MC2,4,Sob,10,DS,False,7.095913608430871e-07,2.5932205502392452e-08,0.029853355525754084,2.6785277629973856,    ,2.357976747389606e-09,3.797079679141084e-09,4.094003632162355e-09,3.900649333681476e-09,2.8642247906866603e-09,3.0060233414804373e-09
RepsFixedparRQMC/MC2-4-Sob-DS-12-10000.dat,MC2,4,Sob,12,DS,False,5.578293201482954e-07,1.5872563964081537e-09,0.015577031375179106,2.736366094488307,    ,1.44607209587522e-10,2.260424826896908e-10,2.438783504292835e-10,2.3054536997814015e-10,1.7639190413029068e-10,1.7958769001849743e-10
RepsFixedparRQMC/MC2-4-Sob-DS-14-10000.dat,MC2,4,Sob,14,DS,False,1.7054926921363788e-07,1.0103000822211032e-10,0.006864823940697267,2.694146611682589,    ,9.213633255239335e-12,1.4979644149316322e-11,1.6117325322472864e-11,1.4908825316633375e-11,1.1371521202300903e-11,1.1467016295537073e-11
RepsFixedparRQMC/MC2-4-Sob-DS-16-10000.dat,MC2,4,Sob,16,DS,False,1.3815034038255901e-08,6.348936073566481e-12,0.008363822660866426,2.7283405320578913,    ,5.7736686185334e-13,9.279153200568667e-13,9.958865514825649e-13,9.446859996742173e-13,7.08957932434947e-13,7.286646187908299e-13
RepsRanparRQMC/MC2-4-Sob-LMS-DS-6-10000.dat,MC2,4,Sob-LMS,6,DS,False,-7.03710862191389e-06,6.200040194082091e-07,0.00046243184266686686,3.7045098880046448,    ,5.641352266213925e-08,3.412347817893435e-08,3.624649383491566e-08,5.698478869210416e-08,5.7768470711446904e-08,5.0606180887685454e-08
RepsRanparQMC/MC2-4-Sob-LMS-6-10000.dat,MC2,4,Sob-LMS,6,qmc,False,0.001003614565976687,4.865265081776434e-07,0.8742571959494542,3.004677351943251,    ,1.051471879602178e-06,8.039309446171003e-07,7.541975026785051e-07,8.623812712416438e-07,9.605512839202415e-07,9.233720069918502e-07
RepsRanparRQMC/MC2-4-Sob-LMS-DS-8-10000.dat,MC2,4,Sob-LMS,8,DS,False,-1.3616666852736325e-06,4.4542628580818565e-09,-0.1485723481814946,9.43337333936901,    ,4.067871232601347e-10,1.1815903671728292e-10,1.0917703622330928e-10,2.0462556144633142e-10,2.825035971100891e-10,2.1040079565367704e-10
RepsRanparQMC/MC2-4-Sob-LMS-8-10000.dat,MC2,4,Sob-LMS,8,qmc,False,6.539458332178117e-05,4.4745054226115245e-09,2.221809792771113,9.222712654294282,    ,4.683224748066791e-09,2.347275873485429e-09,2.0601517689241234e-09,2.6711716565935556e-09,3.5336214455832196e-09,3.214133757833363e-09
RepsRanparRQMC/MC2-4-Sob-LMS-DS-10-10000.dat,MC2,4,Sob-LMS,10,DS,False,1.81177502891154e-08,6.836168194262768e-11,-0.1915018098008483,31.4487710390145,    ,6.2150266112962374e-12,5.880518549423934e-13,5.62388873169956e-13,1.4765561153877108e-12,2.489386381855133e-12,1.6282150252433442e-12
RepsRanparQMC/MC2-4-Sob-LMS-10-10000.dat,MC2,4,Sob-LMS,10,qmc,False,5.1510243890619975e-06,6.830028644460438e-11,4.604586783675316,34.08310051791129,    ,3.274216920622101e-11,9.881217765595068e-12,8.23851549015135e-12,1.2240606819087712e-11,1.8977178186361848e-11,1.593479182510564e-11
RepsRanparRQMC/MC2-4-Sob-LMS-DS-12-10000.dat,MC2,4,Sob-LMS,12,DS,False,-1.072664396900444e-08,1.6514521123194145e-12,-1.0092225695324573,59.800562373850354,    ,1.5024707110169366e-13,1.6611976028136796e-15,1.793697459621889e-15,1.0679757821027126e-14,2.978987733394983e-14,1.3050230002516809e-14
RepsRanparQMC/MC2-4-Sob-LMS-12-10000.dat,MC2,4,Sob-LMS,12,qmc,False,4.651488051688544e-07,1.6194187193176398e-12,6.686395174055013,62.132282551322156,    ,3.6358329452434373e-13,2.5633539572290823e-14,1.9784731531092443e-14,5.104599052473834e-14,1.1960858555798073e-13,7.679798546276324e-14
RepsRanparRQMC/MC2-4-Sob-LMS-DS-14-10000.dat,MC2,4,Sob-LMS,14,DS,False,1.7919965002630452e-09,2.869876621137194e-14,0.8532447920360933,195.96926909200752,    ,2.6121899979453135e-15,7.937561372165596e-19,1.6538690161647642e-18,3.826274128532585e-17,2.8101002609122823e-16,4.612928399484539e-17
RepsRanparQMC/MC2-4-Sob-LMS-14-10000.dat,MC2,4,Sob-LMS,14,qmc,False,3.256854879940205e-08,2.26082500071426e-14,13.208485038942218,253.23817313611528,    ,3.1160058260938143e-15,1.6915442061538025e-17,1.3407981237307444e-17,1.1385403647073566e-16,4.550553103989296e-16,1.918117222564952e-16
RepsRanparRQMC/MC2-4-Sob-LMS-DS-16-10000.dat,MC2,4,Sob-LMS,16,DS,False,-6.436843504942832e-11,5.683264603804354e-16,10.607110525392697,684.8739499748806,    ,5.167018514819757e-17,8.456815964935272e-22,1.969637305538736e-21,1.1802430787445577e-19,1.9208986074922268e-18,1.8193784875351942e-19
RepsRanparQMC/MC2-4-Sob-LMS-16-10000.dat,MC2,4,Sob-LMS,16,qmc,False,3.129171032188274e-09,4.819912133783568e-16,23.00028158185302,822.0313916595625,    ,5.3609094383082305e-17,8.88453356735142e-20,8.797605083794854e-20,3.9846472169781015e-19,3.42663017896693e-18,6.846820581984592e-19
RepsRanparRQMC/MC2-4-Sob-NUS-6-10000.dat,MC2,4,Sob-NUS,6,NUS,False,-7.401252286468496e-06,6.0248417479353e-07,-0.02986970948566089,2.7895931089522956,    ,5.4826067153001595e-08,8.66585851609402e-08,9.213435224491545e-08,8.643411391506823e-08,6.543796486087097e-08,6.663995752046605e-08
RepsRanparRQMC/MC2-4-Sob-NUS-8-10000.dat,MC2,4,Sob-NUS,8,NUS,False,5.19141916465038e-07,4.496967702729775e-09,-0.005199898623830754,3.1317278549025667,    ,4.0908475403213777e-10,6.023814315880756e-10,6.325805892947848e-10,6.046336654475159e-10,4.776388653247562e-10,4.776148939649251e-10
RepsRanparRQMC/MC2-4-Sob-NUS-10-10000.dat,MC2,4,Sob-NUS,10,NUS,False,-9.005177567669165e-08,6.807525018639977e-11,0.004704140507747309,2.9979898489333987,    ,6.19676843015705e-12,9.458906818736295e-12,1.0063142538699729e-11,9.672448949461416e-12,7.386309152043742e-12,7.556765462131261e-12
RepsRanparRQMC/MC2-4-Sob-NUS-12-10000.dat,MC2,4,Sob-NUS,12,NUS,False,9.387603378041565e-09,1.694700179620832e-12,-0.02194616065408634,3.1173809522858114,    ,1.5415177978998633e-13,2.287946444347669e-13,2.42409384575258e-13,2.409311975147572e-13,1.8334601903248987e-13,1.8828342352069066e-13
RepsRanparRQMC/MC2-4-Sob-NUS-14-10000.dat,MC2,4,Sob-NUS,14,NUS,False,-6.65228322438427e-10,2.727168978485065e-14,0.010812175326524287,3.334331247131948,    ,2.4796870546164878e-15,3.5139885860720233e-15,3.695284304718904e-15,3.6007806303686544e-15,2.8947368742048794e-15,2.8731194571045264e-15
RepsRanparRQMC/MC2-4-Sob-NUS-16-10000.dat,MC2,4,Sob-NUS,16,NUS,False,2.199010396219947e-10,3.9053702750594355e-16,-0.0050117326171732896,3.19389370318865,    ,3.5551722604130796e-17,5.364450416234243e-17,5.685016319525791e-17,5.498994879487865e-17,4.304598676639636e-17,4.32627393051562e-17
RepsFixedparRQMC/MC2-8-Lat-RS-6-10000.dat,MC2,8,Lat,6,RS,False,-3.1670169666940696e-06,4.2684313806345365e-06,0.028367789610755336,2.930668308476171,    ,3.880492464177888e-07,5.90670158203125e-07,6.257317597665496e-07,5.949633391953e-07,4.581199267977336e-07,4.687351467487286e-07
RepsFixedparRQMC/MC2-8-Lat-RSB-6-10000.dat,MC2,8,Lat,6,RS,True,1.6354492281018595e-05,2.1517849403839824e-06,0.012348366081799048,2.3374003878744984,    ,1.958842821799501e-07,2.9276569460559927e-07,3.3054700757662096e-07,3.2492751726302054e-07,2.4363924370005916e-07,2.4622296079968013e-07
RepsFixedparRQMC/MC2-8-Lat-RS-8-10000.dat,MC2,8,Lat,8,RS,False,-2.2508772342810346e-06,3.830432574673575e-07,-0.033976452846273354,2.792315983055011,    ,3.4827180763538126e-08,5.337813011100304e-08,5.7140862307215784e-08,5.5084126208429397e-08,4.1709089343613915e-08,4.248028457139389e-08
RepsFixedparRQMC/MC2-8-Lat-RSB-8-10000.dat,MC2,8,Lat,8,RS,True,2.701056502720045e-06,2.996236826198152e-08,-0.03873732611743938,2.3994597975577374,    ,2.7311473664110243e-09,4.602204052683458e-09,5.094112145089864e-09,4.727093600268905e-09,3.480295437579596e-09,3.6008807023472097e-09
RepsFixedparRQMC/MC2-8-Lat-RS-10-10000.dat,MC2,8,Lat,10,RS,False,-1.5471331919543973e-06,6.492690011982752e-08,-0.4123502578260078,2.5436894174792966,    ,5.904839086552513e-09,1.1248450177919031e-08,1.2471474758211074e-08,1.1041935718972249e-08,7.703751191293493e-09,8.117238561802648e-09
RepsFixedparRQMC/MC2-8-Lat-RSB-10-10000.dat,MC2,8,Lat,10,RS,True,1.0560358705508865e-06,1.3195318361535326e-08,-0.021093683536444568,1.5180160091941788,    ,1.2006896082631015e-09,4.22347964682433e-09,4.780397711499006e-09,3.5231155562104066e-09,1.858586660459799e-09,2.3950631632047816e-09
RepsFixedparRQMC/MC2-8-Lat-RS-12-10000.dat,MC2,8,Lat,12,RS,False,4.796658368744766e-07,1.2613372830283076e-09,-0.06005673653330998,2.8950677830305516,    ,1.1489710504491064e-10,1.7545270067909616e-10,1.8672784505661048e-10,1.7808571314356754e-10,1.3771714556831218e-10,1.3918942185649236e-10
RepsFixedparRQMC/MC2-8-Lat-RSB-12-10000.dat,MC2,8,Lat,12,RS,True,4.608518936899397e-09,1.51177735095395e-13,-0.0003114725959920472,2.0972059173944864,    ,1.3764668910009487e-14,3.2402064630650086e-14,3.614334554010962e-14,2.92422779125183e-14,1.9142395726188774e-14,2.105536177197079e-14
RepsFixedparRQMC/MC2-8-Lat-RS-14-10000.dat,MC2,8,Lat,14,RS,False,6.75463075938798e-08,7.834665148859476e-11,-0.021361676060320377,2.907171936228048,    ,7.12698536626909e-12,1.1425028641325068e-11,1.2117147272809619e-11,1.1321686626822615e-11,8.798361313124654e-12,8.827918104545873e-12
RepsFixedparRQMC/MC2-8-Lat-RSB-14-10000.dat,MC2,8,Lat,14,RS,True,1.6257680335307612e-10,1.5493404181320468e-16,0.013219700488009982,2.8248878362143106,    ,1.411134410909802e-17,2.1546322639605296e-17,2.3122194877764184e-17,2.2597538443328076e-17,1.7020224736837275e-17,1.746175981038283e-17
RepsFixedparRQMC/MC2-8-Lat-RS-16-10000.dat,MC2,8,Lat,16,RS,False,1.1362423469174488e-08,5.841638338725847e-12,-0.019532559431606138,2.9288686087533295,    ,5.311871354603517e-13,8.07108387011663e-13,8.586546705383204e-13,8.152948145442421e-13,6.352638298311438e-13,6.372942268836208e-13
RepsFixedparRQMC/MC2-8-Lat-RSB-16-10000.dat,MC2,8,Lat,16,RS,True,3.999145107291824e-11,3.4111072593576277e-18,-0.0056231171842328525,2.498968770993716,    ,3.1169997610052017e-19,5.357567818737079e-19,5.843508061109645e-19,5.281859262262425e-19,3.9085513303348374e-19,4.0432451644747208e-19
RepsRanparRQMC/MC2-8-Lat-Rp-RS-6-10000.dat,MC2,8,Lat-Rp,6,RS,False,2.5785834205644166e-05,6.833852522753977e-06,0.0319980478670315,3.236088052707271,    ,6.219242294960425e-07,8.933275133255961e-07,9.397664230118003e-07,9.156937278384956e-07,7.335008414773303e-07,7.331296216974462e-07
RepsRanparRQMC/MC2-8-Lat-Rp-RSB-6-10000.dat,MC2,8,Lat-Rp,6,RS,True,-2.9523474535574135e-06,1.327767418814912e-06,0.3436829038578048,4.4801669386982645,    ,1.2071484533866034e-07,1.1358657862259442e-07,1.234502609412781e-07,1.4853382300891658e-07,1.2908270724578653e-07,1.238167160762765e-07
RepsRanparQMC/MC2-8-Lat-Rp-6-10000.dat,MC2,8,Lat-Rp,6,qmc,False,0.01434954120648589,1.052109411338936e-05,0.4039471642151539,3.057308755499136,    ,0.00020686579593785374,0.00020320733204588355,0.00020178641917113836,0.00020265457690351677,0.00020440054107217148,0.0002042135936567393
RepsRanparQMC/MC2-8-Lat-Rp-B-6-10000.dat,MC2,8,Lat-Rp,6,qmc,True,0.003344313433145583,2.7796556514433256e-06,1.1750041128623299,5.577217630227501,    ,1.1437128307431026e-05,9.934745751246543e-06,9.61248048946639e-06,1.0088600542218882e-05,1.0671430511617085e-05,1.0544252814266222e-05
RepsRanparRQMC/MC2-8-Lat-Rp-RS-8-10000.dat,MC2,8,Lat-Rp,8,RS,False,1.4387622147052803e-06,7.056332767800386e-07,0.05962139179141863,3.4894435271749757,    ,6.415054974398671e-08,9.15174428948494e-08,9.523818198944238e-08,9.248579918955955e-08,7.524641831151769e-08,7.373088977791476e-08
RepsRanparRQMC/MC2-8-Lat-Rp-RSB-8-10000.dat,MC2,8,Lat-Rp,8,RS,True,-5.32252439227403e-06,3.3516748691136525e-07,0.15523529837043115,7.795911024008608,    ,3.0498100803303195e-08,2.937251251842225e-09,2.9602565080929895e-09,1.2009800197758864e-08,2.1730346656488562e-08,1.2975767761958442e-08
RepsRanparQMC/MC2-8-Lat-Rp-8-10000.dat,MC2,8,Lat-Rp,8,qmc,False,0.0037164966602513247,2.0136903943413517e-06,0.5950521268210315,3.9203265966126084,    ,1.3995410188781191e-05,1.3250466988054455e-05,1.3066844846637266e-05,1.3291767610587297e-05,1.36131772814932e-05,1.3532293479924596e-05
RepsRanparQMC/MC2-8-Lat-Rp-B-8-10000.dat,MC2,8,Lat-Rp,8,qmc,True,0.0007943408462015987,6.912115596079538e-07,1.868104981595809,7.37704677516288,    ,6.93814794454086e-07,3.008911829941597e-07,2.766008285587871e-07,4.0853234107450516e-07,5.461094550536255e-07,4.671578051842566e-07
RepsRanparRQMC/MC2-8-Lat-Rp-RS-10-10000.dat,MC2,8,Lat-Rp,10,RS,False,7.299695064323786e-06,1.0281952646519644e-07,0.21047115369946848,6.978344543890079,    ,9.400515226686334e-09,8.987846236697725e-09,8.944831135669842e-09,9.857410733824158e-09,9.004713366452876e-09,8.441262215113993e-09
RepsRanparRQMC/MC2-8-Lat-Rp-RSB-10-10000.dat,MC2,8,Lat-Rp,10,RS,True,-2.308391933151732e-06,7.97066138287004e-08,-0.09966359624152155,25.22493910486576,    ,7.251384475926167e-09,6.902422494236315e-11,6.515455875668458e-11,4.199412367086254e-10,1.9904272374170605e-09,5.272640317924852e-10
RepsRanparQMC/MC2-8-Lat-Rp-10-10000.dat,MC2,8,Lat-Rp,10,qmc,False,0.0009006240472127697,4.2550054850879397e-07,0.3877275380569339,5.452828643702864,    ,8.498055424641631e-07,8.004225423337076e-07,7.912003600678787e-07,8.117755056579199e-07,8.29188711679242e-07,8.222608749493385e-07
RepsRanparQMC/MC2-8-Lat-Rp-B-10-10000.dat,MC2,8,Lat-Rp,10,qmc,True,0.00019177136512940463,1.6228159731787947e-07,3.4881331287587334,16.164123828353123,    ,5.152912896703902e-08,5.5949137289998476e-09,4.775880848757821e-09,1.0414559076694053e-08,2.462685949124638e-08,1.3854498582150529e-08
RepsRanparRQMC/MC2-8-Lat-Rp-RS-12-10000.dat,MC2,8,Lat-Rp,12,RS,False,-1.5835274671872402e-06,2.26822533709016e-08,0.2782808877808574,20.539822948358072,    ,2.0645305929576637e-09,9.253809865783266e-10,8.645064802404616e-10,1.110980727219812e-09,1.3057597462057924e-09,1.0555615999425102e-09
RepsRanparRQMC/MC2-8-Lat-Rp-RSB-12-10000.dat,MC2,8,Lat-Rp,12,RS,True,-1.5239842915587332e-06,2.2130295387908888e-08,-1.26364777635561,78.9568582651528,    ,2.014167563385362e-09,1.2620007648157476e-12,1.279950078573419e-12,1.2587255111503194e-11,1.8537738570239173e-10,2.070865683271293e-11
RepsRanparQMC/MC2-8-Lat-Rp-12-10000.dat,MC2,8,Lat-Rp,12,qmc,False,0.00022356812264775163,1.0504754159342196e-07,0.1631716347767611,13.570069239457437,    ,5.953248197273302e-08,5.253294291260455e-08,5.213217362642461e-08,5.451919344096901e-08,5.622153715878058e-08,5.4649772205309996e-08
RepsRanparQMC/MC2-8-Lat-Rp-B-12-10000.dat,MC2,8,Lat-Rp,12,qmc,True,4.76693293692946e-05,4.201690125637365e-08,6.922199783744698,51.42535714255695,    ,6.092083258552262e-09,8.678890286078385e-11,7.288479159081765e-11,2.4606676791975077e-10,1.275308220848918e-09,3.64084156744866e-10
RepsRanparRQMC/MC2-8-Lat-Rp-RS-14-10000.dat,MC2,8,Lat-Rp,14,RS,False,4.4274047744926605e-07,5.637923458355768e-09,0.797263549862778,73.14145903414654,    ,5.127345153445327e-10,8.674623463083733e-11,7.934989378485661e-11,1.0947203106927419e-10,1.5575088023852306e-10,1.1098741647663897e-10
RepsRanparRQMC/MC2-8-Lat-Rp-RSB-14-10000.dat,MC2,8,Lat-Rp,14,RS,True,-3.663821682930335e-07,5.746991998002932e-09,-5.117972353164047,378.5986055991857,    ,5.225880538935096e-10,2.309029377545433e-14,2.407611537801285e-14,4.4138198974887494e-13,1.4067963412806359e-11,7.195373648044379e-13
RepsRanparQMC/MC2-8-Lat-Rp-14-10000.dat,MC2,8,Lat-Rp,14,qmc,False,5.696586107155618e-05,2.606789183514727e-08,-0.21230315684857234,43.17116677713419,    ,5.614917676273592e-09,3.5739878366900912e-09,3.522138166746118e-09,3.775116385117996e-09,4.117390418645039e-09,3.8303591838052e-09
RepsRanparQMC/MC2-8-Lat-Rp-B-14-10000.dat,MC2,8,Lat-Rp,14,qmc,True,1.2015332519635136e-05,1.0614523876575633e-08,13.844380833380471,197.8762820423014,    ,1.1093249316097318e-09,1.4799933788947328e-12,1.2049249116284532e-12,4.132594480221506e-12,8.33502106481973e-11,7.533217917204512e-12
RepsRanparRQMC/MC2-8-Lat-Rp-RS-16-10000.dat,MC2,8,Lat-Rp,16,RS,False,-2.1376516994320305e-08,1.208044724525721e-09,1.6548889293499633,167.14371360491486,    ,1.0982270463963527e-10,7.723733493432548e-12,6.9840270266696855e-12,1.0946955471894794e-11,1.8191259931327425e-11,1.1649134281042742e-11
RepsRanparRQMC/MC2-8-Lat-Rp-RSB-16-10000.dat,MC2,8,Lat-Rp,16,RS,True,-9.170409796320444e-07,1.5764756033107292e-09,-21.33479645792617,949.1114202238421,    ,1.4415692809566352e-10,2.7756370450010456e-16,3.0210941125899326e-16,6.03109983865048e-15,2.344256158892071e-13,8.455096833530328e-15
RepsRanparQMC/MC2-8-Lat-Rp-16-10000.dat,MC2,8,Lat-Rp,16,qmc,False,1.272636730020602e-05,5.6278847649048e-09,-3.4956985158825313,163.44484981371656,    ,6.735863123783713e-10,2.2830146277424887e-10,2.2623354027592877e-10,2.507148229680854e-10,2.869970525200854e-10,2.506734813497026e-10
RepsRanparQMC/MC2-8-Lat-Rp-B-16-10000.dat,MC2,8,Lat-Rp,16,qmc,True,2.4709297966411637e-06,2.0354946305158386e-09,31.885985531418644,1044.0853899447325,    ,1.9115046047045994e-10,2.019274846344058e-14,1.6616505451825673e-14,5.094198738046572e-14,6.35994086338393e-13,9.410020782451197e-14
RepsRanparRQMC/MC2-8-Lat-Rv-RS-6-10000.dat,MC2,8,Lat-Rv,6,RS,False,4.499788397998117e-06,4.211756394193365e-06,0.038962935653995126,2.9597577641714428,    ,3.829071930222963e-07,5.791637199616875e-07,6.159256443914202e-07,5.954616275618725e-07,4.5915105951827363e-07,4.667852911235712e-07
RepsRanparRQMC/MC2-8-Lat-Rv-RSB-6-10000.dat,MC2,8,Lat-Rv,6,RS,True,2.0260941204780247e-05,1.918381657437351e-06,0.3939078513408641,3.710700148937812,    ,1.748088382328082e-07,2.42389004943159e-07,2.584230488268998e-07,2.5537279560317403e-07,1.9965033696012735e-07,2.0122458943079563e-07
RepsRanparQMC/MC2-8-Lat-Rv-6-10000.dat,MC2,8,Lat-Rv,6,qmc,False,0.010582756594208586,4.7175939293568785e-06,0.7483673048945806,3.912756971447882,    ,0.00011242360930766138,0.00010813292739965672,0.00010705449141926546,0.00010834245618636635,0.00011005557632192264,0.00010978529401085985
RepsRanparQMC/MC2-8-Lat-Rv-B-6-10000.dat,MC2,8,Lat-Rv,6,qmc,True,0.003949414942191012,3.498173406031835e-06,1.3092233817214112,6.236346642996778,    ,1.5915894149786347e-05,1.3544435304988178e-05,1.3133748830044933e-05,1.3878667626881752e-05,1.4796422696146016e-05,1.4527039320995162e-05
RepsRanparRQMC/MC2-8-Lat-Rv-RS-8-10000.dat,MC2,8,Lat-Rv,8,RS,False,3.7024597246750447e-06,4.992924345950462e-07,0.1597112219728477,3.992087158572399,    ,4.540392953483522e-08,5.868981763123193e-08,6.061028547696039e-08,6.17962266854778e-08,4.9459145710657344e-08,4.9570608843494337e-08
RepsRanparRQMC/MC2-8-Lat-Rv-RSB-8-10000.dat,MC2,8,Lat-Rv,8,RS,True,5.376935505899128e-06,4.7017795822188615e-07,0.1901555019880645,6.286645961956431,    ,4.27723621828788e-08,6.297955406500687e-09,7.029761311645724e-09,2.3773723125278945e-08,3.439384425109449e-08,2.3866666128895883e-08
RepsRanparQMC/MC2-8-Lat-Rv-8-10000.dat,MC2,8,Lat-Rv,8,qmc,False,0.0026390700408054158,1.4012929983627379e-06,0.4832128210694282,4.282884633900572,    ,7.0920809528551295e-06,6.857023744254331e-06,6.804314547065474e-06,6.857253055817497e-06,6.9364601612497496e-06,6.924595412313214e-06
RepsRanparQMC/MC2-8-Lat-Rv-B-8-10000.dat,MC2,8,Lat-Rv,8,qmc,True,0.0009812719865668464,9.6191148772794e-07,1.7276813688777355,7.565654702367862,    ,1.0503412105052034e-06,6.326871723955059e-07,5.750527818157987e-07,7.081693212739195e-07,8.571960852384513e-07,7.802525144241923e-07
RepsRanparRQMC/MC2-8-Lat-Rv-RS-10-10000.dat,MC2,8,Lat-Rv,10,RS,False,1.9726412970494377e-06,8.67017019131648e-08,0.08070785743001847,8.848549400504083,    ,7.885864214883625e-09,5.666325245950971e-09,5.466245545802733e-09,6.360765103782024e-09,6.420005208354023e-09,5.722945973975986e-09
RepsRanparRQMC/MC2-8-Lat-Rv-RSB-10-10000.dat,MC2,8,Lat-Rv,10,RS,True,3.394152565870201e-06,1.1707530697262653e-07,0.07556909090152865,15.660787027102055,    ,1.0654729996424633e-08,9.42512029503858e-11,9.942857062681782e-11,8.866278690719606e-10,3.6511972973428427e-09,1.0890496572169184e-09
RepsRanparQMC/MC2-8-Lat-Rv-10-10000.dat,MC2,8,Lat-Rv,10,qmc,False,0.0006670165299979526,3.6446795527346334e-07,0.12000260160253211,6.484939364862016,    ,4.780445017699153e-07,4.580481100398102e-07,4.5463446014231394e-07,4.614708611706461e-07,4.6727661649249306e-07,4.618350321944878e-07
RepsRanparQMC/MC2-8-Lat-Rv-B-10-10000.dat,MC2,8,Lat-Rv,10,qmc,True,0.0002396658319950151,2.3412690273563115e-07,2.952540389572627,12.146158390455797,    ,7.872397491092019e-08,6.983856397098676e-09,5.9361913157075386e-09,1.6533626766289734e-08,4.0659395352464905e-08,2.183352195954433e-08
RepsRanparRQMC/MC2-8-Lat-Rv-RS-12-10000.dat,MC2,8,Lat-Rv,12,RS,False,7.534046697618035e-07,2.0585353170484322e-08,1.000750716633699,31.978213647376244,    ,1.8719633613677207e-09,5.425257395101478e-10,5.091612273202979e-10,6.485258694955048e-10,7.925211695623247e-10,6.273507564436855e-10
RepsRanparRQMC/MC2-8-Lat-Rv-RSB-12-10000.dat,MC2,8,Lat-Rv,12,RS,True,2.2038314078923425e-06,3.242093974827949e-08,0.19695359356832803,50.5665681072592,    ,2.9522150318089116e-09,1.0129326509114374e-12,1.1451888436279608e-12,3.017123031209545e-11,3.2322535321848376e-10,3.892077181346235e-11
RepsRanparQMC/MC2-8-Lat-Rv-12-10000.dat,MC2,8,Lat-Rv,12,qmc,False,0.00016690277395423663,9.62527655766362e-08,0.2555792418303947,17.329036576504475,    ,3.660678736967685e-08,2.9604584818293327e-08,2.94542475206291e-08,3.032854597912282e-08,3.1525322533452797e-08,3.047133036646011e-08
RepsRanparQMC/MC2-8-Lat-Rv-B-12-10000.dat,MC2,8,Lat-Rv,12,qmc,True,6.240080464772257e-05,6.270362503468462e-08,5.633084807743931,34.615257033355576,    ,9.594189969290927e-09,8.09842033334192e-11,6.578050047282184e-11,3.4189729521112537e-10,2.391786823254911e-09,5.150030215046143e-10
RepsRanparRQMC/MC2-8-Lat-Rv-RS-14-10000.dat,MC2,8,Lat-Rv,14,RS,False,1.5154774884551526e-07,4.962396604988052e-09,2.8462298677998517,113.32356342553713,    ,4.5114993081000306e-10,4.9564324002939577e-11,4.54211123551496e-11,6.461067204773086e-11,9.906679384900111e-11,6.611393533330933e-11
RepsRanparRQMC/MC2-8-Lat-Rv-RSB-14-10000.dat,MC2,8,Lat-Rv,14,RS,True,2.7223104497792196e-07,8.857231016464516e-09,-1.0611903970442158,183.78591152346516,    ,8.052769294204421e-10,1.3128498537003703e-14,1.5697375006197737e-14,3.977980385344691e-13,2.4116891186811395e-11,5.750260775519086e-13
RepsRanparQMC/MC2-8-Lat-Rv-14-10000.dat,MC2,8,Lat-Rv,14,qmc,False,3.942148455951832e-05,2.4819284344780857e-08,-0.8965745841723075,58.57319127159429,    ,3.810352021674601e-09,1.9041413144925087e-09,1.885916725632993e-09,2.01436186145622e-09,2.212859412183392e-09,2.0130004973778943e-09
RepsRanparQMC/MC2-8-Lat-Rv-B-14-10000.dat,MC2,8,Lat-Rv,14,qmc,True,1.614431519580415e-05,1.6489587213221286e-08,11.06885586742448,126.27919665914104,    ,1.7596922961615896e-09,9.389473183517952e-13,7.68310648347568e-13,3.5216957709584515e-12,1.8451638444984112e-10,7.355769064822522e-12
RepsRanparRQMC/MC2-8-Lat-Rv-RS-16-10000.dat,MC2,8,Lat-Rv,16,RS,False,9.529075547133336e-08,1.0562973721333884e-09,9.198345422679742,542.5191995353327,    ,9.603611415838632e-11,4.49853098610026e-12,4.070627334041177e-12,6.327896605009919e-12,1.0851931502771412e-11,6.651102941797884e-12
RepsRanparRQMC/MC2-8-Lat-Rv-RSB-16-10000.dat,MC2,8,Lat-Rv,16,RS,True,8.592072411295338e-08,1.8517812585490458e-09,-1.3381932057868506,832.7364646443192,    ,1.6835113314801807e-10,1.8291143736964499e-16,1.8709628486921754e-16,3.621659498385831e-15,6.422471783220415e-13,6.641767505954015e-15
RepsRanparQMC/MC2-8-Lat-Rv-16-10000.dat,MC2,8,Lat-Rv,16,qmc,False,9.522564502892239e-06,6.448684435453722e-09,-2.548749258665499,235.72606393771426,    ,6.769232742984454e-10,1.28145110817435e-10,1.2562564585778241e-10,1.397562379408101e-10,1.675036218435371e-10,1.43369914914535e-10
RepsRanparQMC/MC2-8-Lat-Rv-B-16-10000.dat,MC2,8,Lat-Rv,16,qmc,True,4.18683887401814e-06,4.468825930771714e-09,21.629896493120985,477.1874024890189,    ,4.23786522554418e-10,1.0477971103926728e-14,8.685442774182508e-15,8.204022583803987e-14,8.607270412619263e-12,2.1975364477484566e-13
RepsFixedparRQMC/MC2-8-Sob-DS-6-10000.dat,MC2,8,Sob,6,DS,False,-2.1921596182827407e-06,3.117208945714727e-06,0.0025283554973460727,2.870584456038357,    ,2.8338743699240356e-07,4.362584615565345e-07,4.6472442252800306e-07,4.4906349329085607e-07,3.418221788087638e-07,3.469113099569999e-07
RepsFixedparRQMC/MC2-8-Sob-DS-8-10000.dat,MC2,8,Sob,8,DS,False,-1.3429588698864014e-06,1.8258978356270384e-07,0.021085228047328996,2.7826886959327846,    ,1.660087477149928e-08,2.660958399822328e-08,2.8450568227903504e-08,2.695902184181331e-08,2.02384063317875e-08,2.0704800561561792e-08
RepsFixedparRQMC/MC2-8-Sob-DS-10-10000.dat,MC2,8,Sob,10,DS,False,4.549936890416384e-07,1.1385606680160019e-08,-0.007207052764078113,2.823822786373514,    ,1.0352621719988875e-09,1.5754339533137763e-09,1.6991408307868284e-09,1.6113507344145258e-09,1.2187961202845878e-09,1.243804765947191e-09
RepsFixedparRQMC/MC2-8-Sob-DS-12-10000.dat,MC2,8,Sob,12,DS,False,1.3488480431326223e-07,6.980164624184947e-10,-0.008219532055998204,2.9163085574738177,    ,6.34742359484796e-11,9.661442632416133e-11,1.0308540977851974e-10,1.0148425225863241e-10,7.731670303809524e-11,7.90538682991628e-11
RepsFixedparRQMC/MC2-8-Sob-DS-14-10000.dat,MC2,8,Sob,14,DS,False,3.371551343634982e-08,4.364018526384436e-11,-0.015560945736503622,2.813859288878373,    ,3.9684263052866734e-12,6.173444448904413e-12,6.622100036500777e-12,6.373431064325837e-12,4.8992831528565215e-12,4.966782038152978e-12
RepsFixedparRQMC/MC2-8-Sob-DS-16-10000.dat,MC2,8,Sob,16,DS,False,1.7042333900341156e-08,2.759723397876363e-12,0.03127110076638095,2.8872562087757068,    ,2.5117438640625825e-13,3.835749554293173e-13,4.0867004577618147e-13,3.8883915845313003e-13,2.9669965309849704e-13,3.0183829273149063e-13
RepsRanparRQMC/MC2-8-Sob-LMS-DS-6-10000.dat,MC2,8,Sob-LMS,6,DS,False,7.029828384152115e-07,1.4035900270064424e-07,-0.004714934544175681,3.451105353410666,    ,1.276040352129331e-08,1.6845236054394777e-08,1.7625864156584107e-08,1.77395890197656e-08,1.4416878416234492e-08,1.4198056440249698e-08
RepsRanparQMC/MC2-8-Sob-LMS-6-10000.dat,MC2,8,Sob-LMS,6,qmc,False,0.0011081721050481218,1.0343026301321277e-07,0.6911826633882164,3.6313845049603217,    ,1.2374481655898048e-06,1.1704485330397964e-06,1.1532034333117847e-06,1.1757285789939658e-06,1.203662110182173e-06,1.1980756345486922e-06
RepsRanparRQMC/MC2-8-Sob-LMS-DS-8-10000.dat,MC2,8,Sob-LMS,8,DS,False,-6.438002035063506e-07,2.396642587536585e-09,-0.12753909107973332,5.172767677141972,    ,2.1829107756899707e-10,2.1029546551911063e-10,2.0885230416678344e-10,2.320040987666063e-10,2.1057472979579214e-10,1.9765886282745378e-10
RepsRanparQMC/MC2-8-Sob-LMS-8-10000.dat,MC2,8,Sob-LMS,8,qmc,False,0.0001175194791223601,2.0698390124488846e-09,1.2425506646798616,5.264716481628214,    ,1.3998995156140729e-08,1.2154913245298388e-08,1.1781506344051307e-08,1.2309546489503976e-08,1.3022186245645063e-08,1.2860117355182848e-08
RepsRanparRQMC/MC2-8-Sob-LMS-DS-10-10000.dat,MC2,8,Sob-LMS,10,DS,False,-6.556556941899368e-08,1.2796104868207915e-10,-0.038577584014162475,8.970541562812432,    ,1.1637121451354979e-11,2.8675246599148374e-12,2.5570243443288243e-12,5.055957734268389e-12,7.577131307355033e-12,5.301273426721717e-12
RepsRanparQMC/MC2-8-Sob-LMS-10-10000.dat,MC2,8,Sob-LMS,10,qmc,False,1.3946559499271444e-05,1.2076813179808417e-10,2.160347319393203,8.046921349753458,    ,2.0548544293927165e-10,1.1703459339318817e-10,1.0723642766360916e-10,1.2797489294611937e-10,1.6064970088676589e-10,1.4832995432667183e-10
RepsRanparRQMC/MC2-8-Sob-LMS-DS-12-10000.dat,MC2,8,Sob-LMS,12,DS,False,1.1405312315194122e-08,1.5596165326194193e-12,-0.027401394795283966,11.538730464423672,    ,1.4191340229622704e-13,3.942119992978167e-14,3.701442077076595e-14,7.087105877852732e-14,9.627639422906573e-14,7.242590900069541e-14
RepsRanparQMC/MC2-8-Sob-LMS-12-10000.dat,MC2,8,Sob-LMS,12,qmc,False,1.348180029924853e-06,1.4087915889329771e-12,2.2753144249375388,10.136488079751613,    ,1.945661355718448e-12,1.1024240861061746e-12,9.900403299973817e-13,1.2053836852962212e-12,1.5259424922802484e-12,1.4061575330636443e-12
RepsRanparRQMC/MC2-8-Sob-LMS-DS-14-10000.dat,MC2,8,Sob-LMS,14,DS,False,1.8923792994707e-09,6.11945104336292e-14,0.2226968824985269,19.17238942554338,    ,5.566718411561174e-15,4.2103748585875683e-16,4.0810351929420316e-16,1.0014859133832818e-15,2.0266159710540737e-15,1.1166126858357444e-15
RepsRanparQMC/MC2-8-Sob-LMS-14-10000.dat,MC2,8,Sob-LMS,14,qmc,False,1.6003933594512433e-07,6.170158622330933e-14,3.772884589618261,18.550894483143963,    ,3.12218241609663e-14,9.559830180113099e-15,8.316280146217723e-15,1.103627121235475e-14,1.7367459912076248e-14,1.417371947257964e-14
RepsRanparRQMC/MC2-8-Sob-LMS-DS-16-10000.dat,MC2,8,Sob-LMS,16,DS,False,5.100380363123968e-10,1.868989435826177e-15,-0.06196883237380759,403.66640266433654,    ,1.7016826932813787e-16,1.4392201443770683e-18,1.298002448994487e-18,4.136984719418087e-18,1.3332168162155813e-17,5.189319948241186e-18
RepsRanparQMC/MC2-8-Sob-LMS-16-10000.dat,MC2,8,Sob-LMS,16,qmc,False,1.2714062377828614e-08,1.259248573037263e-15,16.400824695782074,444.8381427412441,    ,2.761245251507045e-16,3.28527667052664e-17,2.799756446281088e-17,4.310941401563006e-17,8.798707399038487e-17,6.039551022215642e-17
RepsRanparRQMC/MC2-8-Sob-NUS-6-10000.dat,MC2,8,Sob-NUS,6,NUS,False,-3.1449926701127675e-06,1.359920750187379e-07,0.0038219916735338093,2.9970214178911188,    ,1.237280688968942e-08,1.858137437667287e-08,1.9742184642338623e-08,1.8911711402787934e-08,1.4584405718031244e-08,1.4825495367892921e-08
RepsRanparRQMC/MC2-8-Sob-NUS-8-10000.dat,MC2,8,Sob-NUS,8,NUS,False,4.7378367727146654e-07,2.4497976968139026e-09,-0.022981536453515385,2.989200152657546,    ,2.229333525013855e-10,3.28295705960099e-10,3.492000449318915e-10,3.32668054339411e-10,2.6307288237709515e-10,2.616444631008921e-10
RepsRanparRQMC/MC2-8-Sob-NUS-10-10000.dat,MC2,8,Sob-NUS,10,NUS,False,2.1395520087038599e-07,1.2947408763434933e-10,-0.04924743943547158,2.963090757096335,    ,1.1816148431102153e-11,1.8215585668563108e-11,1.9299099943631568e-11,1.83981714358247e-11,1.4009260210423293e-11,1.432865614790149e-11
RepsRanparRQMC/MC2-8-Sob-NUS-12-10000.dat,MC2,8,Sob-NUS,12,NUS,False,1.680267511138256e-08,1.4827287125857119e-12,-0.013829754084279862,3.046735561321089,    ,1.3507584921687248e-13,2.043303677923447e-13,2.1648649146082932e-13,2.0516406585922026e-13,1.5840627189906273e-13,1.6097190519466833e-13
RepsRanparRQMC/MC2-8-Sob-NUS-14-10000.dat,MC2,8,Sob-NUS,14,NUS,False,1.1275355377926565e-09,6.142269853132801e-14,-0.028401755012670907,4.532926995867523,    ,5.585153021055168e-15,5.482421481387643e-15,5.455919194599861e-15,6.063340588274396e-15,5.572200565388981e-15,5.1726213395129216e-15
RepsRanparRQMC/MC2-8-Sob-NUS-16-10000.dat,MC2,8,Sob-NUS,16,NUS,False,2.5860829250268223e-10,1.899222850977216e-15,0.0017957547699409546,3.009225150485321,    ,1.727235010650617e-16,2.544515800820135e-16,2.702568764148492e-16,2.5980922834569155e-16,2.0315198462226492e-16,2.0468406039965226e-16
RepsFixedparRQMC/MC2-16-Lat-RS-6-10000.dat,MC2,16,Lat,6,RS,False,6.481637611810176e-06,1.6670539912191738e-06,0.03594061738731946,2.946075437481036,    ,1.5159237446423753e-07,2.333138455475848e-07,2.4823130898097085e-07,2.3483336963525492e-07,1.812299764040813e-07,1.83728375833556e-07
RepsFixedparRQMC/MC2-16-Lat-RSB-6-10000.dat,MC2,16,Lat,6,RS,True,3.2620898760349572e-06,4.263506817560976e-07,0.2714283645439,2.8328217189328293,    ,3.876979411727729e-08,6.062040047815491e-08,6.574493017941797e-08,6.189581044684082e-08,4.625821019937746e-08,4.763722950089811e-08
RepsFixedparRQMC/MC2-16-Lat-RS-8-10000.dat,MC2,16,Lat,8,RS,False,6.204664391871728e-07,1.6965261479536163e-07,-0.01758323605612428,2.9372700501271187,    ,1.5423349959998668e-08,2.3377182897488605e-08,2.4893151604999938e-08,2.3612057815169167e-08,1.816118400425685e-08,1.8439405462130384e-08
RepsFixedparRQMC/MC2-16-Lat-RSB-8-10000.dat,MC2,16,Lat,8,RS,True,-1.8734505717122208e-06,1.223143114720696e-07,0.010783152802285352,2.29430222291497,    ,1.1122992678141885e-08,1.7885375079432948e-08,2.016395382826911e-08,1.961410980149146e-08,1.4255918763313613e-08,1.4720128683618047e-08
RepsFixedparRQMC/MC2-16-Lat-RS-10-10000.dat,MC2,16,Lat,10,RS,False,7.903722061931351e-07,1.5981302935128635e-08,-0.14490518561122073,2.9045515814606118,    ,1.453470409599653e-09,2.246725367133735e-09,2.407494229363676e-09,2.3076150472859795e-09,1.7517163925871526e-09,1.7906673114059818e-09
RepsFixedparRQMC/MC2-16-Lat-RSB-10-10000.dat,MC2,16,Lat,10,RS,True,-2.655098496379571e-07,2.2171781023551546e-09,0.010368622577388152,2.5024590320535514,    ,2.016321411489052e-10,3.553627227299771e-10,3.846704493354047e-10,3.4147006265443357e-10,2.516933322463504e-10,2.6142810991509183e-10
RepsFixedparRQMC/MC2-16-Lat-RS-12-10000.dat,MC2,16,Lat,12,RS,False,-2.3243676354445242e-07,1.0284254081241921e-09,-0.05172911897748462,2.9059902201993757,    ,9.354724576942812e-11,1.4502331954443533e-10,1.547171351869512e-10,1.4825616178436126e-10,1.157728659840672e-10,1.1592513000158869e-10
RepsFixedparRQMC/MC2-16-Lat-RSB-12-10000.dat,MC2,16,Lat,12,RS,True,-5.71585914610484e-09,1.3680638365599267e-12,0.021793160753606353,2.4986155380414186,    ,1.2440211073304418e-13,2.1185879814788395e-13,2.306662010244214e-13,2.111331180431748e-13,1.5469708571297456e-13,1.6085539616548172e-13
RepsFixedparRQMC/MC2-16-Lat-RS-14-10000.dat,MC2,16,Lat,14,RS,False,3.271722031852331e-08,1.0207037848595196e-10,-0.22162273472988062,2.7351000598838833,    ,9.280195733410094e-12,1.542452074976567e-11,1.6693186584371408e-11,1.5249776713898653e-11,1.1502332911652923e-11,1.1729623259398087e-11
RepsFixedparRQMC/MC2-16-Lat-RSB-14-10000.dat,MC2,16,Lat,14,RS,True,2.0894154315387327e-09,3.038002239492432e-13,-0.0011409869514196049,1.5333144410756854,    ,2.762256783404948e-14,9.455872800475545e-14,1.0718829913774682e-13,8.199797639589578e-14,4.402131521950787e-14,5.5824024611751664e-14
RepsFixedparRQMC/MC2-16-Lat-RS-16-10000.dat,MC2,16,Lat,16,RS,False,4.9576540021445405e-08,7.210757891007948e-12,0.18232037731743414,2.807565165184228,    ,6.579812779575841e-13,1.067763275711788e-12,1.1478103098714073e-12,1.0553249471586455e-12,8.037811815198602e-13,8.163405435854616e-13
RepsFixedparRQMC/MC2-16-Lat-RSB-16-10000.dat,MC2,16,Lat,16,RS,True,5.728842257912703e-10,1.2015351733562338e-15,-0.020843652632660414,1.7016721450119816,    ,1.0955866664127264e-16,3.385528110370747e-16,3.8467466371553757e-16,2.878736239179052e-16,1.6634287957726044e-16,1.9792928709434415e-16
RepsRanparRQMC/MC2-16-Lat-Rp-RS-6-10000.dat,MC2,16,Lat-Rp,6,RS,False,2.5706064792043182e-06,2.9041295308452796e-06,0.030288454286630337,3.172023865852404,    ,2.6401838354906e-07,3.8317136968365787e-07,4.0582034703053464e-07,3.9663430891087904e-07,3.09152490289224e-07,3.1076999787400143e-07
RepsRanparRQMC/MC2-16-Lat-Rp-RSB-6-10000.dat,MC2,16,Lat-Rp,6,RS,True,-4.00438223130658e-06,3.099988910491259e-07,0.391226725273376,3.551334500024036,    ,2.819775244515676e-08,3.998854997146029e-08,4.229366300483078e-08,4.080699503721436e-08,3.274100642887e-08,3.244662572192258e-08
RepsRanparQMC/MC2-16-Lat-Rp-6-10000.dat,MC2,16,Lat-Rp,6,qmc,False,0.013973102801929354,6.96500446230149e-06,0.22886878329433402,2.120925436519638,    ,0.00019588078413713156,0.0001951049159927513,0.00019429158589872545,0.00019424333933349506,0.00019513195222781981,0.00019490699148588028
RepsRanparQMC/MC2-16-Lat-Rp-B-6-10000.dat,MC2,16,Lat-Rp,6,qmc,True,0.0033730794711415435,9.983470897412087e-07,0.6745954211486431,3.7163385240846787,    ,1.1468423944976624e-05,1.0911900342190348e-05,1.0763706778539767e-05,1.0936444014261708e-05,1.119592463760644e-05,1.1136514033890946e-05
RepsRanparRQMC/MC2-16-Lat-Rp-RS-8-10000.dat,MC2,16,Lat-Rp,8,RS,False,3.4836325004469536e-06,2.5955855987099105e-07,0.07300546245477971,3.3639835964221856,    ,2.3608368410942812e-08,3.302856006910867e-08,3.463960184196021e-08,3.4274066468139725e-08,2.6642892616202914e-08,2.720562125139972e-08
RepsRanparRQMC/MC2-16-Lat-Rp-RSB-8-10000.dat,MC2,16,Lat-Rp,8,RS,True,-4.681851278873772e-06,8.007769837391146e-08,0.07814899556078286,3.9091651640580016,    ,7.30171049266217e-09,6.718059132470152e-09,7.206339230972214e-09,8.81964381714788e-09,7.820507623284419e-09,7.382031546984671e-09
RepsRanparQMC/MC2-16-Lat-Rp-8-10000.dat,MC2,16,Lat-Rp,8,qmc,False,0.0036140683381406667,8.58732650172585e-07,0.5062778545539292,3.0011955874515794,    ,1.3139556557311984e-05,1.2635277124816008e-05,1.249194342589377e-05,1.2703631483597013e-05,1.29291565029802e-05,1.2874140361723769e-05
RepsRanparQMC/MC2-16-Lat-Rp-B-8-10000.dat,MC2,16,Lat-Rp,8,qmc,True,0.0008130578476120177,1.826342684920449e-07,1.0623293590328693,4.86856877335052,    ,6.776661788809456e-07,5.909754505496029e-07,5.697461172328346e-07,5.987044443327358e-07,6.334223189522335e-07,6.258919529125501e-07
RepsRanparRQMC/MC2-16-Lat-Rp-RS-10-10000.dat,MC2,16,Lat-Rp,10,RS,False,1.7155650964487345e-06,3.102446671100423e-08,0.08908536973026732,3.800257473481372,    ,2.823349228236901e-09,3.5812207204203944e-09,3.6887977743810923e-09,3.770372961871909e-09,3.062598137860212e-09,3.0704751247432233e-09
RepsRanparRQMC/MC2-16-Lat-Rp-RSB-10-10000.dat,MC2,16,Lat-Rp,10,RS,True,-1.2398140060606354e-06,1.915600706732589e-08,0.04890306669839603,8.030464725792358,    ,1.7429923267083413e-09,1.3102481304065514e-10,1.4216993577056605e-10,6.707344793801847e-10,1.1722828712136797e-09,7.199294193967411e-10
RepsRanparQMC/MC2-16-Lat-Rp-10-10000.dat,MC2,16,Lat-Rp,10,qmc,False,0.0008930153473664433,1.2462842743747945e-07,0.5520999243906133,4.030667019698367,    ,8.088062676717802e-07,7.6958211560081e-07,7.603424533455463e-07,7.736784759694422e-07,7.892363005846297e-07,7.86579155127301e-07
RepsRanparQMC/MC2-16-Lat-Rp-B-10-10000.dat,MC2,16,Lat-Rp,10,qmc,True,0.00019595452740956573,4.0424290551348137e-08,1.8001076007070258,7.2301796731257015,    ,4.207311231697426e-08,1.8828657969765837e-08,1.714827733976064e-08,2.4905922597166086e-08,3.304078998933038e-08,2.8493351318674876e-08
RepsRanparRQMC/MC2-16-Lat-Rp-RS-12-10000.dat,MC2,16,Lat-Rp,12,RS,False,-4.894673297802465e-07,5.418886094744789e-09,-0.03696038638582766,6.863284313012389,    ,4.928655868800848e-10,4.1131089366821063e-10,4.0617517905437557e-10,4.759980292852942e-10,4.581987801242477e-10,4.1635032129094857e-10
RepsRanparRQMC/MC2-16-Lat-Rp-RSB-12-10000.dat,MC2,16,Lat-Rp,12,RS,True,-4.423703764067977e-07,4.656265408712334e-09,0.000932306614958401,19.648866863296714,    ,4.234925468874072e-10,4.169073119094754e-12,4.021325036264117e-12,2.992925594290244e-11,1.2515007147221813e-10,3.743714949649992e-11
RepsRanparQMC/MC2-16-Lat-Rp-12-10000.dat,MC2,16,Lat-Rp,12,qmc,False,0.00022329332226015146,2.645575152480271e-08,0.2571930165454864,5.479741870012128,    ,5.226497608641246e-08,4.910159067310517e-08,4.86160382578162e-08,5.0040027212765096e-08,5.090675459519159e-08,5.056507270895243e-08
RepsRanparQMC/MC2-16-Lat-Rp-B-12-10000.dat,MC2,16,Lat-Rp,12,qmc,True,4.985605820481347e-05,1.0244545516559674e-08,3.2558004853236873,13.67198446372626,    ,3.4169488594089916e-09,3.5546330666731034e-10,3.109855224386094e-10,7.013445946095159e-10,1.6977070659576921e-09,9.192273383496195e-10
RepsRanparRQMC/MC2-16-Lat-Rp-RS-14-10000.dat,MC2,16,Lat-Rp,14,RS,False,-6.17829665689218e-07,1.2646167163353382e-09,-0.9547645326997829,20.805339610971455,    ,1.1534686952629094e-10,4.583200882782543e-11,4.259771998234255e-11,5.6952071197731846e-11,6.799072436530527e-11,5.557896782969375e-11
RepsRanparRQMC/MC2-16-Lat-Rp-RSB-14-10000.dat,MC2,16,Lat-Rp,14,RS,True,-4.5437418818438103e-07,1.2757694605462685e-09,-1.4111370702599597,76.40294950265566,    ,1.161854977707308e-10,1.1920247854161933e-13,1.131419174581673e-13,6.828468560575853e-13,9.0227782754939e-12,1.0718253206863095e-12
RepsRanparQMC/MC2-16-Lat-Rp-14-10000.dat,MC2,16,Lat-Rp,14,qmc,False,5.5173276178943655e-05,6.548889998595796e-09,0.07675739002596876,11.701733242887387,    ,3.6394440405539726e-09,3.1677887012664047e-09,3.1335037279539947e-09,3.289985155342861e-09,3.422557091065208e-09,3.3184437006348974e-09
RepsRanparQMC/MC2-16-Lat-Rp-B-14-10000.dat,MC2,16,Lat-Rp,14,qmc,True,1.296112572973831e-05,2.7091477565892385e-09,6.3675713270179815,43.41411739965937,    ,4.142769398720152e-10,8.79609697528685e-12,7.418621291257453e-12,1.6426061265733235e-11,9.666802501827485e-11,2.4611173936609597e-11
RepsRanparRQMC/MC2-16-Lat-Rp-RS-16-10000.dat,MC2,16,Lat-Rp,16,RS,False,-1.7980424315356958e-07,2.801241584726e-10,-2.159009637113027,88.23126877369101,    ,2.5498162154274213e-11,4.440343639306338e-12,4.11221076490993e-12,5.993189023357608e-12,8.158676204421027e-12,6.09391587625902e-12
RepsRanparRQMC/MC2-16-Lat-Rp-RSB-16-10000.dat,MC2,16,Lat-Rp,16,RS,True,1.4783816578145536e-07,2.595835752499005e-10,2.7814066639860155,325.4864260850023,    ,2.3620362964161674e-11,1.9392341611565606e-15,1.8376341008706353e-15,1.3920565538574449e-14,4.2196452606193117e-13,1.9781673061542634e-14
RepsRanparQMC/MC2-16-Lat-Rp-16-10000.dat,MC2,16,Lat-Rp,16,qmc,False,1.3631650531866635e-05,1.7383759405636515e-09,-0.3658383203576265,36.93498195579985,    ,3.438560726378173e-10,2.0871771989213273e-10,2.0539654586943077e-10,2.2186742809985318e-10,2.4783806838891017e-10,2.2709017610737597e-10
RepsRanparQMC/MC2-16-Lat-Rp-B-16-10000.dat,MC2,16,Lat-Rp,16,qmc,True,3.6600887118941383e-06,8.200165793090163e-10,11.702928564005665,140.71591579497223,    ,8.79432111343e-11,1.5892722212786046e-13,1.3439985973102646e-13,3.213317197955398e-13,7.291924215078311e-12,5.399294365074655e-13
RepsRanparRQMC/MC2-16-Lat-Rv-RS-6-10000.dat,MC2,16,Lat-Rv,6,RS,False,9.225360806931138e-06,1.6848154434666224e-06,0.058440018259765324,3.0827427096592777,    ,1.5325014759716556e-07,2.2986774741413263e-07,2.4372330477162053e-07,2.3276523999081473e-07,1.7860925775985845e-07,1.8350095947437845e-07
RepsRanparRQMC/MC2-16-Lat-Rv-RSB-6-10000.dat,MC2,16,Lat-Rv,6,RS,True,8.24854279561138e-08,4.5292679358648856e-07,0.4150574401148754,3.2625920226457223,    ,4.1175169857162966e-08,6.323353205783763e-08,6.770729207566183e-08,6.41325330325632e-08,4.815063860098851e-08,4.9663221587082705e-08
RepsRanparQMC/MC2-16-Lat-Rv-6-10000.dat,MC2,16,Lat-Rv,6,qmc,False,0.01035349822229093,1.0864110394526207e-06,0.8984581461894022,4.428310148631096,    ,0.00010729369007893168,0.0001048323960811331,0.00010422623246755676,0.00010491595471306318,0.00010601866344450936,0.00010579787604838737
RepsRanparQMC/MC2-16-Lat-Rv-B-6-10000.dat,MC2,16,Lat-Rv,6,qmc,True,0.003963473964655465,7.909242133883138e-07,0.9928008864934261,4.895556946671682,    ,1.578102806971883e-05,1.4928606753132617e-05,1.4731044103627375e-05,1.4964170795260487e-05,1.530063037600428e-05,1.5242378755067703e-05
RepsRanparRQMC/MC2-16-Lat-Rv-RS-8-10000.dat,MC2,16,Lat-Rv,8,RS,False,1.4841258241026335e-06,1.5709550451450528e-07,0.07919641549895692,3.175327143069922,    ,1.428361213078043e-08,2.1623741385052085e-08,2.2968305953989514e-08,2.1783604916623696e-08,1.6887240748801912e-08,1.708735948697736e-08
RepsRanparRQMC/MC2-16-Lat-Rv-RSB-8-10000.dat,MC2,16,Lat-Rv,8,RS,True,-3.83060357891184e-06,1.1284980854670605e-07,0.19759442266123586,3.618845299035415,    ,1.0273747028024775e-08,1.3085213783782618e-08,1.3823326009436632e-08,1.4139177070700217e-08,1.1697659260969295e-08,1.1428269358366524e-08
RepsRanparQMC/MC2-16-Lat-Rv-8-10000.dat,MC2,16,Lat-Rv,8,qmc,False,0.0025794083192622,3.241379353076136e-07,0.5007929261131608,3.5393852470336795,    ,6.682814362507013e-06,6.483612619930509e-06,6.436739884558441e-06,6.495503045671697e-06,6.581287622750328e-06,6.562622449684739e-06
RepsRanparQMC/MC2-16-Lat-Rv-B-8-10000.dat,MC2,16,Lat-Rv,8,qmc,True,0.0009903414244203344,2.2601820108743913e-07,1.080310730766094,5.163509450613636,    ,1.0013232461126642e-06,8.906286606257419e-07,8.643329104058706e-07,8.934184906041277e-07,9.37297902572839e-07,9.28509068977732e-07
RepsRanparRQMC/MC2-16-Lat-Rv-RS-10-10000.dat,MC2,16,Lat-Rv,10,RS,False,1.191073085442984e-06,2.2786184987737215e-08,0.046493245682911175,3.99977929202429,    ,2.0728900176164315e-09,2.4854838268647533e-09,2.541677082926223e-09,2.6210011803743036e-09,2.2174793978319e-09,2.1695130433358538e-09
RepsRanparRQMC/MC2-16-Lat-Rv-RSB-10-10000.dat,MC2,16,Lat-Rv,10,RS,True,-3.5875958439063327e-07,2.6725424479724927e-08,0.08870147116349898,6.145914573390097,    ,2.429712752050749e-09,3.697771892891768e-10,3.9044319758398874e-10,1.3141807311472313e-09,1.905838113706117e-09,1.3344861981686116e-09
RepsRanparQMC/MC2-16-Lat-Rv-10-10000.dat,MC2,16,Lat-Rv,10,qmc,False,0.0006446876516301937,8.469232323517798e-08,0.22889539564437922,3.8337666583049663,    ,4.233214702767429e-07,4.1607413725197183e-07,4.14823946321165e-07,4.167585859282539e-07,4.1775465364867253e-07,4.176910741573128e-07
RepsRanparQMC/MC2-16-Lat-Rv-B-10-10000.dat,MC2,16,Lat-Rv,10,qmc,True,0.0002456750559105462,5.747948565453872e-08,1.5608179626856813,6.139260814725992,    ,6.558164088342625e-08,3.941293512474026e-08,3.5568687416092715e-08,4.3688326357911434e-08,5.321600690248537e-08,4.8481712330775185e-08
RepsRanparRQMC/MC2-16-Lat-Rv-RS-12-10000.dat,MC2,16,Lat-Rv,12,RS,False,-6.212456894436391e-07,4.809818933932433e-09,-0.01042309309190586,8.805252978800011,    ,4.3764221292778254e-10,2.7994214392615347e-10,2.690540793250222e-10,3.2778802754374334e-10,3.421835157935207e-10,3.0033100216747495e-10
RepsRanparRQMC/MC2-16-Lat-Rv-RSB-12-10000.dat,MC2,16,Lat-Rv,12,RS,True,2.5012029254789513e-07,6.877720739289291e-09,0.07280791466608479,15.099996269405722,    ,6.253099000961344e-10,5.95044846973681e-12,6.582777542307652e-12,6.39167445831795e-11,2.3152083570947187e-10,7.903732258008625e-11
RepsRanparQMC/MC2-16-Lat-Rv-12-10000.dat,MC2,16,Lat-Rv,12,qmc,False,0.0001603406128941708,2.175809322107391e-08,-0.004481353499963534,5.992210829443022,    ,2.7687120617921414e-08,2.6876144278148684e-08,2.6759910191178315e-08,2.705952519462818e-08,2.7266967478290605e-08,2.7011688922291805e-08
RepsRanparQMC/MC2-16-Lat-Rv-B-12-10000.dat,MC2,16,Lat-Rv,12,qmc,True,6.209749791312798e-05,1.434723786650969e-08,2.7814893694433,10.917666330908608,    ,5.160393598571815e-09,4.930925906924716e-10,4.1470892001098114e-10,1.1850825980799014e-09,2.8079330230651497e-09,1.5454135226855878e-09
RepsRanparRQMC/MC2-16-Lat-Rv-RS-14-10000.dat,MC2,16,Lat-Rv,14,RS,False,2.7161194144080805e-07,1.1326220295839303e-09,-0.25204081860082955,34.152708470833424,    ,1.0303941209981782e-10,2.7502916237945232e-11,2.5046988274837153e-11,3.480211967894532e-11,4.563074462284597e-11,3.469845252814017e-11
RepsRanparRQMC/MC2-16-Lat-Rv-RSB-14-10000.dat,MC2,16,Lat-Rv,14,RS,True,-3.057664725034104e-07,1.6371117835655716e-09,-0.33700930890426267,53.89925246393454,    ,1.489218370962137e-10,6.91955654266813e-14,7.61450351494248e-14,1.2729171420244192e-12,1.785842593481744e-11,1.8906610323659005e-12
RepsRanparQMC/MC2-16-Lat-Rv-14-10000.dat,MC2,16,Lat-Rv,14,qmc,False,3.9200106777011804e-05,5.945615763634294e-09,-0.2826635993956279,16.93263501565802,    ,2.0771588952958805e-09,1.739496101664499e-09,1.7348300916602928e-09,1.803752071211616e-09,1.8558929929200323e-09,1.7910204791616776e-09
RepsRanparQMC/MC2-16-Lat-Rv-B-14-10000.dat,MC2,16,Lat-Rv,14,qmc,True,1.628016778243957e-05,3.891822346252699e-09,5.366141000709136,31.94772227630356,    ,6.188458945019014e-10,5.6999282040579454e-12,4.66274977944844e-12,3.048379286665393e-11,1.7065508353919501e-10,4.485524246924049e-11
RepsRanparRQMC/MC2-16-Lat-Rv-RS-16-10000.dat,MC2,16,Lat-Rv,16,RS,False,-3.9164548051418005e-08,2.484582521405359e-10,-1.204854421112588,117.32168863204083,    ,2.258864769278188e-11,2.5639483998988974e-12,2.3095628811771087e-12,3.4427310488556554e-12,5.327396909944999e-12,3.5867395286902125e-12
RepsRanparRQMC/MC2-16-Lat-Rv-RSB-16-10000.dat,MC2,16,Lat-Rv,16,RS,True,-4.203174238333052e-08,3.8247900088468274e-10,-0.8422684770376868,228.74405618656505,    ,3.4772584929611666e-11,8.807568106927081e-16,9.866995117758181e-16,2.0559536882367136e-14,5.851546464652904e-13,2.852672689547874e-14
RepsRanparQMC/MC2-16-Lat-Rv-16-10000.dat,MC2,16,Lat-Rv,16,qmc,False,9.993556412427906e-06,1.4651630951628904e-09,-0.20606541672502593,55.95520995767694,    ,2.3306781478318716e-10,1.1359751953446229e-10,1.1200024945165175e-10,1.2076020102323515e-10,1.3530264338023466e-10,1.2311276969672272e-10
RepsRanparQMC/MC2-16-Lat-Rv-B-16-10000.dat,MC2,16,Lat-Rv,16,qmc,True,4.0288458577734555e-06,9.526688640395728e-10,10.752543172695011,119.35679209056616,    ,1.0283785931293221e-10,6.873763902753652e-14,5.800234938223881e-14,3.0025862692233865e-13,6.819662605279902e-12,6.120598539878389e-13
RepsFixedparRQMC/MC2-16-Sob-DS-6-10000.dat,MC2,16,Sob,6,DS,False,2.2958707356590223e-06,1.4451437504227247e-06,0.028325616735218547,2.977342277861495,    ,1.3138197560631894e-07,1.9976563328115703e-07,2.1181300518765545e-07,2.0369977521102442e-07,1.568326141451231e-07,1.5942245287062507e-07
RepsFixedparRQMC/MC2-16-Sob-DS-8-10000.dat,MC2,16,Sob,8,DS,False,1.5617032213171678e-06,8.49802232346272e-08,-0.029560697923617634,2.9408513704267873,    ,7.727913756463035e-09,1.1719216297050348e-08,1.2439900688192648e-08,1.2103875994008889e-08,9.383005785117872e-09,9.43082313790408e-09
RepsFixedparRQMC/MC2-16-Sob-DS-10-10000.dat,MC2,16,Sob,10,DS,False,8.19178140011223e-07,5.238459971374132e-09,0.021886260505299047,2.934323130366362,    ,4.768946865863569e-10,7.350182735314694e-10,7.82083119194313e-10,7.540887621971502e-10,5.720707158974254e-10,5.845147138450464e-10
RepsFixedparRQMC/MC2-16-Sob-DS-12-10000.dat,MC2,16,Sob,12,DS,False,1.6377444167436918e-08,3.3013718126263124e-10,0.02175407523171941,2.824426367682289,    ,3.0012739244553027e-11,4.6416625676352315e-11,4.985915516751824e-11,4.7636943437812484e-11,3.6212902864677283e-11,3.6879646683369035e-11
RepsFixedparRQMC/MC2-16-Sob-DS-14-10000.dat,MC2,16,Sob,14,DS,False,3.065804519166715e-08,2.112989428419824e-11,-0.01029973330097199,2.9922731154811038,    ,1.9218393961166325e-12,2.9302892607007093e-12,3.1082287207330018e-12,2.965954256495456e-12,2.268405574319418e-12,2.319166120914749e-12
RepsFixedparRQMC/MC2-16-Sob-DS-16-10000.dat,MC2,16,Sob,16,DS,False,2.3416729721670304e-08,1.360943639405289e-12,-0.005607205058516168,2.9380118919103078,    ,1.242704922677022e-13,1.8960724749450657e-13,2.018214214231954e-13,1.9436456148374445e-13,1.4927854957334446e-13,1.5121661613755686e-13
RepsRanparRQMC/MC2-16-Sob-LMS-DS-6-10000.dat,MC2,16,Sob-LMS,6,DS,False,-1.4941121194795847e-07,8.70356387226924e-08,0.07629197622083082,3.1164878886305547,    ,7.912353116682292e-09,1.1830836550616703e-08,1.2626601612779844e-08,1.2085108466639919e-08,9.537333439457126e-09,9.471490360731793e-09
RepsRanparQMC/MC2-16-Sob-LMS-6-10000.dat,MC2,16,Sob-LMS,6,qmc,False,0.0016637237015217177,5.226187502048243e-08,0.4108084965681837,3.2493553855464175,    ,2.7727276345524423e-06,2.733289374710223e-06,2.7221624399206564e-06,2.7360838856510687e-06,2.755384139001008e-06,2.7512321212330327e-06
RepsRanparRQMC/MC2-16-Sob-LMS-DS-8-10000.dat,MC2,16,Sob-LMS,8,DS,False,8.22209261492024e-07,4.104639150863235e-09,-0.0007928116589354748,3.201870673569674,    ,3.738250417845228e-10,5.103324568738293e-10,5.361694166288435e-10,5.414724822187326e-10,4.2203208189465745e-10,4.314619276495339e-10
RepsRanparQMC/MC2-16-Sob-LMS-8-10000.dat,MC2,16,Sob-LMS,8,qmc,False,0.00021979591132979893,3.2053505966298636e-09,0.453513010403521,2.953273666302161,    ,4.8601638146081365e-08,4.7064068705948955e-08,4.6579665687700425e-08,4.71667103788239e-08,4.7850470430635606e-08,4.772545206581036e-08
RepsRanparRQMC/MC2-16-Sob-LMS-DS-10-10000.dat,MC2,16,Sob-LMS,10,DS,False,-3.734724884999364e-09,8.666287888567534e-11,0.00608254183970992,4.096315740847803,    ,7.878457483231362e-12,7.95329441035356e-12,7.949579796053056e-12,9.054801711612738e-12,8.378374945639802e-12,7.837424319433027e-12
RepsRanparQMC/MC2-16-Sob-LMS-10-10000.dat,MC2,16,Sob-LMS,10,qmc,False,2.7667525893446586e-05,7.710867682908141e-11,0.997190801426818,3.9957459568042797,    ,7.725018687762719e-10,6.913928223736567e-10,6.724860457301283e-10,7.007380201004742e-10,7.343895477999561e-10,7.26561674003688e-10
RepsRanparRQMC/MC2-16-Sob-LMS-DS-12-10000.dat,MC2,16,Sob-LMS,12,DS,False,1.6333468446027464e-08,7.608345676478924e-12,0.03272271465897901,7.545178240059759,    ,6.919345709622886e-13,3.2381728502209543e-13,2.9634050723980144e-13,4.2820671586555756e-13,5.214627552568953e-13,4.2033607830938697e-13
RepsRanparQMC/MC2-16-Sob-LMS-12-10000.dat,MC2,16,Sob-LMS,12,qmc,False,4.410722884192431e-06,7.048539752781235e-12,2.008172613135645,7.7187060511325845,    ,2.009525270230073e-11,1.3947525489184829e-11,1.311613562725967e-11,1.4549965666505591e-11,1.6913012596486334e-11,1.6154632152300978e-11
RepsRanparRQMC/MC2-16-Sob-LMS-DS-14-10000.dat,MC2,16,Sob-LMS,14,DS,False,-4.2704091695898216e-09,3.3022251827759103e-13,0.00954853135939276,3.8708014543878075,    ,3.0038465328802175e-14,8.064589229019644e-15,9.056202123625521e-15,2.4652560382047413e-14,2.903488646262723e-14,2.283995844312992e-14
RepsRanparQMC/MC2-16-Sob-LMS-14-10000.dat,MC2,16,Sob-LMS,14,qmc,False,6.479069854941933e-07,2.6046689873194305e-13,1.0277613863185309,2.8826558636258204,    ,4.4346227082780405e-13,2.67269505795979e-13,2.480393364937856e-13,3.2475205054811543e-13,3.8813854197503173e-13,3.5649492678370245e-13
RepsRanparRQMC/MC2-16-Sob-LMS-DS-16-10000.dat,MC2,16,Sob-LMS,16,DS,False,4.221704551037133e-12,5.266100122083961e-15,1.1240660354546976,106.99830745092143,    ,4.787363925576948e-16,1.2954443589531884e-16,1.3563660321555e-16,1.4691348973433646e-16,1.4010493441290533e-16,1.2620460761483946e-16
RepsRanparQMC/MC2-16-Sob-LMS-16-10000.dat,MC2,16,Sob-LMS,16,qmc,False,6.195538674044462e-08,6.920329158870598e-15,9.059047043193852,103.0608073773821,    ,4.467590778782661e-15,2.760985544556023e-15,2.6491798722790592e-15,2.644739729374078e-15,2.8960752829491797e-15,2.8406297893005046e-15
RepsRanparRQMC/MC2-16-Sob-NUS-6-10000.dat,MC2,16,Sob-NUS,6,NUS,False,-4.09459562792176e-06,8.990559060101859e-08,0.07022267308568947,2.881348686101984,    ,8.190001222539705e-09,1.2848952606627885e-08,1.3732317899186637e-08,1.3089394357021163e-08,9.660077484540636e-09,1.0051526559230831e-08
RepsRanparRQMC/MC2-16-Sob-NUS-8-10000.dat,MC2,16,Sob-NUS,8,NUS,False,4.947976032746326e-07,4.148386528241554e-09,-0.03355891167305107,2.895085095655747,    ,3.773708726901658e-10,5.758067194953264e-10,6.136450417682004e-10,5.991875966844661e-10,4.460202285282797e-10,4.6251545146951667e-10
RepsRanparRQMC/MC2-16-Sob-NUS-10-10000.dat,MC2,16,Sob-NUS,10,NUS,False,2.331341258788866e-07,8.935648298377735e-11,0.0019494837740364561,3.130345194222938,    ,8.177668155538162e-12,1.172836792034636e-11,1.2489066554955159e-11,1.2077275357024666e-11,9.49060059390751e-12,9.577100708388142e-12
RepsRanparRQMC/MC2-16-Sob-NUS-12-10000.dat,MC2,16,Sob-NUS,12,NUS,False,1.7202760472212475e-08,7.642191679662177e-12,0.025472532073375288,3.0894102415447118,    ,6.950406331189714e-13,1.0274058094696767e-12,1.0879294304799719e-12,1.0633170201289214e-12,8.117866332613814e-13,8.314750730568999e-13
RepsRanparRQMC/MC2-16-Sob-NUS-14-10000.dat,MC2,16,Sob-NUS,14,NUS,False,1.562633515960199e-08,3.245329612916818e-13,0.010847400302439417,3.812675060437041,    ,2.9747178831582194e-14,1.5353238435827386e-14,1.4933802982356182e-14,2.602483946145849e-14,2.967337707750408e-14,2.450228219667723e-14
RepsRanparRQMC/MC2-16-Sob-NUS-16-10000.dat,MC2,16,Sob-NUS,16,NUS,False,-9.812248655483024e-10,6.772728870550654e-15,-0.03621656430720139,3.011825213678722,    ,6.166654268322842e-16,9.894840386794846e-16,1.0471231785744256e-15,9.904273124756716e-16,7.598804364280054e-16,7.762430683900776e-16
RepsFixedparRQMC/MC2-32-Lat-RS-6-10000.dat,MC2,32,Lat,6,RS,False,8.164198546361401e-06,7.381392560687966e-07,0.02672866782910432,3.042003644310336,    ,6.717022287143138e-08,9.886752237122944e-08,1.0439716696398497e-07,1.0212658001510756e-07,7.86248480281311e-08,8.017171445789112e-08
RepsFixedparRQMC/MC2-32-Lat-RSB-6-10000.dat,MC2,32,Lat,6,RS,True,3.3737623859805165e-06,1.0563031067999523e-07,0.4851247327936632,3.313323854083864,    ,9.61413778900026e-09,1.4444580875499063e-08,1.5496880623079274e-08,1.5027239294119293e-08,1.1424019458202027e-08,1.1630427561739751e-08
RepsFixedparRQMC/MC2-32-Lat-RS-8-10000.dat,MC2,32,Lat,8,RS,False,1.7240980700576003e-06,5.856752851357764e-08,0.010323909350832994,3.0717977091734174,    ,5.327293288116781e-09,8.102835309217868e-09,8.55879817663305e-09,8.289937122009264e-09,6.342614645791482e-09,6.555726575551748e-09
RepsFixedparRQMC/MC2-32-Lat-RSB-8-10000.dat,MC2,32,Lat,8,RS,True,2.749397140047971e-06,3.2126746386272215e-08,0.18073625469148236,2.826279743882705,    ,2.928172492476633e-09,4.5687477255990025e-09,4.904874490939437e-09,4.651277131660944e-09,3.5007419484042175e-09,3.5902502919442888e-09
RepsFixedparRQMC/MC2-32-Lat-RS-10-10000.dat,MC2,32,Lat,10,RS,False,2.487201745784484e-06,5.4583174222212834e-09,0.0825812724689395,2.8928278490370922,    ,5.023968472716228e-10,7.534278027248575e-10,8.051538620851213e-10,7.824698670191003e-10,5.867207353977864e-10,6.042173688252106e-10
RepsFixedparRQMC/MC2-32-Lat-RSB-10-10000.dat,MC2,32,Lat,10,RS,True,1.731210108448167e-06,3.6926239070420285e-09,-0.049625208803924806,1.7121546312581755,    ,3.3869017089795933e-10,1.0262733362429661e-09,1.1664730943713688e-09,8.766234957966131e-10,4.991358779273265e-10,6.009263049641353e-10
RepsFixedparRQMC/MC2-32-Lat-RS-12-10000.dat,MC2,32,Lat,12,RS,False,1.3251420482345067e-06,1.8024954922068109e-09,0.44421870364291344,2.430501923683018,    ,1.6561922801225467e-10,3.2634560051018283e-10,3.641316261957342e-10,3.185986667735752e-10,2.174992041660185e-10,2.3202739853489858e-10
RepsFixedparRQMC/MC2-32-Lat-RSB-12-10000.dat,MC2,32,Lat,12,RS,True,1.860110678877036e-06,3.4561049342644117e-09,-0.04724948871929178,1.5287538389518778,    ,3.176513693980734e-10,1.0781367780593833e-09,1.226667983474529e-09,9.302301492194239e-10,4.865937656057358e-10,6.350932998554033e-10
RepsFixedparRQMC/MC2-32-Lat-RS-14-10000.dat,MC2,32,Lat,14,RS,False,1.44855901989982e-08,5.461266391833761e-11,0.014436318511559193,2.9173055023577694,    ,4.964997461263196e-12,7.491167043321415e-12,7.962865838101282e-12,7.600200949897251e-12,5.833851114069438e-12,5.914186295720305e-12
RepsFixedparRQMC/MC2-32-Lat-RSB-14-10000.dat,MC2,32,Lat,14,RS,True,3.3089965268628953e-09,2.0425899935882664e-13,-0.028905547770662596,2.618370199569473,    ,1.8579949399726304e-14,3.074841472786461e-14,3.327208788226949e-14,3.048632414947143e-14,2.2949650974277744e-14,2.3480756383108968e-14
RepsFixedparRQMC/MC2-32-Lat-RS-16-10000.dat,MC2,32,Lat,16,RS,False,4.1694915580214875e-08,1.0897990558031537e-11,0.34379730785236445,2.68657692036015,    ,9.924648803517444e-13,1.7356781966554294e-12,1.8932005806043506e-12,1.718775919050061e-12,1.2423793159218748e-12,1.2889299949504081e-12
RepsFixedparRQMC/MC2-32-Lat-RSB-16-10000.dat,MC2,32,Lat,16,RS,True,1.3457060208721395e-09,7.65588066625262e-14,0.007630394104270167,1.8543730759639119,    ,6.9617024394697205e-15,1.8577858619269757e-14,2.1070421883500048e-14,1.6341647785955215e-14,1.0067865284890754e-14,1.1460699813099596e-14
RepsRanparRQMC/MC2-32-Lat-Rp-RS-6-10000.dat,MC2,32,Lat-Rp,6,RS,False,-6.813194162839587e-06,1.2932148403133594e-06,0.02371096132975451,3.228724634548878,    ,1.1761140509773324e-07,1.6772820479715092e-07,1.7689385620102347e-07,1.6937954068866018e-07,1.3384787861037004e-07,1.3435616879869158e-07
RepsRanparRQMC/MC2-32-Lat-Rp-RSB-6-10000.dat,MC2,32,Lat-Rp,6,RS,True,-6.112583886275113e-07,7.60671499503401e-08,0.3682878974270666,3.2268559875122516,    ,6.9155690868485864e-09,1.017755510192943e-08,1.0920571636579495e-08,1.0451570427836597e-08,8.061491606897415e-09,8.167794694685204e-09
RepsRanparQMC/MC2-32-Lat-Rp-6-10000.dat,MC2,32,Lat-Rp,6,qmc,False,0.013901515403167931,6.118584678456427e-06,0.13712306283895206,1.7857083251849564,    ,0.000193808365475284,0.0001931433314858784,0.00019265316966780827,0.00019200956280375795,0.00019267033480474907,0.00019239906540606324
RepsRanparQMC/MC2-32-Lat-Rp-B-6-10000.dat,MC2,32,Lat-Rp,6,qmc,True,0.0034156193062843173,5.428916334192383e-07,0.2734104306540568,2.44913742287925,    ,1.1715809030318457e-05,1.155128042573238e-05,1.1486517210894479e-05,1.1527732134722099e-05,1.1595880278504025e-05,1.1585546466353571e-05
RepsRanparRQMC/MC2-32-Lat-Rp-RS-8-10000.dat,MC2,32,Lat-Rp,8,RS,False,-1.5993973997588728e-06,1.0085927783146417e-07,0.020352259624343966,3.3359485406934066,    ,9.17158332944819e-09,1.2725350835049407e-08,1.3328098682728224e-08,1.3331871745700912e-08,1.0530522197541039e-08,1.0572368243348576e-08
RepsRanparRQMC/MC2-32-Lat-Rp-RSB-8-10000.dat,MC2,32,Lat-Rp,8,RS,True,-2.478469079048029e-07,1.9513072480871914e-08,0.19316240704477056,3.4955403686090576,    ,1.773977108169023e-09,2.490044711668152e-09,2.61085651354607e-09,2.5333733911680612e-09,1.9891652836018717e-09,2.009669317164684e-09
RepsRanparQMC/MC2-32-Lat-Rp-8-10000.dat,MC2,32,Lat-Rp,8,qmc,False,0.0035955989748643487,5.79122518416228e-07,0.4044569570003729,2.368514627550933,    ,1.2980979489719758e-05,1.2467511247534795e-05,1.232383246407899e-05,1.2524946982679667e-05,1.273782415748991e-05,1.2684574770607537e-05
RepsRanparQMC/MC2-32-Lat-Rp-B-8-10000.dat,MC2,32,Lat-Rp,8,qmc,True,0.0008315436274629697,6.591361486229812e-08,0.5804062604695175,3.393334621748908,    ,6.974569511799376e-07,6.611428089715064e-07,6.520572111807037e-07,6.636464609371746e-07,6.787130448758595e-07,6.754521140645935e-07
RepsRanparRQMC/MC2-32-Lat-Rp-RS-10-10000.dat,MC2,32,Lat-Rp,10,RS,False,-7.644837620287559e-07,1.00511420825255e-08,0.02648594143798132,3.3124430397764444,    ,9.143246247429056e-10,1.3234649035443494e-09,1.3888399073904101e-09,1.37083018814768e-09,1.061872740158426e-09,1.0836844874662795e-09
RepsRanparRQMC/MC2-32-Lat-Rp-RSB-10-10000.dat,MC2,32,Lat-Rp,10,RS,True,-1.9312768336444685e-07,4.866967914134298e-09,0.054148796495844746,4.188118026192023,    ,4.4248892685974516e-10,3.7892748144569225e-10,4.0454945322672284e-10,5.06623872355141e-10,4.5588298724586696e-10,4.2518575614699833e-10
RepsRanparQMC/MC2-32-Lat-Rp-10-10000.dat,MC2,32,Lat-Rp,10,qmc,False,0.0008889759293587915,5.395159998474778e-08,0.40085713934264433,2.782099882771239,    ,7.951828938870313e-07,7.651713229533374e-07,7.577393893252113e-07,7.696865140606003e-07,7.806474201641791e-07,7.787384963004406e-07
RepsRanparQMC/MC2-32-Lat-Rp-B-10-10000.dat,MC2,32,Lat-Rp,10,qmc,True,0.00020222788487143096,1.1477997629272482e-08,1.0269547080294665,4.662459050491678,    ,4.1939571749506595e-08,3.66225893918936e-08,3.5277778030324404e-08,3.7019886074160805e-08,3.909465868484095e-08,3.8687081796916413e-08
RepsRanparRQMC/MC2-32-Lat-Rp-RS-12-10000.dat,MC2,32,Lat-Rp,12,RS,False,-7.120084875541166e-07,1.527427674712438e-09,0.030268645367170402,3.9238714333220748,    ,1.3936401742384348e-10,1.785219241904274e-10,1.8445984740709652e-10,1.8610529076575498e-10,1.551379545597957e-10,1.512075672491472e-10
RepsRanparRQMC/MC2-32-Lat-Rp-RSB-12-10000.dat,MC2,32,Lat-Rp,12,RS,True,3.167307951161713e-07,1.2567770347853615e-09,0.013790801842685442,7.447086711840533,    ,1.1435277610433507e-10,9.902207839689219e-12,1.0943923006703487e-11,4.4514892213155936e-11,7.83122035234251e-11,4.715013451958689e-11
RepsRanparQMC/MC2-32-Lat-Rp-12-10000.dat,MC2,32,Lat-Rp,12,qmc,False,0.00022336999357258693,7.993129208791705e-09,0.43833860227572313,3.566855705119208,    ,5.062080213850768e-08,4.825814209223179e-08,4.773827712860122e-08,4.85083702708572e-08,4.9255201891994986e-08,4.911988686276645e-08
RepsRanparQMC/MC2-32-Lat-Rp-B-12-10000.dat,MC2,32,Lat-Rp,12,qmc,True,5.1205707436715506e-05,2.6046714374500603e-09,1.635894476815564,5.768752828353676,    ,2.8588127865899618e-09,1.370592822269486e-09,1.2426700905342313e-09,1.7336776714702169e-09,2.2676113121745156e-09,1.9745187582650575e-09
RepsRanparRQMC/MC2-32-Lat-Rp-RS-14-10000.dat,MC2,32,Lat-Rp,14,RS,False,6.41184265314343e-08,3.209766160611508e-10,-0.015166829493227844,7.453400979126614,    ,2.9183803541816395e-11,2.2580421010450973e-11,2.1781854160761552e-11,2.543240358154886e-11,2.4751181204240404e-11,2.2550155862824198e-11
RepsRanparRQMC/MC2-32-Lat-Rp-RSB-14-10000.dat,MC2,32,Lat-Rp,14,RS,True,-5.999688641039613e-08,3.2199634417436557e-10,0.054068699668723234,20.335021555050584,    ,2.9275994551321264e-11,2.1520230394250892e-13,2.1032833464905883e-13,2.1299750682044804e-12,9.391017994045817e-12,2.6726891406109753e-12
RepsRanparQMC/MC2-32-Lat-Rp-14-10000.dat,MC2,32,Lat-Rp,14,qmc,False,5.594181853400848e-05,1.5889139964343934e-09,0.18019618746481073,4.99196743630803,    ,3.273933787840516e-09,3.1335211111874723e-09,3.1051541974393787e-09,3.172289203854387e-09,3.218730415695864e-09,3.1920878646308808e-09
RepsRanparQMC/MC2-32-Lat-Rp-B-14-10000.dat,MC2,32,Lat-Rp,14,qmc,True,1.2694945427493587e-05,6.406249692674996e-10,3.306323962985244,14.464534786321957,    ,2.1940027297681302e-10,2.3470773136781056e-11,2.0749757189625738e-11,4.519812570277397e-11,1.0506613072622398e-10,5.882255515065202e-11
RepsRanparRQMC/MC2-32-Lat-Rp-RS-16-10000.dat,MC2,32,Lat-Rp,16,RS,False,-9.857982293584033e-08,8.300502824196211e-11,-0.1141303003271724,23.72902110508687,    ,7.555629639850253e-12,2.636940890950822e-12,2.4155030398546464e-12,3.3404652907644516e-12,4.144312655939218e-12,3.2651543771015163e-12
RepsRanparRQMC/MC2-32-Lat-Rp-RSB-16-10000.dat,MC2,32,Lat-Rp,16,RS,True,1.360084763163294e-07,8.952976828897707e-11,0.8412248449162563,70.13434696955035,    ,8.15756815008235e-12,8.107910828295452e-15,7.552154775152197e-15,5.711888330843364e-14,8.950241122763888e-13,7.644096775299401e-14
RepsRanparQMC/MC2-32-Lat-Rp-16-10000.dat,MC2,32,Lat-Rp,16,qmc,False,1.4133147715449956e-05,3.824218567817074e-10,0.0868526295545466,11.9142835942707,    ,2.3451148769051987e-10,2.030177128007454e-10,1.9988023557446592e-10,2.0927039139627805e-10,2.1870564569291317e-10,2.1162442022486208e-10
RepsRanparQMC/MC2-32-Lat-Rp-B-16-10000.dat,MC2,32,Lat-Rp,16,qmc,True,3.0938308305088035e-06,1.5629780270562428e-10,7.081929796840603,57.39159443405307,    ,2.3780680362863545e-11,6.633933607580978e-13,5.737791156878381e-13,1.0259305732947787e-12,4.68135492918086e-12,1.476733168876242e-12
RepsRanparRQMC/MC2-32-Lat-Rv-RS-6-10000.dat,MC2,32,Lat-Rv,6,RS,False,9.836301987984563e-06,7.348233531342829e-07,0.006771972316013236,2.988963332964042,    ,6.689887584900638e-08,1.0180784172704575e-07,1.0798747608384835e-07,1.0461095486070909e-07,8.184598906882298e-08,8.216017974353521e-08
RepsRanparRQMC/MC2-32-Lat-Rv-RSB-6-10000.dat,MC2,32,Lat-Rv,6,RS,True,-3.0009488586438593e-06,1.082293790865208e-07,0.43859968317834463,3.2404549224510903,    ,9.848040156463178e-09,1.5531716596209172e-08,1.6724401519083757e-08,1.576474332193273e-08,1.1935060077989488e-08,1.2156471652229216e-08
RepsRanparQMC/MC2-32-Lat-Rv-6-10000.dat,MC2,32,Lat-Rv,6,qmc,False,0.010241727822832896,2.6279449165614e-07,0.9421571839372492,4.357134313037965,    ,0.00010491687920532184,0.00010361267861044728,0.00010328295786731268,0.00010362352052648156,0.00010422942565876043,0.00010411030116160498
RepsRanparQMC/MC2-32-Lat-Rv-B-6-10000.dat,MC2,32,Lat-Rv,6,qmc,True,0.003985865885068279,1.9710197069596987e-07,0.8824832586745557,4.3795387877004135,    ,1.5905045214723497e-05,1.5501834683341297e-05,1.5402829670582436e-05,1.5524161825813335e-05,1.5696424481211693e-05,1.5667172108571346e-05
RepsRanparRQMC/MC2-32-Lat-Rv-RS-8-10000.dat,MC2,32,Lat-Rv,8,RS,False,-3.981111808446547e-06,5.82100217951969e-08,0.042286411931999376,3.008892013450267,    ,5.307669414431071e-09,8.005004972839752e-09,8.489082252975746e-09,7.96542053547276e-09,6.3004722686187596e-09,6.278462448497704e-09
RepsRanparRQMC/MC2-32-Lat-Rv-RSB-8-10000.dat,MC2,32,Lat-Rv,8,RS,True,-1.314178905833996e-06,2.7968068729876605e-08,0.2467421776249548,3.181793145424651,    ,2.544278768912594e-09,3.920307457796947e-09,4.163975618419701e-09,4.01130037783607e-09,3.102259308532982e-09,3.1476733455484353e-09
RepsRanparQMC/MC2-32-Lat-Rv-8-10000.dat,MC2,32,Lat-Rv,8,qmc,False,0.00256162386534822,7.827887494127376e-08,0.48095325187635113,3.3661137425152954,    ,6.569033088879853e-06,6.468480460826757e-06,6.4439997323887415e-06,6.47606777842043e-06,6.5152175909400655e-06,6.509453884908431e-06
RepsRanparQMC/MC2-32-Lat-Rv-B-8-10000.dat,MC2,32,Lat-Rv,8,qmc,True,0.0009965737216558687,5.418852847005416e-08,0.692696074520397,3.9627783101668688,    ,9.98085412555943e-07,9.609217890502425e-07,9.510731914594898e-07,9.626306419829641e-07,9.783210173763055e-07,9.754774143058602e-07
RepsRanparRQMC/MC2-32-Lat-Rv-RS-10-10000.dat,MC2,32,Lat-Rv,10,RS,False,-3.837642907186467e-07,7.00218663550149e-09,0.07952187424222315,3.2849892721428287,    ,6.367096964400571e-10,9.203456412583686e-10,9.658467449385103e-10,9.352380539160773e-10,7.39287676861127e-10,7.474260465124837e-10
RepsRanparRQMC/MC2-32-Lat-Rv-RSB-10-10000.dat,MC2,32,Lat-Rv,10,RS,True,4.894901208118751e-07,6.971516758386764e-09,0.0857255193823381,3.7569190195152573,    ,6.340138513408054e-10,7.40317480327975e-10,7.788488849857153e-10,8.482959036189042e-10,7.122286776502292e-10,6.916623817045246e-10
RepsRanparQMC/MC2-32-Lat-Rv-10-10000.dat,MC2,32,Lat-Rv,10,qmc,False,0.0006409034534002899,2.0950162780595373e-08,0.24632882801506684,3.2513476133305,    ,4.12661796833199e-07,4.0745004653830227e-07,4.059114880127876e-07,4.080959195852555e-07,4.0946282414837327e-07,4.0946171473019294e-07
RepsRanparQMC/MC2-32-Lat-Rv-B-10-10000.dat,MC2,32,Lat-Rv,10,qmc,True,0.00024838446443224775,1.3839687628750464e-08,0.835678811912736,4.085934405459533,    ,6.295299559209004e-08,5.673800028206603e-08,5.5188001132339397e-08,5.7092985159092665e-08,5.963982658384243e-08,5.903508297715769e-08
RepsRanparRQMC/MC2-32-Lat-Rv-RS-12-10000.dat,MC2,32,Lat-Rv,12,RS,False,-9.480771145566891e-08,1.252646310044864e-09,-0.013247036164909319,4.275049751320284,    ,1.1388592577895728e-10,1.312839933013896e-10,1.3377080834931532e-10,1.4019519173126275e-10,1.1997064219685577e-10,1.1581872387551214e-10
RepsRanparRQMC/MC2-32-Lat-Rv-RSB-12-10000.dat,MC2,32,Lat-Rv,12,RS,True,-5.136310362191532e-08,1.724073583952961e-09,-0.023079880257978646,5.939426593009883,    ,1.5673660034595557e-10,2.7606716587083882e-11,3.048437870867736e-11,9.39901311601183e-11,1.284443913390403e-10,9.283095994698844e-11
RepsRanparQMC/MC2-32-Lat-Rv-12-10000.dat,MC2,32,Lat-Rv,12,qmc,False,0.00015997806085612463,5.2902338512279064e-09,0.12003654948270874,3.797655292919997,    ,2.6073910305397544e-08,2.5914123292449073e-08,2.5865240712244102e-08,2.5975370735959053e-08,2.5921062570602525e-08,2.5948314926180655e-08
RepsRanparQMC/MC2-32-Lat-Rv-B-12-10000.dat,MC2,32,Lat-Rv,12,qmc,True,6.167295213699489e-05,3.422616496697859e-09,1.4087072195104222,5.188280451695841,    ,4.114699979537322e-09,2.712364285289833e-09,2.45746311859815e-09,2.9066518830860493e-09,3.4600171801750302e-09,3.1937704418723867e-09
RepsRanparRQMC/MC2-32-Lat-Rv-RS-14-10000.dat,MC2,32,Lat-Rv,14,RS,False,5.722361197910697e-08,3.012796912551095e-10,0.01101543185156474,9.225375024060616,    ,2.7392337383141526e-11,1.5489648019002895e-11,1.4558070733592842e-11,1.859648577372316e-11,2.0324057445853165e-11,1.7436578787704444e-11
RepsRanparRQMC/MC2-32-Lat-Rv-RSB-14-10000.dat,MC2,32,Lat-Rv,14,RS,True,-6.31217166728204e-08,4.42117602600371e-10,-0.054184631574013126,13.755747707166561,    ,4.019649367842218e-11,3.8493922279176323e-13,4.3026349582374823e-13,4.347584741631662e-12,1.5414760648750923e-11,5.268180348183125e-12
RepsRanparQMC/MC2-32-Lat-Rv-14-10000.dat,MC2,32,Lat-Rv,14,qmc,False,3.998916287629396e-05,1.4082515796346994e-09,0.11889866627296544,6.753676586085497,    ,1.7271560184226488e-09,1.6645052713470461e-09,1.6584287365581031e-09,1.6785195150463917e-09,1.685865538498211e-09,1.6723789539247942e-09
RepsRanparQMC/MC2-32-Lat-Rv-B-14-10000.dat,MC2,32,Lat-Rv,14,qmc,True,1.5741089620734394e-05,9.060818819777716e-10,2.8691925241442484,12.053748167251856,    ,3.301529826277895e-10,3.682939692258705e-11,3.1332268355034766e-11,8.51294326861999e-11,1.8541401992100214e-10,1.0907961540741336e-10
RepsRanparRQMC/MC2-32-Lat-Rv-RS-16-10000.dat,MC2,32,Lat-Rv,16,RS,False,9.513506631146917e-08,7.551063651273254e-11,0.325697562766507,32.725684743853144,    ,6.873654000181409e-12,1.581416101277094e-12,1.4500795554033636e-12,2.1422209539587457e-12,2.9366764741744406e-12,2.1942677969175474e-12
RepsRanparRQMC/MC2-32-Lat-Rv-RSB-16-10000.dat,MC2,32,Lat-Rv,16,RS,True,1.7333152925239625e-07,1.0771225694833869e-10,0.9358328257525224,48.297538554790286,    ,9.822067177972856e-12,4.561377791684335e-15,5.29598059545069e-15,1.7573911070759234e-13,1.4059464059445765e-12,2.099929265686067e-13
RepsRanparQMC/MC2-32-Lat-Rv-16-10000.dat,MC2,32,Lat-Rv,16,qmc,False,9.907171900540423e-06,3.325708274103967e-10,0.05237885620655488,18.78809907371566,    ,1.2838576664962108e-10,1.0767957227867623e-10,1.068220051092312e-10,1.1000873687871339e-10,1.1446864118391146e-10,1.103369485753424e-10
RepsRanparQMC/MC2-32-Lat-Rv-B-16-10000.dat,MC2,32,Lat-Rv,16,qmc,True,3.7507574248591526e-06,2.1353169011077144e-10,6.074755092923087,46.841960435072025,    ,3.348015308838801e-11,3.592637166083718e-13,3.0026061228289177e-13,1.431346628751295e-12,8.261667601971561e-12,2.1666742444428533e-12
RepsFixedparRQMC/MC2-32-Sob-DS-6-10000.dat,MC2,32,Sob,6,DS,False,2.576311712040702e-06,6.791299982941732e-07,0.029007055988135615,3.06471198835325,    ,6.174572813605335e-08,9.083104778873588e-08,9.575799545351381e-08,9.32657076876996e-08,7.25234983472783e-08,7.360780942127648e-08
RepsFixedparRQMC/MC2-32-Sob-DS-8-10000.dat,MC2,32,Sob,8,DS,False,-1.0192386940652276e-06,4.281680115692291e-08,0.03362091786232553,3.051847518892114,    ,3.893475316326653e-09,5.878765575154986e-09,6.215544255715282e-09,6.091986631140895e-09,4.6886481294897525e-09,4.797363222487002e-09
RepsFixedparRQMC/MC2-32-Sob-DS-10-10000.dat,MC2,32,Sob,10,DS,False,2.4940294878073033e-07,3.0758490263344148e-09,0.03891618425508597,2.8975311931164542,    ,2.7968484058853457e-10,4.3406071721418996e-10,4.657946732148666e-10,4.4497720120346935e-10,3.383387586938717e-10,3.4737934425976886e-10
RepsFixedparRQMC/MC2-32-Sob-DS-12-10000.dat,MC2,32,Sob,12,DS,False,9.883928002873965e-08,1.749330880072117e-10,0.03599628418386206,2.915311547667057,    ,1.591277720393221e-11,2.4344205790276393e-11,2.5858694739321644e-11,2.4303910244799625e-11,1.8723970694726083e-11,1.8997481903056135e-11
RepsFixedparRQMC/MC2-32-Sob-DS-14-10000.dat,MC2,32,Sob,14,DS,False,1.7055618569294938e-08,1.0098926959975899e-11,0.004423647879320899,2.9438972441163513,    ,9.183751632134992e-13,1.3819566583571436e-12,1.4731317688837246e-12,1.365256343599481e-12,1.065504119852613e-12,1.0678116474331528e-12
RepsFixedparRQMC/MC2-32-Sob-DS-16-10000.dat,MC2,32,Sob,16,DS,False,1.3154589230179869e-08,6.328714225876352e-13,0.0071000917867255564,2.907716396283329,    ,5.770680890759978e-14,9.096831985955689e-14,9.674747575498357e-14,9.062190504525345e-14,6.9156814587577e-14,7.118097922919033e-14
RepsRanparRQMC/MC2-32-Sob-LMS-DS-6-10000.dat,MC2,32,Sob-LMS,6,DS,False,3.357202787596525e-06,3.727296369098338e-08,0.16161440575552516,3.179242112202278,    ,3.399722055191899e-09,4.973185665831239e-09,5.2552094006447305e-09,5.0026107392839515e-09,4.033161269125645e-09,3.980417746824359e-09
RepsRanparQMC/MC2-32-Sob-LMS-6-10000.dat,MC2,32,Sob-LMS,6,qmc,False,0.0020545160887384954,1.9508127559092953e-08,0.5166114648750788,3.3754674414120194,    ,4.222809825027061e-06,4.178361738607037e-06,4.166998062984567e-06,4.180906802034067e-06,4.199358547309443e-06,4.196808475418828e-06
RepsRanparRQMC/MC2-32-Sob-LMS-DS-8-10000.dat,MC2,32,Sob-LMS,8,DS,False,2.469565886596858e-07,6.8833199530012815e-09,0.124816714885649,2.9359789273979993,    ,6.258173469204353e-10,9.796653363391798e-10,1.0434698207899469e-09,9.90926085838583e-10,7.551666386659951e-10,7.713218034531446e-10
RepsRanparQMC/MC2-32-Sob-LMS-8-10000.dat,MC2,32,Sob-LMS,8,qmc,False,0.00046216757267531037,4.085884101005602e-09,0.16769810690590925,3.0193525208263723,    ,2.139703092417706e-07,2.1285198716518488e-07,2.1255086222884044e-07,2.1269460497807626e-07,2.1333651662592706e-07,2.1318509238559473e-07
RepsRanparRQMC/MC2-32-Sob-LMS-DS-10-10000.dat,MC2,32,Sob-LMS,10,DS,False,1.4437090377911635e-07,1.263839864308848e-09,0.006445880157005611,2.713669713508111,    ,1.1491537607684417e-10,1.8392682847845738e-10,1.9801751254012654e-10,1.836353206299786e-10,1.4004087697353335e-10,1.4292439552150123e-10
RepsRanparQMC/MC2-32-Sob-LMS-10-10000.dat,MC2,32,Sob-LMS,10,qmc,False,8.337389482320248e-05,6.530383098468242e-10,0.030271545813572193,2.4072054935509386,    ,7.0105734570674125e-09,7.050221235178218e-09,7.06212259682988e-09,7.064814583314264e-09,7.024777575561198e-09,7.0383499797887556e-09
RepsRanparRQMC/MC2-32-Sob-LMS-DS-12-10000.dat,MC2,32,Sob-LMS,12,DS,False,-3.9348012292812414e-07,4.973750496387553e-10,0.016612264544910216,2.02376166363033,    ,4.537074021066274e-11,5.6437417703862216e-11,5.7017548378903696e-11,8.928770482825397e-11,5.8196890464696825e-11,7.1112979313278e-11
RepsRanparQMC/MC2-32-Sob-LMS-12-10000.dat,MC2,32,Sob-LMS,12,qmc,False,2.2442505700791006e-05,2.524536853525246e-10,0.034863245150499336,1.069218482455837,    ,5.266163971620845e-10,6.928336346873607e-10,6.665166278823905e-10,5.952357160649898e-10,5.443613414076452e-10,5.719945463405018e-10
RepsRanparRQMC/MC2-32-Sob-LMS-DS-14-10000.dat,MC2,32,Sob-LMS,14,DS,False,2.2392292771631866e-09,1.7686534518838668e-13,0.03587696361888722,4.964834580957926,    ,1.6083681892154493e-14,1.8030442836084112e-14,1.8155198664540622e-14,1.928368545476442e-14,1.669247494091741e-14,1.6020651819755573e-14
RepsRanparQMC/MC2-32-Sob-LMS-14-10000.dat,MC2,32,Sob-LMS,14,qmc,False,1.302016812914643e-06,1.491614990018839e-13,1.2418342058587,5.517947011954401,    ,1.7088079173853031e-12,1.572420560667232e-12,1.54335227138845e-12,1.5775734089022018e-12,1.6338869423461952e-12,1.6236352056518697e-12
RepsRanparRQMC/MC2-32-Sob-LMS-DS-16-10000.dat,MC2,32,Sob-LMS,16,DS,False,1.0812331502342693e-09,1.0073670017987674e-14,0.02094345991356428,12.389913240367024,    ,9.169572485785905e-16,4.673780638289645e-16,4.514795684783977e-16,5.643205116660637e-16,6.299287066763332e-16,5.306416015327177e-16
RepsRanparQMC/MC2-32-Sob-LMS-16-10000.dat,MC2,32,Sob-LMS,16,qmc,False,1.69625217489894e-07,9.922571403758568e-15,2.5019454222092707,12.28336407289699,    ,2.967476635429008e-14,2.2472124815060532e-14,2.135298447478505e-14,2.285181498638952e-14,2.538509236687887e-14,2.4767262143958102e-14
RepsRanparRQMC/MC2-32-Sob-NUS-6-10000.dat,MC2,32,Sob-NUS,6,NUS,False,-1.7907854025458137e-06,3.712286378137111e-08,0.17268491757443993,3.129415856775006,    ,3.378012710664436e-09,5.153872882440756e-09,5.471456086523395e-09,5.187610217174179e-09,3.983217706388122e-09,4.0660086385115136e-09
RepsRanparRQMC/MC2-32-Sob-NUS-8-10000.dat,MC2,32,Sob-NUS,8,NUS,False,7.16330132514198e-07,6.996683328817872e-09,0.13593318636789745,2.9066319443437676,    ,6.365752496603726e-10,1.0178551581424667e-09,1.0837602515524284e-09,1.015827596800094e-09,7.893066316086436e-10,7.958352923769497e-10
RepsRanparRQMC/MC2-32-Sob-NUS-10-10000.dat,MC2,32,Sob-NUS,10,NUS,False,-5.026428389477755e-07,1.2635629907510672e-09,0.018561868924164324,2.6394131990515683,    ,1.1512201261909703e-10,1.914976383078029e-10,2.0693395715681947e-10,1.8726653050300542e-10,1.4068657981472434e-10,1.4344887732086418e-10
RepsRanparRQMC/MC2-32-Sob-NUS-12-10000.dat,MC2,32,Sob-NUS,12,NUS,False,2.3243884576453766e-07,4.947511790994066e-10,-0.008463318977540624,2.0361456944404766,    ,4.503140773514823e-11,5.872137163692112e-11,5.904176136618451e-11,9.091087289842031e-11,5.897461667784695e-11,7.206460062118505e-11
RepsRanparRQMC/MC2-32-Sob-NUS-14-10000.dat,MC2,32,Sob-NUS,14,NUS,False,1.7968237073229255e-09,1.796878755851885e-13,-0.012293621450044642,2.9393809315397865,    ,1.6338489992270517e-14,2.5345505125222223e-14,2.6976476758300572e-14,2.550041991963457e-14,1.9423530606590762e-14,1.9811331463950716e-14
RepsRanparRQMC/MC2-32-Sob-NUS-16-10000.dat,MC2,32,Sob-NUS,16,NUS,False,1.3894293047767015e-09,1.0509411863689884e-14,-0.011565294380367973,3.1605380782080976,    ,9.573315923102344e-16,1.407488336859132e-15,1.4809603216002586e-15,1.4352963853715735e-15,1.1137664038348069e-15,1.1334178258293257e-15
RepsFixedparRQMC/PieceLinGauss-4-Lat-RS-6-10000.dat,PieceLinGauss,4,Lat,6,RS,False,-0.00026925751464750665,0.0010886586245106359,0.33395348313765943,2.820284540987618,    ,9.904146547379741e-05,0.00017130138323744607,0.00018601081757397116,0.00017172240078330235,0.00012722161143707345,0.00013081511994988886
RepsFixedparRQMC/PieceLinGauss-4-Lat-RS-8-10000.dat,PieceLinGauss,4,Lat,8,RS,False,-1.5340189955141882e-05,0.0001806280612211211,-0.21317243423168636,2.5608555315327437,    ,1.6420968159711596e-05,2.8411007441700044e-05,3.0988204546267465e-05,2.7572032761645203e-05,2.0453372067320383e-05,2.106914479011924e-05
RepsFixedparRQMC/PieceLinGauss-4-Lat-RS-10-10000.dat,PieceLinGauss,4,Lat,10,RS,False,-2.1481587561872946e-06,7.805077298790269e-06,0.004779535044472243,2.8596741043269653,    ,7.09557096294248e-07,1.139895236992856e-06,1.2154533919054133e-06,1.1562612974223206e-06,8.554537263826474e-07,8.845050806428597e-07
RepsFixedparRQMC/PieceLinGauss-4-Lat-RS-12-10000.dat,PieceLinGauss,4,Lat,12,RS,False,-1.57329081700108e-06,1.3475965635227453e-06,-0.16167739437191678,2.5582149735925954,    ,1.2251125374606262e-07,2.1881196765278013e-07,2.391496401026521e-07,2.1610913176845327e-07,1.5616787873920304e-07,1.641215558049371e-07
RepsFixedparRQMC/PieceLinGauss-4-Lat-RS-14-10000.dat,PieceLinGauss,4,Lat,14,RS,False,-1.6946699440972865e-06,4.11754068638745e-08,-0.03736292634808259,2.928900130675537,    ,3.7460907120261995e-09,5.5686360257184745e-09,5.95568187303826e-09,5.7664581237086075e-09,4.410313643355995e-09,4.493064778532993e-09
RepsFixedparRQMC/PieceLinGauss-4-Lat-RS-16-10000.dat,PieceLinGauss,4,Lat,16,RS,False,7.505885514651131e-07,5.215170499337206e-09,0.0191817824558351,2.9815783894999166,    ,4.746697922042456e-10,6.980297147293996e-10,7.404150616745086e-10,7.174665033016943e-10,5.66755718682791e-10,5.618446961698699e-10
RepsRanparRQMC/PieceLinGauss-4-Lat-Rp-RS-6-10000.dat,PieceLinGauss,4,Lat-Rp,6,RS,False,-0.0001415325079511946,0.0008352657157309336,0.30152352846666436,3.3508733646929376,    ,7.595327833543728e-05,0.0001107963349353358,0.00011727368068388193,0.00011505739529549232,8.961313834890298e-05,9.053142145414966e-05
RepsRanparQMC/PieceLinGauss-4-Lat-Rp-6-10000.dat,PieceLinGauss,4,Lat-Rp,6,qmc,False,-0.017781142396528962,0.001458629862886853,0.7430811198409919,3.754909494402348,    ,0.00044877173973353543,0.0006429286109603312,0.0007003736894160687,0.0006571682201412024,0.000549366966221823,0.0005563046278423482
RepsRanparRQMC/PieceLinGauss-4-Lat-Rp-RS-8-10000.dat,PieceLinGauss,4,Lat-Rp,8,RS,False,-5.30791152684574e-05,0.00020118559682336725,0.05309575180916771,4.494540817696996,    ,1.8292417103692887e-05,2.1457859583433842e-05,2.1940879118711598e-05,2.269825332301397e-05,1.9793814068164595e-05,1.8872772302006406e-05
RepsRanparQMC/PieceLinGauss-4-Lat-Rp-8-10000.dat,PieceLinGauss,4,Lat-Rp,8,qmc,False,-0.005756602086338862,0.0006227484979496721,0.44588386343397546,4.603825805466844,    ,8.975196739404749e-05,0.00010317082922550248,0.00010496393052112965,0.00010784962067427108,9.718899203350339e-05,9.445233957975622e-05
RepsRanparRQMC/PieceLinGauss-4-Lat-Rp-RS-10-10000.dat,PieceLinGauss,4,Lat-Rp,10,RS,False,0.00011631434703078909,4.831608190892779e-05,-0.016723324387122103,11.238927691210106,    ,4.405900109954998e-06,3.3416001481175203e-06,3.2765252692908224e-06,3.794281379761358e-06,3.6603659081860653e-06,3.342402934316996e-06
RepsRanparQMC/PieceLinGauss-4-Lat-Rp-10-10000.dat,PieceLinGauss,4,Lat-Rp,10,qmc,False,-0.001982544865798808,0.0001931969389638419,0.26374304935292675,8.621498697893433,    ,2.1493842232527202e-05,1.4763897125391706e-05,1.4254485519453713e-05,1.696775364011889e-05,1.8063517003257964e-05,1.5962916206749497e-05
RepsRanparRQMC/PieceLinGauss-4-Lat-Rp-RS-12-10000.dat,PieceLinGauss,4,Lat-Rp,12,RS,False,-2.9134848055009917e-05,1.2213866593481094e-05,-0.4980392307373019,39.892506445847246,    ,1.1112003478694697e-06,4.975918180820784e-07,4.7419890762577423e-07,5.586747352587054e-07,6.102286907228905e-07,5.221316858770136e-07
RepsRanparQMC/PieceLinGauss-4-Lat-Rp-12-10000.dat,PieceLinGauss,4,Lat-Rp,12,qmc,False,-0.0007072454073039594,5.202525606260785e-05,0.02421702380793072,23.440648987509054,    ,5.229764799116893e-06,1.886817420103782e-06,1.7397518871743498e-06,2.3675231081959617e-06,3.0374165397287896e-06,2.401610436034133e-06
RepsRanparRQMC/PieceLinGauss-4-Lat-Rp-RS-14-10000.dat,PieceLinGauss,4,Lat-Rp,14,RS,False,8.784904756769746e-06,2.8582649618775347e-06,-1.0687988167590836,86.22065374181547,    ,2.599194438131796e-07,6.039664735308726e-08,5.614874243076658e-08,7.418974162218929e-08,8.96161904257628e-08,7.194518382819753e-08
RepsRanparQMC/PieceLinGauss-4-Lat-Rp-14-10000.dat,PieceLinGauss,4,Lat-Rp,14,qmc,False,-0.00017191686693107788,1.374239717180744e-05,-2.1464206684022176,88.31436140009556,    ,1.2788642429360744e-06,1.974017585492099e-07,1.8123560175035626e-07,2.692063804108562e-07,4.1045423639522064e-07,2.8294177344993484e-07
RepsRanparRQMC/PieceLinGauss-4-Lat-Rp-RS-16-10000.dat,PieceLinGauss,4,Lat-Rp,16,RS,False,1.2530639675712163e-05,8.786186079224354e-07,2.3566675111741326,365.75699537831815,    ,8.003143583272211e-08,7.456589071442799e-09,6.798960287878398e-09,9.322874521596139e-09,1.364263299133019e-08,9.732477477124802e-09
RepsRanparQMC/PieceLinGauss-4-Lat-Rp-16-10000.dat,PieceLinGauss,4,Lat-Rp,16,qmc,False,-6.025692732780234e-05,2.873562220286128e-06,-8.395300296311678,393.3051352554064,    ,2.648638264079088e-07,2.3368046559406498e-08,2.139153337048074e-08,3.3547841057682794e-08,5.1503099924769704e-08,3.522638912366191e-08
RepsRanparRQMC/PieceLinGauss-4-Lat-Rv-RS-6-10000.dat,PieceLinGauss,4,Lat-Rv,6,RS,False,-3.158225591908176e-05,0.0006708291390161962,0.2904662804122156,3.790759409328123,    ,6.09854646221795e-05,8.334443775982704e-05,8.71541138312199e-05,8.603336332097646e-05,6.892106471962312e-05,6.88404240254703e-05
RepsRanparQMC/PieceLinGauss-4-Lat-Rv-6-10000.dat,PieceLinGauss,4,Lat-Rv,6,qmc,False,-0.013980663550763155,0.0015845347166786783,0.6845897117674765,3.918524558208646,    ,0.00033950756392679,0.0004678650078232752,0.0005139086362305902,0.0005074408865341978,0.000418889660645213,0.0004228237559761462
RepsRanparRQMC/PieceLinGauss-4-Lat-Rv-RS-8-10000.dat,PieceLinGauss,4,Lat-Rv,8,RS,False,3.558562569966361e-05,0.0001575860984833624,0.12938401859359872,5.673319369485699,    ,1.4327275289789383e-05,1.3996133040441705e-05,1.403790169657911e-05,1.527848336191402e-05,1.3614652492473015e-05,1.2923498838910662e-05
RepsRanparQMC/PieceLinGauss-4-Lat-Rv-8-10000.dat,PieceLinGauss,4,Lat-Rv,8,qmc,False,-0.004344318211379808,0.0005590678301694424,0.4295419999987142,5.854532567263556,    ,6.96974489189483e-05,6.397473929713597e-05,6.279161756265408e-05,7.092127406925333e-05,6.887076563169137e-05,6.419405728251214e-05
RepsRanparRQMC/PieceLinGauss-4-Lat-Rv-RS-10-10000.dat,PieceLinGauss,4,Lat-Rv,10,RS,False,-4.2745816720687416e-05,3.719137286526556e-05,0.030121136265732408,15.770233001361785,    ,3.3828611016894425e-06,2.288189251186964e-06,2.2316015092763612e-06,2.4913530965939663e-06,2.47701320217625e-06,2.2470384289497906e-06
RepsRanparQMC/PieceLinGauss-4-Lat-Rv-10-10000.dat,PieceLinGauss,4,Lat-Rv,10,qmc,False,-0.0012319113119102095,0.00016226092641430533,0.39128848643261316,12.478877586554606,    ,1.626859879080373e-05,8.219664944452555e-06,7.819161216397593e-06,1.0049422748413788e-05,1.1215391870186821e-05,9.62991426406325e-06
RepsRanparRQMC/PieceLinGauss-4-Lat-Rv-RS-12-10000.dat,PieceLinGauss,4,Lat-Rv,12,RS,False,-2.6563730327462253e-05,9.438723919370067e-06,-1.8115051989208957,65.44536933482732,    ,8.587714426207344e-07,3.2532883172105015e-07,3.088168670596003e-07,3.642491152688862e-07,4.045515810028042e-07,3.4059013966477145e-07
RepsRanparQMC/PieceLinGauss-4-Lat-Rv-12-10000.dat,PieceLinGauss,4,Lat-Rv,12,qmc,False,-0.0004145957222837034,4.2437835120285114e-05,0.5172925966429495,38.259505395770844,    ,4.029874623870957e-06,1.0149439700782354e-06,9.400530604895406e-07,1.3207934824343407e-06,1.799383739207001e-06,1.3571078307436082e-06
RepsRanparRQMC/PieceLinGauss-4-Lat-Rv-RS-14-10000.dat,PieceLinGauss,4,Lat-Rv,14,RS,False,-1.0086504630409887e-06,3.274506303874075e-06,-8.59503847194581,318.2497600991214,    ,2.9768340863703615e-07,3.991370564349422e-08,3.7424274933379896e-08,5.0214236465195787e-08,6.186357326447122e-08,4.85527798586088e-08
RepsRanparQMC/PieceLinGauss-4-Lat-Rv-14-10000.dat,PieceLinGauss,4,Lat-Rv,14,qmc,False,-0.0001808158138487525,1.044628645310496e-05,-1.6735267682758956,131.35671490328178,    ,9.823567633655103e-07,1.2665083629665058e-07,1.1433433856437602e-07,1.7049740005067442e-07,2.5694336795419914e-07,1.825174262472735e-07
RepsRanparRQMC/PieceLinGauss-4-Lat-Rv-RS-16-10000.dat,PieceLinGauss,4,Lat-Rv,16,RS,False,-8.719302983917908e-06,8.200551586462434e-07,-16.42781756119937,1338.72914538142,    ,7.462649521236567e-08,4.459942062105315e-09,4.156914905140791e-09,5.709578970883593e-09,7.930317281439542e-09,5.756783537501688e-09
RepsRanparQMC/PieceLinGauss-4-Lat-Rv-16-10000.dat,PieceLinGauss,4,Lat-Rv,16,qmc,False,-5.5994664230384914e-05,2.082484965061214e-06,-14.508027519079288,587.4120212847893,    ,1.9245221742783846e-07,1.2902066629116458e-08,1.1643342557038041e-08,1.842803850801943e-08,2.9148913893499948e-08,1.9561150313190664e-08
RepsFixedparRQMC/PieceLinGauss-4-Sob-DS-6-10000.dat,PieceLinGauss,4,Sob,6,DS,False,-0.0001595133741399777,0.00019538391587928402,0.19617350077000972,2.9106175458810064,    ,1.778761868737352e-05,2.8322423217979797e-05,3.0050915238574888e-05,2.8312121693853182e-05,2.1931336568555433e-05,2.205314088081515e-05
RepsFixedparRQMC/PieceLinGauss-4-Sob-DS-8-10000.dat,PieceLinGauss,4,Sob,8,DS,False,-1.826720266522332e-05,1.1668946251686706e-05,0.09397221159094366,3.104679220172705,    ,1.0611469863010949e-06,1.559832929012864e-06,1.6442184370717316e-06,1.6082500490419447e-06,1.2264364515848297e-06,1.2585314401322507e-06
RepsFixedparRQMC/PieceLinGauss-4-Sob-DS-10-10000.dat,PieceLinGauss,4,Sob,10,DS,False,9.486684337161188e-06,2.0960521409684197e-06,0.022826564075582825,3.061338958569223,    ,1.9064019181320562e-07,2.8197033039915756e-07,2.9723093365012163e-07,2.8892758822043177e-07,2.241787458855555e-07,2.2716559530997943e-07
RepsFixedparRQMC/PieceLinGauss-4-Sob-DS-12-10000.dat,PieceLinGauss,4,Sob,12,DS,False,3.3120692609939427e-06,3.076106600618414e-07,0.03020404226719843,2.766074976058591,    ,2.797557526295702e-08,4.472088013512459e-08,4.8146764083258023e-08,4.540509747844903e-08,3.454413709393032e-08,3.51741297878796e-08
RepsFixedparRQMC/PieceLinGauss-4-Sob-DS-14-10000.dat,PieceLinGauss,4,Sob,14,DS,False,-8.220563182179924e-07,1.50544281490318e-08,0.05943547703703058,2.87630029550184,    ,1.369260153775031e-09,2.1386183318135927e-09,2.2848845130357054e-09,2.148579258318747e-09,1.6315841291501175e-09,1.662089807482278e-09
RepsFixedparRQMC/PieceLinGauss-4-Sob-DS-16-10000.dat,PieceLinGauss,4,Sob,16,DS,False,2.693922558118303e-07,1.6149969866625441e-09,-0.09136253682749397,3.029108912063561,    ,1.468904800659045e-10,2.194538992803721e-10,2.3249107067058842e-10,2.2539163757472643e-10,1.7398729051393673e-10,1.7623972843858476e-10
RepsRanparRQMC/PieceLinGauss-4-Sob-LMS-DS-6-10000.dat,PieceLinGauss,4,Sob-LMS,6,DS,False,-2.1445766345101505e-05,0.00022016770981421,0.12086579873521419,2.7380066246512396,    ,2.0015706267640492e-05,3.3096850170695186e-05,3.57149347502866e-05,3.343416527159573e-05,2.4854288432341504e-05,2.5648521984646234e-05
RepsRanparQMC/PieceLinGauss-4-Sob-LMS-6-10000.dat,PieceLinGauss,4,Sob-LMS,6,qmc,False,0.000965816626022065,0.00020076351051834677,0.1441081462642092,2.826282501426336,    ,1.918402998404126e-05,3.0849830730001935e-05,3.29657811157199e-05,3.0631926497246936e-05,2.331339538129956e-05,2.4017552602225718e-05
RepsRanparRQMC/PieceLinGauss-4-Sob-LMS-DS-8-10000.dat,PieceLinGauss,4,Sob-LMS,8,DS,False,1.1342304800368375e-05,1.3143248270338903e-05,0.0638722840472756,3.007600805230859,    ,1.1949693997271757e-06,1.8383221344351656e-06,1.9469558837712768e-06,1.8453608024194067e-06,1.4162106808332255e-06,1.442795248220208e-06
RepsRanparQMC/PieceLinGauss-4-Sob-LMS-8-10000.dat,PieceLinGauss,4,Sob-LMS,8,qmc,False,-6.316149295445181e-05,1.2829684793377902e-05,0.1104804899481335,3.0142869569499946,    ,1.1703243554084081e-06,1.7829996952493506e-06,1.894167511694719e-06,1.8023063435022735e-06,1.4203160986352077e-06,1.4113139508182081e-06
RepsRanparRQMC/PieceLinGauss-4-Sob-LMS-DS-10-10000.dat,PieceLinGauss,4,Sob-LMS,10,DS,False,-2.356085056005278e-05,2.3007421335345465e-06,-0.06767042303094853,2.9838969530934323,    ,2.0971348945498101e-07,3.158174019187908e-07,3.337548286782402e-07,3.1940050316354595e-07,2.4709745315379975e-07,2.506832184324444e-07
RepsRanparQMC/PieceLinGauss-4-Sob-LMS-10-10000.dat,PieceLinGauss,4,Sob-LMS,10,qmc,False,-3.577708357905367e-05,2.3017457484743747e-06,-0.04474974725261801,3.0198445071921562,    ,2.10529613207093e-07,3.133393998832374e-07,3.320836045556653e-07,3.1628661660812105e-07,2.470714124124237e-07,2.487150767890004e-07
RepsRanparRQMC/PieceLinGauss-4-Sob-LMS-DS-12-10000.dat,PieceLinGauss,4,Sob-LMS,12,DS,False,-1.1213037503836031e-05,2.3238034863507644e-07,-0.0195109270732102,3.105871900741173,    ,2.1251218449614835e-08,3.0442876924976036e-08,3.2167870875522846e-08,3.155788260213359e-08,2.4787140206471223e-08,2.4782549016112866e-08
RepsRanparQMC/PieceLinGauss-4-Sob-LMS-12-10000.dat,PieceLinGauss,4,Sob-LMS,12,qmc,False,1.3623914161734508e-06,2.3000716296038222e-07,0.1196495854574428,3.2730444200324844,    ,2.091159819767834e-08,3.0131058433265385e-08,3.1695599726791124e-08,3.006257397097877e-08,2.4082480242599766e-08,2.3961774314950885e-08
RepsRanparRQMC/PieceLinGauss-4-Sob-LMS-DS-14-10000.dat,PieceLinGauss,4,Sob-LMS,14,DS,False,1.4637456920583106e-06,1.6402867063687648e-08,-0.01860667654601451,3.043138100591292,    ,1.4933122845135328e-09,2.2457509710280383e-09,2.3926210413749984e-09,2.3029232449033655e-09,1.7679052928510852e-09,1.7967567364776708e-09
RepsRanparQMC/PieceLinGauss-4-Sob-LMS-14-10000.dat,PieceLinGauss,4,Sob-LMS,14,qmc,False,1.5408520324669703e-06,1.688083270187705e-08,0.031075269657987268,3.115015057789567,    ,1.536995379702053e-09,2.3572886808948197e-09,2.4860195793130383e-09,2.3365826840420505e-09,1.8316854046087843e-09,1.844621233376687e-09
RepsRanparRQMC/PieceLinGauss-4-Sob-LMS-DS-16-10000.dat,PieceLinGauss,4,Sob-LMS,16,DS,False,6.33923310045072e-07,2.0838167170819606e-09,0.00026447323177598446,3.2541930274751474,    ,1.8983974213410584e-10,2.9142763384683734e-10,3.091510881948561e-10,2.973244997901177e-10,2.2808342747631334e-10,2.322602827746828e-10
RepsRanparQMC/PieceLinGauss-4-Sob-LMS-16-10000.dat,PieceLinGauss,4,Sob-LMS,16,qmc,False,-3.0343531809744985e-07,2.0875601227505313e-09,-0.04215168000601475,3.1423979768222896,    ,1.8987026596958994e-10,2.8430901873817485e-10,2.992574022319118e-10,2.8822968546029834e-10,2.2677386004992326e-10,2.2824531771277674e-10
RepsRanparRQMC/PieceLinGauss-4-Sob-NUS-6-10000.dat,PieceLinGauss,4,Sob-NUS,6,NUS,False,-0.00017983000111479667,0.0002166105442573528,0.0988208462438687,2.759871227688943,    ,1.9724206489060293e-05,3.22282842180168e-05,3.479401541742856e-05,3.179951937674768e-05,2.4050753772837403e-05,2.446444773020299e-05
RepsRanparRQMC/PieceLinGauss-4-Sob-NUS-8-10000.dat,PieceLinGauss,4,Sob-NUS,8,NUS,False,-4.652108784091592e-05,1.3018953748835327e-05,0.05183959347185015,3.0347772502396393,    ,1.1857054615080228e-06,1.7850873166738691e-06,1.9035841111261617e-06,1.8229989457478088e-06,1.4031923860746087e-06,1.4272343776479823e-06
RepsRanparRQMC/PieceLinGauss-4-Sob-NUS-10-10000.dat,PieceLinGauss,4,Sob-NUS,10,NUS,False,1.2964778704366203e-05,2.2839245030494607e-06,-0.09578660686179656,3.034327939590099,    ,2.077975857640769e-07,3.1255137020693817e-07,3.3328072649301284e-07,3.230325950701825e-07,2.48268788468593e-07,2.5198148697185516e-07
RepsRanparRQMC/PieceLinGauss-4-Sob-NUS-12-10000.dat,PieceLinGauss,4,Sob-NUS,12,NUS,False,6.772259809058176e-06,2.2654488661663785e-07,-0.030381592427680886,3.0538271539093054,    ,2.0640853195343005e-08,3.0441650515115414e-08,3.2262948553970624e-08,3.129681227396267e-08,2.441911165277021e-08,2.4493001354579592e-08
RepsRanparRQMC/PieceLinGauss-4-Sob-NUS-14-10000.dat,PieceLinGauss,4,Sob-NUS,14,NUS,False,9.688354565802735e-07,1.591630691288545e-08,0.03834260723861869,3.0518341541772025,    ,1.4478756342224226e-09,2.2160079750518128e-09,2.343368348704267e-09,2.1581213970707434e-09,1.7023595621661317e-09,1.7000527734328906e-09
RepsRanparRQMC/PieceLinGauss-4-Sob-NUS-16-10000.dat,PieceLinGauss,4,Sob-NUS,16,NUS,False,-2.310317835188161e-07,2.0035513350746047e-09,0.007499067129421469,3.0123143923770863,    ,1.821944061463236e-10,2.7440917101345953e-10,2.906697706973819e-10,2.7705874630342294e-10,2.1110174155848812e-10,2.1564795061640325e-10
RepsFixedparRQMC/PieceLinGauss-8-Lat-RS-6-10000.dat,PieceLinGauss,8,Lat,6,RS,False,0.00013101281121971256,0.0007307912597484579,0.2518220221561538,2.9597597607121386,    ,6.645273342474531e-05,0.0001052680576278568,0.00011283639393629691,0.00010879288792720752,7.926751671411834e-05,8.330698621538519e-05
RepsFixedparRQMC/PieceLinGauss-8-Lat-RS-8-10000.dat,PieceLinGauss,8,Lat,8,RS,False,5.317595593583244e-05,0.0001557608216348392,0.0346236000474518,2.855956400128417,    ,1.416290237636598e-05,2.175227567627842e-05,2.331631431967943e-05,2.217482504498208e-05,1.6809865000880715e-05,1.715657970684005e-05
RepsFixedparRQMC/PieceLinGauss-8-Lat-RS-10-10000.dat,PieceLinGauss,8,Lat,10,RS,False,-6.585263515041473e-06,3.812119459146681e-05,-0.35738312313070003,2.660523806080694,    ,3.465606510374363e-06,5.956806124825831e-06,6.530312657294957e-06,5.953494677370534e-06,4.334791954872151e-06,4.478451487373869e-06
RepsFixedparRQMC/PieceLinGauss-8-Lat-RS-12-10000.dat,PieceLinGauss,8,Lat,12,RS,False,-3.883361204390762e-06,2.279135469018822e-06,-0.03227262259970332,3.0417111333236693,    ,2.072092140414094e-07,3.0753414752653094e-07,3.2762248906207105e-07,3.1429068628881467e-07,2.425043984986075e-07,2.4508233874105174e-07
RepsFixedparRQMC/PieceLinGauss-8-Lat-RS-14-10000.dat,PieceLinGauss,8,Lat,14,RS,False,-3.5961504186385883e-07,2.6662670556220384e-07,0.017873458795341354,3.0273280352971645,    ,2.423892073772414e-08,3.7377470745051625e-08,3.960435636945429e-08,3.7290215888859875e-08,2.8904071251776207e-08,2.926136186577147e-08
RepsFixedparRQMC/PieceLinGauss-8-Lat-RS-16-10000.dat,PieceLinGauss,8,Lat,16,RS,False,-1.9618643117124746e-06,5.105294854675648e-08,0.016177061516512208,3.0379933429319395,    ,4.645026052191797e-09,6.873680718040424e-09,7.257907944748694e-09,7.032073749550891e-09,5.48789064826302e-09,5.54347701402118e-09
RepsRanparRQMC/PieceLinGauss-8-Lat-Rp-RS-6-10000.dat,PieceLinGauss,8,Lat-Rp,6,RS,False,8.179377757263322e-05,0.0009125491917677605,0.34926107934124223,3.126966815167158,    ,8.296570765548238e-05,0.0001289713426244231,0.0001380225173388146,0.00012962708215989951,9.922954905384355e-05,9.992179432555822e-05
RepsRanparQMC/PieceLinGauss-8-Lat-Rp-6-10000.dat,PieceLinGauss,8,Lat-Rp,6,qmc,False,-0.017249821413582996,0.0017109306151159287,0.935139277942474,4.271875625055965,    ,0.00045309548562922725,0.0007598037805403063,0.0008388722212449533,0.0007525527256874209,0.0006002366941481427,0.0006142803437432468
RepsRanparRQMC/PieceLinGauss-8-Lat-Rp-RS-8-10000.dat,PieceLinGauss,8,Lat-Rp,8,RS,False,0.0001607509751770834,0.00021996492232358698,0.14127457859718104,3.4352471374849056,    ,2.0022651996346472e-05,2.8906803834749683e-05,3.0270727995231284e-05,2.9121679281421305e-05,2.363964183403104e-05,2.3448105529962952e-05
RepsRanparQMC/PieceLinGauss-8-Lat-Rp-8-10000.dat,PieceLinGauss,8,Lat-Rp,8,qmc,False,-0.00597922373784275,0.0007336051434986608,0.5828608820928339,3.812983136650901,    ,0.00010244249318887866,0.00015198474307686266,0.00016367914471358954,0.0001570579100688927,0.00012446065564484312,0.00012685074133589176
RepsRanparRQMC/PieceLinGauss-8-Lat-Rp-RS-10-10000.dat,PieceLinGauss,8,Lat-Rp,10,RS,False,4.252929856193879e-05,5.336742744644828e-05,0.041784146529459304,4.408400876603863,    ,4.85339305454965e-06,6.148551702455608e-06,6.287308164685265e-06,6.2161708362608815e-06,5.091316931121517e-06,5.041039776582541e-06
RepsRanparQMC/PieceLinGauss-8-Lat-Rp-10-10000.dat,PieceLinGauss,8,Lat-Rp,10,qmc,False,-0.0023051996343042462,0.00023032666482641838,0.32986834709281165,4.369164489676882,    ,2.625273306548901e-05,3.1024544145955243e-05,3.1796839173730835e-05,3.2217401116943304e-05,2.8175568698769382e-05,2.718442733236871e-05
RepsRanparRQMC/PieceLinGauss-8-Lat-Rp-RS-12-10000.dat,PieceLinGauss,8,Lat-Rp,12,RS,False,-5.16253129918004e-05,1.3324785672668385e-05,0.063260211572863,8.101660856856661,    ,1.2140093250022637e-06,1.176662816076836e-06,1.1753164244820694e-06,1.269730662933722e-06,1.1114132613410083e-06,1.0691099860414056e-06
RepsRanparQMC/PieceLinGauss-8-Lat-Rp-12-10000.dat,PieceLinGauss,8,Lat-Rp,12,qmc,False,-0.0007359716072645744,6.381680701386491e-05,0.09460547133225532,8.503915828921254,    ,6.3431821170509574e-06,4.50498237105585e-06,4.371544691533503e-06,5.1824743471015645e-06,5.287721771245807e-06,4.723660725523117e-06
RepsRanparRQMC/PieceLinGauss-8-Lat-Rp-RS-14-10000.dat,PieceLinGauss,8,Lat-Rp,14,RS,False,8.694905802385879e-06,3.3431024565599454e-06,0.3296478075565253,24.241669652378878,    ,3.0399400652872557e-07,2.1249545073326066e-07,2.1070014998850398e-07,2.402409224736015e-07,2.2107240441991467e-07,2.0732556291919863e-07
RepsRanparQMC/PieceLinGauss-8-Lat-Rp-14-10000.dat,PieceLinGauss,8,Lat-Rp,14,qmc,False,-0.00018340683444127365,1.6837039903056138e-05,-0.02586974112098566,21.948135960272104,    ,1.5642780581066904e-06,6.227039667746697e-07,5.840589276313089e-07,7.87555467861237e-07,9.146213420262966e-07,7.617468784165446e-07
RepsRanparRQMC/PieceLinGauss-8-Lat-Rp-RS-16-10000.dat,PieceLinGauss,8,Lat-Rp,16,RS,False,-7.593365056713577e-06,7.216760360199204e-07,0.14623179678519574,31.57667577917228,    ,6.566457155833183e-08,3.656645806327678e-08,3.5463357220180354e-08,4.0828389157669494e-08,4.1450087870309686e-08,3.7362983977752564e-08
RepsRanparQMC/PieceLinGauss-8-Lat-Rp-16-10000.dat,PieceLinGauss,8,Lat-Rp,16,qmc,False,-9.872995406081165e-05,3.8390670639235275e-06,-1.6521585420107399,70.80719605392741,    ,3.5875370054917067e-07,7.714886336531669e-08,7.161519926056787e-08,1.0209764865816858e-07,1.3252899854133913e-07,1.0294110367049508e-07
RepsRanparRQMC/PieceLinGauss-8-Lat-Rv-RS-6-10000.dat,PieceLinGauss,8,Lat-Rv,6,RS,False,0.00021422710473630754,0.0007080416796047351,0.34989790007413174,3.109098326736889,    ,6.441331867101599e-05,0.00010083636814670023,0.00010821326832503843,0.00010399883869516073,7.806317332411339e-05,8.00625172674654e-05
RepsRanparQMC/PieceLinGauss-8-Lat-Rv-6-10000.dat,PieceLinGauss,8,Lat-Rv,6,qmc,False,-0.013279397770398486,0.0018810493777360769,0.8379472825303035,3.7314427451961354,    ,0.0003473468940295622,0.0006170175084136749,0.000685881646386,0.0006122287069541461,0.000467474751764026,0.0004848275324571061
RepsRanparRQMC/PieceLinGauss-8-Lat-Rv-RS-8-10000.dat,PieceLinGauss,8,Lat-Rv,8,RS,False,7.760192147516915e-05,0.00017436718220110596,0.20335242061311135,3.71052681412808,    ,1.5857584076499e-05,2.186844804853234e-05,2.2720867879357033e-05,2.1820462685240206e-05,1.7776782179389814e-05,1.7479729093870465e-05
RepsRanparQMC/PieceLinGauss-8-Lat-Rv-8-10000.dat,PieceLinGauss,8,Lat-Rv,8,qmc,False,-0.004692027262940667,0.000678770031990307,0.5059133622459783,3.7461746592113556,    ,8.372148638075184e-05,0.0001207336210816528,0.00012958895380001917,0.0001256282465712114,0.00010175853640737915,0.00010132022845368491
RepsRanparRQMC/PieceLinGauss-8-Lat-Rv-RS-10-10000.dat,PieceLinGauss,8,Lat-Rv,10,RS,False,-8.33609906213874e-06,4.22529691860817e-05,0.008474905219055494,5.517297698720325,    ,3.841248507464092e-06,4.269141548666923e-06,4.367860413467412e-06,4.5287107005710245e-06,3.850906189689735e-06,3.756264842785377e-06
RepsRanparQMC/PieceLinGauss-8-Lat-Rv-10-10000.dat,PieceLinGauss,8,Lat-Rv,10,qmc,False,-0.001232281263924951,0.00020065931528839097,0.17796754184836713,4.821920247991704,    ,1.9760273048728746e-05,1.9550025768697727e-05,1.9373943674540754e-05,2.1849974068117815e-05,1.9939932664257907e-05,1.884418728080226e-05
RepsRanparRQMC/PieceLinGauss-8-Lat-Rv-RS-12-10000.dat,PieceLinGauss,8,Lat-Rv,12,RS,False,1.6627934999720845e-05,1.0416014390412749e-05,0.36711742354275156,14.137821792681274,    ,9.471868873507866e-07,8.260860815211177e-07,8.231116201169635e-07,8.533107643597464e-07,7.609242692589359e-07,7.253106287210096e-07
RepsRanparQMC/PieceLinGauss-8-Lat-Rv-12-10000.dat,PieceLinGauss,8,Lat-Rv,12,qmc,False,-0.00039020676431187273,5.474297276336679e-05,0.2398950940894161,10.890936570494821,    ,5.128895206493541e-06,2.8471150751139797e-06,2.6997908966095435e-06,3.244197104250093e-06,3.6269645179774804e-06,3.083931751403537e-06
RepsRanparRQMC/PieceLinGauss-8-Lat-Rv-RS-14-10000.dat,PieceLinGauss,8,Lat-Rv,14,RS,False,-2.6459233492798383e-06,2.6211450299505204e-06,0.848257019203799,43.83828423031344,    ,2.3829291272405395e-07,1.4654402968495223e-07,1.4394393619517028e-07,1.6016079430337988e-07,1.4959323524881663e-07,1.3844591915088057e-07
RepsRanparQMC/PieceLinGauss-8-Lat-Rv-14-10000.dat,PieceLinGauss,8,Lat-Rv,14,qmc,False,-0.00015985526276653532,1.4465944359314873e-05,-0.4527488764246919,31.53753438466636,    ,1.3406395558809646e-06,4.103519683499665e-07,3.7982900015202643e-07,5.045225892926167e-07,6.162368357291613e-07,4.899124188166743e-07
RepsRanparRQMC/PieceLinGauss-8-Lat-Rv-RS-16-10000.dat,PieceLinGauss,8,Lat-Rv,16,RS,False,-3.924989770946092e-06,5.920723851818512e-07,1.5051089504110757,188.0435475320514,    ,5.384016783396123e-08,2.549046834386476e-08,2.490166161765569e-08,2.8460916799277275e-08,2.769938707466748e-08,2.5210162212561427e-08
RepsRanparQMC/PieceLinGauss-8-Lat-Rv-16-10000.dat,PieceLinGauss,8,Lat-Rv,16,qmc,False,-5.6627907151067716e-05,3.729390701948853e-06,-1.5711633256908493,124.08852026396991,    ,3.4224223822729657e-07,5.082450590530238e-08,4.681105738755041e-08,6.440648926238386e-08,8.856964994964588e-08,6.624871797330725e-08
RepsFixedparRQMC/PieceLinGauss-8-Sob-DS-6-10000.dat,PieceLinGauss,8,Sob,6,DS,False,4.944893912339435e-05,0.00034404878693681276,0.08649304770532042,2.8943707153421445,    ,3.127960764638159e-05,4.867773407805273e-05,5.2003661721415276e-05,4.9676478522263e-05,3.7717635542754496e-05,3.859316206949997e-05
RepsFixedparRQMC/PieceLinGauss-8-Sob-DS-8-10000.dat,PieceLinGauss,8,Sob,8,DS,False,-3.5366097070469514e-05,4.101178068223164e-05,-0.0020769141216622398,2.8239041129169373,    ,3.7295944592066927e-06,6.012463195411731e-06,6.484038483188883e-06,6.057427343448181e-06,4.515972363671912e-06,4.649881729323098e-06
RepsFixedparRQMC/PieceLinGauss-8-Sob-DS-10-10000.dat,PieceLinGauss,8,Sob,10,DS,False,-1.3701920348688726e-05,5.989057816746832e-06,-0.1225131859655391,3.0195073202922633,    ,5.446475441436811e-07,8.028627231477084e-07,8.494275987023111e-07,8.149427850903279e-07,6.466353037822639e-07,6.462776300726909e-07
RepsFixedparRQMC/PieceLinGauss-8-Sob-DS-12-10000.dat,PieceLinGauss,8,Sob,12,DS,False,-7.298868398437206e-06,7.701894105642473e-07,-0.025390224608352996,2.980718832705109,    ,7.0070492622102e-08,1.0695939076665055e-07,1.12592148526452e-07,1.0858883664969245e-07,8.463284607924395e-08,8.565514603600906e-08
RepsFixedparRQMC/PieceLinGauss-8-Sob-DS-14-10000.dat,PieceLinGauss,8,Sob,14,DS,False,-1.1927591543939382e-06,2.1401335076657374e-07,-0.018346786531519096,2.60052467407382,    ,1.9457181834998004e-08,3.5157632366954517e-08,3.820525220216797e-08,3.387936852000615e-08,2.4573675674009796e-08,2.5635818786190435e-08
RepsFixedparRQMC/PieceLinGauss-8-Sob-DS-16-10000.dat,PieceLinGauss,8,Sob,16,DS,False,-1.0175544077765941e-08,2.4420177001546543e-08,-0.06538504375067587,2.8591605934555813,    ,2.2200161945913828e-09,3.569426461687344e-09,3.834070102806533e-09,3.598864242575229e-09,2.724254643556378e-09,2.765838142135483e-09
RepsRanparRQMC/PieceLinGauss-8-Sob-LMS-DS-6-10000.dat,PieceLinGauss,8,Sob-LMS,6,DS,False,0.00010863386753893342,0.0002519839087960492,0.12732885809294098,2.941685234559438,    ,2.2919429389544576e-05,3.415641525653666e-05,3.6551608355169784e-05,3.480237615526274e-05,2.7128814023631405e-05,2.7340202580370033e-05
RepsRanparQMC/PieceLinGauss-8-Sob-LMS-6-10000.dat,PieceLinGauss,8,Sob-LMS,6,qmc,False,-0.010547022924682152,0.00020001139890563015,0.2063709421182567,2.8521064823895843,    ,0.00012942254701973723,0.00014933627699349747,0.0001540715450671648,0.00014829261056077992,0.00013723436548124647,0.00013854384794938462
RepsRanparRQMC/PieceLinGauss-8-Sob-LMS-DS-8-10000.dat,PieceLinGauss,8,Sob-LMS,8,DS,False,4.294865640431545e-06,3.3342491023818956e-05,0.0004420751731472579,2.9346427260370698,    ,3.0311539934907744e-06,4.626975423619571e-06,4.907911486705939e-06,4.6236848123109406e-06,3.696549472813495e-06,3.6444064243554055e-06
RepsRanparQMC/PieceLinGauss-8-Sob-LMS-8-10000.dat,PieceLinGauss,8,Sob-LMS,8,qmc,False,-0.0022493920037663312,3.2196269328958205e-05,0.050134803445022615,2.845176084279058,    ,7.986697961967747e-06,9.799135013510379e-06,1.0182520428753378e-05,9.852221431142998e-06,8.653965262910202e-06,8.737023612210307e-06
RepsRanparRQMC/PieceLinGauss-8-Sob-LMS-DS-10-10000.dat,PieceLinGauss,8,Sob-LMS,10,DS,False,1.3246653661300012e-05,5.196523071659224e-06,-0.06873499217340222,2.94152539842036,    ,4.7258666216587916e-07,7.513344395440519e-07,7.970293014864824e-07,7.469516735439221e-07,5.698500832324557e-07,5.803597717585495e-07
RepsRanparQMC/PieceLinGauss-8-Sob-LMS-10-10000.dat,PieceLinGauss,8,Sob-LMS,10,qmc,False,0.0011961798660651936,4.492306048224999e-06,-0.10655753633695497,2.997898016918721,    ,1.8392377309092898e-06,2.152252640082176e-06,2.216499875519362e-06,2.137842014525017e-06,1.955069135794173e-06,1.9691617057914943e-06
RepsRanparRQMC/PieceLinGauss-8-Sob-LMS-DS-12-10000.dat,PieceLinGauss,8,Sob-LMS,12,DS,False,-1.7085171581302663e-06,7.785592999580995e-07,-0.05587535441584077,3.025187344011233,    ,7.078103720888867e-08,1.0783175296376515e-07,1.1435963101213646e-07,1.0914380003995909e-07,8.356620412415991e-08,8.565589256608766e-08
RepsRanparQMC/PieceLinGauss-8-Sob-LMS-12-10000.dat,PieceLinGauss,8,Sob-LMS,12,qmc,False,-5.756580066577968e-05,6.704763926712516e-07,0.010819073499754566,2.9618192245047594,    ,6.426622074004242e-08,9.588923618751225e-08,1.0178792817963585e-07,9.723841557838983e-08,7.566576804185665e-08,7.6256870182956e-08
RepsRanparRQMC/PieceLinGauss-8-Sob-LMS-DS-14-10000.dat,PieceLinGauss,8,Sob-LMS,14,DS,False,2.601997394638199e-07,1.471019172266269e-07,0.011787835410804286,2.99393846910413,    ,1.3372969269961408e-08,2.0087184758316158e-08,2.1379076150397972e-08,2.0708359423343075e-08,1.5712752830746813e-08,1.6179480310421766e-08
RepsRanparQMC/PieceLinGauss-8-Sob-LMS-14-10000.dat,PieceLinGauss,8,Sob-LMS,14,qmc,False,1.6038352682157148e-05,1.3732928690986056e-07,0.022690180558762235,2.8684757783652794,    ,1.27417093849264e-08,1.9171541445121052e-08,2.044124459598178e-08,1.980977723307231e-08,1.5330150186762785e-08,1.559640114977376e-08
RepsRanparRQMC/PieceLinGauss-8-Sob-LMS-DS-16-10000.dat,PieceLinGauss,8,Sob-LMS,16,DS,False,-2.158076021454452e-07,2.282132917303564e-08,-0.012068246226416618,2.9787683965032685,    ,2.074712861378929e-09,3.0232372244027627e-09,3.176162832468091e-09,3.0799489966611644e-09,2.4121368645871656e-09,2.4258296902510995e-09
RepsRanparQMC/PieceLinGauss-8-Sob-LMS-16-10000.dat,PieceLinGauss,8,Sob-LMS,16,qmc,False,-1.6544737410869298e-05,2.2754558817277784e-08,0.04134626857150541,2.9537065530737103,    ,2.3423245921107803e-09,3.4532745271753884e-09,3.6690480803568953e-09,3.5240753647896836e-09,2.785958278974722e-09,2.8090627489110153e-09
RepsRanparRQMC/PieceLinGauss-8-Sob-NUS-6-10000.dat,PieceLinGauss,8,Sob-NUS,6,NUS,False,-0.00026390783840521984,0.00025052276859266,0.07712695855079862,2.9194016624978225,    ,2.2844444491958987e-05,3.465394150590125e-05,3.707001109790904e-05,3.5578366585184826e-05,2.745779325887629e-05,2.770658045565293e-05
RepsRanparRQMC/PieceLinGauss-8-Sob-NUS-8-10000.dat,PieceLinGauss,8,Sob-NUS,8,NUS,False,1.2015417076801809e-05,3.487057518942929e-05,0.03388524984233045,2.9981532609952213,    ,3.1701966601956467e-06,4.860479256339603e-06,5.171076719666917e-06,4.8942038647420425e-06,3.7707321919211447e-06,3.8307851333111414e-06
RepsRanparRQMC/PieceLinGauss-8-Sob-NUS-10-10000.dat,PieceLinGauss,8,Sob-NUS,10,NUS,False,5.17509850679877e-05,5.073766556802401e-06,-0.017198105951252533,2.990436466975569,    ,4.6392966961936173e-07,7.052130297646998e-07,7.452302534780809e-07,7.102330941097635e-07,5.605437527654567e-07,5.642230181751844e-07
RepsRanparRQMC/PieceLinGauss-8-Sob-NUS-12-10000.dat,PieceLinGauss,8,Sob-NUS,12,NUS,False,5.660555057163198e-06,7.70986278274434e-07,-0.0024161345820234176,3.0587952263359837,    ,7.012170354486737e-08,1.0137312603854173e-07,1.0702312462509801e-07,1.0561944769283401e-07,8.179761478540257e-08,8.282637014944056e-08
RepsRanparRQMC/PieceLinGauss-8-Sob-NUS-14-10000.dat,PieceLinGauss,8,Sob-NUS,14,NUS,False,-1.7709002493367668e-06,1.4657588788336123e-07,-0.015206672676127025,2.9917442483831334,    ,1.3328216804362304e-08,2.03137981853042e-08,2.1598741043585246e-08,2.1086599177471382e-08,1.60284281938301e-08,1.6444850859457846e-08
RepsRanparRQMC/PieceLinGauss-8-Sob-NUS-16-10000.dat,PieceLinGauss,8,Sob-NUS,16,NUS,False,8.925524725263547e-07,2.2531145750289984e-08,0.01304315441526047,2.9099751213852048,    ,2.0490826272153023e-09,3.0676423148887405e-09,3.262281318827165e-09,3.152272598305588e-09,2.4776724766968495e-09,2.4693550411445107e-09
RepsFixedparRQMC/PieceLinGauss-16-Lat-RS-6-10000.dat,PieceLinGauss,16,Lat,6,RS,False,-5.2977419057906714e-05,0.0007128056910031388,0.31395622695115,3.061537917217683,    ,6.480332397085176e-05,9.889904571999629e-05,0.00010531454427117705,9.956675774080612e-05,7.618461658012149e-05,7.727893514973356e-05
RepsFixedparRQMC/PieceLinGauss-16-Lat-RS-8-10000.dat,PieceLinGauss,16,Lat,8,RS,False,7.906498408146847e-05,0.00020505925248559106,0.0830744737418234,2.9608855162508974,    ,1.8648001497670628e-05,2.7365877365582743e-05,2.9021023107849475e-05,2.811082697490487e-05,2.1879156220720413e-05,2.218651524794563e-05
RepsFixedparRQMC/PieceLinGauss-16-Lat-RS-10-10000.dat,PieceLinGauss,16,Lat,10,RS,False,-2.3382644483387665e-05,3.8192437372672086e-05,-0.07076371307801348,2.927424158905076,    ,3.4725865092150444e-06,5.2268105956572375e-06,5.585408338208357e-06,5.368430233085757e-06,4.0801227837117485e-06,4.193124932051132e-06
RepsFixedparRQMC/PieceLinGauss-16-Lat-RS-12-10000.dat,PieceLinGauss,16,Lat,12,RS,False,-6.116356027190475e-06,5.890122650207983e-06,-0.033313441194850156,3.000891081578699,    ,5.355031052845044e-07,7.908110191843991e-07,8.367838278152658e-07,8.16471557575617e-07,6.459434119651407e-07,6.459456556373896e-07
RepsFixedparRQMC/PieceLinGauss-16-Lat-RS-14-10000.dat,PieceLinGauss,16,Lat,14,RS,False,-6.4662986469068205e-06,9.274852776614457e-07,-0.08827413493537044,2.941357187891758,    ,8.435865644195878e-08,1.297150955455665e-07,1.3843979417557006e-07,1.317875946563988e-07,1.0070649622005924e-07,1.0270228865718977e-07
RepsFixedparRQMC/PieceLinGauss-16-Lat-RS-16-10000.dat,PieceLinGauss,16,Lat,16,RS,False,-2.9214855352400217e-06,1.7627776315646903e-07,0.0214456548493212,2.946702827046345,    ,1.6033786273775257e-08,2.4475587410655566e-08,2.5875978531179413e-08,2.522091592855897e-08,1.9317703477367238e-08,1.9747512226574715e-08
RepsRanparRQMC/PieceLinGauss-16-Lat-Rp-RS-6-10000.dat,PieceLinGauss,16,Lat-Rp,6,RS,False,9.488714542611072e-05,0.0009272689992254005,0.37008406572633673,3.1637213324213462,    ,8.43061853181308e-05,0.00013069003301405534,0.0001407351417583454,0.00013564043927639596,0.00010245378220824611,0.00010457151566393419
RepsRanparQMC/PieceLinGauss-16-Lat-Rp-6-10000.dat,PieceLinGauss,16,Lat-Rp,6,qmc,False,-0.017542985026155294,0.0018095551096048424,1.0219040388844411,4.415492200473751,    ,0.0004722613335919854,0.000797909760542803,0.0008817690778370608,0.0007844751091236713,0.0006202521435667855,0.000637048454298129
RepsRanparRQMC/PieceLinGauss-16-Lat-Rp-RS-8-10000.dat,PieceLinGauss,16,Lat-Rp,8,RS,False,1.6338091603148784e-05,0.0002403004165761449,0.23319207660653188,3.1755890166719607,    ,2.1845759349250405e-05,3.152014116481364e-05,3.342840395729973e-05,3.282416150142963e-05,2.5599816382817336e-05,2.578971935313949e-05
RepsRanparQMC/PieceLinGauss-16-Lat-Rp-8-10000.dat,PieceLinGauss,16,Lat-Rp,8,qmc,False,-0.006234256742313013,0.0007786785551410016,0.6249037333629179,3.6224017258711187,    ,0.00010965491668734813,0.00017609759847390385,0.00019326900568154555,0.00017888868888087187,0.00013679858590762183,0.00014169961583239882
RepsRanparRQMC/PieceLinGauss-16-Lat-Rp-RS-10-10000.dat,PieceLinGauss,16,Lat-Rp,10,RS,False,0.00018119597083508877,5.769254287583923e-05,0.14969814025949207,3.600488611964617,    ,5.277608604923164e-06,7.36576662253825e-06,7.729758985716607e-06,7.48958906095418e-06,5.969851369449925e-06,5.973419391141882e-06
RepsRanparQMC/PieceLinGauss-16-Lat-Rp-10-10000.dat,PieceLinGauss,16,Lat-Rp,10,qmc,False,-0.0018266535442883409,0.0002474063731748681,0.4641189127845861,4.017230160896915,    ,2.5828151641303715e-05,3.599513561363719e-05,3.8067982561943686e-05,3.66170370295158e-05,2.9882617424888952e-05,2.9284590873910482e-05
RepsRanparRQMC/PieceLinGauss-16-Lat-Rp-RS-12-10000.dat,PieceLinGauss,16,Lat-Rp,12,RS,False,-2.1570274956910354e-05,1.3820632135737943e-05,-0.02187968356544656,4.498472909467488,    ,1.2568863800106207e-06,1.5225269880206414e-06,1.5625047657958212e-06,1.6286159545453704e-06,1.325203849145981e-06,1.3248340197575198e-06
RepsRanparQMC/PieceLinGauss-16-Lat-Rp-12-10000.dat,PieceLinGauss,16,Lat-Rp,12,qmc,False,-0.0006302350002961823,6.947959836551896e-05,0.1665574731137015,4.524815128091237,    ,6.713523279736416e-06,7.78881129924739e-06,7.921187269164501e-06,8.165834126354756e-06,7.049835811607326e-06,6.782883126336628e-06
RepsRanparRQMC/PieceLinGauss-16-Lat-Rp-RS-14-10000.dat,PieceLinGauss,16,Lat-Rp,14,RS,False,-4.318542905666213e-05,3.482340006540626e-06,-0.41244250395879445,8.096075961397986,    ,3.18441345513774e-07,3.261805300127682e-07,3.2807151115279376e-07,3.4193537419496597e-07,3.0357652982747377e-07,2.8937254320915733e-07
RepsRanparQMC/PieceLinGauss-16-Lat-Rp-14-10000.dat,PieceLinGauss,16,Lat-Rp,14,qmc,False,-0.0002192212468445701,1.8813617772323183e-05,0.06165305870325588,7.412341000174576,    ,1.7583868434611046e-06,1.2858467968800623e-06,1.2512662715588502e-06,1.5050172898440359e-06,1.5243636851394412e-06,1.35982731665975e-06
RepsRanparRQMC/PieceLinGauss-16-Lat-Rp-RS-16-10000.dat,PieceLinGauss,16,Lat-Rp,16,RS,False,2.7674777251027875e-07,8.511311778437443e-07,-0.8604866925034118,23.851226754116958,    ,7.737563821148817e-08,6.424686706420875e-08,6.411647797000715e-08,6.852149059232136e-08,6.11417629744746e-08,5.848321165768176e-08
RepsRanparQMC/PieceLinGauss-16-Lat-Rp-16-10000.dat,PieceLinGauss,16,Lat-Rp,16,qmc,False,-6.560893561013621e-05,5.008890858927159e-06,-0.22729011342410518,19.27638794157786,    ,4.5965824687981854e-07,1.887274845611345e-07,1.7579638178449444e-07,2.3141292812603563e-07,2.780750406385716e-07,2.2528136476378733e-07
RepsRanparRQMC/PieceLinGauss-16-Lat-Rv-RS-6-10000.dat,PieceLinGauss,16,Lat-Rv,6,RS,False,-0.00017706971459151576,0.0007381454411474928,0.41139396838091374,3.3096307652099175,    ,6.713548469723397e-05,0.00010539658461793667,0.00011282587182352302,0.00010542624959793488,7.88964207992563e-05,8.10832167386734e-05
RepsRanparQMC/PieceLinGauss-16-Lat-Rv-6-10000.dat,PieceLinGauss,16,Lat-Rv,6,qmc,False,-0.013414350909920403,0.0019687860318354034,0.9882397670470119,4.332206490066376,    ,0.0003589253586831554,0.0006503087362553599,0.000725594549294531,0.0006479975511686463,0.00048689489283630324,0.0005091365667455639
RepsRanparRQMC/PieceLinGauss-16-Lat-Rv-RS-8-10000.dat,PieceLinGauss,16,Lat-Rv,8,RS,False,-0.00010616665627797782,0.00017793794136875896,0.20946312223559935,3.1636019950258216,    ,1.6187447846974243e-05,2.384949852397392e-05,2.5337377235505286e-05,2.4447463558546032e-05,1.8502614138917062e-05,1.9010269848653672e-05
RepsRanparQMC/PieceLinGauss-16-Lat-Rv-8-10000.dat,PieceLinGauss,16,Lat-Rv,8,qmc,False,-0.004920605838495296,0.0007180686444803377,0.5532318037729709,3.4356167419136034,    ,8.94913294978647e-05,0.00014933783839086306,0.0001621619474106246,0.00014879468954612094,0.00011334325536655583,0.00011647231452109789
RepsRanparRQMC/PieceLinGauss-16-Lat-Rv-RS-10-10000.dat,PieceLinGauss,16,Lat-Rv,10,RS,False,9.378076667358887e-06,4.285757160974217e-05,0.08367805988133348,3.468116459063488,    ,3.896230821934903e-06,5.244608617954317e-06,5.507600332125928e-06,5.442084144212931e-06,4.408799656134813e-06,4.363838454515907e-06
RepsRanparQMC/PieceLinGauss-16-Lat-Rv-10-10000.dat,PieceLinGauss,16,Lat-Rv,10,qmc,False,-0.0015182461677796133,0.00021304677677544604,0.2721773578803396,3.4593134191951544,    ,2.1672960223745303e-05,3.030548083568967e-05,3.194252007892456e-05,3.1714600974065775e-05,2.5610078962547967e-05,2.543067029439926e-05
RepsRanparRQMC/PieceLinGauss-16-Lat-Rv-RS-12-10000.dat,PieceLinGauss,16,Lat-Rv,12,RS,False,-3.961195329718632e-05,1.0892166938821882e-05,0.06558368522030499,5.105574060442278,    ,9.917661012823713e-07,1.1405734158529282e-06,1.1757211975556684e-06,1.2169052697349924e-06,1.0273654641500605e-06,9.94508957093371e-07
RepsRanparQMC/PieceLinGauss-16-Lat-Rv-12-10000.dat,PieceLinGauss,16,Lat-Rv,12,qmc,False,-0.0004842104507031965,5.720667960916435e-05,0.06952355813088734,4.558285207334508,    ,5.435066997766951e-06,5.461819289565184e-06,5.393640715236258e-06,5.964675890731423e-06,5.5457428568534295e-06,5.1637267880191645e-06
RepsRanparRQMC/PieceLinGauss-16-Lat-Rv-RS-14-10000.dat,PieceLinGauss,16,Lat-Rv,14,RS,False,1.3709658076126632e-06,2.722223775184988e-06,-0.07413725347193706,13.065711254267176,    ,2.474767682004264e-07,2.3304865855961607e-07,2.3554081726628154e-07,2.437947442311459e-07,2.141652566299927e-07,2.057778820908188e-07
RepsRanparQMC/PieceLinGauss-16-Lat-Rv-14-10000.dat,PieceLinGauss,16,Lat-Rv,14,qmc,False,-0.00018025666799209274,1.5788599719719976e-05,-0.12460884372094194,10.291233865518459,    ,1.4678197136028823e-06,8.185429186858115e-07,7.775567326381487e-07,9.74714658204225e-07,1.0705027148433378e-06,9.041740509877145e-07
RepsRanparRQMC/PieceLinGauss-16-Lat-Rv-RS-16-10000.dat,PieceLinGauss,16,Lat-Rv,16,RS,False,-6.400826618401912e-07,6.185884958580853e-07,-0.4139145050518969,29.62324080789784,    ,5.623572751109447e-08,4.451520327414516e-08,4.439888646869405e-08,4.726606368554347e-08,4.105528015534717e-08,4.0096703571858035e-08
RepsRanparQMC/PieceLinGauss-16-Lat-Rv-16-10000.dat,PieceLinGauss,16,Lat-Rv,16,qmc,False,-4.2851722870990903e-05,3.954339981194299e-06,-0.04102102820268346,30.253872277034365,    ,3.6132172298885756e-07,1.1764168462739088e-07,1.107139941436826e-07,1.4369694286320645e-07,1.7337405986667572e-07,1.3881952490315205e-07
RepsFixedparRQMC/PieceLinGauss-16-Sob-DS-6-10000.dat,PieceLinGauss,16,Sob,6,DS,False,-9.908140831210881e-05,0.0004547662740968297,0.32399242575098286,3.060606878408687,    ,4.135220567973036e-05,6.463436804341042e-05,6.904325972112474e-05,6.585345168846702e-05,5.063226092830996e-05,5.104226434521708e-05
RepsFixedparRQMC/PieceLinGauss-16-Sob-DS-8-10000.dat,PieceLinGauss,16,Sob,8,DS,False,4.80475172053032e-06,5.9275840548477566e-05,-0.005621420186509699,2.9401868301811533,    ,5.38873586277342e-06,8.090024845502512e-06,8.59102542103287e-06,8.245635050299727e-06,6.345528130770037e-06,6.446758901998455e-06
RepsFixedparRQMC/PieceLinGauss-16-Sob-DS-10-10000.dat,PieceLinGauss,16,Sob,10,DS,False,1.3328057338336328e-05,1.1050716565233474e-05,0.03764870431383571,2.9629988371479863,    ,1.0047882339518208e-06,1.5297027843335924e-06,1.6280589340533284e-06,1.5812067758639108e-06,1.226323592506328e-06,1.2348195189759381e-06
RepsFixedparRQMC/PieceLinGauss-16-Sob-DS-12-10000.dat,PieceLinGauss,16,Sob,12,DS,False,-1.0269907569039519e-06,1.4363496844640003e-06,-0.010938567198790407,2.8904534486501863,    ,1.305782987521966e-07,2.0346522742073128e-07,2.1792074919572258e-07,2.0534934631420187e-07,1.5662502486861113e-07,1.5887234326778377e-07
RepsFixedparRQMC/PieceLinGauss-16-Sob-DS-14-10000.dat,PieceLinGauss,16,Sob,14,DS,False,2.093910275069244e-06,2.799747512806629e-07,0.03965796187883836,2.9650893247621135,    ,2.545663457666394e-08,3.765766616530428e-08,4.022631587642651e-08,3.9106014033860537e-08,2.997907889640573e-08,3.01866635006789e-08
RepsFixedparRQMC/PieceLinGauss-16-Sob-DS-16-10000.dat,PieceLinGauss,16,Sob,16,DS,False,5.295328230417373e-06,7.204504074120368e-08,-0.007147500702318176,2.8921910017947816,    ,6.577589659359099e-09,1.0240928593455939e-08,1.0925057660065297e-08,1.0257572848424315e-08,7.901904047632758e-09,7.9591490573199e-09
RepsRanparRQMC/PieceLinGauss-16-Sob-LMS-DS-6-10000.dat,PieceLinGauss,16,Sob-LMS,6,DS,False,-0.00014318839553148377,0.0003823443825115419,0.18603796975063555,2.963265405312442,    ,3.4779083144936865e-05,5.216758450491015e-05,5.562225139261419e-05,5.4092555886878876e-05,4.2070131697866244e-05,4.236816904810318e-05
RepsRanparQMC/PieceLinGauss-16-Sob-LMS-6-10000.dat,PieceLinGauss,16,Sob-LMS,6,qmc,False,-0.010967195183921816,0.00021042035206034906,0.3200677104537478,3.038335975404754,    ,0.00013940849311681506,0.00016669208925418303,0.0001733807599440866,0.00016608406524794942,0.00015204397358110845,0.00015311566992215668
RepsRanparRQMC/PieceLinGauss-16-Sob-LMS-DS-8-10000.dat,PieceLinGauss,16,Sob-LMS,8,DS,False,0.00011868293454260373,5.956708885884582e-05,0.007935887129367884,3.0411019199726246,    ,5.429275535210355e-06,8.186498028515444e-06,8.682379807843158e-06,8.273376667294398e-06,6.369687162504381e-06,6.493294914533472e-06
RepsRanparQMC/PieceLinGauss-16-Sob-LMS-8-10000.dat,PieceLinGauss,16,Sob-LMS,8,qmc,False,-0.007698972078035785,3.921845755896711e-05,0.09896938418284434,2.9479133338610057,    ,6.283948538191713e-05,6.635727096569442e-05,6.708657408160017e-05,6.612421584342056e-05,6.409987551051947e-05,6.436533873836206e-05
RepsRanparRQMC/PieceLinGauss-16-Sob-LMS-DS-10-10000.dat,PieceLinGauss,16,Sob-LMS,10,DS,False,-2.4536995812095727e-05,9.512722018290206e-06,-0.010605670688026684,3.003696054989271,    ,8.653949749171378e-07,1.3215182155804345e-06,1.4033610070908243e-06,1.341928876701482e-06,1.0390841658491522e-06,1.0482187763400629e-06
RepsRanparQMC/PieceLinGauss-16-Sob-LMS-10-10000.dat,PieceLinGauss,16,Sob-LMS,10,qmc,False,-0.0010526481154137994,6.5443987432905515e-06,-0.03822646686573764,3.0326813586181673,    ,1.7030133951833647e-06,1.937479510977831e-06,1.978500645194332e-06,1.927517208198246e-06,1.7688846725178779e-06,1.7562591129217463e-06
RepsRanparRQMC/PieceLinGauss-16-Sob-LMS-DS-12-10000.dat,PieceLinGauss,16,Sob-LMS,12,DS,False,-1.3939102678535123e-05,1.6955486372518973e-06,-0.008357588804613727,2.979021216888507,    ,1.5433508378820068e-07,2.347190867496379e-07,2.491605046600485e-07,2.3353095827213687e-07,1.7950215296772719e-07,1.8256320481445227e-07
RepsRanparQMC/PieceLinGauss-16-Sob-LMS-12-10000.dat,PieceLinGauss,16,Sob-LMS,12,qmc,False,0.0008532110528816165,1.3991951073271104e-06,0.012545410302996262,2.960182494192802,    ,8.55168655970912e-07,9.267263263597675e-07,9.385021501062657e-07,9.275646017979243e-07,8.841497249400032e-07,8.858500938235918e-07
RepsRanparRQMC/PieceLinGauss-16-Sob-LMS-DS-14-10000.dat,PieceLinGauss,16,Sob-LMS,14,DS,False,-4.855056152745213e-06,3.7366260454437505e-07,-0.04345697037119324,3.0680167033938575,    ,3.399289925609859e-08,4.748520436766289e-08,5.0042794092376395e-08,4.885131112052589e-08,3.862363764947751e-08,3.882830057658476e-08
RepsRanparQMC/PieceLinGauss-16-Sob-LMS-14-10000.dat,PieceLinGauss,16,Sob-LMS,14,qmc,False,7.457182396200937e-05,2.693526111204346e-07,-0.1486210426710037,2.914983622012452,    ,3.0047557939969515e-08,4.515531298562064e-08,4.825967868651267e-08,4.578156953945681e-08,3.589901987810063e-08,3.653238086656381e-08
RepsRanparRQMC/PieceLinGauss-16-Sob-LMS-DS-16-10000.dat,PieceLinGauss,16,Sob-LMS,16,DS,False,-1.7964952123533259e-06,6.365580109086256e-08,0.01429977246672667,2.9262610795862227,    ,5.790118403308242e-09,8.951200109835536e-09,9.554510362594444e-09,9.232183414106254e-09,7.002913275524979e-09,7.197963134125589e-09
RepsRanparQMC/PieceLinGauss-16-Sob-LMS-16-10000.dat,PieceLinGauss,16,Sob-LMS,16,qmc,False,3.927788521568828e-05,5.175700485856112e-08,0.04541200626508297,2.9632860388597675,    ,6.247934526885977e-09,9.018151467470299e-09,9.440340562077327e-09,9.020782565790667e-09,7.275211901953092e-09,7.404379253602123e-09
RepsRanparRQMC/PieceLinGauss-16-Sob-NUS-6-10000.dat,PieceLinGauss,16,Sob-NUS,6,NUS,False,-0.0003746630253670524,0.0003670348485733189,0.22391209499675388,3.0281906793119875,    ,3.3507176798333456e-05,5.168669702335181e-05,5.519789086612732e-05,5.3244584488592996e-05,4.034986716158585e-05,4.139959607573467e-05
RepsRanparRQMC/PieceLinGauss-16-Sob-NUS-8-10000.dat,PieceLinGauss,16,Sob-NUS,8,NUS,False,-5.928989430666731e-05,5.738859087412985e-05,-0.0022614451475918614,2.965268317546831,    ,5.2206599164877916e-06,7.872941458295995e-06,8.417254853568232e-06,7.9846154324734e-06,6.1734846815768795e-06,6.24962211820376e-06
RepsRanparRQMC/PieceLinGauss-16-Sob-NUS-10-10000.dat,PieceLinGauss,16,Sob-NUS,10,NUS,False,-4.337119215276839e-06,9.336463839317194e-06,-0.025024764656138627,2.9338946968270228,    ,8.487882505410142e-07,1.301040213839721e-06,1.3905952631791595e-06,1.3191682369904568e-06,1.0154514430934146e-06,1.0316363436615412e-06
RepsRanparRQMC/PieceLinGauss-16-Sob-NUS-12-10000.dat,PieceLinGauss,16,Sob-NUS,12,NUS,False,-2.0514504781620448e-05,1.6754888051367353e-06,0.002809856141389211,3.0846333734392117,    ,1.527380090097747e-07,2.1508012125228734e-07,2.2681430915982884e-07,2.2301827911147681e-07,1.7703925283556967e-07,1.7684627423856856e-07
RepsRanparRQMC/PieceLinGauss-16-Sob-NUS-14-10000.dat,PieceLinGauss,16,Sob-NUS,14,NUS,False,-1.4908418878494167e-05,3.7156673962284033e-07,-0.012339809828744063,3.064667218096345,    ,3.4001055464623944e-08,5.0494672674703735e-08,5.360333583502068e-08,5.2946643302378744e-08,4.108966377861912e-08,4.148549257003324e-08
RepsRanparRQMC/PieceLinGauss-16-Sob-NUS-16-10000.dat,PieceLinGauss,16,Sob-NUS,16,NUS,False,-5.2842578883290775e-06,6.286124894213735e-08,-0.0067797767389339274,3.022763512164518,    ,5.742582376170127e-09,8.636426963569278e-09,9.16528326270212e-09,8.683852886309447e-09,6.706680455653332e-09,6.8314261500250895e-09
RepsFixedparRQMC/PieceLinGauss-32-Lat-RS-6-10000.dat,PieceLinGauss,32,Lat,6,RS,False,0.0001239068966877844,0.0007074742242725118,0.34461215031901193,3.146075329200866,    ,6.433119148927515e-05,9.913250635229806e-05,0.00010617574057031081,9.984306078421379e-05,7.664946249034575e-05,7.77291314233679e-05
RepsFixedparRQMC/PieceLinGauss-32-Lat-RS-8-10000.dat,PieceLinGauss,32,Lat,8,RS,False,0.0002394725027562167,0.0001870479295636727,0.14506252516734833,3.0315592573265344,    ,1.706170431263748e-05,2.5714596200493585e-05,2.7117707233797972e-05,2.5842401174371742e-05,2.0471374772073304e-05,2.0391714645623534e-05
RepsFixedparRQMC/PieceLinGauss-32-Lat-RS-10-10000.dat,PieceLinGauss,32,Lat,10,RS,False,0.0001144212937194372,3.836558956339553e-05,0.1299556284946911,3.0428338426389594,    ,3.5008731018560233e-06,5.326223948538504e-06,5.651279200778353e-06,5.480007938960092e-06,4.192469544513038e-06,4.302762698644374e-06
RepsFixedparRQMC/PieceLinGauss-32-Lat-RS-12-10000.dat,PieceLinGauss,32,Lat,12,RS,False,0.00010150563374960973,1.2920575351610859e-05,0.39049330939777477,2.99548463865835,    ,1.1849011529202609e-06,1.8295655545327623e-06,1.9670193464736965e-06,1.8884423005886474e-06,1.4365212337745557e-06,1.461030148329958e-06
RepsFixedparRQMC/PieceLinGauss-32-Lat-RS-14-10000.dat,PieceLinGauss,32,Lat,14,RS,False,3.3758525122139506e-07,1.513578306742173e-06,0.025272309144721696,2.9274658433719405,    ,1.3759814184945395e-07,2.1383565148929955e-07,2.2727673908319728e-07,2.134715703577353e-07,1.6809098339084788e-07,1.6662643894855858e-07
RepsFixedparRQMC/PieceLinGauss-32-Lat-RS-16-10000.dat,PieceLinGauss,32,Lat,16,RS,False,4.096080752763e-06,3.576362928454456e-07,0.15800040130834425,3.027422419422405,    ,3.2529168136210025e-08,4.842898102802752e-08,5.139297546405686e-08,4.84515598314445e-08,3.817468910859935e-08,3.822636315453039e-08
RepsRanparRQMC/PieceLinGauss-32-Lat-Rp-RS-6-10000.dat,PieceLinGauss,32,Lat-Rp,6,RS,False,-4.911214507564652e-05,0.0009493922802953405,0.38903505458030707,3.140172994805575,    ,8.631080112055216e-05,0.0001359962032029712,0.00014617208920365783,0.00013805896320688026,0.00010501509212087042,0.00010676755544266024
RepsRanparQMC/PieceLinGauss-32-Lat-Rp-6-10000.dat,PieceLinGauss,32,Lat-Rp,6,qmc,False,-0.018062573155433755,0.0018213214015970973,1.0569435432636278,4.540280434991627,    ,0.0004918312218678595,0.0008506432670067985,0.0009389710479253801,0.0008409220629336621,0.0006611721793481232,0.000684125411257822
RepsRanparRQMC/PieceLinGauss-32-Lat-Rp-RS-8-10000.dat,PieceLinGauss,32,Lat-Rp,8,RS,False,-5.010878462973802e-05,0.00023204407072834686,0.17176904236790672,3.0630023396448633,    ,2.1097426411055874e-05,3.1727780936027016e-05,3.363989505924677e-05,3.1518011671501804e-05,2.4045440326206555e-05,2.43432061562996e-05
RepsRanparQMC/PieceLinGauss-32-Lat-Rp-8-10000.dat,PieceLinGauss,32,Lat-Rp,8,qmc,False,-0.006684493761676337,0.000798903331575767,0.6892591175895701,3.92123808057389,    ,0.00011731003244768687,0.00019670364191259627,0.0002155432899341112,0.00019973205337288304,0.000154470028606446,0.00015866544655155043
RepsRanparRQMC/PieceLinGauss-32-Lat-Rp-RS-10-10000.dat,PieceLinGauss,32,Lat-Rp,10,RS,False,-7.526292476503999e-05,5.8826056871654456e-05,0.09818146692903472,3.145103338381261,    ,5.3534878598127745e-06,8.060023167993991e-06,8.502407916539372e-06,8.079284913158873e-06,6.34878968028333e-06,6.401926061916579e-06
RepsRanparQMC/PieceLinGauss-32-Lat-Rp-10-10000.dat,PieceLinGauss,32,Lat-Rp,10,qmc,False,-0.0018800522130921833,0.0002588869091949874,0.3664421439145996,3.270519306088238,    ,2.706976988713349e-05,4.042916468512331e-05,4.3589552316767136e-05,4.197178224868987e-05,3.314982354812268e-05,3.313540499280952e-05
RepsRanparRQMC/PieceLinGauss-32-Lat-Rp-RS-12-10000.dat,PieceLinGauss,32,Lat-Rp,12,RS,False,-0.00011041859921740662,1.4517450351874111e-05,-0.01150691246296638,3.4010000553182453,    ,1.3319604808598715e-06,1.842902157647576e-06,1.9244237962263633e-06,1.8996601986545621e-06,1.5338686820503535e-06,1.5281487968073368e-06
RepsRanparQMC/PieceLinGauss-32-Lat-Rp-12-10000.dat,PieceLinGauss,32,Lat-Rp,12,qmc,False,-0.0005851171613441014,7.255605114834327e-05,0.2214960277766766,3.394484020472771,    ,6.938366742348767e-06,9.940519667698955e-06,1.0467626434270037e-05,1.0141998820585726e-05,7.994938169133009e-06,8.098427599873935e-06
RepsRanparRQMC/PieceLinGauss-32-Lat-Rp-RS-14-10000.dat,PieceLinGauss,32,Lat-Rp,14,RS,False,9.71850730118809e-07,3.5941765269690692e-06,-0.004431260051392758,4.279075447671775,    ,3.2674426512739337e-07,4.0589949235222305e-07,4.1937830711683087e-07,4.2646967523561785e-07,3.5077962833675446e-07,3.4765077678211055e-07
RepsRanparQMC/PieceLinGauss-32-Lat-Rp-14-10000.dat,PieceLinGauss,32,Lat-Rp,14,qmc,False,-0.00015009647678778374,1.85065807973119e-05,0.07346508126457729,4.185977022261224,    ,1.704945388463369e-06,2.054506203507753e-06,2.0996826443925398e-06,2.14198351787351e-06,1.8334268881863676e-06,1.7636172941757553e-06
RepsRanparRQMC/PieceLinGauss-32-Lat-Rp-RS-16-10000.dat,PieceLinGauss,32,Lat-Rp,16,RS,False,-1.1104060298931847e-05,9.381427276077301e-07,-0.11281897108775246,8.673320586176468,    ,8.540900266491595e-08,8.461191488954037e-08,8.486085266158075e-08,9.084414968610276e-08,7.969620259250258e-08,7.667805270794043e-08
RepsRanparQMC/PieceLinGauss-32-Lat-Rp-16-10000.dat,PieceLinGauss,32,Lat-Rp,16,qmc,False,-3.636448842855064e-05,4.844752050323242e-06,0.03936809499576978,7.091142028796092,    ,4.4175438059351043e-07,3.2412206934934853e-07,3.1447491467193977e-07,3.8140391835650207e-07,3.778359810793172e-07,3.3798144251669407e-07
RepsRanparRQMC/PieceLinGauss-32-Lat-Rv-RS-6-10000.dat,PieceLinGauss,32,Lat-Rv,6,RS,False,0.00031318254962998975,0.0007578710383133484,0.3327004384136539,2.9785002628033705,    ,6.899545042878804e-05,0.00010676547628854711,0.00011442055430885303,0.00010808538448392235,8.293105881269156e-05,8.379554009837284e-05
RepsRanparQMC/PieceLinGauss-32-Lat-Rv-6-10000.dat,PieceLinGauss,32,Lat-Rv,6,qmc,False,-0.01355224198471603,0.0020158413301749134,1.0241457285094386,4.298434061069535,    ,0.00036692156555547385,0.0006739777400412502,0.0007531728918213949,0.0006803531211484109,0.0005022362711245996,0.0005293666955821738
RepsRanparRQMC/PieceLinGauss-32-Lat-Rv-RS-8-10000.dat,PieceLinGauss,32,Lat-Rv,8,RS,False,-0.00016779673686025926,0.00018092975682131154,0.2102173375111588,3.0179638033645055,    ,1.6476315455929275e-05,2.5490449947934944e-05,2.7296331600839097e-05,2.616178893871988e-05,2.006031962771845e-05,2.0397128507756223e-05
RepsRanparQMC/PieceLinGauss-32-Lat-Rv-8-10000.dat,PieceLinGauss,32,Lat-Rv,8,qmc,False,-0.004432041896233888,0.0007378368919457238,0.5448790419521732,3.32039085030377,    ,8.671907645594738e-05,0.0001456583627304346,0.00015939861274145292,0.00014583955254158002,0.00011075664293449648,0.0001136340256683327
RepsRanparRQMC/PieceLinGauss-32-Lat-Rv-RS-10-10000.dat,PieceLinGauss,32,Lat-Rv,10,RS,False,-2.7769267624539508e-05,4.696217744103501e-05,0.08748535518452778,3.1394588519822384,    ,4.2700599905003135e-06,6.3045432176081204e-06,6.662953002071318e-06,6.384343473089651e-06,5.0136803543447005e-06,5.026277131970087e-06
RepsRanparQMC/PieceLinGauss-32-Lat-Rv-10-10000.dat,PieceLinGauss,32,Lat-Rv,10,qmc,False,-0.0013667758438024198,0.00022407085692978032,0.30212377809315133,3.1877458866382007,    ,2.223815410990912e-05,3.4411979575874524e-05,3.691968743678746e-05,3.4793679073668964e-05,2.675375752077252e-05,2.7170898946157736e-05
RepsRanparRQMC/PieceLinGauss-32-Lat-Rv-RS-12-10000.dat,PieceLinGauss,32,Lat-Rv,12,RS,False,3.400644938633732e-05,1.1019263921516825e-05,0.036872354696341265,3.5574162499704802,    ,1.0029077041923042e-06,1.3525918031622447e-06,1.4101363380162859e-06,1.399096741727283e-06,1.12147403338539e-06,1.1184011230778134e-06
RepsRanparQMC/PieceLinGauss-32-Lat-Rv-12-10000.dat,PieceLinGauss,32,Lat-Rv,12,qmc,False,-0.00042169768304049836,5.957281080564437e-05,0.17717002175268895,3.466360545562323,    ,5.593539009122122e-06,7.649222029590626e-06,8.017117455966795e-06,7.988878107440672e-06,6.583024268521913e-06,6.436837570486048e-06
RepsRanparRQMC/PieceLinGauss-32-Lat-Rv-RS-14-10000.dat,PieceLinGauss,32,Lat-Rv,14,RS,False,2.1569370952302346e-05,2.867149567797779e-06,0.006932359167616416,5.257374753698966,    ,2.611151984721671e-07,2.983950031479497e-07,3.0368299778704e-07,3.092748019274496e-07,2.6085207879651096e-07,2.5631544141217347e-07
RepsRanparQMC/PieceLinGauss-32-Lat-Rv-14-10000.dat,PieceLinGauss,32,Lat-Rv,14,qmc,False,-0.00011815902776457489,1.6226877175531226e-05,0.1124605108024111,4.895158123504459,    ,1.4891322081632902e-06,1.521879434391616e-06,1.5184101947534359e-06,1.6411880183445893e-06,1.4915050305595596e-06,1.3978066359243893e-06
RepsRanparRQMC/PieceLinGauss-32-Lat-Rv-RS-16-10000.dat,PieceLinGauss,32,Lat-Rv,16,RS,False,4.273011173679687e-06,7.586471340089335e-07,0.10498569176165617,12.666869617081973,    ,6.89861798980298e-08,5.926038638938277e-08,5.9081878567483865e-08,6.44556206120783e-08,5.8346769656761854e-08,5.555094662964742e-08
RepsRanparQMC/PieceLinGauss-32-Lat-Rv-16-10000.dat,PieceLinGauss,32,Lat-Rv,16,qmc,False,-4.430295905946504e-05,3.908220728365178e-06,0.04030431814957211,10.666419901837855,    ,3.572555456691681e-07,2.2314569599964627e-07,2.1447286678768612e-07,2.579776068947558e-07,2.711969698166888e-07,2.3698792796914355e-07
RepsFixedparRQMC/PieceLinGauss-32-Sob-DS-6-10000.dat,PieceLinGauss,32,Sob,6,DS,False,-0.00017821183812677494,0.0004270277579960487,0.32974853064696286,3.25201229374318,    ,3.8852464731616586e-05,5.746269325499215e-05,6.095587339976891e-05,5.811621767542312e-05,4.573014744441937e-05,4.5669022389884806e-05
RepsFixedparRQMC/PieceLinGauss-32-Sob-DS-8-10000.dat,PieceLinGauss,32,Sob,8,DS,False,-0.00013367418005359198,8.283149793579959e-05,0.059732675189095016,3.052395617575582,    ,7.5480049623947804e-06,1.1389357967825955e-05,1.2131289850775325e-05,1.1394837130002912e-05,8.808796660063809e-06,8.936004848033588e-06
RepsFixedparRQMC/PieceLinGauss-32-Sob-DS-10-10000.dat,PieceLinGauss,32,Sob,10,DS,False,1.0769569238170904e-05,2.0651420969211227e-05,0.05739344990047433,2.8918575608338917,    ,1.8775178899135056e-06,2.937904566942591e-06,3.139283709222653e-06,2.9718513399517818e-06,2.253729601824989e-06,2.294933308501567e-06
RepsFixedparRQMC/PieceLinGauss-32-Sob-DS-12-10000.dat,PieceLinGauss,32,Sob,12,DS,False,-2.1541868128486936e-05,3.4430442030615224e-06,0.01779507457913129,2.9926116064736705,    ,3.1346807054260354e-07,4.621360711358845e-07,4.896117498745872e-07,4.7216476236032504e-07,3.6551806221480265e-07,3.681824817971544e-07
RepsFixedparRQMC/PieceLinGauss-32-Sob-DS-14-10000.dat,PieceLinGauss,32,Sob,14,DS,False,3.1253077281176017e-07,6.452421598128232e-07,-0.010066112017510183,2.851427999898043,    ,5.865847584028606e-08,9.06615116302784e-08,9.775641557099079e-08,9.159848777728386e-08,6.965593433935901e-08,7.120174330891711e-08
RepsFixedparRQMC/PieceLinGauss-32-Sob-DS-16-10000.dat,PieceLinGauss,32,Sob,16,DS,False,3.8702577766283275e-06,7.893128847218218e-08,-0.019455507081367826,2.9393417372982404,    ,7.190550574546841e-09,1.0833571513411614e-08,1.1570131892938327e-08,1.0903005722025821e-08,8.540244669614737e-09,8.499432885766157e-09
RepsRanparRQMC/PieceLinGauss-32-Sob-LMS-DS-6-10000.dat,PieceLinGauss,32,Sob-LMS,6,DS,False,0.00011748349247228496,0.00048059963466435125,0.25238801651603365,3.04007948584085,    ,4.370467824958087e-05,6.839765092113271e-05,7.337772093137649e-05,6.936138584141748e-05,5.278495100522249e-05,5.3553286402993e-05
RepsRanparQMC/PieceLinGauss-32-Sob-LMS-6-10000.dat,PieceLinGauss,32,Sob-LMS,6,qmc,False,0.0003543915486065373,0.0001478970140947608,0.4161414022195303,3.362810009467271,    ,1.3570776469247449e-05,1.8941344064743602e-05,2.012983445485104e-05,2.0005003031790692e-05,1.5740371984533882e-05,1.57727745713494e-05
RepsRanparRQMC/PieceLinGauss-32-Sob-LMS-DS-8-10000.dat,PieceLinGauss,32,Sob-LMS,8,DS,False,1.6359988514447534e-05,0.0001170400104247066,0.17342478549913312,2.9710634415263946,    ,1.0640268596924792e-05,1.6203012401216305e-05,1.7311770336519482e-05,1.6841455702227855e-05,1.2783623090971601e-05,1.30940509748103e-05
RepsRanparQMC/PieceLinGauss-32-Sob-LMS-8-10000.dat,PieceLinGauss,32,Sob-LMS,8,qmc,False,-0.006112654418077932,8.022825409104082e-05,0.1553315669783967,2.978008608787771,    ,4.465802167948773e-05,5.149223810443876e-05,5.288499842426381e-05,5.147070119947696e-05,4.7591521867533405e-05,4.78421995720861e-05
RepsRanparRQMC/PieceLinGauss-32-Sob-LMS-DS-10-10000.dat,PieceLinGauss,32,Sob-LMS,10,DS,False,4.665643350510853e-05,2.3113678474612718e-05,0.05419938445000329,2.939925756286673,    ,2.103420320479482e-06,3.2843083299638342e-06,3.507838497783339e-06,3.3432868061871642e-06,2.5284272304996322e-06,2.5952336098434953e-06
RepsRanparQMC/PieceLinGauss-32-Sob-LMS-10-10000.dat,PieceLinGauss,32,Sob-LMS,10,qmc,False,-0.0035777650776968256,1.4828271067270688e-05,0.034119002141413404,2.8314903122382007,    ,1.4148427593666125e-05,1.4970241975349264e-05,1.5160144826394311e-05,1.49814867359863e-05,1.4458460311849524e-05,1.447122035487324e-05
RepsRanparRQMC/PieceLinGauss-32-Sob-LMS-DS-12-10000.dat,PieceLinGauss,32,Sob-LMS,12,DS,False,-1.6785813532034167e-05,6.8393454896645e-06,0.04432304805297706,2.5533907602615136,    ,6.220404444145231e-07,1.06436658955119e-06,1.164835369460475e-06,1.0738102557190675e-06,7.812703921643122e-07,8.135054156075206e-07
RepsRanparQMC/PieceLinGauss-32-Sob-LMS-12-10000.dat,PieceLinGauss,32,Sob-LMS,12,qmc,False,-0.00024403773432757675,4.044177814286951e-06,0.03680902357167159,2.444540230930233,    ,4.2720694434727795e-07,7.868449422725818e-07,8.580829455177281e-07,7.460097748715925e-07,5.310366194269536e-07,5.670183128567033e-07
RepsRanparRQMC/PieceLinGauss-32-Sob-LMS-DS-14-10000.dat,PieceLinGauss,32,Sob-LMS,14,DS,False,1.9158328856649002e-06,5.923355473476425e-07,-0.044708118007616496,2.9513040564230195,    ,5.385235653815875e-08,8.03915998274389e-08,8.523591482798487e-08,8.3075228132166e-08,6.364618609583791e-08,6.459467419247255e-08
RepsRanparQMC/PieceLinGauss-32-Sob-LMS-14-10000.dat,PieceLinGauss,32,Sob-LMS,14,qmc,False,0.00011945327651546025,4.165331156712746e-07,-0.03766991187818035,3.022820576858097,    ,5.213573214948579e-08,7.303286751266098e-08,7.666260205698012e-08,7.286245188565264e-08,5.908210213909856e-08,5.96989364513626e-08
RepsRanparRQMC/PieceLinGauss-32-Sob-LMS-DS-16-10000.dat,PieceLinGauss,32,Sob-LMS,16,DS,False,2.848206397691947e-06,8.55382287232081e-08,-0.011648142648972981,2.9692713573364924,    ,7.78431489088459e-09,1.1603514312027692e-08,1.238051034766699e-08,1.1799396137522012e-08,9.085850015364347e-09,9.167553433403859e-09
RepsRanparQMC/PieceLinGauss-32-Sob-LMS-16-10000.dat,PieceLinGauss,32,Sob-LMS,16,qmc,False,0.0003350711619589373,6.840249822797749e-08,-0.09655201303010562,3.188735052937925,    ,1.1849109250632852e-07,1.2528548655628644e-07,1.2642187016678528e-07,1.2466788279450985e-07,1.210798895922364e-07,1.2169946563928105e-07
RepsRanparRQMC/PieceLinGauss-32-Sob-NUS-6-10000.dat,PieceLinGauss,32,Sob-NUS,6,NUS,False,-1.7406489282846927e-05,0.00048419451630721293,0.2943925312716194,3.066320128045346,    ,4.401798628652488e-05,6.942467277168574e-05,7.425918230267894e-05,6.933456589205091e-05,5.337482885873308e-05,5.396898966319475e-05
RepsRanparRQMC/PieceLinGauss-32-Sob-NUS-8-10000.dat,PieceLinGauss,32,Sob-NUS,8,NUS,False,6.0653619307352956e-05,0.00011639883292216831,0.14161329293509178,3.0211612952940268,    ,1.0585390945368563e-05,1.5714436358270866e-05,1.6813230993943713e-05,1.607570620526323e-05,1.2572875259956359e-05,1.2649886096968397e-05
RepsRanparRQMC/PieceLinGauss-32-Sob-NUS-10-10000.dat,PieceLinGauss,32,Sob-NUS,10,NUS,False,-5.822928763085358e-05,2.2645970808019678e-05,0.027212945001848506,2.9691009889565905,    ,2.0621152688488765e-06,3.15051100504274e-06,3.3746593804611833e-06,3.301695689103025e-06,2.4874991183735816e-06,2.5612344810226473e-06
RepsRanparRQMC/PieceLinGauss-32-Sob-NUS-12-10000.dat,PieceLinGauss,32,Sob-NUS,12,NUS,False,6.734801976031233e-06,6.737820408836781e-06,0.02949762782832114,2.637822624248004,    ,6.125744856337273e-07,1.0185240572523737e-06,1.1108194938228744e-06,1.0214549414906712e-06,7.497505082475524e-07,7.771272278940077e-07
RepsRanparRQMC/PieceLinGauss-32-Sob-NUS-14-10000.dat,PieceLinGauss,32,Sob-NUS,14,NUS,False,-7.378559008853342e-07,5.830070884827647e-07,0.0072281702819137275,3.0232530996195655,    ,5.300118883885453e-08,7.946079389608219e-08,8.454024617794928e-08,8.186410953020889e-08,6.451243592152479e-08,6.473669789052639e-08
RepsRanparRQMC/PieceLinGauss-32-Sob-NUS-16-10000.dat,PieceLinGauss,32,Sob-NUS,16,NUS,False,-3.3485967919720668e-06,8.43161468152355e-08,-0.002892418008334733,2.9919713174181677,    ,7.676317356405706e-09,1.1584994912513937e-08,1.2307729993607886e-08,1.2070513150990422e-08,9.038853420835797e-09,9.378603850575117e-09
RepsFixedparRQMC/RidgeJohnsonSU-4-Lat-RS-6-10000.dat,RidgeJohnsonSU,4,Lat,6,RS,False,0.0008506942864918312,0.07460902370638085,-1.0831143428804864,5.082425347628855,    ,0.006783362199530966,0.009438975380016751,0.010229146995553304,0.01010546274668457,0.007929800339333857,0.00776397838693789
RepsFixedparRQMC/RidgeJohnsonSU-4-Lat-RSB-6-10000.dat,RidgeJohnsonSU,4,Lat,6,RS,True,-0.0012218925922042492,0.12139384835331611,-0.8360862585971927,4.570713269809441,    ,0.011037297417262892,0.019075098151713776,0.020949101334519594,0.01883277539764234,0.013245354438116672,0.014007335209523259
RepsFixedparRQMC/RidgeJohnsonSU-4-Lat-RS-8-10000.dat,RidgeJohnsonSU,4,Lat,8,RS,False,-0.0006804256859823962,0.013452237577591581,-0.2179078929581863,3.1798525068452177,    ,0.0012233936679861067,0.0017666856237480981,0.0019086157420269533,0.0018139026962645823,0.0013986217145212625,0.0014146626970954327
RepsFixedparRQMC/RidgeJohnsonSU-4-Lat-RSB-8-10000.dat,RidgeJohnsonSU,4,Lat,8,RS,True,0.0006549109803315384,0.009115482610651707,-0.5633390329575791,3.1391386241393113,    ,0.0008291091457241323,0.0018874529284566201,0.0021225580686022546,0.0017150079984594377,0.0011248985681174594,0.0012327754693500317
RepsFixedparRQMC/RidgeJohnsonSU-4-Lat-RS-10-10000.dat,RidgeJohnsonSU,4,Lat,10,RS,False,-0.0003562338070050274,0.0011864655102607846,-0.5692113330946886,3.9985028675327006,    ,0.0001079874034580519,0.0001587959076704089,0.0001684078895085136,0.00015859504824081573,0.0001237838913615096,0.0001244986213798105
RepsFixedparRQMC/RidgeJohnsonSU-4-Lat-RSB-10-10000.dat,RidgeJohnsonSU,4,Lat,10,RS,True,0.0001557757037442692,0.00035914750059343425,-0.9535041893551541,7.363104035671886,    ,3.2674038851098316e-05,5.574030178755085e-05,6.092261516893977e-05,5.457634737562824e-05,3.8781704022743423e-05,4.074248056386635e-05
RepsFixedparRQMC/RidgeJohnsonSU-4-Lat-RS-12-10000.dat,RidgeJohnsonSU,4,Lat,12,RS,False,-0.00023128560510878463,0.00013538861729928408,-0.39725428400551305,3.9538500739898725,    ,1.2361549149247272e-05,1.7910821779635493e-05,1.8938120372390485e-05,1.83552052047819e-05,1.4148545264529646e-05,1.43441619165273e-05
RepsFixedparRQMC/RidgeJohnsonSU-4-Lat-RSB-12-10000.dat,RidgeJohnsonSU,4,Lat,12,RS,True,-2.5723979298874534e-05,2.060883252735019e-05,-1.4588659429837905,9.546850968061122,    ,1.8741919528700771e-06,2.425558180854484e-06,2.615792902650556e-06,2.5252775050045048e-06,2.006109781355977e-06,1.9777354618764753e-06
RepsFixedparRQMC/RidgeJohnsonSU-4-Lat-RS-14-10000.dat,RidgeJohnsonSU,4,Lat,14,RS,False,-3.632080280013439e-05,1.7107583708597174e-05,-0.22524822953306828,3.370865126094614,    ,1.5565540833157894e-06,2.2854402397687884e-06,2.4456767087460043e-06,2.3678109174990215e-06,1.8347842841096935e-06,1.8484945358228315e-06
RepsFixedparRQMC/RidgeJohnsonSU-4-Lat-RSB-14-10000.dat,RidgeJohnsonSU,4,Lat,14,RS,True,1.194619601968192e-05,1.3705202287176918e-06,-1.6116230127299878,9.689610280007127,    ,1.247354596645854e-07,1.6444318464271713e-07,1.7740639395257597e-07,1.718064624970781e-07,1.390863921233035e-07,1.328941046701797e-07
RepsFixedparRQMC/RidgeJohnsonSU-4-Lat-RS-16-10000.dat,RidgeJohnsonSU,4,Lat,16,RS,False,1.8326308227826682e-05,3.118296450086514e-06,-0.22690838178771475,3.1960939631571015,    ,2.838173490356717e-07,4.1442513398732793e-07,4.406813791685118e-07,4.3175726983204966e-07,3.3711683169807525e-07,3.391509584424165e-07
RepsFixedparRQMC/RidgeJohnsonSU-4-Lat-RSB-16-10000.dat,RidgeJohnsonSU,4,Lat,16,RS,True,1.666275298329367e-06,2.761315059254551e-07,-1.010913949165636,5.906857130559806,    ,2.5105640648411197e-08,3.416765419053565e-08,3.6843406306373384e-08,3.650737601754616e-08,2.822703145632645e-08,2.816347413213954e-08
RepsRanparRQMC/RidgeJohnsonSU-4-Lat-Rp-RS-6-10000.dat,RidgeJohnsonSU,4,Lat-Rp,6,RS,False,0.00479233356106879,0.07075746134577925,-1.4722766918902712,8.680128524221985,    ,0.006455462946940478,0.008492656366322661,0.009140641880209379,0.00894123788098915,0.007018783445057234,0.00689975958896206
RepsRanparRQMC/RidgeJohnsonSU-4-Lat-Rp-RSB-6-10000.dat,RidgeJohnsonSU,4,Lat-Rp,6,RS,True,0.0002260797859669971,0.05712331568030804,-1.468419528892396,9.045240584308065,    ,0.005193079810279445,0.005468266882051167,0.005660247316209194,0.005940341630156257,0.0052752589323446925,0.004881355780659443
RepsRanparRQMC/RidgeJohnsonSU-4-Lat-Rp-RS-8-10000.dat,RidgeJohnsonSU,4,Lat-Rp,8,RS,False,0.0014036366488218393,0.01521187464512194,-0.7339492296369144,5.415374280222818,    ,0.0013848678908530013,0.0017245704077615265,0.0018187863361778234,0.001833921335893129,0.0015067735599112806,0.0014775984904574339
RepsRanparRQMC/RidgeJohnsonSU-4-Lat-Rp-RSB-8-10000.dat,RidgeJohnsonSU,4,Lat-Rp,8,RS,True,0.00034936502682590535,0.014198948276276456,-1.036416981284329,9.559143243907469,    ,0.0012909355355834652,0.000969148145754545,0.0009613092214651284,0.001116544708943793,0.0011090784403763503,0.0009814834817579658
RepsRanparRQMC/RidgeJohnsonSU-4-Lat-Rp-RS-10-10000.dat,RidgeJohnsonSU,4,Lat-Rp,10,RS,False,-0.0005095676184846652,0.003572310207628091,-0.4722428377254305,9.005774673577369,    ,0.0003250151325785437,0.00033688746292519076,0.00034181746535497847,0.000364266950895438,0.00031096877902733766,0.0003011256937592598
RepsRanparRQMC/RidgeJohnsonSU-4-Lat-Rp-RSB-10-10000.dat,RidgeJohnsonSU,4,Lat-Rp,10,RS,True,0.00048342807147788995,0.003476125327490511,-1.136930431104354,24.046244843775707,    ,0.0003162450961085211,0.0001504469225917959,0.00014373002966514706,0.00017430311367235875,0.00019489354538308995,0.00016307406884300153
RepsRanparRQMC/RidgeJohnsonSU-4-Lat-Rp-RS-12-10000.dat,RidgeJohnsonSU,4,Lat-Rp,12,RS,False,1.5425509093948064e-05,0.0008998033150609629,0.03189620307356003,24.067874428878334,    ,8.180053931550925e-05,6.22681138397947e-05,6.2301076909902e-05,6.929347334122571e-05,6.401287461789171e-05,5.96487009776715e-05
RepsRanparRQMC/RidgeJohnsonSU-4-Lat-Rp-RSB-12-10000.dat,RidgeJohnsonSU,4,Lat-Rp,12,RS,True,0.00018758544329214723,0.0008142334809251894,-1.9428241225098524,79.27458824469291,    ,7.405641383718869e-05,1.985729487310213e-05,1.8525393620446756e-05,2.3942476587764762e-05,3.0424535654327923e-05,2.3374067971226765e-05
RepsRanparRQMC/RidgeJohnsonSU-4-Lat-Rp-RS-14-10000.dat,RidgeJohnsonSU,4,Lat-Rp,14,RS,False,-0.000366254998551664,0.00022141036093122456,-1.4817329967110409,50.274931434520184,    ,2.02623573540754e-05,1.1096329497228688e-05,1.090224987757233e-05,1.2014756629670756e-05,1.1822088393959864e-05,1.064495863349575e-05
RepsRanparRQMC/RidgeJohnsonSU-4-Lat-Rp-RSB-14-10000.dat,RidgeJohnsonSU,4,Lat-Rp,14,RS,True,0.0003828870238904506,0.00019226901396675593,6.431232240607202,220.816166284316,    ,1.7625603742768773e-05,2.668431596650013e-06,2.4880526015502363e-06,3.3831321461675404e-06,4.564073075082356e-06,3.371775890458251e-06
RepsRanparRQMC/RidgeJohnsonSU-4-Lat-Rp-RS-16-10000.dat,RidgeJohnsonSU,4,Lat-Rp,16,RS,False,-4.26196086791818e-05,6.214605429746392e-05,-2.829117792457096,282.9651519171494,    ,5.651457730813413e-06,1.862894044458146e-06,1.8211959193189832e-06,2.0314029444216558e-06,2.0736631954460456e-06,1.8313808666732247e-06
RepsRanparRQMC/RidgeJohnsonSU-4-Lat-Rp-RSB-16-10000.dat,RidgeJohnsonSU,4,Lat-Rp,16,RS,True,-3.3690418759857036e-05,4.432045588676988e-05,-0.23395510839791586,326.11850559623684,    ,4.030267397658931e-06,3.234690926508862e-07,2.95941127633993e-07,4.2545355661641703e-07,6.485902725104224e-07,4.3861312651643016e-07
RepsRanparRQMC/RidgeJohnsonSU-4-Lat-Rv-RS-6-10000.dat,RidgeJohnsonSU,4,Lat-Rv,6,RS,False,-0.00013998304437636225,0.05605401603533419,-1.249953171189792,7.427886104097679,    ,0.0050958392348285485,0.006556974249275237,0.006992199795984216,0.0069298950723636465,0.005562998094125125,0.005453564940308165
RepsRanparRQMC/RidgeJohnsonSU-4-Lat-Rv-RSB-6-10000.dat,RidgeJohnsonSU,4,Lat-Rv,6,RS,True,0.000647573065397348,0.050385413467977286,-1.080195715360304,7.3519037851111175,    ,0.004580911484327509,0.003818848249541017,0.0038075573579502598,0.004480753321013208,0.004355462945711606,0.0038774126085254898
RepsRanparRQMC/RidgeJohnsonSU-4-Lat-Rv-RS-8-10000.dat,RidgeJohnsonSU,4,Lat-Rv,8,RS,False,0.0005417026762490099,0.01192220238808219,-0.5996899876630323,5.817211163374415,    ,0.0010841300225242,0.0012548731662723484,0.0012951039448619208,0.0013336341852850904,0.001098300845521013,0.0010824553629899126
RepsRanparRQMC/RidgeJohnsonSU-4-Lat-Rv-RSB-8-10000.dat,RidgeJohnsonSU,4,Lat-Rv,8,RS,True,-0.0005122512724464014,0.011935209020763969,-0.8111211944079146,11.439392284163823,    ,0.0010852814032537563,0.0005184663815908341,0.000491184291096896,0.0006261286665788426,0.0007205188222475353,0.0005962216843751687
RepsRanparRQMC/RidgeJohnsonSU-4-Lat-Rv-RS-10-10000.dat,RidgeJohnsonSU,4,Lat-Rv,10,RS,False,0.000765157043978226,0.0028057851557250165,-0.04542326511356414,11.974981605558842,    ,0.0002556568430951328,0.00022969793515836484,0.00023020344010955604,0.00024192134138285702,0.00021690402969979289,0.00020555147086484177
RepsRanparRQMC/RidgeJohnsonSU-4-Lat-Rv-RSB-10-10000.dat,RidgeJohnsonSU,4,Lat-Rv,10,RS,True,-3.9357003763031264e-05,0.0029345509435862033,-1.276610853801873,37.090701409243934,    ,0.00026677890748158186,6.951118512781735e-05,6.608176805801895e-05,8.704039745614595e-05,0.00010878935075510917,8.467603468830317e-05
RepsRanparRQMC/RidgeJohnsonSU-4-Lat-Rv-RS-12-10000.dat,RidgeJohnsonSU,4,Lat-Rv,12,RS,False,0.0002424618753910233,0.000708462307815402,1.2137327594242893,44.79071419255678,    ,6.446445210787287e-05,4.394284950955463e-05,4.4118809638812564e-05,4.653329728451653e-05,4.316815697894323e-05,3.9991507404393076e-05
RepsRanparRQMC/RidgeJohnsonSU-4-Lat-Rv-RSB-12-10000.dat,RidgeJohnsonSU,4,Lat-Rv,12,RS,True,-0.0006215987287491906,0.0007810244682534945,-3.6764004712325136,136.30369718157354,    ,7.138860936626394e-05,9.729872679636961e-06,9.163339037294001e-06,1.2175002092940138e-05,1.6268533492950982e-05,1.2025942685180981e-05
RepsRanparRQMC/RidgeJohnsonSU-4-Lat-Rv-RS-14-10000.dat,RidgeJohnsonSU,4,Lat-Rv,14,RS,False,-2.1400057935852623e-05,0.00020884753360043488,4.219987834067623,211.04542284183745,    ,1.8986597380701012e-05,7.879724442559972e-06,7.639065164780658e-06,8.62176547105864e-06,8.631029112036316e-06,7.689991454378525e-06
RepsRanparRQMC/RidgeJohnsonSU-4-Lat-Rv-RSB-14-10000.dat,RidgeJohnsonSU,4,Lat-Rv,14,RS,True,-0.00032411076056878326,0.0002844499590731351,-12.96275664437135,499.2582386453412,    ,2.59641349735833e-05,1.2306903605922095e-06,1.1403693558958795e-06,1.5593533579850453e-06,2.4444438638010215e-06,1.5820306749708308e-06
RepsRanparRQMC/RidgeJohnsonSU-4-Lat-Rv-RS-16-10000.dat,RidgeJohnsonSU,4,Lat-Rv,16,RS,False,-7.754043980623492e-06,4.779772891478003e-05,-8.681883074229969,426.958883759115,    ,4.3453082083598745e-06,1.2499342155999422e-06,1.2225993169648557e-06,1.3585420870139507e-06,1.39365463857201e-06,1.2114938215246256e-06
RepsRanparRQMC/RidgeJohnsonSU-4-Lat-Rv-RSB-16-10000.dat,RidgeJohnsonSU,4,Lat-Rv,16,RS,True,2.640392899401183e-05,8.088343480825107e-05,-11.673764925989227,1741.556470939297,    ,7.353736695489145e-06,1.4445884604594892e-07,1.3515833573319232e-07,1.8955286194093952e-07,2.5809969758388345e-07,1.8852789323636144e-07
RepsFixedparRQMC/RidgeJohnsonSU-4-Sob-DS-6-10000.dat,RidgeJohnsonSU,4,Sob,6,DS,False,-0.0013683715402760203,0.02526794443037332,-2.342206697167997,20.365718422875105,    ,0.002298958297978903,0.002631834716901628,0.0028521948037979624,0.0028328130802121806,0.002256497959326962,0.002195660781462591
RepsFixedparRQMC/RidgeJohnsonSU-4-Sob-DS-8-10000.dat,RidgeJohnsonSU,4,Sob,8,DS,False,-0.00030012447949247597,0.0022570748621986284,-2.090440302577933,18.2949594633094,    ,0.0002052786985394296,0.0002458587423852753,0.00026192882867704124,0.0002612535833528449,0.00021125794254220733,0.0002052053804365416
RepsFixedparRQMC/RidgeJohnsonSU-4-Sob-DS-10-10000.dat,RidgeJohnsonSU,4,Sob,10,DS,False,-0.00011957657090639376,0.00024097191583482677,-1.4663885065779187,10.6014011109609,    ,2.19208363594758e-05,2.6371856038087355e-05,2.8030149531739307e-05,2.8110212856922013e-05,2.2628915470893324e-05,2.204032812952737e-05
RepsFixedparRQMC/RidgeJohnsonSU-4-Sob-DS-12-10000.dat,RidgeJohnsonSU,4,Sob,12,DS,False,-6.427549455646069e-05,2.2670168831388084e-05,-1.2635222292582384,8.025855230689489,    ,2.065055778417576e-06,2.657477910549788e-06,2.805056511942973e-06,2.7400287530742586e-06,2.208543806473148e-06,2.1546524833981512e-06
RepsFixedparRQMC/RidgeJohnsonSU-4-Sob-DS-14-10000.dat,RidgeJohnsonSU,4,Sob,14,DS,False,-1.7095426829495876e-05,2.2234307595551586e-06,-1.0341383938726063,5.86639777037672,    ,2.0242232266895162e-07,2.640739926694659e-07,2.781422881023811e-07,2.741139705437925e-07,2.238995807374873e-07,2.1698030485834906e-07
RepsFixedparRQMC/RidgeJohnsonSU-4-Sob-DS-16-10000.dat,RidgeJohnsonSU,4,Sob,16,DS,False,-3.7636039969789926e-06,1.9945268656864898e-07,-1.0448319732131905,6.496856749861416,    ,1.81462271303778e-08,2.3741535749230975e-08,2.5136704118549924e-08,2.5320367907430773e-08,2.007300587186621e-08,1.990289023288784e-08
RepsRanparRQMC/RidgeJohnsonSU-4-Sob-LMS-DS-6-10000.dat,RidgeJohnsonSU,4,Sob-LMS,6,DS,False,0.002412666472502032,0.01960899574027491,-1.625068806889737,9.350158426229221,    ,0.0017884569358961636,0.0025213165577795908,0.002745520683989794,0.002631591460170624,0.0020268099407167246,0.0020040337353452514
RepsRanparRQMC/RidgeJohnsonSU-4-Sob-LMS-DS-8-10000.dat,RidgeJohnsonSU,4,Sob-LMS,8,DS,False,0.0007226613704202533,0.0017339945330024818,-2.5766603427598387,22.220421751558398,    ,0.00015815810609288693,0.00019075990143719494,0.0002063709739764497,0.00020101125019052822,0.00016371557973165332,0.0001569249883391446
RepsRanparRQMC/RidgeJohnsonSU-4-Sob-LMS-DS-10-10000.dat,RidgeJohnsonSU,4,Sob-LMS,10,DS,False,0.0001276259730819452,0.00017487174209369137,-2.042170451496386,15.556805812047298,    ,1.5913719488431603e-05,1.9776153902445504e-05,2.1461572119713387e-05,2.1225563069275434e-05,1.695812461258886e-05,1.647445020118222e-05
RepsRanparRQMC/RidgeJohnsonSU-4-Sob-LMS-DS-12-10000.dat,RidgeJohnsonSU,4,Sob-LMS,12,DS,False,-3.500917500316758e-05,1.9392906504659728e-05,-2.194876168302162,20.19681826591407,    ,1.764217142758014e-06,2.081246474545997e-06,2.214727944378955e-06,2.2135408693951184e-06,1.8094854835604787e-06,1.7428895239045707e-06
RepsRanparRQMC/RidgeJohnsonSU-4-Sob-LMS-DS-14-10000.dat,RidgeJohnsonSU,4,Sob-LMS,14,DS,False,1.1019890297271409e-05,1.687182671373925e-06,-1.8061948378026187,11.665030937338033,    ,1.535016808343389e-07,1.9762740754692422e-07,2.116375065204927e-07,2.0413409512262628e-07,1.6468510945585327e-07,1.596426746704247e-07
RepsRanparRQMC/RidgeJohnsonSU-4-Sob-LMS-DS-16-10000.dat,RidgeJohnsonSU,4,Sob-LMS,16,DS,False,3.0369780704288517e-06,1.518917552741058e-07,-1.2748734116418574,7.303613227405583,    ,1.3817564624355339e-08,1.8093264670317893e-08,1.927608700529882e-08,1.9080803252737645e-08,1.52757012698389e-08,1.496346743990551e-08
RepsRanparRQMC/RidgeJohnsonSU-4-Sob-NUS-6-10000.dat,RidgeJohnsonSU,4,Sob-NUS,6,NUS,False,0.0008342381029503231,0.019605576542344648,-1.6212303456126338,9.429480979168302,    ,0.001783021093425564,0.002391290070042333,0.002591523279058821,0.0024495509227019786,0.0019471983083924566,0.0018760204359888608
RepsRanparRQMC/RidgeJohnsonSU-4-Sob-NUS-8-10000.dat,RidgeJohnsonSU,4,Sob-NUS,8,NUS,False,-0.0004599964344097873,0.001781133900707772,-2.3988804617224044,19.225703358496297,    ,0.00016213286042037625,0.00018865307198729435,0.00020311168817137054,0.00020019863924934027,0.00016085235377343463,0.00015488817012306613
RepsRanparRQMC/RidgeJohnsonSU-4-Sob-NUS-10-10000.dat,RidgeJohnsonSU,4,Sob-NUS,10,NUS,False,-0.00012748266977058987,0.00018730180276641225,-2.113857179938781,14.399654630651161,    ,1.704368844622022e-05,1.9607779229071758e-05,2.1085756781778302e-05,2.100441848190337e-05,1.7340225474441574e-05,1.64618557024645e-05
RepsRanparRQMC/RidgeJohnsonSU-4-Sob-NUS-12-10000.dat,RidgeJohnsonSU,4,Sob-NUS,12,NUS,False,4.363568690598454e-05,1.8688386356422944e-05,-1.620863617908513,10.032035221358184,    ,1.7008482873920247e-06,2.180343327521567e-06,2.3228681229931906e-06,2.239654900854069e-06,1.8208807395304088e-06,1.7560196709708435e-06
RepsRanparRQMC/RidgeJohnsonSU-4-Sob-NUS-14-10000.dat,RidgeJohnsonSU,4,Sob-NUS,14,NUS,False,-2.885457885390186e-06,1.606289913849486e-06,-1.5667384325240812,9.756463316615474,    ,1.460346816717071e-07,1.8048957001933938e-07,1.9220980177789125e-07,1.8825091151623072e-07,1.5131759493050385e-07,1.468480473887461e-07
RepsRanparRQMC/RidgeJohnsonSU-4-Sob-NUS-16-10000.dat,RidgeJohnsonSU,4,Sob-NUS,16,NUS,False,-2.750257368079234e-06,1.7495041436743403e-07,-2.7001898261136175,32.9506312217112,    ,1.591214703990286e-08,1.9248327919470553e-08,2.05930276367527e-08,1.9772457841342772e-08,1.5767481252741538e-08,1.5508084606608928e-08
RepsFixedparRQMC/RidgeJohnsonSU-8-Lat-RS-6-10000.dat,RidgeJohnsonSU,8,Lat,6,RS,False,-0.00354401730913337,0.059964837778947705,-1.24865446585168,6.9207365539297525,    ,0.005463908947682683,0.007340490296467122,0.00783172656040917,0.00745458370243056,0.005906557026227176,0.005818435086749359
RepsFixedparRQMC/RidgeJohnsonSU-8-Lat-RSB-6-10000.dat,RidgeJohnsonSU,8,Lat,6,RS,True,-0.0026019494628598595,0.0632834438562353,-0.8160062726308384,4.912349351550239,    ,0.005759810491574122,0.008549530367606592,0.009276050801810303,0.00881244544126572,0.006699845998873597,0.006762438924519344
RepsFixedparRQMC/RidgeJohnsonSU-8-Lat-RS-8-10000.dat,RidgeJohnsonSU,8,Lat,8,RS,False,-0.0009429887065457304,0.012453153332103716,-0.6056625485015268,4.151395017897106,    ,0.0011329940760737378,0.001619417310614552,0.0017276878387344982,0.0016698462032833984,0.0013055503642203708,0.0012964715838930524
RepsFixedparRQMC/RidgeJohnsonSU-8-Lat-RSB-8-10000.dat,RidgeJohnsonSU,8,Lat,8,RS,True,-0.0011886892546579123,0.00629475876343697,-0.593488946826321,4.675852206288069,    ,0.0005736637788202274,0.0008503708296162983,0.0009099326731781874,0.0008578587505270576,0.0006619402962430733,0.0006717382905987146
RepsFixedparRQMC/RidgeJohnsonSU-8-Lat-RS-10-10000.dat,RidgeJohnsonSU,8,Lat,10,RS,False,6.414254652815132e-05,0.0027736596672717413,0.08487531571360768,2.8582650570564745,    ,0.0002521549931091607,0.0003870636350842046,0.00041437056805328763,0.0004110327952223067,0.00030995786327260973,0.00031981226319736353
RepsFixedparRQMC/RidgeJohnsonSU-8-Lat-RSB-10-10000.dat,RidgeJohnsonSU,8,Lat,10,RS,True,-0.00038705176694696987,0.002113439070867894,-0.23191931630316417,2.3358641696314772,    ,0.00019228063369465079,0.00041804712929360653,0.00046702808432235105,0.0003893175765231649,0.0002545562813532525,0.0002803384085740308
RepsFixedparRQMC/RidgeJohnsonSU-8-Lat-RS-12-10000.dat,RidgeJohnsonSU,8,Lat,12,RS,False,-0.00016553677906419552,0.00023391013829742545,-0.21668928039823568,3.2209022056236605,    ,2.1291960452261624e-05,3.102717512217227e-05,3.314348661966475e-05,3.233444803866297e-05,2.511817542158723e-05,2.5362020386284002e-05
RepsFixedparRQMC/RidgeJohnsonSU-8-Lat-RSB-12-10000.dat,RidgeJohnsonSU,8,Lat,12,RS,True,-7.329234174662506e-05,4.939355298862303e-05,-0.6717811253576865,5.437249732798012,    ,4.495694766324434e-06,6.410557058669256e-06,6.8061142992898964e-06,6.583229656943278e-06,5.205827682156111e-06,5.147764447223012e-06
RepsFixedparRQMC/RidgeJohnsonSU-8-Lat-RS-14-10000.dat,RidgeJohnsonSU,8,Lat,14,RS,False,-1.941410304602065e-06,3.53468557491988e-05,-0.16381892501979303,3.04118388898194,    ,3.2133542917284076e-06,4.893039132614047e-06,5.200859034744575e-06,4.968084770524546e-06,3.811580834138009e-06,3.865671932938331e-06
RepsFixedparRQMC/RidgeJohnsonSU-8-Lat-RSB-14-10000.dat,RidgeJohnsonSU,8,Lat,14,RS,True,-7.255385833510264e-07,2.6701863123512626e-06,-0.9126812676110412,9.003654999144905,    ,2.427447366199871e-07,3.582359266020983e-07,3.7761318940926915e-07,3.6049497165817017e-07,2.82639266453516e-07,2.816805821303737e-07
RepsFixedparRQMC/RidgeJohnsonSU-8-Lat-RS-16-10000.dat,RidgeJohnsonSU,8,Lat,16,RS,False,2.8366307934407353e-05,6.8455099294479795e-06,-0.07682881760625612,3.0022682146819495,    ,6.231237319211005e-07,9.182320963052e-07,9.74942568739671e-07,9.48768639901338e-07,7.340967466055099e-07,7.416169893982143e-07
RepsFixedparRQMC/RidgeJohnsonSU-8-Lat-RSB-16-10000.dat,RidgeJohnsonSU,8,Lat,16,RS,True,-1.3312543610382255e-06,4.6174072436877986e-07,-0.5455962215517938,5.001815080854778,    ,4.197820172624468e-08,6.151204071025552e-08,6.543848900471835e-08,6.327090816811524e-08,4.782244637441351e-08,4.9241608691573813e-08
RepsRanparRQMC/RidgeJohnsonSU-8-Lat-Rp-RS-6-10000.dat,RidgeJohnsonSU,8,Lat-Rp,6,RS,False,-0.0032836169198438058,0.07837455847238303,-1.797715311368998,12.552478007444027,    ,0.007135742001202015,0.00847675411701355,0.009187978898157416,0.009116705338899132,0.007321265156381875,0.007151290587445156
RepsRanparRQMC/RidgeJohnsonSU-8-Lat-Rp-RSB-6-10000.dat,RidgeJohnsonSU,8,Lat-Rp,6,RS,True,0.0018004514597496943,0.06174024766287521,-1.7409015888797976,15.0370124564649,    ,0.005615991412993025,0.0072427253381075075,0.007835918832568565,0.007764161445873417,0.00622349648933011,0.006013444738493959
RepsRanparRQMC/RidgeJohnsonSU-8-Lat-Rp-RS-8-10000.dat,RidgeJohnsonSU,8,Lat-Rp,8,RS,False,-0.0007439229399708374,0.017026392167416932,-0.8123409117322683,4.803498791585716,    ,0.0015484072547421541,0.00203608897444916,0.002156243628160759,0.0021191939063457893,0.0017216496336637402,0.0016754588647046919
RepsRanparRQMC/RidgeJohnsonSU-8-Lat-Rp-RSB-8-10000.dat,RidgeJohnsonSU,8,Lat-Rp,8,RS,True,0.000762581324849874,0.0155177547872594,-0.8992103104875853,6.683094749795592,    ,0.0014112865109369552,0.0014939453092897147,0.0015317337431180428,0.001657186344022668,0.0014395769668280735,0.0013592310327174442
RepsRanparRQMC/RidgeJohnsonSU-8-Lat-Rp-RS-10-10000.dat,RidgeJohnsonSU,8,Lat-Rp,10,RS,False,-0.0013506966695379101,0.003981897032111084,-0.5667577959455551,5.130316518120677,    ,0.00036381502077592663,0.00045683098954306,0.00047467480618699706,0.00047024020024438186,0.0003813994762970253,0.00037665239609463197
RepsRanparRQMC/RidgeJohnsonSU-8-Lat-Rp-RSB-10-10000.dat,RidgeJohnsonSU,8,Lat-Rp,10,RS,True,0.00019870590903842722,0.0037100590561356755,-0.37226094116856856,7.729133658583669,    ,0.00033731758005062093,0.000264147367773628,0.00025808343259577153,0.0003004431697066957,0.00029390312148220687,0.0002670977630047865
RepsRanparRQMC/RidgeJohnsonSU-8-Lat-Rp-RS-12-10000.dat,RidgeJohnsonSU,8,Lat-Rp,12,RS,False,0.00026213310395943097,0.000989772846916493,-0.3408495156810957,7.535198868760281,    ,9.004806348387258e-05,9.473751277684134e-05,9.60106172490729e-05,9.916852893097679e-05,8.781098045317613e-05,8.370058342502105e-05
RepsRanparRQMC/RidgeJohnsonSU-8-Lat-Rp-RSB-12-10000.dat,RidgeJohnsonSU,8,Lat-Rp,12,RS,True,4.520189053383938e-06,0.0010075128242639684,0.009334281942286686,22.71964872446393,    ,9.159209536519712e-05,4.098818417376848e-05,3.8874574500448794e-05,4.957640708428348e-05,5.529381065620561e-05,4.6900909798079174e-05
RepsRanparRQMC/RidgeJohnsonSU-8-Lat-Rp-RS-14-10000.dat,RidgeJohnsonSU,8,Lat-Rp,14,RS,False,0.00019514021625839,0.0002605663925777,-0.07943415106232105,18.328985693538463,    ,2.372593357470137e-05,1.9511110662364055e-05,1.9525769531936603e-05,2.0494865435798103e-05,1.8466445136362695e-05,1.7368846860176864e-05
RepsRanparRQMC/RidgeJohnsonSU-8-Lat-Rp-RSB-14-10000.dat,RidgeJohnsonSU,8,Lat-Rp,14,RS,True,-8.77528963506639e-05,0.00025448985011531023,0.8606205359699596,86.00618881206914,    ,2.3143141490391586e-05,6.291352754299987e-06,5.873509567778673e-06,7.801136137821316e-06,9.29056066608052e-06,7.522094146837863e-06
RepsRanparRQMC/RidgeJohnsonSU-8-Lat-Rp-RS-16-10000.dat,RidgeJohnsonSU,8,Lat-Rp,16,RS,False,-1.2838262946537648e-05,6.16614190283388e-05,0.41635411049888826,36.45082674119585,    ,5.605748369026285e-06,3.748953283719415e-06,3.710895443542922e-06,3.951893239366649e-06,3.7652251412160146e-06,3.4651638841682175e-06
RepsRanparRQMC/RidgeJohnsonSU-8-Lat-Rp-RSB-16-10000.dat,RidgeJohnsonSU,8,Lat-Rp,16,RS,True,0.000230023763943686,6.658274286266337e-05,7.802388279229619,241.56056497968657,    ,6.1058875558573084e-06,7.792649307493186e-07,7.318796780617388e-07,1.0110148526218387e-06,1.280992868349839e-06,9.85983840622457e-07
RepsRanparRQMC/RidgeJohnsonSU-8-Lat-Rv-RS-6-10000.dat,RidgeJohnsonSU,8,Lat-Rv,6,RS,False,-0.0003220395145839244,0.05963727462360736,-1.7607021678059702,15.66938911185547,    ,0.0054216741297768946,0.007021740187902519,0.007584182835622886,0.007332081697892565,0.005860063858015402,0.005711865255266511
RepsRanparRQMC/RidgeJohnsonSU-8-Lat-Rv-RSB-6-10000.dat,RidgeJohnsonSU,8,Lat-Rv,6,RS,True,-0.0026829188387741633,0.0564119177377175,-1.0272076057398765,5.568369252846705,    ,0.0051355542114697676,0.007040492013913812,0.00749862218252332,0.007235172838403596,0.005687772447876824,0.005657884813697349
RepsRanparRQMC/RidgeJohnsonSU-8-Lat-Rv-RS-8-10000.dat,RidgeJohnsonSU,8,Lat-Rv,8,RS,False,-0.0012164821543052017,0.013159168790063448,-0.6988071006034391,4.8805443419887515,    ,0.0011977679006556928,0.0015795792018811065,0.0016634432997561276,0.0016618402906063813,0.0013141533143541015,0.0013084273385695804
RepsRanparRQMC/RidgeJohnsonSU-8-Lat-Rv-RSB-8-10000.dat,RidgeJohnsonSU,8,Lat-Rv,8,RS,True,-0.0003901382455296458,0.013624029277339514,-0.5947871401057835,5.702747258526548,    ,0.001238700323972399,0.0009957263602303611,0.0009787804437344984,0.001218839363232243,0.0012084334379926323,0.0010795081413325206
RepsRanparRQMC/RidgeJohnsonSU-8-Lat-Rv-RS-10-10000.dat,RidgeJohnsonSU,8,Lat-Rv,10,RS,False,-0.0003575561877146104,0.003113477208770124,-0.4059309387323339,5.330476105355157,    ,0.0002831712290428388,0.0003382865701859311,0.00034497535001805374,0.0003481384471432216,0.00028925635057191844,0.0002836538828478139
RepsRanparRQMC/RidgeJohnsonSU-8-Lat-Rv-RSB-10-10000.dat,RidgeJohnsonSU,8,Lat-Rv,10,RS,True,-0.0005815245165629037,0.0035098474389083775,-0.4480074485919506,10.509741589443065,    ,0.00031941521066412534,0.00013407890426551106,0.00012410548472545745,0.00016579928877813633,0.0002067395308610278,0.00016184052181217377
RepsRanparRQMC/RidgeJohnsonSU-8-Lat-Rv-RS-12-10000.dat,RidgeJohnsonSU,8,Lat-Rv,12,RS,False,-5.209368334690392e-05,0.0007772447502293179,-0.6116097245980233,12.934422614577278,    ,7.066132740905536e-05,6.904308039129598e-05,7.002366760808771e-05,7.344003376769734e-05,6.262594268207391e-05,6.111501515800598e-05
RepsRanparRQMC/RidgeJohnsonSU-8-Lat-Rv-RSB-12-10000.dat,RidgeJohnsonSU,8,Lat-Rv,12,RS,True,-0.00015609732970855587,0.000923577285549735,-0.44020416065147594,32.825708285966265,    ,8.398593778995442e-05,1.929316122319799e-05,1.8394643210742952e-05,2.2971799633279402e-05,2.9901403366136357e-05,2.2383691457795422e-05
RepsRanparRQMC/RidgeJohnsonSU-8-Lat-Rv-RS-14-10000.dat,RidgeJohnsonSU,8,Lat-Rv,14,RS,False,-1.764043986333084e-05,0.00019036279775298752,-0.6817956524956663,32.14713280310463,    ,1.73060200717538e-05,1.2966112744513941e-05,1.301841980444507e-05,1.376629152881712e-05,1.2390506603489354e-05,1.1737181558876346e-05
RepsRanparRQMC/RidgeJohnsonSU-8-Lat-Rv-RSB-14-10000.dat,RidgeJohnsonSU,8,Lat-Rv,14,RS,True,5.736946981448783e-05,0.00024560212610916297,0.5817184063905746,119.37776807024942,    ,2.2330757265990702e-05,2.996404468283548e-06,2.863687058918469e-06,3.6201593308381727e-06,4.512522185340993e-06,3.4612590712098648e-06
RepsRanparRQMC/RidgeJohnsonSU-8-Lat-Rv-RS-16-10000.dat,RidgeJohnsonSU,8,Lat-Rv,16,RS,False,-4.449492337481602e-05,4.583657702068315e-05,-4.083000146188703,185.06403178803842,    ,4.168941345540962e-06,2.4233459801385607e-06,2.4116887159148387e-06,2.5811786023894078e-06,2.386109036304821e-06,2.2216084498154904e-06
RepsRanparRQMC/RidgeJohnsonSU-8-Lat-Rv-RSB-16-10000.dat,RidgeJohnsonSU,8,Lat-Rv,16,RS,True,5.562245848938916e-05,5.363881326662975e-05,0.6438839880965475,505.60721824679285,    ,4.879349609400199e-06,3.9714602103516584e-07,3.7132366133114426e-07,4.7670400128704897e-07,6.572096270496332e-07,4.638798540433569e-07
RepsFixedparRQMC/RidgeJohnsonSU-8-Sob-DS-6-10000.dat,RidgeJohnsonSU,8,Sob,6,DS,False,-0.0013356147963431305,0.03333635756581818,-1.4093914851025016,11.795659750252966,    ,0.003032361827413136,0.003926268887442908,0.004200694443944979,0.004109020953818202,0.003242402596926137,0.0031728346353799637
RepsFixedparRQMC/RidgeJohnsonSU-8-Sob-DS-8-10000.dat,RidgeJohnsonSU,8,Sob,8,DS,False,-0.00087957638895423,0.004178641124549308,-1.094128747934483,7.605284368438721,    ,0.00038065012049212464,0.0005407478785577304,0.0005755980634381157,0.0005468384848650172,0.00042524434440081816,0.0004246149190491317
RepsFixedparRQMC/RidgeJohnsonSU-8-Sob-DS-10-10000.dat,RidgeJohnsonSU,8,Sob,10,DS,False,-0.00014524921847844897,0.000398616747768184,-0.8724193870520862,6.452293356033173,    ,3.62589834962126e-05,4.812336489447582e-05,5.0913009978766686e-05,5.0142364508483065e-05,4.01285590462729e-05,3.976059419084975e-05
RepsFixedparRQMC/RidgeJohnsonSU-8-Sob-DS-12-10000.dat,RidgeJohnsonSU,8,Sob,12,DS,False,-5.9954231993789755e-05,3.836197622158337e-05,-0.8846457736658492,6.296874088534731,    ,3.491046893714272e-06,4.746173164890632e-06,5.0270919809810995e-06,4.876981145827784e-06,3.909212473922073e-06,3.872726810201735e-06
RepsFixedparRQMC/RidgeJohnsonSU-8-Sob-DS-14-10000.dat,RidgeJohnsonSU,8,Sob,14,DS,False,-2.786265090254685e-05,6.374164697265735e-06,-0.4471351070518386,3.753663938150459,    ,5.802458452485658e-07,8.838259231377995e-07,9.477784699191611e-07,9.129582554724241e-07,6.929797746670511e-07,7.049798639352557e-07
RepsFixedparRQMC/RidgeJohnsonSU-8-Sob-DS-16-10000.dat,RidgeJohnsonSU,8,Sob,16,DS,False,2.2107797945999596e-06,4.0356259168874697e-07,-0.6095011060333209,4.560914541322978,    ,3.669239588264085e-08,5.038481363517718e-08,5.345352053647447e-08,5.2935786601016704e-08,4.1435336930817636e-08,4.168207486430442e-08
RepsRanparRQMC/RidgeJohnsonSU-8-Sob-LMS-DS-6-10000.dat,RidgeJohnsonSU,8,Sob-LMS,6,DS,False,-0.0007298557552098735,0.0229723717232183,-1.8147842625365027,11.133602254597726,    ,0.002088930118806895,0.0025358364628471955,0.0027407866928687713,0.002724135477761765,0.0021544201107175603,0.0020933006152540285
RepsRanparRQMC/RidgeJohnsonSU-8-Sob-LMS-DS-8-10000.dat,RidgeJohnsonSU,8,Sob-LMS,8,DS,False,-0.0002195436099156306,0.003263911932094978,-1.6343439183274815,16.434389632279768,    ,0.0002967674659507437,0.00038055916016823267,0.0004095349716730172,0.0003979406731296684,0.0003093889464902163,0.00030927143057312085
RepsRanparRQMC/RidgeJohnsonSU-8-Sob-LMS-DS-10-10000.dat,RidgeJohnsonSU,8,Sob-LMS,10,DS,False,2.5909202211432246e-05,0.00038369956138185424,-1.1352040689878604,8.559373217524936,    ,3.488244959420053e-05,4.775674894277895e-05,5.045103769862873e-05,4.885718059298333e-05,3.8635697205169864e-05,3.833722374387979e-05
RepsRanparRQMC/RidgeJohnsonSU-8-Sob-LMS-DS-12-10000.dat,RidgeJohnsonSU,8,Sob-LMS,12,DS,False,0.00010210271400923834,4.219375901313843e-05,-0.7637881502412437,5.948949812822779,    ,3.846221238129728e-06,5.297293804879556e-06,5.619585481272824e-06,5.494677178210878e-06,4.346986500063825e-06,4.31614658761464e-06
RepsRanparRQMC/RidgeJohnsonSU-8-Sob-LMS-DS-14-10000.dat,RidgeJohnsonSU,8,Sob-LMS,14,DS,False,2.3014947179175794e-05,6.117406168991748e-06,-0.40999934695656914,3.8258566539250656,    ,5.566575213383646e-07,7.865942691156737e-07,8.30765829592787e-07,7.928195366348554e-07,6.381433909470066e-07,6.343148299255944e-07
RepsRanparRQMC/RidgeJohnsonSU-8-Sob-LMS-DS-16-10000.dat,RidgeJohnsonSU,8,Sob-LMS,16,DS,False,-1.6932289489758032e-05,4.492987101296868e-07,-0.5731297894085756,4.403504830469475,    ,4.1132039711881955e-08,5.5570887946779026e-08,5.823800590894516e-08,5.6271543049375846e-08,4.499840095188087e-08,4.472532929394514e-08
RepsRanparRQMC/RidgeJohnsonSU-8-Sob-NUS-6-10000.dat,RidgeJohnsonSU,8,Sob-NUS,6,NUS,False,-0.0011335009510494026,0.022985724750443096,-1.693518851231218,10.091534953958503,    ,0.002090896165355402,0.0025407649314157484,0.0027211555420120687,0.0026429943909776423,0.0021822771525331847,0.002077098990971166
RepsRanparRQMC/RidgeJohnsonSU-8-Sob-NUS-8-10000.dat,RidgeJohnsonSU,8,Sob-NUS,8,NUS,False,0.00020756543156978538,0.0033283502186572888,-1.468152956349175,11.53801321650591,    ,0.00030262037601359084,0.0003984553124199077,0.0004273956338386389,0.00041187568401934927,0.00032455638190051695,0.00032367384045500416
RepsRanparRQMC/RidgeJohnsonSU-8-Sob-NUS-10-10000.dat,RidgeJohnsonSU,8,Sob-NUS,10,NUS,False,-0.00012256427556043027,0.0003727898334562,-0.8931456238257328,5.564877754008375,    ,3.39050068612982e-05,4.5524550968477303e-05,4.843989053464079e-05,4.7911888142546766e-05,3.7676561173401784e-05,3.7704955220271456e-05
RepsRanparRQMC/RidgeJohnsonSU-8-Sob-NUS-12-10000.dat,RidgeJohnsonSU,8,Sob-NUS,12,NUS,False,2.7953482998354763e-05,4.296696170323714e-05,-0.6051059072318637,4.341418372971455,    ,3.906868824778752e-06,5.5637701711031825e-06,5.9150405698698505e-06,5.741175509155387e-06,4.541579237428385e-06,4.503802911378782e-06
RepsRanparRQMC/RidgeJohnsonSU-8-Sob-NUS-14-10000.dat,RidgeJohnsonSU,8,Sob-NUS,14,NUS,False,-2.671605277936564e-05,6.2212879332345555e-06,-0.45138956646901957,4.1581824956398545,    ,5.662853777701603e-07,8.132421522591566e-07,8.627255369918234e-07,8.39254751791792e-07,6.509160814847856e-07,6.609246638922324e-07
RepsRanparRQMC/RidgeJohnsonSU-8-Sob-NUS-16-10000.dat,RidgeJohnsonSU,8,Sob-NUS,16,NUS,False,-5.718411250888122e-07,4.354595177347301e-07,-0.4888918563229397,4.33598786916003,    ,3.9587555887247806e-08,5.763161057524736e-08,6.107287031279292e-08,5.965362722805118e-08,4.576187509814437e-08,4.652625576108923e-08
RepsFixedparRQMC/RidgeJohnsonSU-16-Lat-RS-6-10000.dat,RidgeJohnsonSU,16,Lat,6,RS,False,-0.0023437082689232794,0.05711330735034261,-1.220090488189642,6.4862883608773725,    ,0.005197611818480966,0.007205011314265403,0.007771548041702553,0.007573231883005192,0.005895181404256293,0.005889283357191568
RepsFixedparRQMC/RidgeJohnsonSU-16-Lat-RSB-6-10000.dat,RidgeJohnsonSU,16,Lat,6,RS,True,0.0003022331973265936,0.05872177572404268,-1.074781717117874,6.386820268840939,    ,0.00533843459254581,0.007793417132092057,0.008448576734810044,0.007994192604246912,0.006097301300892038,0.006101274926667635
RepsFixedparRQMC/RidgeJohnsonSU-16-Lat-RS-8-10000.dat,RidgeJohnsonSU,16,Lat,8,RS,False,0.0009457032283663857,0.014790052628465023,-0.6261591737864083,4.450888798801883,    ,0.0013454445935475083,0.001986545446234706,0.002110625489623714,0.0019987811839755855,0.001556225330210917,0.0015592902819039
RepsFixedparRQMC/RidgeJohnsonSU-16-Lat-RSB-8-10000.dat,RidgeJohnsonSU,16,Lat,8,RS,True,0.0008130347938097831,0.01693393294966515,-0.41928872334140926,3.3499115469543934,    ,0.0015401094755455045,0.002464259525847547,0.0026673291148322,0.002469022464339479,0.0018519993312077247,0.001887266832592852
RepsFixedparRQMC/RidgeJohnsonSU-16-Lat-RS-10-10000.dat,RidgeJohnsonSU,16,Lat,10,RS,False,-0.0003841281589149065,0.00296502998529582,-0.26688175128354646,3.5352141632698677,    ,0.0002696957349239095,0.00037933250555269017,0.0004023499656563524,0.00039409199064095366,0.00030829943735045376,0.0003103162671343912
RepsFixedparRQMC/RidgeJohnsonSU-16-Lat-RSB-10-10000.dat,RidgeJohnsonSU,16,Lat,10,RS,True,3.817921475599055e-05,0.001727751809391464,-0.35556685055143994,3.390394232983067,    ,0.00015706980396075428,0.00024459336774955095,0.00026392722900873977,0.00024211958728233366,0.00018681154414607553,0.00018988603167281024
RepsFixedparRQMC/RidgeJohnsonSU-16-Lat-RS-12-10000.dat,RidgeJohnsonSU,16,Lat,12,RS,False,0.00010828620005998213,0.0004637520908529625,-0.18333765682127293,3.0714567448599626,    ,4.2171006887756384e-05,6.425500304912238e-05,6.807161391408021e-05,6.44542080114338e-05,5.052463132415215e-05,5.071644974595382e-05
RepsFixedparRQMC/RidgeJohnsonSU-16-Lat-RSB-12-10000.dat,RidgeJohnsonSU,16,Lat,12,RS,True,0.00012629225128760974,0.00010090155977119415,-0.42076888553789327,3.72206769663953,    ,9.188818802843852e-06,1.3403223677472554e-05,1.4171033589056326e-05,1.3603742376409161e-05,1.0635760653947553e-05,1.0644166214776977e-05
RepsFixedparRQMC/RidgeJohnsonSU-16-Lat-RS-14-10000.dat,RidgeJohnsonSU,16,Lat,14,RS,False,-7.956535551894495e-05,7.897861541629982e-05,-0.043390852160175866,2.9431015292315093,    ,7.186204774553385e-06,1.113505958135723e-05,1.1816814726591537e-05,1.1347708791967945e-05,8.452958765337282e-06,8.809074588061078e-06
RepsFixedparRQMC/RidgeJohnsonSU-16-Lat-RSB-14-10000.dat,RidgeJohnsonSU,16,Lat,14,RS,True,2.354133924216826e-05,1.1035303078046028e-05,-0.27743698460903254,3.2648101961178826,    ,1.003763565384772e-06,1.5305548232333855e-06,1.639044896298704e-06,1.5570787924533543e-06,1.2188935766807586e-06,1.2132081278353386e-06
RepsFixedparRQMC/RidgeJohnsonSU-16-Lat-RS-16-10000.dat,RidgeJohnsonSU,16,Lat,16,RS,False,-4.135628731312739e-05,1.640865752029734e-05,-0.11210069133051981,3.042327152320115,    ,1.4934064807091751e-06,2.2469859735398777e-06,2.3941192856982826e-06,2.3045595502744945e-06,1.7993594148640266e-06,1.804973767442122e-06
RepsFixedparRQMC/RidgeJohnsonSU-16-Lat-RSB-16-10000.dat,RidgeJohnsonSU,16,Lat,16,RS,True,1.1124451421627923e-05,2.011197652783424e-06,-0.23218397206004313,3.2307586928910057,    ,1.8295990367247072e-07,2.826357485048952e-07,2.990220205050832e-07,2.768107795487918e-07,2.1807811830389822e-07,2.187610328715936e-07
RepsRanparRQMC/RidgeJohnsonSU-16-Lat-Rp-RS-6-10000.dat,RidgeJohnsonSU,16,Lat-Rp,6,RS,False,-0.0009466957173136427,0.07652361503981048,-1.6923175974774953,13.92867010058904,    ,0.006957588509127587,0.009055244207914408,0.009773594324042116,0.00937797786848641,0.007524806164867898,0.0072582907347496575
RepsRanparRQMC/RidgeJohnsonSU-16-Lat-Rp-RSB-6-10000.dat,RidgeJohnsonSU,16,Lat-Rp,6,RS,True,0.003662341500135073,0.06653854078992233,-1.9390777790215379,14.015188980651601,    ,0.006062370998892914,0.007853154653745703,0.00856776861773493,0.00816768106110641,0.006564310334646874,0.006277349793145324
RepsRanparRQMC/RidgeJohnsonSU-16-Lat-Rp-RS-8-10000.dat,RidgeJohnsonSU,16,Lat-Rp,8,RS,False,-0.0007458181923646396,0.018059694916862445,-0.8811656834151059,5.3867972480657995,    ,0.001642346691763557,0.002308780550844915,0.0024727181015513676,0.0023822070233969015,0.0018690885944266018,0.0018517557114816285
RepsRanparRQMC/RidgeJohnsonSU-16-Lat-Rp-RSB-8-10000.dat,RidgeJohnsonSU,16,Lat-Rp,8,RS,True,0.0002090474364740727,0.017002443566754677,-0.8669004618759342,5.1471194434154866,    ,0.001545720388717485,0.0020753633673830994,0.0021851508553799403,0.0021663895393931624,0.0017483909715720362,0.0017052526128975174
RepsRanparRQMC/RidgeJohnsonSU-16-Lat-Rp-RS-10-10000.dat,RidgeJohnsonSU,16,Lat-Rp,10,RS,False,-0.0005910374925778649,0.004335896719286057,-0.5056356619503423,4.10535802050535,    ,0.00039452175434363785,0.0005048080715535704,0.0005311748157922193,0.0005423869194025547,0.0004363549047302179,0.0004334093680464247
RepsRanparRQMC/RidgeJohnsonSU-16-Lat-Rp-RSB-10-10000.dat,RidgeJohnsonSU,16,Lat-Rp,10,RS,True,0.00029252721043350683,0.0040535836182698844,-0.44244046228249007,4.8522145033662465,    ,0.0003685931738297426,0.0003998603869397491,0.00040131748831859443,0.0004347778285721166,0.00038047542027012075,0.0003659650861430118
RepsRanparRQMC/RidgeJohnsonSU-16-Lat-Rp-RS-12-10000.dat,RidgeJohnsonSU,16,Lat-Rp,12,RS,False,0.00026773308341069706,0.0010528572056995394,-0.18617941114884923,4.3502920149367625,    ,9.578597243118346e-05,0.00012438535807591408,0.00012882715469629918,0.0001295232330084244,0.00010490132995148035,0.00010374732964381758
RepsRanparRQMC/RidgeJohnsonSU-16-Lat-Rp-RSB-12-10000.dat,RidgeJohnsonSU,16,Lat-Rp,12,RS,True,0.0006215108392393633,0.0009929565569188016,-0.3757600221432123,7.884239049834422,    ,9.065505362500125e-05,7.356923962807784e-05,7.249173305487352e-05,8.190522042055679e-05,7.905579147543027e-05,7.216007637783922e-05
RepsRanparRQMC/RidgeJohnsonSU-16-Lat-Rp-RS-14-10000.dat,RidgeJohnsonSU,16,Lat-Rp,14,RS,False,0.00024995436478553456,0.0002608634488446062,0.24220840408205987,6.977980303668541,    ,2.377733617034863e-05,2.5882467663191166e-05,2.6326462597734084e-05,2.7560895029796327e-05,2.3980538697589328e-05,2.32893210324009e-05
RepsRanparRQMC/RidgeJohnsonSU-16-Lat-Rp-RSB-14-10000.dat,RidgeJohnsonSU,16,Lat-Rp,14,RS,True,4.772559400088927e-05,0.00025727322679669555,0.18459617370999312,22.1044424336595,    ,2.3390752895658695e-05,1.2265251189442609e-05,1.1753943331442727e-05,1.4053192923545456e-05,1.477114104575434e-05,1.3022876086332713e-05
RepsRanparRQMC/RidgeJohnsonSU-16-Lat-Rp-RS-16-10000.dat,RidgeJohnsonSU,16,Lat-Rp,16,RS,False,7.21489349533101e-05,5.992680471982498e-05,0.5152078979438405,16.862943816599383,    ,5.453096806980804e-06,5.085351695121467e-06,5.155551842860532e-06,5.47822362843062e-06,4.799218378964108e-06,4.5960154499873035e-06
RepsRanparRQMC/RidgeJohnsonSU-16-Lat-Rp-RSB-16-10000.dat,RidgeJohnsonSU,16,Lat-Rp,16,RS,True,-2.6557167912045033e-05,5.84433635272958e-05,-1.2882472718784503,74.61791871275642,    ,5.31373833110349e-06,1.7393010140182738e-06,1.642448329349093e-06,2.0301853605171885e-06,2.301025694904076e-06,1.923295586160804e-06
RepsRanparRQMC/RidgeJohnsonSU-16-Lat-Rv-RS-6-10000.dat,RidgeJohnsonSU,16,Lat-Rv,6,RS,False,9.391161718595705e-05,0.060148493988605174,-1.468807370308424,9.21568226976039,    ,0.0054680537274468585,0.00729402580646084,0.007959197722945474,0.007730732833554902,0.006033365814044181,0.005941267201962949
RepsRanparRQMC/RidgeJohnsonSU-16-Lat-Rv-RSB-6-10000.dat,RidgeJohnsonSU,16,Lat-Rv,6,RS,True,-0.00012885439197604905,0.059024792109252135,-0.9779291955650408,5.207418071200294,    ,0.005365906795204526,0.007919734830722934,0.008561387310927515,0.008061065676148775,0.006089291626616601,0.00615976265670229
RepsRanparRQMC/RidgeJohnsonSU-16-Lat-Rv-RS-8-10000.dat,RidgeJohnsonSU,16,Lat-Rv,8,RS,False,-0.0004315529431013037,0.013238043751324128,-0.742530791235856,4.5895426435470235,    ,0.0012036447607903472,0.0016548136974163256,0.0017593614705103747,0.0017281351687714825,0.0013726239325930918,0.001356062649227682
RepsRanparRQMC/RidgeJohnsonSU-16-Lat-Rv-RSB-8-10000.dat,RidgeJohnsonSU,16,Lat-Rv,8,RS,True,0.0012417075958336152,0.015157105902324872,-0.5614852250919018,4.100496248712952,    ,0.001379460556146721,0.0019101159618388826,0.00202610029570564,0.0019834927296747385,0.0015766174547493417,0.0015712975344416285
RepsRanparRQMC/RidgeJohnsonSU-16-Lat-Rv-RS-10-10000.dat,RidgeJohnsonSU,16,Lat-Rv,10,RS,False,-0.00010114886922025052,0.003209410038556375,-0.33725010061338434,3.771372145713614,    ,0.000291774780053415,0.00038828623317049404,0.0004058069663221997,0.0004125854024146325,0.00032603095852859633,0.00032647715860788706
RepsRanparRQMC/RidgeJohnsonSU-16-Lat-Rv-RSB-10-10000.dat,RidgeJohnsonSU,16,Lat-Rv,10,RS,True,3.1207409976112196e-05,0.003573493515580212,-0.29028772848213785,4.916212020069627,    ,0.0003248640207733658,0.0002664908793973181,0.00026138909585535864,0.0003231885973048703,0.0003108746422814025,0.0002837309649088669
RepsRanparRQMC/RidgeJohnsonSU-16-Lat-Rv-RS-12-10000.dat,RidgeJohnsonSU,16,Lat-Rv,12,RS,False,-6.195442789511274e-06,0.0008136809533208556,-0.1587109645705203,4.831132650693576,    ,7.397103413995279e-05,8.817562093421767e-05,9.045033640846664e-05,9.350757115707183e-05,7.713690438695626e-05,7.67081678145395e-05
RepsRanparRQMC/RidgeJohnsonSU-16-Lat-Rv-RSB-12-10000.dat,RidgeJohnsonSU,16,Lat-Rv,12,RS,True,-0.00033196314099497574,0.0009214330984810259,-0.1534779835301779,10.2618678579792,    ,8.387684484343614e-05,3.4308374184408065e-05,3.1595643653387416e-05,4.4698127513281e-05,5.398017871082298e-05,4.4159719257270505e-05
RepsRanparRQMC/RidgeJohnsonSU-16-Lat-Rv-RS-14-10000.dat,RidgeJohnsonSU,16,Lat-Rv,14,RS,False,-0.00015681745466170015,0.00020049599921145465,0.06862120165425441,10.441695377009461,    ,1.8251500733309724e-05,1.8620089088848957e-05,1.888647850086849e-05,1.9648296086446758e-05,1.6930384531053397e-05,1.6429012588692856e-05
RepsRanparRQMC/RidgeJohnsonSU-16-Lat-Rv-RSB-14-10000.dat,RidgeJohnsonSU,16,Lat-Rv,14,RS,True,9.066782878748609e-05,0.00022268382519791333,-0.11040057657625962,33.26827682404041,    ,2.0252204764078247e-05,5.073870019293951e-06,4.834815995977278e-06,6.014695203358141e-06,7.450654288296685e-06,5.797411395404718e-06
RepsRanparRQMC/RidgeJohnsonSU-16-Lat-Rv-RS-16-10000.dat,RidgeJohnsonSU,16,Lat-Rv,16,RS,False,2.369564069617458e-06,4.758750246336198e-05,0.6383204325888532,26.868346244529935,    ,4.326142202412241e-06,3.6778894178426885e-06,3.6965243980382383e-06,3.814730811413932e-06,3.2855138428716034e-06,3.2145211707961066e-06
RepsRanparRQMC/RidgeJohnsonSU-16-Lat-Rv-RSB-16-10000.dat,RidgeJohnsonSU,16,Lat-Rv,16,RS,True,3.82557882912379e-05,5.2323138479961094e-05,0.07866083917491347,134.3566050925557,    ,4.7581124580615195e-06,8.46251323592378e-07,8.247240978373798e-07,9.905664300783902e-07,1.0674107769938833e-06,9.121016698563205e-07
RepsFixedparRQMC/RidgeJohnsonSU-16-Sob-DS-6-10000.dat,RidgeJohnsonSU,16,Sob,6,DS,False,0.0019967281616951925,0.04032520724832332,-1.3687885563628668,7.49980262366059,    ,0.0036699148550174633,0.004915158886954164,0.005314570348636305,0.005167718784367996,0.00407817583436389,0.003996729925582557
RepsFixedparRQMC/RidgeJohnsonSU-16-Sob-DS-8-10000.dat,RidgeJohnsonSU,16,Sob,8,DS,False,0.0006933248195855442,0.0056564315214390135,-0.7614640190668314,4.701072691327191,    ,0.0005147017467090001,0.0007199434037289732,0.0007618196631840428,0.0007397946675541563,0.0005801225733903662,0.0005800921185525656
RepsFixedparRQMC/RidgeJohnsonSU-16-Sob-DS-10-10000.dat,RidgeJohnsonSU,16,Sob,10,DS,False,-0.00012755191971111285,0.0010302807298395026,-0.39973079269740447,3.508610616836333,    ,9.367815402308586e-05,0.00013813197472153745,0.00014701869481468873,0.0001431597434801272,0.00010939141567750558,0.00011229498976884087
RepsFixedparRQMC/RidgeJohnsonSU-16-Sob-DS-12-10000.dat,RidgeJohnsonSU,16,Sob,12,DS,False,-0.00022589094219283262,0.00011925234734241778,-0.42094531343124025,3.8284558329433835,    ,1.0892149203439109e-05,1.5209065141364692e-05,1.623130591266123e-05,1.6196125306929863e-05,1.2599632270428638e-05,1.2655318886737932e-05
RepsFixedparRQMC/RidgeJohnsonSU-16-Sob-DS-14-10000.dat,RidgeJohnsonSU,16,Sob,14,DS,False,-3.5105823848136545e-05,1.703988461981124e-05,-0.37220899320872386,2.967113553767271,    ,1.5503128388508963e-06,2.490561311838282e-06,2.7027636095574495e-06,2.537864725471065e-06,1.9015981908854437e-06,1.9361093647443464e-06
RepsFixedparRQMC/RidgeJohnsonSU-16-Sob-DS-16-10000.dat,RidgeJohnsonSU,16,Sob,16,DS,False,-3.2197515019452714e-05,1.7604420258832563e-06,-0.25677178622766933,3.076601811316607,    ,1.6107686414463298e-07,2.365413562469605e-07,2.529448611408281e-07,2.454770448330871e-07,1.9190399988231128e-07,1.9193142476933266e-07
RepsRanparRQMC/RidgeJohnsonSU-16-Sob-LMS-DS-6-10000.dat,RidgeJohnsonSU,16,Sob-LMS,6,DS,False,0.0015959450724084153,0.029312742734252294,-1.3020752201841739,6.919188413479139,    ,0.0026673418346970803,0.003719494589047354,0.004026919658261398,0.0038301719370271597,0.003084938353330413,0.0029646582079312046
RepsRanparRQMC/RidgeJohnsonSU-16-Sob-LMS-DS-8-10000.dat,RidgeJohnsonSU,16,Sob-LMS,8,DS,False,0.0008888729517542993,0.005325050809496016,-1.206670418204688,8.792098611723999,    ,0.00048488562326036184,0.0006641107298479751,0.0007071622505493035,0.0006765306528749503,0.000547516418329246,0.0005327929135181132
RepsRanparRQMC/RidgeJohnsonSU-16-Sob-LMS-DS-10-10000.dat,RidgeJohnsonSU,16,Sob-LMS,10,DS,False,-0.00016227641473453178,0.000841924132059606,-0.6547542162493445,5.266610053368697,    ,7.656489109474328e-05,0.00010842137987394295,0.00011501189971768924,0.00011123425089253814,8.776354212232847e-05,8.799418273329876e-05
RepsRanparRQMC/RidgeJohnsonSU-16-Sob-LMS-DS-12-10000.dat,RidgeJohnsonSU,16,Sob-LMS,12,DS,False,-6.0840900771963645e-05,0.00014401160644188858,-0.348298816240204,3.4411928911339706,    ,1.3095665837196614e-05,1.9314886102430494e-05,2.0415965983670058e-05,1.9373929120921658e-05,1.548263462378446e-05,1.528371156074031e-05
RepsRanparRQMC/RidgeJohnsonSU-16-Sob-LMS-DS-14-10000.dat,RidgeJohnsonSU,16,Sob-LMS,14,DS,False,-6.123537974935905e-06,2.7484488625171215e-05,-0.14971663206258667,3.0843011081881646,    ,2.4986273727328955e-06,3.5491809447604926e-06,3.7671637467282337e-06,3.735607008899314e-06,2.9243937141951773e-06,2.951305337343038e-06
RepsRanparRQMC/RidgeJohnsonSU-16-Sob-LMS-DS-16-10000.dat,RidgeJohnsonSU,16,Sob-LMS,16,DS,False,9.173532492822587e-06,3.246064538404736e-06,-0.15979680850973843,2.8498327548260765,    ,2.9518092991700926e-07,5.078341453351456e-07,5.500747025058558e-07,4.977428281108017e-07,3.6480072200798266e-07,3.799064571379168e-07
RepsRanparRQMC/RidgeJohnsonSU-16-Sob-NUS-6-10000.dat,RidgeJohnsonSU,16,Sob-NUS,6,NUS,False,0.0006177590205593304,0.0318634280147626,-1.634755524839712,9.442895703117825,    ,0.0028970569002768095,0.0037467184117823266,0.004038803939614744,0.0039381912328786016,0.00314247979981923,0.00305104136407835
RepsRanparRQMC/RidgeJohnsonSU-16-Sob-NUS-8-10000.dat,RidgeJohnsonSU,16,Sob-NUS,8,NUS,False,-0.00037936536487082723,0.005410028531452883,-1.6381757304326285,21.23202057625953,    ,0.0004919646936666893,0.0006289252447670924,0.000667455398168119,0.0006495453079800406,0.0005256643351505938,0.0005167813370916242
RepsRanparRQMC/RidgeJohnsonSU-16-Sob-NUS-10-10000.dat,RidgeJohnsonSU,16,Sob-NUS,10,NUS,False,-0.00014493981125582864,0.0008682138807244216,-0.5951519668893707,4.207128423639907,    ,7.894954216019794e-05,0.00011499080775927915,0.00012220605081762645,0.00011775967877830493,9.187383079370412e-05,9.210764955780757e-05
RepsRanparRQMC/RidgeJohnsonSU-16-Sob-NUS-12-10000.dat,RidgeJohnsonSU,16,Sob-NUS,12,NUS,False,-0.00015806954335784127,0.00014530810664650686,-0.3153715742825674,3.3612634719581775,    ,1.3234813857492526e-05,1.9226666843004066e-05,2.0319238755049283e-05,1.930731875072926e-05,1.5281204096879135e-05,1.5210877922930932e-05
RepsRanparRQMC/RidgeJohnsonSU-16-Sob-NUS-14-10000.dat,RidgeJohnsonSU,16,Sob-NUS,14,NUS,False,-0.00013933258173780424,2.7843457910249097e-05,-0.13912552162492048,3.2890433879619345,    ,2.5506370147200034e-06,3.4947727148380196e-06,3.6542512909817125e-06,3.6634728669457404e-06,2.9217390564164206e-06,2.9351182801221382e-06
RepsRanparRQMC/RidgeJohnsonSU-16-Sob-NUS-16-10000.dat,RidgeJohnsonSU,16,Sob-NUS,16,NUS,False,2.8560577205645355e-05,3.2888665089002305e-06,-0.14062163122041713,2.758978558365096,    ,2.998035710157951e-07,4.94539828982974e-07,5.367112610162042e-07,5.04424489225929e-07,3.7222168563885825e-07,3.8774991883012e-07
RepsFixedparRQMC/RidgeJohnsonSU-32-Lat-RS-6-10000.dat,RidgeJohnsonSU,32,Lat,6,RS,False,-0.003975573550499461,0.059067892520073016,-1.2927416844947137,7.328611999137895,    ,0.00538561359597116,0.007303457313863097,0.007850862057987773,0.007560557923615861,0.005970194631180036,0.005862214239567955
RepsFixedparRQMC/RidgeJohnsonSU-32-Lat-RSB-6-10000.dat,RidgeJohnsonSU,32,Lat,6,RS,True,-0.002430782777641353,0.0600288689208738,-1.1528730973398786,5.999693393293284,    ,0.005463078606809696,0.007694522796780135,0.00835669550489526,0.008245729654417104,0.006293123985326969,0.006302825810715967
RepsFixedparRQMC/RidgeJohnsonSU-32-Lat-RS-8-10000.dat,RidgeJohnsonSU,32,Lat,8,RS,False,-0.0009225282003361741,0.013646474639627008,-0.5927173990791266,3.843789610661575,    ,0.0012414396618828708,0.0018685269506112682,0.0019876672743476226,0.001921232632079061,0.001497269122587096,0.001500895564969028
RepsFixedparRQMC/RidgeJohnsonSU-32-Lat-RSB-8-10000.dat,RidgeJohnsonSU,32,Lat,8,RS,True,-0.0012554649977044713,0.017430888279076105,-0.5641313542414869,3.6756091217313585,    ,0.0015862023995491979,0.002387171468232143,0.002561686489222785,0.0024441762674419897,0.001883166262906699,0.0018956613831217222
RepsFixedparRQMC/RidgeJohnsonSU-32-Lat-RS-10-10000.dat,RidgeJohnsonSU,32,Lat,10,RS,False,-0.00165109164973638,0.00291002783073037,-0.440176836076872,3.6221659676082933,    ,0.000267274088247681,0.0003714448608252657,0.000393293839959459,0.00038760439877136375,0.00029665266510070043,0.0003025004096338879
RepsFixedparRQMC/RidgeJohnsonSU-32-Lat-RSB-10-10000.dat,RidgeJohnsonSU,32,Lat,10,RS,True,-0.0012533345329883464,0.002545065962708431,-0.17741814971894923,2.770363133027529,    ,0.00023294048042507486,0.0004040807482070109,0.0004391987505319727,0.0003925328417230245,0.00028374592806952874,0.0002974481217622414
RepsFixedparRQMC/RidgeJohnsonSU-32-Lat-RS-12-10000.dat,RidgeJohnsonSU,32,Lat,12,RS,False,-0.0006510906917964425,0.0009133146895323147,-0.5042694102011573,3.204288893406537,    ,8.345252722824531e-05,0.00012644702300988213,0.00013553883742941698,0.00013174621209092446,0.0001003854896177261,0.0001019287903607552
RepsFixedparRQMC/RidgeJohnsonSU-32-Lat-RSB-12-10000.dat,RidgeJohnsonSU,32,Lat,12,RS,True,-0.0011929857794074586,0.0016122728950955416,-0.023670473938752826,1.886962107392027,    ,0.00014799347826037221,0.00037630857334238594,0.00042947767597475864,0.00034251562006533387,0.00020856043938298282,0.00023969763031882714
RepsFixedparRQMC/RidgeJohnsonSU-32-Lat-RS-14-10000.dat,RidgeJohnsonSU,32,Lat,14,RS,False,3.820609216193238e-05,0.00011700841090939958,-0.12757660382799532,3.014356998681008,    ,1.0638587969969157e-05,1.5713907121468144e-05,1.6779021389412603e-05,1.6248154247836743e-05,1.2400096488965355e-05,1.2671236675785042e-05
RepsFixedparRQMC/RidgeJohnsonSU-32-Lat-RSB-14-10000.dat,RidgeJohnsonSU,32,Lat,14,RS,True,-5.4783002143923135e-05,2.2687633387486992e-05,-0.14360764986313473,3.108789399901805,    ,2.065513303459082e-06,3.0356848663145723e-06,3.229010716899015e-06,3.1017829758468867e-06,2.393602861580207e-06,2.436765057545621e-06
RepsFixedparRQMC/RidgeJohnsonSU-32-Lat-RS-16-10000.dat,RidgeJohnsonSU,32,Lat,16,RS,False,-4.778925612577496e-05,2.9744093835884228e-05,-0.1836800886688867,2.927217607083972,    ,2.7062923435359848e-06,4.3182487760349345e-06,4.5993794255988605e-06,4.386004665089146e-06,3.256210660235881e-06,3.3758130115241946e-06
RepsFixedparRQMC/RidgeJohnsonSU-32-Lat-RSB-16-10000.dat,RidgeJohnsonSU,32,Lat,16,RS,True,-4.356140957341357e-05,8.513384919791688e-06,-0.14476791606076123,2.985374752502831,    ,7.758416800214488e-07,1.1580817539327996e-06,1.2329819116482246e-06,1.17810373546594e-06,9.29717846335262e-07,9.248061976721799e-07
RepsRanparRQMC/RidgeJohnsonSU-32-Lat-Rp-RS-6-10000.dat,RidgeJohnsonSU,32,Lat-Rp,6,RS,False,0.004479489647351997,0.07498307705581346,-1.7422972748111631,14.688723648370972,    ,0.006836709196211048,0.00919114199166065,0.010034952129381387,0.009600593399023999,0.007574382565694982,0.007409178648394329
RepsRanparRQMC/RidgeJohnsonSU-32-Lat-Rp-RSB-6-10000.dat,RidgeJohnsonSU,32,Lat-Rp,6,RS,True,-0.0027061401237240086,0.07047456986656571,-1.7795334614276856,10.950496285236033,    ,0.00641410227314793,0.008301347821608457,0.009092521279483304,0.008711480330033524,0.006803400387536577,0.006648491908930075
RepsRanparRQMC/RidgeJohnsonSU-32-Lat-Rp-RS-8-10000.dat,RidgeJohnsonSU,32,Lat-Rp,8,RS,False,-0.00011577106790597557,0.017762341281396116,-0.9382438543676207,5.886615250657346,    ,0.001614771701248902,0.002252275898146704,0.002420610347930525,0.0023980855477939256,0.0018383757936550997,0.0018581478498426566
RepsRanparRQMC/RidgeJohnsonSU-32-Lat-Rp-RSB-8-10000.dat,RidgeJohnsonSU,32,Lat-Rp,8,RS,True,-0.0008470896072257243,0.017219977896243778,-0.8558740726094155,5.378540457912347,    ,0.0015661700968248315,0.0021288051741477844,0.0022746262147628968,0.0022020336538562586,0.0017528136468024477,0.0017228947325242639
RepsRanparRQMC/RidgeJohnsonSU-32-Lat-Rp-RS-10-10000.dat,RidgeJohnsonSU,32,Lat-Rp,10,RS,False,0.0006867477049201206,0.00425178234918365,-0.4365155175398661,3.7220464703693352,    ,0.0003869972905178176,0.0005599051668108956,0.000593518454945062,0.0005880198397665893,0.00045332718766005195,0.0004607839007380983
RepsRanparRQMC/RidgeJohnsonSU-32-Lat-Rp-RSB-10-10000.dat,RidgeJohnsonSU,32,Lat-Rp,10,RS,True,-0.0003887510326749355,0.0042003670414093195,-0.33177527206472274,3.7173499074445213,    ,0.00038200267658443485,0.0005177836508726878,0.0005415436083383197,0.0005342291855117973,0.0004262046506048758,0.0004250631351135115
RepsRanparRQMC/RidgeJohnsonSU-32-Lat-Rp-RS-12-10000.dat,RidgeJohnsonSU,32,Lat-Rp,12,RS,False,0.0005920503031967961,0.0010724050632416357,-0.19947850687525334,3.501967629934152,    ,9.784189294711866e-05,0.00013926052084971112,0.00014617537496637424,0.00014259567674174703,0.00011290610741911822,0.00011255809002838971
RepsRanparRQMC/RidgeJohnsonSU-32-Lat-Rp-RSB-12-10000.dat,RidgeJohnsonSU,32,Lat-Rp,12,RS,True,-0.00016778846519647063,0.001104870679239135,-0.299026920330558,4.460916727689474,    ,0.00010047094199079253,0.00011218346846487229,0.00011550937684752722,0.0001231771196481382,0.00010375965029003984,0.00010074231944325884
RepsRanparRQMC/RidgeJohnsonSU-32-Lat-Rp-RS-14-10000.dat,RidgeJohnsonSU,32,Lat-Rp,14,RS,False,3.807484671576e-05,0.0002620103227733922,-0.12704548997698967,4.249198748594651,    ,2.382056994607899e-05,3.0193185971418546e-05,3.1123614562990795e-05,3.12190248314319e-05,2.5575521198708146e-05,2.5348699553321475e-05
RepsRanparRQMC/RidgeJohnsonSU-32-Lat-Rp-RSB-14-10000.dat,RidgeJohnsonSU,32,Lat-Rp,14,RS,True,0.0001546841485523933,0.0002824666344999045,-0.16000115551457705,7.90020198623511,    ,2.570271214035015e-05,2.0557945800964514e-05,2.008696341386209e-05,2.25910617273022e-05,2.175311029897617e-05,1.9897357315103323e-05
RepsRanparRQMC/RidgeJohnsonSU-32-Lat-Rp-RS-16-10000.dat,RidgeJohnsonSU,32,Lat-Rp,16,RS,False,4.806500561233084e-06,6.940670223600461e-05,0.03655138142669735,7.94622214137369,    ,6.309723305720791e-06,6.688003843003193e-06,6.7550358133805015e-06,6.949496285671052e-06,5.998465576754565e-06,5.8069595973940545e-06
RepsRanparRQMC/RidgeJohnsonSU-32-Lat-Rp-RSB-16-10000.dat,RidgeJohnsonSU,32,Lat-Rp,16,RS,True,-9.964869945106676e-05,7.259331152433797e-05,-0.539990060905443,22.99453060363571,    ,6.609321820060286e-06,3.6055285196818097e-06,3.580032439043955e-06,4.171459517382399e-06,4.088332803838225e-06,3.691602477748996e-06
RepsRanparRQMC/RidgeJohnsonSU-32-Lat-Rv-RS-6-10000.dat,RidgeJohnsonSU,32,Lat-Rv,6,RS,False,-0.0025214283566799708,0.059746690353717574,-1.383427355782586,8.06060277094645,    ,0.005437874905841285,0.007091035914490036,0.007685023531476395,0.0074001401579756815,0.005857347946182387,0.005756261859587173
RepsRanparRQMC/RidgeJohnsonSU-32-Lat-Rv-RSB-6-10000.dat,RidgeJohnsonSU,32,Lat-Rv,6,RS,True,0.0027543431346123064,0.060394076119714375,-1.0259660558022843,5.365824713007558,    ,0.005497956962440857,0.008523195185854766,0.009204202298341685,0.00852953571777322,0.006571639742790563,0.006560525883943114
RepsRanparRQMC/RidgeJohnsonSU-32-Lat-Rv-RS-8-10000.dat,RidgeJohnsonSU,32,Lat-Rv,8,RS,False,0.0011931176811379167,0.013626353294217006,-0.6979475220434429,4.244527327883634,    ,0.001240182920184408,0.001815643839415581,0.0019453080790723264,0.0018633440487122706,0.0014443974035734987,0.001449342450079712
RepsRanparRQMC/RidgeJohnsonSU-32-Lat-Rv-RSB-8-10000.dat,RidgeJohnsonSU,32,Lat-Rv,8,RS,True,0.0004988362279222617,0.015537739831036495,-0.5903195251619866,3.817345776563642,    ,0.0014127706404037873,0.0021318078683109734,0.0022734785124932616,0.0021709450471264556,0.0017050252001019849,0.001694096425093627
RepsRanparRQMC/RidgeJohnsonSU-32-Lat-Rv-RS-10-10000.dat,RidgeJohnsonSU,32,Lat-Rv,10,RS,False,0.0003722107586989998,0.0033740734615546565,-0.41580013027706697,3.6545275540612674,    ,0.0003068724918993146,0.0004304860388534841,0.0004532436775680547,0.0004507210397259899,0.00035074266658509915,0.0003573349851618397
RepsRanparRQMC/RidgeJohnsonSU-32-Lat-Rv-RSB-10-10000.dat,RidgeJohnsonSU,32,Lat-Rv,10,RS,True,-0.0003583990223852906,0.003836726408175295,-0.25763207518110226,3.6782942688726967,    ,0.00034892175969336445,0.0004689065772831442,0.0004892320943133982,0.0004898733144994479,0.0004072652029477601,0.00039324368152645733
RepsRanparRQMC/RidgeJohnsonSU-32-Lat-Rv-RS-12-10000.dat,RidgeJohnsonSU,32,Lat-Rv,12,RS,False,0.00026122631053573757,0.0008163262763303055,-0.1502720119091017,3.4249604607043445,    ,7.427971885170751e-05,0.00010556712028694016,0.00011124269029408694,0.00010919108763706363,8.477000365896381e-05,8.544110036409437e-05
RepsRanparRQMC/RidgeJohnsonSU-32-Lat-Rv-RSB-12-10000.dat,RidgeJohnsonSU,32,Lat-Rv,12,RS,True,3.7273416841119314e-05,0.0009596754051340405,-0.1048255946041454,4.884929882485339,    ,8.724460795615214e-05,7.37661004484513e-05,7.257158475484076e-05,8.806990976796044e-05,8.437864936667972e-05,7.736347120036533e-05
RepsRanparRQMC/RidgeJohnsonSU-32-Lat-Rv-RS-14-10000.dat,RidgeJohnsonSU,32,Lat-Rv,14,RS,False,-1.8981780577234075e-05,0.00021072150979955476,0.02604284057533105,4.567928881793098,    ,1.91568611988625e-05,2.296213373339814e-05,2.349406268792407e-05,2.3809991013919997e-05,1.9962635400180028e-05,1.9336827005472343e-05
RepsRanparRQMC/RidgeJohnsonSU-32-Lat-Rv-RSB-14-10000.dat,RidgeJohnsonSU,32,Lat-Rv,14,RS,True,7.437479671551404e-05,0.0002475972338284955,-0.012497119499898087,9.818870875197453,    ,2.2514371049340607e-05,9.19644295393806e-06,8.423159762076371e-06,1.168165069221844e-05,1.4421814803221084e-05,1.1505609174266465e-05
RepsRanparRQMC/RidgeJohnsonSU-32-Lat-Rv-RS-16-10000.dat,RidgeJohnsonSU,32,Lat-Rv,16,RS,False,-2.277421186931845e-05,5.2912675407656694e-05,0.024651601983069683,10.50887726495479,    ,4.810761883604149e-06,4.753457861262586e-06,4.770974191628278e-06,4.963585292233642e-06,4.3035963106250825e-06,4.146917228424639e-06
RepsRanparRQMC/RidgeJohnsonSU-32-Lat-Rv-RSB-16-10000.dat,RidgeJohnsonSU,32,Lat-Rv,16,RS,True,-0.0001042685811807341,6.064519841723748e-05,-0.7351258707650743,31.628760765999285,    ,5.524071793133941e-06,1.340730514483053e-06,1.2705564690913387e-06,1.537781621227004e-06,2.0450990104066577e-06,1.5065177307346603e-06
RepsFixedparRQMC/RidgeJohnsonSU-32-Sob-DS-6-10000.dat,RidgeJohnsonSU,32,Sob,6,DS,False,0.002810039673582723,0.03657638125855393,-1.2695085010209362,7.634777505817077,    ,0.0033330218919265576,0.0047532044138354134,0.005158680813098024,0.004956053036800021,0.0038052858791902807,0.0037834668465645473
RepsFixedparRQMC/RidgeJohnsonSU-32-Sob-DS-8-10000.dat,RidgeJohnsonSU,32,Sob,8,DS,False,0.0013434780413534083,0.0075441364756254955,-0.9319705679324629,6.852802601968527,    ,0.0006876355219408257,0.00095776552250688,0.0010222782430534653,0.0010177682213708794,0.0007884893471143058,0.00079386930653551
RepsFixedparRQMC/RidgeJohnsonSU-32-Sob-DS-10-10000.dat,RidgeJohnsonSU,32,Sob,10,DS,False,0.0006073779389255642,0.0016687499028487152,-0.4244005581828895,3.576215714177986,    ,0.00015207344458330395,0.00022516211377504215,0.0002382049248167962,0.00023205395633243362,0.00018378717584966147,0.00018305522293545162
RepsFixedparRQMC/RidgeJohnsonSU-32-Sob-DS-12-10000.dat,RidgeJohnsonSU,32,Sob,12,DS,False,-0.00029658088377887355,0.0003063373959065316,-0.24089135883670712,3.2170256866242184,    ,2.793681439394411e-05,4.057352644763847e-05,4.292494278222054e-05,4.085878570506899e-05,3.2256893789606126e-05,3.2270589094251415e-05
RepsFixedparRQMC/RidgeJohnsonSU-32-Sob-DS-14-10000.dat,RidgeJohnsonSU,32,Sob,14,DS,False,4.186401251552665e-05,5.743968296381069e-05,-0.12557365571025375,2.8240081429571164,    ,5.223541955890326e-06,8.220737866536757e-06,8.810862694060776e-06,8.261513360295147e-06,6.258144027069565e-06,6.374053724370327e-06
RepsFixedparRQMC/RidgeJohnsonSU-32-Sob-DS-16-10000.dat,RidgeJohnsonSU,32,Sob,16,DS,False,-5.649070242879084e-08,5.044176370819006e-06,-0.08159039742897406,2.8799900338645057,    ,4.585614914474727e-07,7.149889973084335e-07,7.626497279416683e-07,7.351000215918311e-07,5.551705261842761e-07,5.691935635665933e-07
RepsRanparRQMC/RidgeJohnsonSU-32-Sob-LMS-DS-6-10000.dat,RidgeJohnsonSU,32,Sob-LMS,6,DS,False,-0.005934905851918083,0.0388525638635614,-1.9296503436633634,15.325044393031975,    ,0.0035672743677948953,0.004418710377618603,0.004720292768911541,0.004669634210088871,0.0037004528074621418,0.003613730219344623
RepsRanparRQMC/RidgeJohnsonSU-32-Sob-LMS-DS-8-10000.dat,RidgeJohnsonSU,32,Sob-LMS,8,DS,False,-8.353797368100535e-05,0.009042861068955582,-0.8469315849379614,5.272920784883754,    ,0.0008220852575890088,0.0011853776215098265,0.0012630453287224394,0.0012304111022387947,0.0009472961944350866,0.0009549782478121857
RepsRanparRQMC/RidgeJohnsonSU-32-Sob-LMS-DS-10-10000.dat,RidgeJohnsonSU,32,Sob-LMS,10,DS,False,1.4242146661416827e-05,0.0017747160052160814,-0.31795184491907164,3.2193379243272617,    ,0.00016133802149474893,0.00024426585477280903,0.00026015472707255523,0.0002442620756277112,0.0001925986849794757,0.00019224401333719246
RepsRanparRQMC/RidgeJohnsonSU-32-Sob-LMS-DS-12-10000.dat,RidgeJohnsonSU,32,Sob-LMS,12,DS,False,0.0002784775774141856,0.00048439902372991386,-0.17952539042903023,2.7096675786903295,    ,4.41138246456601e-05,7.348129145232806e-05,8.001042856244252e-05,7.219911038026506e-05,5.3501183030054764e-05,5.534512745759634e-05
RepsRanparRQMC/RidgeJohnsonSU-32-Sob-LMS-DS-14-10000.dat,RidgeJohnsonSU,32,Sob-LMS,14,DS,False,-4.105549310791129e-05,5.3471055478592576e-05,-0.11656936185812035,3.0608380451963777,    ,4.862690597022749e-06,7.423638735211438e-06,7.84406909045823e-06,7.4940985567750904e-06,5.844938448133447e-06,5.865858882399434e-06
RepsRanparRQMC/RidgeJohnsonSU-32-Sob-LMS-DS-16-10000.dat,RidgeJohnsonSU,32,Sob-LMS,16,DS,False,3.097268069561701e-06,6.045015194089341e-06,-0.07204903215710749,3.0707728289855485,    ,5.495564288957985e-07,8.2499775407856e-07,8.748670081346825e-07,8.439177306844507e-07,6.531969646149681e-07,6.624662412382144e-07
RepsRanparRQMC/RidgeJohnsonSU-32-Sob-NUS-6-10000.dat,RidgeJohnsonSU,32,Sob-NUS,6,NUS,False,0.001521152054018896,0.03612153757545543,-1.4871754288955636,8.770432939959987,    ,0.0032860900467946664,0.004774923582217835,0.005177054596662609,0.004884620627267478,0.003753158609248854,0.00371114219935894
RepsRanparRQMC/RidgeJohnsonSU-32-Sob-NUS-8-10000.dat,RidgeJohnsonSU,32,Sob-NUS,8,NUS,False,-0.0005943697899114577,0.009166212730367019,-0.8788592459647527,6.184590715159968,    ,0.0008336453418441611,0.0012165941307473122,0.0012993203633163244,0.0012345835878909703,0.0009458858496901674,0.0009549598710639525
RepsRanparRQMC/RidgeJohnsonSU-32-Sob-NUS-10-10000.dat,RidgeJohnsonSU,32,Sob-NUS,10,NUS,False,0.00026801150953304495,0.0018162219385798935,-0.3906354245787217,3.354267403112048,    ,0.00016518291549468705,0.0002482928017761274,0.0002629267848531232,0.0002476298105188266,0.00019373023037930196,0.00019281013016027358
RepsRanparRQMC/RidgeJohnsonSU-32-Sob-NUS-12-10000.dat,RidgeJohnsonSU,32,Sob-NUS,12,NUS,False,-0.00033992047679706435,0.0004857213787039776,-0.15330118278655552,2.8214745352739956,    ,4.427203490363482e-05,7.164058670760782e-05,7.761183463614026e-05,7.301777604804201e-05,5.455441176989304e-05,5.5827654887712316e-05
RepsRanparRQMC/RidgeJohnsonSU-32-Sob-NUS-14-10000.dat,RidgeJohnsonSU,32,Sob-NUS,14,NUS,False,-1.4079672658902332e-05,5.3522522246191815e-05,-0.18587096213244333,3.1685813086658228,    ,4.865882077745074e-06,7.335761387176919e-06,7.769202025036983e-06,7.384955345243459e-06,5.801553002315841e-06,5.842245866803255e-06
RepsRanparRQMC/RidgeJohnsonSU-32-Sob-NUS-16-10000.dat,RidgeJohnsonSU,32,Sob-NUS,16,NUS,False,-4.292531796072378e-05,5.9076220681115915e-06,-0.11474393948979016,3.0665283875203384,    ,5.388991345685376e-07,8.185916438515795e-07,8.705547357108571e-07,8.535936210094381e-07,6.440205716090014e-07,6.627119086115194e-07
RepsFixedparRQMC/SmoothGauss-4-Lat-RS-6-10000.dat,SmoothGauss,4,Lat,6,RS,False,3.1565311519270003e-06,0.0002197988587315897,0.08399876730664209,2.7497557905382495,    ,1.998172439383343e-05,3.254145516182903e-05,3.5074889962755403e-05,3.3011900698941124e-05,2.478742469939589e-05,2.535713209408667e-05
RepsFixedparRQMC/SmoothGauss-4-Lat-RSB-6-10000.dat,SmoothGauss,4,Lat,6,RS,True,-7.95351557925066e-05,0.0004262597770483409,0.4261482755993924,1.9244051616250217,    ,3.8757214663583386e-05,0.0001093073374870146,0.00012453937846826054,9.901371764980076e-05,5.7593993672268975e-05,6.804264105011333e-05
RepsFixedparRQMC/SmoothGauss-4-Lat-RS-8-10000.dat,SmoothGauss,4,Lat,8,RS,False,-1.974323912248873e-05,3.447608163697123e-05,0.3770908515574193,2.5554867036743487,    ,3.1345790352157053e-06,5.670310457112819e-06,6.260189758656396e-06,5.516357870699031e-06,4.03901600359239e-06,4.133464495451869e-06
RepsFixedparRQMC/SmoothGauss-4-Lat-RSB-8-10000.dat,SmoothGauss,4,Lat,8,RS,True,-2.377587848735e-05,1.648520240131255e-05,0.10965244356380602,2.1332569550411704,    ,1.4992200561535316e-06,3.1013341284887698e-06,3.5099029410544393e-06,3.0778345810731675e-06,2.025799042745496e-06,2.2371258739862757e-06
RepsFixedparRQMC/SmoothGauss-4-Lat-RS-10-10000.dat,SmoothGauss,4,Lat,10,RS,False,-4.467047347216368e-06,1.0264518218364061e-06,-0.033351284178705344,2.9862332274739685,    ,9.33337564971301e-08,1.4030263525401206e-07,1.484486380603567e-07,1.4172768704169788e-07,1.0892310297374777e-07,1.1172971468066386e-07
RepsFixedparRQMC/SmoothGauss-4-Lat-RSB-10-10000.dat,SmoothGauss,4,Lat,10,RS,True,3.1472993925122373e-07,1.668116185255503e-06,-0.15543418227625683,1.865432197927522,    ,1.516470249872531e-07,4.210654834201452e-07,4.7415369919684253e-07,3.6510465348115156e-07,2.1490009590164018e-07,2.5248263572689887e-07
RepsFixedparRQMC/SmoothGauss-4-Lat-RS-12-10000.dat,SmoothGauss,4,Lat,12,RS,False,1.184407868917603e-06,9.70102355618974e-08,0.07595646396116544,2.905054688083304,    ,8.820515145808808e-09,1.3893521941480777e-08,1.4753002983727641e-08,1.397005304048551e-08,1.0675906774824359e-08,1.0918001661140101e-08
RepsFixedparRQMC/SmoothGauss-4-Lat-RSB-12-10000.dat,SmoothGauss,4,Lat,12,RS,True,9.761804471505319e-08,7.860766346361764e-09,0.14278514491085684,2.8411599979828948,    ,7.146246516791781e-10,1.1264343004150295e-09,1.2059634444387383e-09,1.1106934114546437e-09,8.483865915078966e-10,8.63666647675578e-10
RepsFixedparRQMC/SmoothGauss-4-Lat-RS-14-10000.dat,SmoothGauss,4,Lat,14,RS,False,1.674116757048538e-07,6.4328162252722964e-09,0.016993611083907224,2.9610542821329813,    ,5.848295016939166e-10,8.593427342105503e-10,9.138545494448619e-10,8.834986191307112e-10,6.903130592973435e-10,6.914039415814534e-10
RepsFixedparRQMC/SmoothGauss-4-Lat-RSB-14-10000.dat,SmoothGauss,4,Lat,14,RS,True,-1.747694615959805e-07,5.698826989903409e-10,-0.006088115062879938,2.854977223345826,    ,5.1838062454737544e-11,7.907094781925178e-11,8.424930238409845e-11,7.960231129449072e-11,6.056540550363058e-11,6.200405867742121e-11
RepsFixedparRQMC/SmoothGauss-4-Lat-RS-16-10000.dat,SmoothGauss,4,Lat,16,RS,False,-3.590329249606561e-07,7.441938115060502e-10,0.014235785156618021,2.9288812266224613,    ,6.77828875053922e-11,1.0440111161302464e-10,1.1158708171498178e-10,1.0449041578513222e-10,8.062263319445663e-11,8.123829260656105e-11
RepsFixedparRQMC/SmoothGauss-4-Lat-RSB-16-10000.dat,SmoothGauss,4,Lat,16,RS,True,-1.6774179632347285e-07,1.0296740168291345e-10,0.14991487933739836,2.8159353043496007,    ,9.388810190498684e-12,1.4919973674156758e-11,1.6009636430557617e-11,1.5139937518354994e-11,1.1612503599866541e-11,1.1738660662210537e-11
RepsRanparRQMC/SmoothGauss-4-Lat-Rp-RS-6-10000.dat,SmoothGauss,4,Lat-Rp,6,RS,False,0.0002647399970293172,0.00018225947778789103,0.0390348600981441,3.2379419268063345,    ,1.6639130701289904e-05,2.3257985807033435e-05,2.4446885862280818e-05,2.4195679982740208e-05,1.8976636255580617e-05,1.9185398420252102e-05
RepsRanparRQMC/SmoothGauss-4-Lat-Rp-RSB-6-10000.dat,SmoothGauss,4,Lat-Rp,6,RS,True,-7.377973634886524e-05,0.00013111029129181433,0.2174215762075239,5.802477616216242,    ,1.1924560839660647e-05,8.729770690056946e-06,8.224745485761648e-06,1.0597126999026062e-05,1.0861046821473485e-05,9.701616305672816e-06
RepsRanparQMC/SmoothGauss-4-Lat-Rp-6-10000.dat,SmoothGauss,4,Lat-Rp,6,qmc,False,-0.009105038854493043,0.00038356796607272103,-0.05850352826716795,2.77938041501048,    ,0.00011777154763934809,0.00013829225582551546,0.00014263599992471207,0.0001380095333736682,0.0001239783583484761,0.00012572806545902627
RepsRanparQMC/SmoothGauss-4-Lat-Rp-B-6-10000.dat,SmoothGauss,4,Lat-Rp,6,qmc,True,0.011141324558164524,0.00020904885915470802,-1.214463183756913,4.502781411212792,    ,0.00014313355465169703,0.00024080043053084985,0.0002604559846205452,0.0002273495287757038,0.0001826162636036417,0.00019356620565653748
RepsRanparRQMC/SmoothGauss-4-Lat-Rp-RS-8-10000.dat,SmoothGauss,4,Lat-Rp,8,RS,False,2.558072724281413e-05,3.687514123560679e-05,0.21086531384947857,5.260587391611507,    ,3.3529399404796156e-06,3.740124098606815e-06,3.796804709876092e-06,4.031362638840414e-06,3.447733747118221e-06,3.313988443375466e-06
RepsRanparRQMC/SmoothGauss-4-Lat-Rp-RSB-8-10000.dat,SmoothGauss,4,Lat-Rp,8,RS,True,-3.086412522505526e-05,3.149471761184373e-05,0.5745139847563395,15.145614136509344,    ,2.8641087407571557e-06,1.1996473992721943e-06,1.1454544993911777e-06,1.3932391419979258e-06,1.5878187463166881e-06,1.313235307566304e-06
RepsRanparQMC/SmoothGauss-4-Lat-Rp-8-10000.dat,SmoothGauss,4,Lat-Rp,8,qmc,False,-0.002084858866787769,0.000134941033273778,0.3098754268910686,4.38192790289827,    ,1.6614003155676123e-05,1.8364578599140034e-05,1.8731195029109233e-05,1.977463562145085e-05,1.7495324468272526e-05,1.6993153212974407e-05
RepsRanparQMC/SmoothGauss-4-Lat-Rp-B-8-10000.dat,SmoothGauss,4,Lat-Rp,8,qmc,True,0.004424074406028067,5.387107809798479e-05,-2.227727041139823,10.24789926007712,    ,2.4469805086253027e-05,3.264140911042521e-05,3.358784044237205e-05,3.4213703713626846e-05,3.166513839030926e-05,3.0797927551030846e-05
RepsRanparRQMC/SmoothGauss-4-Lat-Rp-RS-10-10000.dat,SmoothGauss,4,Lat-Rp,10,RS,False,-3.480548977513075e-05,8.15344338233925e-06,0.6804431924151433,18.60776740828301,    ,7.424335477856912e-07,5.025265648058531e-07,4.884803972407249e-07,5.561882235326259e-07,5.5035640897506e-07,5.002849943420543e-07
RepsRanparRQMC/SmoothGauss-4-Lat-Rp-RSB-10-10000.dat,SmoothGauss,4,Lat-Rp,10,RS,True,-3.726386243044366e-05,7.726420302599623e-06,0.7928144574628916,57.854704875019465,    ,7.037904411341098e-07,1.1410300458986312e-07,1.03944121857601e-07,1.5524977725796854e-07,2.1214821003173284e-07,1.5871730913295327e-07
RepsRanparQMC/SmoothGauss-4-Lat-Rp-10-10000.dat,SmoothGauss,4,Lat-Rp,10,qmc,False,-0.00032969226928873495,3.8145779775534306e-05,0.7916310476483284,10.599593969353236,    ,3.5764951538409653e-06,2.3830465496259765e-06,2.305612672335276e-06,2.69359001905789e-06,2.8418217087564085e-06,2.4665171428245257e-06
RepsRanparQMC/SmoothGauss-4-Lat-Rp-B-10-10000.dat,SmoothGauss,4,Lat-Rp,10,qmc,True,0.001359034093006423,1.3662611853650306e-05,-4.2325259419569425,31.29028164995342,    ,3.089029289012909e-06,2.251295378644587e-06,2.1516516602391768e-06,2.60045269504646e-06,2.9985946553275427e-06,2.661402876861143e-06
RepsRanparRQMC/SmoothGauss-4-Lat-Rp-RS-12-10000.dat,SmoothGauss,4,Lat-Rp,12,RS,False,1.7289638244331372e-05,2.014212693638398e-06,2.492549797299016,69.81389901831852,    ,1.8340917646683787e-07,6.547095445772591e-08,6.211377014489014e-08,7.527292522836908e-08,8.484805084994853e-08,7.026122298362533e-08
RepsRanparRQMC/SmoothGauss-4-Lat-Rp-RSB-12-10000.dat,SmoothGauss,4,Lat-Rp,12,RS,True,-2.027286673384123e-05,1.6726888748005569e-06,0.314209718795424,245.33546111566343,    ,1.5247361410747688e-07,9.770639256845886e-09,8.825923672114396e-09,1.540874632378806e-08,2.635793860399769e-08,1.6820954877819998e-08
RepsRanparQMC/SmoothGauss-4-Lat-Rp-12-10000.dat,SmoothGauss,4,Lat-Rp,12,qmc,False,-1.1703844817748665e-05,9.800467035529934e-06,1.7832676205035698,35.3090938063371,    ,8.910885286680573e-07,2.5270602804638435e-07,2.3454306190113108e-07,3.272336075380657e-07,4.2730198826753576e-07,3.219005044345554e-07
RepsRanparQMC/SmoothGauss-4-Lat-Rp-B-12-10000.dat,SmoothGauss,4,Lat-Rp,12,qmc,True,0.0004059176880008732,3.2158945296084233e-06,-8.281507573607996,117.98362617572428,    ,4.571232175781945e-07,1.220885831415833e-07,1.0838918882802727e-07,1.543472842451397e-07,2.2853067446695026e-07,1.833306740776326e-07
RepsRanparRQMC/SmoothGauss-4-Lat-Rp-RS-14-10000.dat,SmoothGauss,4,Lat-Rp,14,RS,False,-7.344331051642761e-06,4.2107124378193667e-07,-0.10493661123528164,93.4909902197587,    ,3.8333143178772186e-08,8.001046970706127e-09,7.474981163639924e-09,1.0255704450367321e-08,1.2279397232900453e-08,9.939390624648436e-09
RepsRanparRQMC/SmoothGauss-4-Lat-Rp-RSB-14-10000.dat,SmoothGauss,4,Lat-Rp,14,RS,True,7.029149450737249e-06,4.372897882640655e-07,23.866185373885127,979.2137532296033,    ,3.980302605691584e-08,7.144050179663105e-10,6.385612033566506e-10,1.2734756160857586e-09,2.592022798839375e-09,1.495500240583751e-09
RepsRanparQMC/SmoothGauss-4-Lat-Rp-14-10000.dat,SmoothGauss,4,Lat-Rp,14,qmc,False,-8.758208608814444e-06,2.6893477948634147e-06,6.469777150584169,158.62834212049341,    ,2.4456286938743683e-07,2.8732619578923684e-08,2.6612001742382715e-08,3.7905810139228004e-08,6.137930803186375e-08,3.950840719874135e-08
RepsRanparQMC/SmoothGauss-4-Lat-Rp-B-14-10000.dat,SmoothGauss,4,Lat-Rp,14,qmc,True,0.00010473545533506047,8.854237179970495e-07,-17.316255496873097,460.84980959669576,    ,9.14625808767015e-08,5.335065514175581e-09,4.423924056557252e-09,7.984779509702121e-09,1.7247498045368298e-08,1.0540081796966098e-08
RepsRanparRQMC/SmoothGauss-4-Lat-Rp-RS-16-10000.dat,SmoothGauss,4,Lat-Rp,16,RS,False,-7.107085328663076e-06,1.292567303825065e-07,-0.19247927200659387,471.69120213946604,    ,1.1801122514824035e-08,9.796914254564172e-10,9.029656130859345e-10,1.2430635199498046e-09,1.7894947415695783e-09,1.2724177300885214e-09
RepsRanparRQMC/SmoothGauss-4-Lat-Rp-RSB-16-10000.dat,SmoothGauss,4,Lat-Rp,16,RS,True,9.987676619420016e-07,5.641597857032445e-08,4.309981729942701,844.7720039513176,    ,5.129722861417491e-09,5.7982113977911326e-11,5.191103060667766e-11,9.971957586852077e-11,2.9280225919238764e-10,1.1037991107642976e-10
RepsRanparQMC/SmoothGauss-4-Lat-Rp-16-10000.dat,SmoothGauss,4,Lat-Rp,16,qmc,False,-1.5567569202746823e-06,5.826085925935639e-07,17.34405514373252,784.3680938427368,    ,5.2966841000614634e-08,3.0270145804278786e-09,2.7813916915263752e-09,4.453381576644075e-09,6.979303233396435e-09,4.685028588741173e-09
RepsRanparQMC/SmoothGauss-4-Lat-Rp-B-16-10000.dat,SmoothGauss,4,Lat-Rp,16,qmc,True,3.2581899756477195e-05,1.6615696520865336e-07,-37.30898206735815,2335.4001348740694,    ,1.616675884707325e-08,2.787524027437219e-10,2.2712967372514368e-10,4.5694901549154837e-10,1.0743437136786976e-09,6.415713314888275e-10
RepsRanparRQMC/SmoothGauss-4-Lat-Rv-RS-6-10000.dat,SmoothGauss,4,Lat-Rv,6,RS,False,3.1491792302638964e-05,0.00014386905246206903,0.08875190749943496,3.700518700184649,    ,1.3079996502261435e-05,1.7577819377977978e-05,1.835480525716945e-05,1.833875413757587e-05,1.4694394251771919e-05,1.4676355899058657e-05
RepsRanparRQMC/SmoothGauss-4-Lat-Rv-RSB-6-10000.dat,SmoothGauss,4,Lat-Rv,6,RS,True,-6.932774235512873e-05,0.00017627916904056117,0.2080455666315497,5.039416953185723,    ,1.6030185339547438e-05,1.1746834136353794e-05,1.1342325548568308e-05,1.5169962946740321e-05,1.5288283509581012e-05,1.353067412466599e-05
RepsRanparQMC/SmoothGauss-4-Lat-Rv-6-10000.dat,SmoothGauss,4,Lat-Rv,6,qmc,False,-0.005663901846301927,0.0004000575173290688,0.15110155781025777,2.9831005386787273,    ,6.84486493362759e-05,0.00010050834769012679,0.00010834940960773867,0.00010028217256077921,7.979286635199142e-05,8.283988910169157e-05
RepsRanparQMC/SmoothGauss-4-Lat-Rv-B-6-10000.dat,SmoothGauss,4,Lat-Rv,6,qmc,True,0.0021264355727532666,0.0002536133886405734,-1.0595919601830635,4.112502513240895,    ,2.7577490848759005e-05,8.436037796859117e-05,9.328771665815539e-05,7.110383121819262e-05,4.331983819030264e-05,5.0250615495716163e-05
RepsRanparRQMC/SmoothGauss-4-Lat-Rv-RS-8-10000.dat,SmoothGauss,4,Lat-Rv,8,RS,False,2.9038690671170286e-05,2.8933326932506094e-05,0.3054952824269831,7.941833422171569,    ,2.631145693965541e-06,2.4495172881689475e-06,2.431783429179061e-06,2.660395052764522e-06,2.3439929966503162e-06,2.2590909326120713e-06
RepsRanparRQMC/SmoothGauss-4-Lat-Rv-RSB-8-10000.dat,SmoothGauss,4,Lat-Rv,8,RS,True,-0.00013835821181280755,4.221456548619437e-05,0.37891005849953385,14.266143439571637,    ,3.856830766248253e-06,1.285374579078574e-06,1.2018352412880985e-06,1.6101773593161006e-06,2.121888570797949e-06,1.6017391196411878e-06
RepsRanparQMC/SmoothGauss-4-Lat-Rv-8-10000.dat,SmoothGauss,4,Lat-Rv,8,qmc,False,-0.0012230172435583597,0.00012171105872820478,0.5964790487496415,5.966722828091348,    ,1.256041288060516e-05,1.1513903556503347e-05,1.1319650680672443e-05,1.2808850017078133e-05,1.2449319361582351e-05,1.132587007784048e-05
RepsRanparQMC/SmoothGauss-4-Lat-Rv-B-8-10000.dat,SmoothGauss,4,Lat-Rv,8,qmc,True,0.0014576183332441347,6.606846884743872e-05,-2.334590548280866,10.076369378399548,    ,8.130875646085655e-06,1.3227708607592892e-05,1.4291626767334162e-05,1.4668929023823829e-05,1.2448081957178462e-05,1.1559966329540753e-05
RepsRanparRQMC/SmoothGauss-4-Lat-Rv-RS-10-10000.dat,SmoothGauss,4,Lat-Rv,10,RS,False,1.4022819228027872e-05,6.662193240231524e-06,1.0305916398393025,25.821038978338112,    ,6.058505703892405e-07,3.3103810860914544e-07,3.2005387785572657e-07,3.6951852831057723e-07,3.788085339027139e-07,3.3870940803755275e-07
RepsRanparRQMC/SmoothGauss-4-Lat-Rv-RSB-10-10000.dat,SmoothGauss,4,Lat-Rv,10,RS,True,-5.109754205333111e-05,9.953883325856856e-06,0.7796782896267866,51.400170890054504,    ,9.07509442972697e-07,1.1523662572238133e-07,1.043541139909505e-07,1.625366476158223e-07,2.6092013459045247e-07,1.7292067128188384e-07
RepsRanparQMC/SmoothGauss-4-Lat-Rv-10-10000.dat,SmoothGauss,4,Lat-Rv,10,qmc,False,-0.0002730939748857016,3.1907499462178415e-05,1.1190446068499151,16.104016765360157,    ,2.975262088407819e-06,1.3910967927912504e-06,1.3306287481326957e-06,1.656687126997098e-06,1.8539504805621638e-06,1.5578154334509507e-06
RepsRanparQMC/SmoothGauss-4-Lat-Rv-B-10-10000.dat,SmoothGauss,4,Lat-Rv,10,qmc,True,0.0005516734653656271,1.5597173078473753e-05,-4.6962765557870005,32.90766550584167,    ,1.7222684377043157e-06,9.754838263546627e-07,9.482473118219998e-07,1.1913932591820665e-06,1.413188097612463e-06,1.1362724743763943e-06
RepsRanparRQMC/SmoothGauss-4-Lat-Rv-RS-12-10000.dat,SmoothGauss,4,Lat-Rv,12,RS,False,1.9115422639597625e-05,1.7018872261366038e-06,4.296416883955037,129.25839198612226,    ,1.550824199405635e-07,4.335890462640015e-08,4.163265062770724e-08,5.0387193968295215e-08,5.751714728509925e-08,4.7453636785751006e-08
RepsRanparRQMC/SmoothGauss-4-Lat-Rv-RSB-12-10000.dat,SmoothGauss,4,Lat-Rv,12,RS,True,-3.094271893582585e-05,2.6569712247731945e-06,-0.6656444241689573,169.64293250202428,    ,2.425002904708865e-07,9.786774449841711e-09,8.763092013996894e-09,1.4696595719016026e-08,2.9952492674163244e-08,1.691939460349887e-08
RepsRanparQMC/SmoothGauss-4-Lat-Rv-12-10000.dat,SmoothGauss,4,Lat-Rv,12,qmc,False,-3.949468461094027e-05,8.088210586123503e-06,2.226028183532787,56.9773164073664,    ,7.368517015782907e-07,1.452890352248654e-07,1.3399789185918428e-07,1.9219305035059358e-07,2.7142870286349735e-07,1.9603967220423198e-07
RepsRanparQMC/SmoothGauss-4-Lat-Rv-B-12-10000.dat,SmoothGauss,4,Lat-Rv,12,qmc,True,0.00017048127789333792,3.8506650675803385e-06,-9.172206046143572,113.99854023215248,    ,3.7912432680126717e-07,5.374692285757266e-08,4.814082021132631e-08,7.558980260344455e-08,1.257674353187409e-07,8.60390724056199e-08
RepsRanparRQMC/SmoothGauss-4-Lat-Rv-RS-14-10000.dat,SmoothGauss,4,Lat-Rv,14,RS,False,5.280135518879881e-06,6.917179033303338e-07,16.873707937057628,598.774412785942,    ,6.291132558840081e-08,5.476029813936802e-09,5.1284520328210426e-09,6.7320756459028525e-09,8.713512078494574e-09,6.556815312166669e-09
RepsRanparRQMC/SmoothGauss-4-Lat-Rv-RSB-14-10000.dat,SmoothGauss,4,Lat-Rv,14,RS,True,-2.2475723230977874e-05,9.435868393546067e-07,-7.648085766135809,518.8944945547771,    ,8.628577989426523e-08,7.045452341178109e-10,6.173211045297762e-10,1.2650515023502058e-09,3.145301111799875e-09,1.497933205343339e-09
RepsRanparQMC/SmoothGauss-4-Lat-Rv-14-10000.dat,SmoothGauss,4,Lat-Rv,14,qmc,False,1.949064020597312e-05,2.015100637582154e-06,7.277961766459321,233.59284243189893,    ,1.835708521085618e-07,1.6944019993677557e-08,1.554043958388402e-08,2.358173563943018e-08,3.581148789633219e-08,2.4786364144790847e-08
RepsRanparQMC/SmoothGauss-4-Lat-Rv-B-14-10000.dat,SmoothGauss,4,Lat-Rv,14,qmc,True,6.164904129568655e-05,8.522987277367433e-07,-18.45287477363977,489.8987677132865,    ,8.12823068141994e-08,2.93325910882993e-09,2.5413217159128872e-09,4.366464339269044e-09,8.510727534149738e-09,5.5635284694467e-09
RepsRanparRQMC/SmoothGauss-4-Lat-Rv-RS-16-10000.dat,SmoothGauss,4,Lat-Rv,16,RS,False,1.3317026685429888e-06,1.7211064346076898e-07,24.679015757985038,2179.9881733729717,    ,1.5648195564794583e-08,5.931928484344699e-10,5.504408002137944e-10,7.496695582818355e-10,1.0584770643735822e-09,7.590504631868306e-10
RepsRanparRQMC/SmoothGauss-4-Lat-Rv-RSB-16-10000.dat,SmoothGauss,4,Lat-Rv,16,RS,True,-1.6158273457345106e-08,2.867316504498063e-07,5.092929500553964,2065.7256633791976,    ,2.6066513938344917e-08,5.628655251724569e-11,4.972508014495087e-11,9.194581333596783e-11,2.3107154910056871e-10,1.0579224249597674e-10
RepsRanparQMC/SmoothGauss-4-Lat-Rv-16-10000.dat,SmoothGauss,4,Lat-Rv,16,qmc,False,7.244881983590523e-06,4.356554414648833e-07,26.048116873753127,1240.4799780705014,    ,3.9657528448127365e-08,1.7563805647673793e-09,1.5994848844036188e-09,2.454749326210623e-09,3.9106461858726005e-09,2.576019959875387e-09
RepsRanparQMC/SmoothGauss-4-Lat-Rv-B-16-10000.dat,SmoothGauss,4,Lat-Rv,16,qmc,True,2.1022162425211542e-05,1.6277752195865719e-07,-39.92856659806794,2432.3737094042367,    ,1.5239887854728083e-08,1.8253655187737554e-10,1.5477869044279168e-10,2.7051041679253344e-10,6.662201446325356e-10,3.5634518335912996e-10
RepsFixedparRQMC/SmoothGauss-4-Sob-DS-6-10000.dat,SmoothGauss,4,Sob,6,DS,False,2.8399443675085546e-05,5.005141997131242e-05,-0.08720755851775779,2.8985673742716918,    ,4.550935616702183e-06,6.934467663931204e-06,7.432204579245686e-06,7.10595961010205e-06,5.393330122818556e-06,5.5384248683596995e-06
RepsFixedparRQMC/SmoothGauss-4-Sob-DS-8-10000.dat,SmoothGauss,4,Sob,8,DS,False,4.719752708807978e-07,3.568953006049644e-06,-0.06810795837839344,2.898234713091442,    ,3.2445049603789665e-07,5.035715484350371e-07,5.362325550963047e-07,5.039060136867095e-07,3.8484283024711534e-07,3.913742154037057e-07
RepsFixedparRQMC/SmoothGauss-4-Sob-DS-10-10000.dat,SmoothGauss,4,Sob,10,DS,False,5.544823079998262e-07,2.739899101213229e-07,-0.07080211329660849,2.807006468179853,    ,2.4908481098022873e-08,3.950809965881873e-08,4.2174838850867604e-08,4.032072176113865e-08,3.041535271839903e-08,3.140548150281725e-08
RepsFixedparRQMC/SmoothGauss-4-Sob-DS-12-10000.dat,SmoothGauss,4,Sob,12,DS,False,-1.886709841114187e-06,1.7474792622755033e-08,-0.09827676501133756,2.8471426734910916,    ,1.5921771851841055e-09,2.4362294397147517e-09,2.607651089547329e-09,2.465110635411882e-09,1.9211941498451685e-09,1.9239044797414155e-09
RepsFixedparRQMC/SmoothGauss-4-Sob-DS-14-10000.dat,SmoothGauss,4,Sob,14,DS,False,-5.519350062123562e-07,1.1197728825244512e-09,-0.09090809518850798,2.89800509534167,    ,1.0210216702603274e-10,1.5442975983520672e-10,1.655108527501129e-10,1.5730064125243734e-10,1.2035010144107716e-10,1.215046769541503e-10
RepsFixedparRQMC/SmoothGauss-4-Sob-DS-16-10000.dat,SmoothGauss,4,Sob,16,DS,False,7.952482425677144e-08,7.34938174543505e-11,-0.03570034945487041,2.8252758070534676,    ,6.687580329886753e-12,1.0299102897932662e-11,1.1050917636735417e-11,1.0647774857500843e-11,8.125883160102234e-12,8.279632678531114e-12
RepsRanparRQMC/SmoothGauss-4-Sob-LMS-DS-6-10000.dat,SmoothGauss,4,Sob-LMS,6,DS,False,1.2484511234688866e-05,2.6888380226537407e-05,-0.014621648065830297,3.03681693757924,    ,2.4445540654332603e-06,3.5175342884069977e-06,3.7239629881488117e-06,3.740122825018047e-06,2.8225015608061533e-06,2.9027000668778347e-06
RepsRanparQMC/SmoothGauss-4-Sob-LMS-6-10000.dat,SmoothGauss,4,Sob-LMS,6,qmc,False,0.012424374002301697,1.5980516765666167e-05,-0.37097362761520153,2.681948049675424,    ,0.0001558178436004945,0.00016532558949195129,0.00016775479257887796,0.00016384964636939744,0.00015950605606925784,0.0001602783886781752
RepsRanparRQMC/SmoothGauss-4-Sob-LMS-DS-8-10000.dat,SmoothGauss,4,Sob-LMS,8,DS,False,-1.944916106108112e-05,1.3311317254516698e-06,0.004076601576629721,2.958849673649568,    ,1.2139024490704077e-07,1.8386989704120676e-07,1.956705816994496e-07,1.919271143432654e-07,1.4622700867347058e-07,1.4919602616239334e-07
RepsRanparQMC/SmoothGauss-4-Sob-LMS-8-10000.dat,SmoothGauss,4,Sob-LMS,8,qmc,False,0.0027073899615701258,6.637059613113148e-07,-0.1183430511080491,3.1381003671999395,    ,7.390297309584443e-06,7.488163263973591e-06,7.510355992948098e-06,7.463732812873921e-06,7.429031576419301e-06,7.421079249517008e-06
RepsRanparRQMC/SmoothGauss-4-Sob-LMS-DS-10-10000.dat,SmoothGauss,4,Sob-LMS,10,DS,False,-6.571397858073287e-06,1.215419345483916e-07,0.07138355068993157,3.0198932962866767,    ,1.1092450046935598e-08,1.712469098826401e-08,1.820726551666621e-08,1.739399947981118e-08,1.3519213841473324e-08,1.3651984152006846e-08
RepsRanparQMC/SmoothGauss-4-Sob-LMS-10-10000.dat,SmoothGauss,4,Sob-LMS,10,qmc,False,0.0002543238002707117,7.712392221093545e-08,0.13299300970358183,2.9750990127366155,    ,7.169186103967644e-08,7.210528563660856e-08,7.207932638023387e-08,7.232199675940423e-08,7.105227782346569e-08,7.088989329481202e-08
RepsRanparRQMC/SmoothGauss-4-Sob-LMS-DS-12-10000.dat,SmoothGauss,4,Sob-LMS,12,DS,False,8.682436098268794e-07,7.088050482730896e-09,0.04868680628757404,3.063901923714416,    ,6.451220726688139e-10,9.557656739548306e-10,1.0101744784935554e-09,9.816212076013875e-10,7.517150903052866e-10,7.705055503620718e-10
RepsRanparQMC/SmoothGauss-4-Sob-LMS-12-10000.dat,SmoothGauss,4,Sob-LMS,12,qmc,False,-4.736675963083059e-05,4.8408949609505476e-09,0.11426239893933006,3.1529326755074565,    ,2.683691278011296e-09,2.960459043566465e-09,3.022926424257249e-09,3.000046390329163e-09,2.8050897998780155e-09,2.812477385979649e-09
RepsRanparRQMC/SmoothGauss-4-Sob-LMS-DS-14-10000.dat,SmoothGauss,4,Sob-LMS,14,DS,False,-7.681491335846677e-08,4.0500419591424594e-10,-0.040091232205221025,2.9980566166936993,    ,3.682446379584572e-11,5.6446726467242094e-11,6.00756281121747e-11,5.6571016304682534e-11,4.3066436027651456e-11,4.4362351277996905e-11
RepsRanparQMC/SmoothGauss-4-Sob-LMS-14-10000.dat,SmoothGauss,4,Sob-LMS,14,qmc,False,-2.314951934730565e-05,2.6676421096578124e-10,-0.019235051046196397,3.079768610034231,    ,5.601515379172588e-10,5.720372987641106e-10,5.742032532358394e-10,5.705854496144145e-10,5.612731450230182e-10,5.623704882695847e-10
RepsRanparRQMC/SmoothGauss-4-Sob-LMS-DS-16-10000.dat,SmoothGauss,4,Sob-LMS,16,DS,False,4.753864867068564e-08,2.6713080717488927e-11,-0.04068491469624776,3.0986426790163764,    ,2.4307218065255194e-12,3.65716997705804e-12,3.862154431855445e-12,3.706365968700471e-12,2.9116337515102088e-12,2.9405639627013482e-12
RepsRanparQMC/SmoothGauss-4-Sob-LMS-16-10000.dat,SmoothGauss,4,Sob-LMS,16,qmc,False,-4.416070998802247e-06,2.060020898828999e-11,-0.011115319787470625,3.139058469960861,    ,2.1374429338125e-11,2.2117634525440206e-11,2.2243792907732857e-11,2.218452676164425e-11,2.159310130524416e-11,2.1629973377640534e-11
RepsRanparRQMC/SmoothGauss-4-Sob-NUS-6-10000.dat,SmoothGauss,4,Sob-NUS,6,NUS,False,3.0426335500532463e-05,2.7070462789525164e-05,0.004069672222450784,2.95992146561727,    ,2.4618769245760966e-06,3.7531082904480007e-06,3.978477240610702e-06,3.7894494789883924e-06,2.905262727246675e-06,2.954888379882347e-06
RepsRanparRQMC/SmoothGauss-4-Sob-NUS-8-10000.dat,SmoothGauss,4,Sob-NUS,8,NUS,False,-1.9040287415302503e-06,1.3575715308045104e-06,-0.011788601805485173,2.9406723295224313,    ,1.2341921903494953e-07,1.8690548260678533e-07,1.9925812750917555e-07,1.9181409726753314e-07,1.4935059494167547e-07,1.4906064507072317e-07
RepsRanparRQMC/SmoothGauss-4-Sob-NUS-10-10000.dat,SmoothGauss,4,Sob-NUS,10,NUS,False,3.0476107403963003e-06,1.2043163049125098e-07,0.015083139344686268,2.9221028945223138,    ,1.095761797588416e-08,1.6702631422805613e-08,1.7836034830258597e-08,1.7009036793977796e-08,1.2760586052236887e-08,1.3082824302925315e-08
RepsRanparRQMC/SmoothGauss-4-Sob-NUS-12-10000.dat,SmoothGauss,4,Sob-NUS,12,NUS,False,7.807922360967612e-07,7.043553436612374e-09,0.012731301605338717,3.114183341987537,    ,6.409326762079829e-10,9.279309365620141e-10,9.8636136556437e-10,9.52622466610951e-10,7.402737767653729e-10,7.474041564629208e-10
RepsRanparRQMC/SmoothGauss-4-Sob-NUS-14-10000.dat,SmoothGauss,4,Sob-NUS,14,NUS,False,-1.2373253521831273e-07,4.0370846119321394e-10,0.03558350862861716,2.9436798041675667,    ,3.6716078939654636e-11,5.418882419014196e-11,5.807743281355122e-11,5.6868978412547326e-11,4.3178978872131414e-11,4.4190477682823426e-11
RepsRanparRQMC/SmoothGauss-4-Sob-NUS-16-10000.dat,SmoothGauss,4,Sob-NUS,16,NUS,False,4.379103493383773e-08,2.703193589918494e-11,0.005333543236830814,2.98950496988434,    ,2.4593663728482982e-12,3.642512981784775e-12,3.884910944020695e-12,3.725280324198472e-12,2.856945394591843e-12,2.9062272935603726e-12
RepsFixedparRQMC/SmoothGauss-8-Lat-RS-6-10000.dat,SmoothGauss,8,Lat,6,RS,False,3.6665303564255125e-06,0.00016072423742930937,0.039367035072392774,2.9288569674595033,    ,1.4611307755200252e-05,2.1956827550969738e-05,2.3265282334687058e-05,2.217480447615046e-05,1.7198647090345575e-05,1.74942379186135e-05
RepsFixedparRQMC/SmoothGauss-8-Lat-RSB-6-10000.dat,SmoothGauss,8,Lat,6,RS,True,-8.687545133748502e-05,0.00021061221325360328,0.13453012681241294,2.702646204767449,    ,1.9154112185281755e-05,2.9023623358225565e-05,3.141428349387442e-05,2.9633722777194583e-05,2.2914299274365307e-05,2.3042499195049928e-05
RepsFixedparRQMC/SmoothGauss-8-Lat-RS-8-10000.dat,SmoothGauss,8,Lat,8,RS,False,9.13137501078466e-06,2.9459343836990486e-05,0.10824062618510384,2.9341795524345247,    ,2.6782055490087225e-06,4.140407566315435e-06,4.4083381519789285e-06,4.16759413600037e-06,3.1747496057862597e-06,3.2223261529093674e-06
RepsFixedparRQMC/SmoothGauss-8-Lat-RSB-8-10000.dat,SmoothGauss,8,Lat,8,RS,True,-3.910138401437185e-05,1.599442534862663e-05,0.04445489718006445,2.8207647818552526,    ,1.4555675862888059e-06,2.2547869455402604e-06,2.41449661689721e-06,2.3282167831952644e-06,1.7761676976215783e-06,1.805106371782942e-06
RepsFixedparRQMC/SmoothGauss-8-Lat-RS-10-10000.dat,SmoothGauss,8,Lat,10,RS,False,3.246702372136645e-05,7.234025421181152e-06,0.4644193165204284,2.672103463459438,    ,6.586927822821558e-07,1.1558054419701117e-06,1.2761410669868813e-06,1.1572907071398909e-06,8.361542328628842e-07,8.599120045661664e-07
RepsFixedparRQMC/SmoothGauss-8-Lat-RSB-10-10000.dat,SmoothGauss,8,Lat,10,RS,True,-1.7782722862926126e-05,5.752774902904881e-06,0.04441944586970547,2.264646797415283,    ,5.23295761860136e-07,1.0866541373423757e-06,1.20397583864651e-06,1.0284040118992447e-06,7.006978527187883e-07,7.517813991420755e-07
RepsFixedparRQMC/SmoothGauss-8-Lat-RS-12-10000.dat,SmoothGauss,8,Lat,12,RS,False,-2.8959029273756708e-06,3.1949148931103686e-07,0.04440526249029017,2.967454893996244,    ,2.9053067100222682e-08,4.342642554485749e-08,4.605834386039634e-08,4.3714871938243374e-08,3.411519871478249e-08,3.43031052086829e-08
RepsFixedparRQMC/SmoothGauss-8-Lat-RSB-12-10000.dat,SmoothGauss,8,Lat,12,RS,True,2.1531361952565666e-06,1.6694486793115805e-07,0.07151815216984063,2.8894404713898316,    ,1.5181442171035147e-08,2.3908740387210417e-08,2.540536183241097e-08,2.3717325438124266e-08,1.8173879511801377e-08,1.8426217732215195e-08
RepsFixedparRQMC/SmoothGauss-8-Lat-RS-14-10000.dat,SmoothGauss,8,Lat,14,RS,False,-5.677382342250015e-07,3.7505305859215834e-08,-0.009586148929322223,2.97116689524811,    ,3.409895586631313e-09,5.238513269543783e-09,5.611919317585488e-09,5.401402562165408e-09,4.056874894210713e-09,4.1834653182839436e-09
RepsFixedparRQMC/SmoothGauss-8-Lat-RSB-14-10000.dat,SmoothGauss,8,Lat,14,RS,True,2.0851951041947926e-06,7.80856458459933e-09,0.03511012892519433,2.9658456933669983,    ,7.142175463134061e-10,1.0507901831451603e-09,1.1212034807930561e-09,1.0818357042063161e-09,8.416648545202574e-10,8.481071831874502e-10
RepsFixedparRQMC/SmoothGauss-8-Lat-RS-16-10000.dat,SmoothGauss,8,Lat,16,RS,False,-4.018182785902269e-07,7.428503670510739e-09,-0.037610499404981595,2.973778721497486,    ,6.754799734299855e-10,1.0062858059764361e-09,1.0687627150021913e-09,1.0452242433361748e-09,7.92576933018968e-10,8.211657891995349e-10
RepsFixedparRQMC/SmoothGauss-8-Lat-RSB-16-10000.dat,SmoothGauss,8,Lat,16,RS,True,7.965978939298624e-07,1.4561239054862092e-09,-0.035312490109020565,2.823038552444686,    ,1.3300946870335978e-10,2.1085471394322904e-10,2.2569183328541608e-10,2.1253629787147288e-10,1.5945317064764092e-10,1.6401520146768188e-10
RepsRanparRQMC/SmoothGauss-8-Lat-Rp-RS-6-10000.dat,SmoothGauss,8,Lat-Rp,6,RS,False,-0.00011716341592164241,0.00021376071147508996,-0.11406792100648262,3.1997852720702067,    ,1.944651921831133e-05,2.822467098402646e-05,2.9556198364216708e-05,2.885935118138328e-05,2.257982935378132e-05,2.2958365389826512e-05
RepsRanparRQMC/SmoothGauss-8-Lat-Rp-RSB-6-10000.dat,SmoothGauss,8,Lat-Rp,6,RS,True,2.356606735820599e-05,0.00014830582541188324,-0.05632353841712642,3.542014153070339,    ,1.348290312424739e-05,1.8489278956555093e-05,1.9395928667233126e-05,1.9386783015159812e-05,1.5417554729050643e-05,1.549947278975105e-05
RepsRanparQMC/SmoothGauss-8-Lat-Rp-6-10000.dat,SmoothGauss,8,Lat-Rp,6,qmc,False,-0.009071158923474026,0.0004483718286847676,-0.3383359812324342,2.9599320255011428,    ,0.00012304699954990132,0.00012955401840782871,0.00012880854633641754,0.00012940803716464296,0.0001227339154435659,0.0001223443119899781
RepsRanparQMC/SmoothGauss-8-Lat-Rp-B-6-10000.dat,SmoothGauss,8,Lat-Rp,6,qmc,True,0.019461844925230967,0.00027007731190607564,-0.6538222971243519,3.786119171481018,    ,0.0004033158907942907,0.00046820794119240385,0.00048492433534565513,0.0004669793456489421,0.00043443550213536833,0.00043847258249366574
RepsRanparRQMC/SmoothGauss-8-Lat-Rp-RS-8-10000.dat,SmoothGauss,8,Lat-Rp,8,RS,False,-7.332742732794489e-05,4.1972985543769116e-05,0.0008180463414814414,3.498358008099417,    ,3.821102870123e-06,5.413727990335239e-06,5.645066203905719e-06,5.603283840380646e-06,4.397798530523962e-06,4.4419267429318095e-06
RepsRanparRQMC/SmoothGauss-8-Lat-Rp-RSB-8-10000.dat,SmoothGauss,8,Lat-Rp,8,RS,True,5.785881616180956e-05,3.6823497874344944e-05,0.06376677341418735,5.5607875217090506,    ,3.3509383584571864e-06,2.663791234356195e-06,2.5393579236741986e-06,3.12044769897254e-06,3.1779174570033346e-06,2.8192858276874598e-06
RepsRanparQMC/SmoothGauss-8-Lat-Rp-8-10000.dat,SmoothGauss,8,Lat-Rp,8,qmc,False,-0.0018016438865717116,0.00016341060093278333,-0.1243885102137803,3.218547871784405,    ,1.8101429869728797e-05,2.3909463941047815e-05,2.5018984832935315e-05,2.494024836936604e-05,1.9847374858782576e-05,2.0211075650382297e-05
RepsRanparQMC/SmoothGauss-8-Lat-Rp-B-8-10000.dat,SmoothGauss,8,Lat-Rp,8,qmc,True,0.007378433398403367,7.411110227646798e-05,-1.0355599590108044,4.622547477022954,    ,6.117865234889862e-05,8.733685369410103e-05,9.307993938306196e-05,8.386673176113304e-05,7.195784223170731e-05,7.392280782354734e-05
RepsRanparRQMC/SmoothGauss-8-Lat-Rp-RS-10-10000.dat,SmoothGauss,8,Lat-Rp,10,RS,False,-1.9944637437513825e-05,9.183042625167708e-06,0.06783999287867927,5.215939830606577,    ,8.352198453959419e-07,9.368155182268774e-07,9.540430946142606e-07,9.955791094073692e-07,8.580904595834162e-07,8.237071710921972e-07
RepsRanparRQMC/SmoothGauss-8-Lat-Rp-RSB-10-10000.dat,SmoothGauss,8,Lat-Rp,10,RS,True,2.9419049668840215e-05,8.66076449234024e-06,0.3602804938597684,14.857389626717378,    ,7.882077070598031e-07,3.7602885893246024e-07,3.576607873367627e-07,4.241869178718426e-07,4.812339094792533e-07,4.0031764868979385e-07
RepsRanparQMC/SmoothGauss-8-Lat-Rp-10-10000.dat,SmoothGauss,8,Lat-Rp,10,qmc,False,-0.00011091081731283335,4.775696385121453e-05,0.06138810393020019,4.2756946255148245,    ,4.3538433776892305e-06,4.910383980826348e-06,4.983174534089489e-06,5.221692934156525e-06,4.520677601009958e-06,4.3381772976648e-06
RepsRanparQMC/SmoothGauss-8-Lat-Rp-B-10-10000.dat,SmoothGauss,8,Lat-Rp,10,qmc,True,0.002327412649430976,1.7460032250974232e-05,-1.9154698860015125,8.536715122499434,    ,7.004125299910792e-06,9.888112683867477e-06,1.0370778866831823e-05,1.0361974419887268e-05,9.221649504771046e-06,9.041079690132077e-06
RepsRanparRQMC/SmoothGauss-8-Lat-Rp-RS-12-10000.dat,SmoothGauss,8,Lat-Rp,12,RS,False,2.6853046659387558e-05,2.308941170747704e-06,0.08881472575206507,10.683220151969216,    ,2.1062482891013707e-07,1.7207008330198518e-07,1.6905721834725405e-07,1.8591373851349896e-07,1.8220392352173526e-07,1.6339383859785344e-07
RepsRanparRQMC/SmoothGauss-8-Lat-Rp-RSB-12-10000.dat,SmoothGauss,8,Lat-Rp,12,RS,True,2.6585199942201976e-05,2.370996420366898e-06,1.4449483241669474,47.83120062242245,    ,2.162519019802303e-07,6.216971655211116e-08,6.044776299926778e-08,7.298928890297868e-08,8.10961059020956e-08,6.745427812220228e-08
RepsRanparQMC/SmoothGauss-8-Lat-Rp-12-10000.dat,SmoothGauss,8,Lat-Rp,12,qmc,False,4.2061169123052066e-05,1.2777972558255912e-05,0.46301902195677697,9.02708594719795,    ,1.1634030108803536e-06,8.141041477811343e-07,7.812180377322306e-07,9.283721534527816e-07,9.382505694666959e-07,8.324257765634543e-07
RepsRanparQMC/SmoothGauss-8-Lat-Rp-B-12-10000.dat,SmoothGauss,8,Lat-Rp,12,qmc,True,0.0006836525727608462,4.480053762769544e-06,-4.03610007371343,26.69272736913085,    ,8.746584550397554e-07,8.723735633890506e-07,8.764636377882865e-07,9.564193943196344e-07,9.707586379360695e-07,8.88206067513176e-07
RepsRanparRQMC/SmoothGauss-8-Lat-Rp-RS-14-10000.dat,SmoothGauss,8,Lat-Rp,14,RS,False,-1.2067372165910806e-05,5.85534533545002e-07,-0.0829668365549519,37.095489716068094,    ,5.337603361144533e-08,3.016853528858056e-08,2.936431519516538e-08,3.273216773813179e-08,3.236355582438709e-08,2.8938318251829393e-08
RepsRanparRQMC/SmoothGauss-8-Lat-Rp-RSB-14-10000.dat,SmoothGauss,8,Lat-Rp,14,RS,True,4.408885927618334e-06,6.300870288711771e-07,4.724610882265371,239.48839601668206,    ,5.7300077263411575e-08,7.346366337176621e-09,6.795863525934543e-09,9.623098241956519e-09,1.256839866344086e-08,9.514114092523291e-09
RepsRanparQMC/SmoothGauss-8-Lat-Rp-14-10000.dat,SmoothGauss,8,Lat-Rp,14,qmc,False,1.1224149225594693e-05,3.2879292919927806e-06,0.9673677219308754,24.57884894178514,    ,2.99028644434273e-07,1.1966668844703134e-07,1.1267134434774691e-07,1.4332719743543986e-07,1.6615950547170148e-07,1.3723934288153056e-07
RepsRanparQMC/SmoothGauss-8-Lat-Rp-B-14-10000.dat,SmoothGauss,8,Lat-Rp,14,qmc,True,0.00019982488718987964,1.1193051628789423e-06,-8.210144598583069,101.51116503875487,    ,1.416850003476247e-07,5.867131509372625e-08,5.3479436408998255e-08,7.100878747572905e-08,8.93806151733406e-08,7.437996297604664e-08
RepsRanparRQMC/SmoothGauss-8-Lat-Rp-RS-16-10000.dat,SmoothGauss,8,Lat-Rp,16,RS,False,2.634031076499721e-06,1.2543019838669308e-07,-1.014624218935624,59.17373868588706,    ,1.1409683427593156e-08,4.747594038842014e-09,4.603445186091112e-09,5.48407457359172e-09,5.666189511180787e-09,4.9509710877993555e-09
RepsRanparRQMC/SmoothGauss-8-Lat-Rp-RSB-16-10000.dat,SmoothGauss,8,Lat-Rp,16,RS,True,9.341802433811596e-06,1.6895735675846847e-07,15.581090570827024,595.4208836779272,    ,1.5447028978027683e-08,8.894249297611327e-10,8.237337211883853e-10,1.1650803789001762e-09,1.6630842689919222e-09,1.2023429532059046e-09
RepsRanparQMC/SmoothGauss-8-Lat-Rp-16-10000.dat,SmoothGauss,8,Lat-Rp,16,qmc,False,2.4148483031591928e-05,7.604354520212292e-07,3.244843154202493,89.6243655789517,    ,6.971364487102065e-08,1.765974434135189e-08,1.6537474266678404e-08,2.111679557003432e-08,2.5453080008278723e-08,2.0492195967854513e-08
RepsRanparQMC/SmoothGauss-8-Lat-Rp-B-16-10000.dat,SmoothGauss,8,Lat-Rp,16,qmc,True,5.935140232012136e-05,2.3402610825460874e-07,-16.52951607959118,447.89611544194634,    ,2.4797689707783882e-08,3.4947299975209227e-09,2.9899115770237724e-09,4.473072432478668e-09,6.869306703997153e-09,5.300315536830907e-09
RepsRanparRQMC/SmoothGauss-8-Lat-Rv-RS-6-10000.dat,SmoothGauss,8,Lat-Rv,6,RS,False,-1.079379623884852e-05,0.00015918692210529714,-0.03431245597631054,2.976389117258938,    ,1.4471654879246078e-05,2.2229656652382795e-05,2.3522975064228154e-05,2.2433954045066533e-05,1.7362975049245748e-05,1.75792473158262e-05
RepsRanparRQMC/SmoothGauss-8-Lat-Rv-RSB-6-10000.dat,SmoothGauss,8,Lat-Rv,6,RS,True,-0.0002123313855287747,0.00019257275500967846,-0.10782544470795766,3.278195056987653,    ,1.755169870906952e-05,2.567978287322601e-05,2.6964653554668122e-05,2.5744444380875e-05,2.0301582188456174e-05,2.0323388925524712e-05
RepsRanparQMC/SmoothGauss-8-Lat-Rv-6-10000.dat,SmoothGauss,8,Lat-Rv,6,qmc,False,-0.005585982913909972,0.00045652129241231944,-0.15835242535692287,2.7450795448137204,    ,7.270514078834136e-05,9.446357731390933e-05,9.863401839327038e-05,9.589112643602894e-05,8.030148861751102e-05,8.151869001690607e-05
RepsRanparQMC/SmoothGauss-8-Lat-Rv-B-6-10000.dat,SmoothGauss,8,Lat-Rv,6,qmc,True,0.002542843145241405,0.00030732687882336214,-0.614461048421095,3.459815450935295,    ,3.44048584270614e-05,5.9517324505108046e-05,6.471698065140412e-05,5.9212308252162383e-05,4.461010806714602e-05,4.616202949050857e-05
RepsRanparRQMC/SmoothGauss-8-Lat-Rv-RS-8-10000.dat,SmoothGauss,8,Lat-Rv,8,RS,False,1.2582387044762666e-06,3.292169642225533e-05,-0.024138916614087205,3.825018137301601,    ,2.99288307609694e-06,3.823424842749855e-06,3.947021828762557e-06,3.88889952546743e-06,3.281317708307402e-06,3.1687512372270396e-06
RepsRanparRQMC/SmoothGauss-8-Lat-Rv-RSB-8-10000.dat,SmoothGauss,8,Lat-Rv,8,RS,True,-6.623130543588379e-05,4.861974359042578e-05,0.0459477835987632,4.852472947323937,    ,4.424363275858449e-06,3.722551510270353e-06,3.6351261414522483e-06,4.404883904450572e-06,4.2597449416541774e-06,3.881267563012833e-06
RepsRanparQMC/SmoothGauss-8-Lat-Rv-8-10000.dat,SmoothGauss,8,Lat-Rv,8,qmc,False,-0.0008976531145905433,0.00014808193695823533,-0.00855944226202692,3.2748672820840916,    ,1.4267775383064588e-05,2.0080038343335455e-05,2.1081768591664793e-05,2.0455043825265767e-05,1.652375024330881e-05,1.6397701177156463e-05
RepsRanparQMC/SmoothGauss-8-Lat-Rv-B-8-10000.dat,SmoothGauss,8,Lat-Rv,8,qmc,True,0.0016459219294450455,8.98503152877032e-05,-1.025148181870412,4.34817269533837,    ,1.0877269478528392e-05,2.60273401085501e-05,2.887028930999842e-05,2.3278228399195684e-05,1.5697574864997594e-05,1.714503789235199e-05
RepsRanparRQMC/SmoothGauss-8-Lat-Rv-RS-10-10000.dat,SmoothGauss,8,Lat-Rv,10,RS,False,-2.2009631721194e-05,7.4497300325643405e-06,0.20661267880578105,6.799437262723586,    ,6.77732608667079e-07,6.884034557805452e-07,6.916217585449956e-07,7.334826953466947e-07,6.504246097534526e-07,6.214517009016814e-07
RepsRanparRQMC/SmoothGauss-8-Lat-Rv-RSB-10-10000.dat,SmoothGauss,8,Lat-Rv,10,RS,True,-2.5950259541502884e-05,1.1983531046798455e-05,0.17247280973289447,10.942574534557062,    ,1.0900853293155854e-06,4.866282371312006e-07,4.525895589907146e-07,5.658444417170155e-07,6.787299014279684e-07,5.47893722817769e-07
RepsRanparQMC/SmoothGauss-8-Lat-Rv-10-10000.dat,SmoothGauss,8,Lat-Rv,10,qmc,False,-0.00021457959588541114,4.165640309313308e-05,0.2619180023166782,4.946887204650505,    ,3.832990138709717e-06,3.6652965358493857e-06,3.584552504200382e-06,4.078370843190772e-06,3.797922636090485e-06,3.5403935260625725e-06
RepsRanparQMC/SmoothGauss-8-Lat-Rv-B-10-10000.dat,SmoothGauss,8,Lat-Rv,10,qmc,True,0.0006704132694890257,2.2766159612696553e-05,-1.9674154715109633,7.588618920796073,    ,2.51910482578847e-06,4.235799282912798e-06,4.6836923548937686e-06,4.617863159746039e-06,3.7788388906338013e-06,3.538103577407541e-06
RepsRanparRQMC/SmoothGauss-8-Lat-Rv-RS-12-10000.dat,SmoothGauss,8,Lat-Rv,12,RS,False,-1.1972967053888595e-05,1.8497580451085668e-06,-0.2339507812064201,18.799591733842984,    ,1.683031742226705e-07,1.1211119990991604e-07,1.1037548203829095e-07,1.2123434110419837e-07,1.1688311174486699e-07,1.0666564516704454e-07
RepsRanparRQMC/SmoothGauss-8-Lat-Rv-RSB-12-10000.dat,SmoothGauss,8,Lat-Rv,12,RS,True,-1.8961112319606388e-05,3.2044617969955626e-06,0.49806839609818193,33.73671364720243,    ,2.916742325981751e-07,7.062908077169757e-08,6.826512797429309e-08,8.128463965101026e-08,1.0074528248651242e-07,7.790485800836737e-08
RepsRanparQMC/SmoothGauss-8-Lat-Rv-12-10000.dat,SmoothGauss,8,Lat-Rv,12,qmc,False,-2.6259418530285574e-05,1.0930192906652141e-05,0.39391870151701813,11.363141602157258,    ,9.94343457666289e-07,5.175250007897174e-07,4.948107617747458e-07,6.123813641775e-07,6.840030167638404e-07,5.76974275915822e-07
RepsRanparQMC/SmoothGauss-8-Lat-Rv-B-12-10000.dat,SmoothGauss,8,Lat-Rv,12,qmc,True,0.0001910912898610339,6.05530681403602e-06,-3.9371835202992203,22.168741666669565,    ,5.869983187003918e-07,4.7413276863181046e-07,4.96624609476909e-07,5.271217434845049e-07,5.469675566944305e-07,4.41406582979443e-07
RepsRanparRQMC/SmoothGauss-8-Lat-Rv-RS-14-10000.dat,SmoothGauss,8,Lat-Rv,14,RS,False,1.6205012152049392e-06,4.5799719534702886e-07,-1.037521316784389,56.50803641420952,    ,4.163873469210019e-08,1.8830229903130693e-08,1.8415708189008646e-08,2.0934855796540223e-08,2.1177739700332915e-08,1.876420493273791e-08
RepsRanparRQMC/SmoothGauss-8-Lat-Rv-RSB-14-10000.dat,SmoothGauss,8,Lat-Rv,14,RS,True,-5.972037426292542e-06,8.755513814553058e-07,1.8430360816010642,127.5919510592788,    ,7.963124536332157e-08,9.514862825143432e-09,8.903498858029498e-09,1.1515662472677682e-08,1.4847291328635017e-08,1.102375049419905e-08
RepsRanparQMC/SmoothGauss-8-Lat-Rv-14-10000.dat,SmoothGauss,8,Lat-Rv,14,qmc,False,2.2336242469716093e-05,2.9182279081171212e-06,1.545164139077682,36.64754166853507,    ,2.657923539201315e-07,7.795772093448267e-08,7.301603818014565e-08,9.311365565913296e-08,1.1411848428207056e-07,8.950980953053363e-08
RepsRanparQMC/SmoothGauss-8-Lat-Rv-B-14-10000.dat,SmoothGauss,8,Lat-Rv,14,qmc,True,6.503599159271278e-05,1.5542663509237652e-06,-7.827446100215847,79.99391193072508,    ,1.4552662119551697e-07,3.8601962584058954e-08,3.6438557111807066e-08,4.788874998609699e-08,6.463307555263748e-08,4.5974112399918514e-08
RepsRanparRQMC/SmoothGauss-8-Lat-Rv-RS-16-10000.dat,SmoothGauss,8,Lat-Rv,16,RS,False,2.982300438729146e-06,1.0258233469805444e-07,-2.822573537068875,230.04738314023493,    ,9.334560906639065e-09,3.329376854941267e-09,3.225091106150451e-09,3.63370534465938e-09,3.6443681488137574e-09,3.292584736465529e-09
RepsRanparRQMC/SmoothGauss-8-Lat-Rv-RSB-16-10000.dat,SmoothGauss,8,Lat-Rv,16,RS,True,4.2146552139912254e-07,1.8896582745609228e-07,3.9428969928873463,545.7288405669824,    ,1.7178889220103208e-08,1.194649851672809e-09,1.1212151041552157e-09,1.4591715163217017e-09,1.9703532391932246e-09,1.43384133424298e-09
RepsRanparQMC/SmoothGauss-8-Lat-Rv-16-10000.dat,SmoothGauss,8,Lat-Rv,16,qmc,False,8.355982602449107e-06,7.475469311491948e-07,3.916697460818464,149.11959345439456,    ,6.80286343679065e-08,1.108375895252914e-08,1.0260346187159118e-08,1.3282981629697537e-08,1.6884164068752963e-08,1.3173297442689022e-08
RepsRanparQMC/SmoothGauss-8-Lat-Rv-B-16-10000.dat,SmoothGauss,8,Lat-Rv,16,qmc,True,1.1468286751279843e-05,4.073930977058301e-07,-15.907207475932312,315.8421447700444,    ,3.7167257756085045e-08,3.05149404548344e-09,2.7476790004906214e-09,3.916387473175511e-09,5.903153878549286e-09,4.058279931324754e-09
RepsFixedparRQMC/SmoothGauss-8-Sob-DS-6-10000.dat,SmoothGauss,8,Sob,6,DS,False,-1.5503974840519553e-05,8.129773003632422e-05,-0.008684101531326479,2.912339748382084,    ,7.390943103810784e-06,1.204085957571069e-05,1.2756244785080035e-05,1.1888865824684506e-05,8.820216132884761e-06,9.241809002280063e-06
RepsFixedparRQMC/SmoothGauss-8-Sob-DS-8-10000.dat,SmoothGauss,8,Sob,8,DS,False,3.168520842683958e-05,6.417875758781788e-06,-0.025675659191044246,2.936377619417277,    ,5.844472032313967e-07,8.743508070130957e-07,9.330302262248277e-07,8.964319096200983e-07,6.87017505687012e-07,7.006331881889326e-07
RepsFixedparRQMC/SmoothGauss-8-Sob-DS-10-10000.dat,SmoothGauss,8,Sob,10,DS,False,-2.139705964519967e-06,5.500112473244471e-07,-0.03371400463054008,2.9616691773605965,    ,5.0005600825655255e-08,7.328490853272701e-08,7.785611006218487e-08,7.647504263923988e-08,5.855332756110113e-08,5.961133478582646e-08
RepsFixedparRQMC/SmoothGauss-8-Sob-DS-12-10000.dat,SmoothGauss,8,Sob,12,DS,False,4.7617635000550827e-07,7.885233087884982e-08,-0.03258741527630311,2.97914073499117,    ,7.16862046017538e-09,1.079282363644276e-08,1.1477678448421481e-08,1.1074041772194516e-08,8.456369488484465e-09,8.6313114114992e-09
RepsFixedparRQMC/SmoothGauss-8-Sob-DS-14-10000.dat,SmoothGauss,8,Sob,14,DS,False,9.574076978256185e-07,1.4452032906479322e-08,-0.009093741796123368,2.4228813747398195,    ,1.3147378028161578e-09,2.5078971970075384e-09,2.752699191321225e-09,2.3804166682106427e-09,1.650753242725262e-09,1.7767391537456334e-09
RepsFixedparRQMC/SmoothGauss-8-Sob-DS-16-10000.dat,SmoothGauss,8,Sob,16,DS,False,5.2437357598300595e-09,8.981325811229691e-10,-0.06305561021362105,2.870717665458892,    ,8.164844396248919e-11,1.2788456168683336e-10,1.3578233496054514e-10,1.2605967365729525e-10,9.722531129432064e-11,9.767613376873799e-11
RepsRanparRQMC/SmoothGauss-8-Sob-LMS-DS-6-10000.dat,SmoothGauss,8,Sob-LMS,6,DS,False,4.422166476333892e-05,3.889042965969963e-05,0.1748442340328,3.1372754262356195,    ,3.5374491610616807e-06,5.257866473379372e-06,5.57919751077613e-06,5.422095610877152e-06,4.181507282988197e-06,4.2222360954992405e-06
RepsRanparQMC/SmoothGauss-8-Sob-LMS-6-10000.dat,SmoothGauss,8,Sob-LMS,6,qmc,False,0.031607011661443,2.082132236192564e-05,-0.07845954119499,2.7663397976185626,    ,0.0010008960336540416,0.0010046079939522014,0.0010059135681531992,0.001004869957246927,0.0010021362574083547,0.0010027281339655067
RepsRanparRQMC/SmoothGauss-8-Sob-LMS-DS-8-10000.dat,SmoothGauss,8,Sob-LMS,8,DS,False,2.0601987102750675e-05,4.283637609867006e-06,0.10092889170072035,3.0976833517016673,    ,3.898460427695825e-07,5.562406157765768e-07,5.87558923202072e-07,5.799784986605508e-07,4.6109515332510174e-07,4.593858094184599e-07
RepsRanparQMC/SmoothGauss-8-Sob-LMS-8-10000.dat,SmoothGauss,8,Sob-LMS,8,qmc,False,0.008904330608382548,1.4773663625894663e-06,0.013513803292573052,3.1049589683759584,    ,7.942140961634099e-05,7.949110557789349e-05,7.950403745887134e-05,7.944609256763843e-05,7.944839420967506e-05,7.943772293945241e-05
RepsRanparRQMC/SmoothGauss-8-Sob-LMS-DS-10-10000.dat,SmoothGauss,8,Sob-LMS,10,DS,False,-3.749001273929506e-06,6.818366270179598e-07,0.0557951315514372,2.9645344028959157,    ,6.199920292127555e-08,9.459942703967312e-08,1.0094322999095115e-07,9.464272081078031e-08,7.373515539605393e-08,7.41959600064439e-08
RepsRanparQMC/SmoothGauss-8-Sob-LMS-10-10000.dat,SmoothGauss,8,Sob-LMS,10,qmc,False,0.0010952574885127525,4.388286222500196e-07,0.056163294766750894,2.6518038939977155,    ,1.2394824772569002e-06,1.241435329911435e-06,1.2437083510105692e-06,1.251474831788576e-06,1.2365579956557993e-06,1.2394507964074163e-06
RepsRanparRQMC/SmoothGauss-8-Sob-LMS-DS-12-10000.dat,SmoothGauss,8,Sob-LMS,12,DS,False,6.838882733289904e-07,6.648045898056153e-08,-0.04380605534129079,2.9948673407344995,    ,6.044145792312353e-09,9.197286064927527e-09,9.752644297576864e-09,9.256238635932005e-09,7.0889040365869535e-09,7.24157728477577e-09
RepsRanparQMC/SmoothGauss-8-Sob-LMS-12-10000.dat,SmoothGauss,8,Sob-LMS,12,qmc,False,-0.00026758680869901975,3.635180373258107e-08,0.1834969958494919,3.0192699835862618,    ,7.490740961996043e-08,7.958492930274985e-08,8.066802237809807e-08,7.985335922602906e-08,7.694844278207047e-08,7.751250282752199e-08
RepsRanparRQMC/SmoothGauss-8-Sob-LMS-DS-14-10000.dat,SmoothGauss,8,Sob-LMS,14,DS,False,8.276473450926493e-07,1.0602962184598916e-08,0.01687537256894708,3.387768723520683,    ,9.64590653273195e-10,1.2768348778361545e-09,1.3308686850341696e-09,1.3770748544037021e-09,1.07186565311097e-09,1.0930074412181725e-09
RepsRanparQMC/SmoothGauss-8-Sob-LMS-14-10000.dat,SmoothGauss,8,Sob-LMS,14,qmc,False,-0.00019154645993285638,7.506356127116473e-09,0.44754816362389893,3.2809248166030938,    ,3.73724423243654e-08,4.01995379337169e-08,4.092385261545653e-08,4.000016208723684e-08,3.880560363365402e-08,3.889366466687713e-08
RepsRanparRQMC/SmoothGauss-8-Sob-LMS-DS-16-10000.dat,SmoothGauss,8,Sob-LMS,16,DS,False,1.697698500163819e-07,8.190601595903241e-10,0.01407504962650123,3.0298842493698666,    ,7.448883631018586e-11,1.1224734396537372e-10,1.189612526707313e-10,1.1571878157587438e-10,8.877179030626943e-11,9.040495164331766e-11
RepsRanparQMC/SmoothGauss-8-Sob-LMS-16-10000.dat,SmoothGauss,8,Sob-LMS,16,qmc,False,-6.849820472785471e-05,5.753615946828776e-10,-0.036330854894760435,3.184306889828827,    ,4.744309650455723e-09,4.730243951078253e-09,4.7272779448953915e-09,4.749902254330048e-09,4.734925474879396e-09,4.7431247327183846e-09
RepsRanparRQMC/SmoothGauss-8-Sob-NUS-6-10000.dat,SmoothGauss,8,Sob-NUS,6,NUS,False,3.6916151945397504e-05,3.7399483872423126e-05,0.16146278425957922,3.1157475763229625,    ,3.401315881585649e-06,4.996127817257335e-06,5.3121354142962916e-06,5.15192575956507e-06,4.047208364409594e-06,4.063690102875161e-06
RepsRanparRQMC/SmoothGauss-8-Sob-NUS-8-10000.dat,SmoothGauss,8,Sob-NUS,8,NUS,False,4.434283352888458e-06,4.2749767741599516e-06,0.09205081582643988,2.9632656392128895,    ,3.8865391506521295e-07,5.930705648028776e-07,6.301327179754762e-07,6.131100591063775e-07,4.77161473590186e-07,4.826658066880795e-07
RepsRanparRQMC/SmoothGauss-8-Sob-NUS-10-10000.dat,SmoothGauss,8,Sob-NUS,10,NUS,False,-4.42814532233129e-06,6.945094978295343e-07,0.02495072836609534,2.9528171945893646,    ,6.315683554640789e-08,1.0024463495212098e-07,1.0672621478138328e-07,9.867417517647282e-08,7.593281231500421e-08,7.744005818439076e-08
RepsRanparRQMC/SmoothGauss-8-Sob-NUS-12-10000.dat,SmoothGauss,8,Sob-NUS,12,NUS,False,-2.718581961806965e-08,6.542144104793068e-08,-0.010846726923608472,2.9641198080307745,    ,5.947404470698851e-09,9.076347119911165e-09,9.669291960761703e-09,9.076042193989173e-09,7.041005188769562e-09,7.130376875928306e-09
RepsRanparRQMC/SmoothGauss-8-Sob-NUS-14-10000.dat,SmoothGauss,8,Sob-NUS,14,NUS,False,-1.1076122882037742e-07,1.1029503400684115e-08,0.004323333139102567,2.9515332578400737,    ,1.0026943953847296e-09,1.4732332039368279e-09,1.5681333206998404e-09,1.5255812721192786e-09,1.1653736144080736e-09,1.1849332469779752e-09
RepsRanparRQMC/SmoothGauss-8-Sob-NUS-16-10000.dat,SmoothGauss,8,Sob-NUS,16,NUS,False,-7.501077441226523e-08,8.080832169687548e-10,0.004165324434357609,2.9661697456612,    ,7.34677372498011e-11,1.1005287103053287e-10,1.1681427201241127e-10,1.1445007331526733e-10,8.71464068204818e-11,8.917565953061271e-11
RepsFixedparRQMC/SmoothGauss-16-Lat-RS-6-10000.dat,SmoothGauss,16,Lat,6,RS,False,2.3755780077918565e-06,0.00016105233950812034,-0.03200270870204611,2.90412205137458,    ,1.4641127416836357e-05,2.195535666022562e-05,2.338395202462186e-05,2.2523042759758317e-05,1.7458473813678215e-05,1.7590415178807704e-05
RepsFixedparRQMC/SmoothGauss-16-Lat-RSB-6-10000.dat,SmoothGauss,16,Lat,6,RS,True,3.2525045808961426e-05,0.00019887340378526436,-0.0719044809387184,2.9071971400481176,    ,1.8080458222719818e-05,2.7267200841911548e-05,2.920409860266494e-05,2.7471975322204688e-05,2.1482908860711512e-05,2.1485537485374345e-05
RepsFixedparRQMC/SmoothGauss-16-Lat-RS-8-10000.dat,SmoothGauss,16,Lat,8,RS,False,3.184522995958816e-05,4.001782928605324e-05,0.05662910796102109,2.9569014694720437,    ,3.6389985992214736e-06,5.430524358363323e-06,5.7821773810399015e-06,5.530044925355375e-06,4.2567844065011225e-06,4.328293511952841e-06
RepsFixedparRQMC/SmoothGauss-16-Lat-RSB-8-10000.dat,SmoothGauss,16,Lat,8,RS,True,7.211166381586313e-05,5.724867433347551e-05,0.07118991032676657,2.588612166013274,    ,5.2096250314651565e-06,8.551898497412614e-06,9.256533982739227e-06,8.564908742130492e-06,6.3854760669974265e-06,6.568587622474281e-06
RepsFixedparRQMC/SmoothGauss-16-Lat-RS-10-10000.dat,SmoothGauss,16,Lat,10,RS,False,1.9884004067503612e-05,6.864719099837802e-06,0.1797112461040986,2.9483475376277175,    ,6.244607463302839e-07,9.872170540356106e-07,1.0552595243187821e-06,9.931063303478656e-07,7.53494398806621e-07,7.676043152066245e-07
RepsFixedparRQMC/SmoothGauss-16-Lat-RSB-10-10000.dat,SmoothGauss,16,Lat,10,RS,True,1.236309412242962e-05,5.346763124964822e-06,-0.00349285432415269,2.785809676336014,    ,4.862222210930821e-07,7.856324449371059e-07,8.43990320871153e-07,7.925503950512995e-07,5.961229950881521e-07,6.116958516097008e-07
RepsFixedparRQMC/SmoothGauss-16-Lat-RS-12-10000.dat,SmoothGauss,16,Lat,12,RS,False,4.030456160591645e-06,8.882638051795631e-07,0.09860346812078774,2.957594561467177,    ,8.076749959318637e-08,1.254238815448066e-07,1.332815903409404e-07,1.2901404023956104e-07,9.786088690604382e-08,1.0014169147321695e-07
RepsFixedparRQMC/SmoothGauss-16-Lat-RSB-12-10000.dat,SmoothGauss,16,Lat,12,RS,True,-6.67443969708692e-06,4.734127276269895e-07,-0.05425939225026639,2.964810634787717,    ,4.308206883863273e-08,6.64008330035596e-08,7.087136039748262e-08,6.752516648983943e-08,5.2406914829908316e-08,5.268375854449304e-08
RepsFixedparRQMC/SmoothGauss-16-Lat-RS-14-10000.dat,SmoothGauss,16,Lat,14,RS,False,1.6836155786847828e-06,1.396609703860992e-07,0.12701930439616613,2.9500290297280727,    ,1.2699286414698535e-08,1.946927311191109e-08,2.0779898779027447e-08,1.9287902436087166e-08,1.499249009605176e-08,1.5110372425735608e-08
RepsFixedparRQMC/SmoothGauss-16-Lat-RSB-14-10000.dat,SmoothGauss,16,Lat,14,RS,True,-1.9612682089452105e-06,4.283221979116309e-08,0.02499883223502281,2.912520564438632,    ,3.897684735820427e-09,6.083745345682868e-09,6.468122563683502e-09,6.041939553412716e-09,4.6728466521320496e-09,4.748394961502396e-09
RepsFixedparRQMC/SmoothGauss-16-Lat-RS-16-10000.dat,SmoothGauss,16,Lat,16,RS,False,-1.1753346426919053e-06,2.0781423023443263e-08,-0.018812005337170132,2.940166612030245,    ,1.8906016863807903e-09,2.8842944053012983e-09,3.0715897940603763e-09,2.8957703201009388e-09,2.2645492414145747e-09,2.2837281514840404e-09
RepsFixedparRQMC/SmoothGauss-16-Lat-RSB-16-10000.dat,SmoothGauss,16,Lat,16,RS,True,-1.4775998310991524e-06,9.738692195245793e-09,-0.010978661377751012,2.894811513279103,    ,8.875189553741181e-10,1.3641951863447242e-09,1.4618473951590566e-09,1.3731947416987346e-09,1.0698266689741098e-09,1.0669133029554218e-09
RepsRanparRQMC/SmoothGauss-16-Lat-Rp-RS-6-10000.dat,SmoothGauss,16,Lat-Rp,6,RS,False,-1.1253775411362642e-05,0.00022226024549123187,-0.11334709975891157,3.1168442258133378,    ,2.0205603510300268e-05,3.0384619873196978e-05,3.208404527716926e-05,3.0810989903011475e-05,2.3880054363168174e-05,2.4188198281974315e-05
RepsRanparRQMC/SmoothGauss-16-Lat-Rp-RSB-6-10000.dat,SmoothGauss,16,Lat-Rp,6,RS,True,8.568613932263788e-05,0.00015638338797456636,-0.1733660818677295,3.239226466472381,    ,1.4224013748523507e-05,2.072924356900739e-05,2.1866851591200325e-05,2.0998258506412817e-05,1.6501122050996324e-05,1.662710352744763e-05
RepsRanparQMC/SmoothGauss-16-Lat-Rp-6-10000.dat,SmoothGauss,16,Lat-Rp,6,qmc,False,-0.008626771261103885,0.00046983088435550605,-0.46530662085405905,3.2051826081173695,    ,0.00011713308096918118,0.00011687928411505695,0.00011467057655960404,0.00011870988006100594,0.00011214966331759635,0.00011272663426275628
RepsRanparQMC/SmoothGauss-16-Lat-Rp-B-6-10000.dat,SmoothGauss,16,Lat-Rp,6,qmc,True,0.03105242179210496,0.00031019300651537754,-0.38497927912755897,3.3577662567969138,    ,0.0009924522633834659,0.0010657779751424865,0.0010832264972283658,0.0010626277622298446,0.0010250195115571548,0.0010315499912965855
RepsRanparRQMC/SmoothGauss-16-Lat-Rp-RS-8-10000.dat,SmoothGauss,16,Lat-Rp,8,RS,False,-9.402015820843981e-05,4.628932142869785e-05,-0.10598503643763967,3.160130949562987,    ,4.216959920031162e-06,6.223798274690187e-06,6.610888758878435e-06,6.353102398627411e-06,5.008050522305421e-06,4.999775787017643e-06
RepsRanparRQMC/SmoothGauss-16-Lat-Rp-RSB-8-10000.dat,SmoothGauss,16,Lat-Rp,8,RS,True,9.463655936610409e-05,3.859700371494694e-05,0.015073705829850749,3.497460905024791,    ,3.517774597909285e-06,4.592944434251955e-06,4.761712964339456e-06,4.829290699412204e-06,3.996955828618508e-06,3.91210889240775e-06
RepsRanparQMC/SmoothGauss-16-Lat-Rp-8-10000.dat,SmoothGauss,16,Lat-Rp,8,qmc,False,-0.0015966525338725844,0.0001777377096241029,-0.2693608929612021,3.0783192234630192,    ,1.870727291611292e-05,2.5829150400757765e-05,2.7171337266115668e-05,2.6694840186116296e-05,2.1210312488149504e-05,2.155625296830268e-05
RepsRanparQMC/SmoothGauss-16-Lat-Rp-B-8-10000.dat,SmoothGauss,16,Lat-Rp,8,qmc,True,0.011173960324955578,8.536699937166686e-05,-0.5098575021195301,3.6274736375701466,    ,0.00013261802565019655,0.00015145644110825743,0.00015577187436446982,0.0001507137944247783,0.0001415846679545468,0.00014277498064280172
RepsRanparRQMC/SmoothGauss-16-Lat-Rp-RS-10-10000.dat,SmoothGauss,16,Lat-Rp,10,RS,False,-6.109526392989157e-05,1.0136098051965575e-05,-0.043271905134683715,3.5040205195563185,    ,9.251960905442609e-07,1.270789573843412e-06,1.3292620332054414e-06,1.318638586344932e-06,1.0380434640479353e-06,1.045975819534403e-06
RepsRanparRQMC/SmoothGauss-16-Lat-Rp-RSB-10-10000.dat,SmoothGauss,16,Lat-Rp,10,RS,True,2.267033591382457e-05,9.31495571777458e-06,0.07032377660398387,5.630025341785381,    ,8.47328100291771e-07,6.704025000004323e-07,6.464181547997448e-07,8.029998950340521e-07,7.690260516115932e-07,7.071070858959707e-07
RepsRanparQMC/SmoothGauss-16-Lat-Rp-10-10000.dat,SmoothGauss,16,Lat-Rp,10,qmc,False,-0.00023872671791528414,5.1750052291387736e-05,-0.1835965723824412,3.6000817848205617,    ,4.76154065415458e-06,6.224914267789041e-06,6.498913610968454e-06,6.469162462787861e-06,5.301751629559036e-06,5.201179285640072e-06
RepsRanparQMC/SmoothGauss-16-Lat-Rp-B-10-10000.dat,SmoothGauss,16,Lat-Rp,10,qmc,True,0.0034375984347018006,2.040411590061056e-05,-0.9584699280853063,4.567093529050937,    ,1.3672002625592503e-05,1.9545785885967512e-05,2.0764276269201302e-05,1.8870725192361027e-05,1.625994201547705e-05,1.6645665038251476e-05
RepsRanparRQMC/SmoothGauss-16-Lat-Rp-RS-12-10000.dat,SmoothGauss,16,Lat-Rp,12,RS,False,1.0656489632950329e-05,2.368050195721783e-06,0.12331172682749496,5.176296389038027,    ,2.153908512914593e-07,2.433801781535668e-07,2.468930127835725e-07,2.5800328985065843e-07,2.2108424396382434e-07,2.134558381329874e-07
RepsRanparRQMC/SmoothGauss-16-Lat-Rp-RSB-12-10000.dat,SmoothGauss,16,Lat-Rp,12,RS,True,-1.3767477662574046e-05,2.319982031629546e-06,0.10516934799869933,11.742669567622073,    ,2.1109700086205733e-07,1.105455938248172e-07,1.0551051342876034e-07,1.2349590891143963e-07,1.3753903921035053e-07,1.1646276065503717e-07
RepsRanparQMC/SmoothGauss-16-Lat-Rp-12-10000.dat,SmoothGauss,16,Lat-Rp,12,qmc,False,-1.8737370110973438e-05,1.4365893443129223e-05,0.06736645658442923,4.467678747808156,    ,1.3063414020504232e-06,1.5088263243786346e-06,1.540397599686386e-06,1.6043994441050418e-06,1.3777269511172188e-06,1.321006350245682e-06
RepsRanparQMC/SmoothGauss-16-Lat-Rp-B-12-10000.dat,SmoothGauss,16,Lat-Rp,12,qmc,True,0.0009837937879275378,5.252361928096796e-06,-1.9175825344214223,8.135648954652165,    ,1.445337665173613e-06,2.165136366202986e-06,2.306853548398009e-06,2.2957837683575933e-06,1.9810381853054165e-06,1.9376439209078185e-06
RepsRanparRQMC/SmoothGauss-16-Lat-Rp-RS-14-10000.dat,SmoothGauss,16,Lat-Rp,14,RS,False,9.970742920425068e-06,5.95280301072565e-07,0.6564385448503287,11.121815133846916,    ,5.421580672098203e-08,4.6019746337081774e-08,4.57670926727749e-08,5.064070037092933e-08,4.610782767608248e-08,4.336966064940552e-08
RepsRanparRQMC/SmoothGauss-16-Lat-Rp-RSB-14-10000.dat,SmoothGauss,16,Lat-Rp,14,RS,True,8.488870567266427e-06,6.190026963648759e-07,1.0636882384283879,41.23384135835755,    ,5.63450333203147e-08,1.8902933730380902e-08,1.8563229438476865e-08,2.079847633075541e-08,2.209926804670818e-08,1.8788091701733218e-08
RepsRanparQMC/SmoothGauss-16-Lat-Rp-14-10000.dat,SmoothGauss,16,Lat-Rp,14,qmc,False,2.7088840737088728e-05,3.869628430240317e-06,0.19495903200141043,7.632209864320567,    ,3.525182080415991e-07,2.572089344713613e-07,2.496002596138475e-07,3.023529653824456e-07,2.999970242964306e-07,2.7035614158137877e-07
RepsRanparQMC/SmoothGauss-16-Lat-Rp-B-14-10000.dat,SmoothGauss,16,Lat-Rp,14,qmc,True,0.0002689488170383443,1.3862669619709988e-06,-3.9550315022936604,24.245900831189967,    ,1.983577354564156e-07,2.113062253079952e-07,2.1841559680019322e-07,2.3015222136448716e-07,2.2218805123647143e-07,2.0203744848991817e-07
RepsRanparRQMC/SmoothGauss-16-Lat-Rp-RS-16-10000.dat,SmoothGauss,16,Lat-Rp,16,RS,False,5.003057490725937e-06,1.4826684100667882e-07,1.3929698146098715,36.12858158707844,    ,1.3503834312135401e-08,9.205453827179495e-09,9.079888277216657e-09,9.705022385340246e-09,8.967313763649833e-09,8.465661887604165e-09
RepsRanparRQMC/SmoothGauss-16-Lat-Rp-RSB-16-10000.dat,SmoothGauss,16,Lat-Rp,16,RS,True,-7.3287207882193005e-06,1.293421078333148e-07,-1.1423113724371823,149.311020602561,    ,1.1812083587783932e-08,3.174169204820766e-09,3.135601174143362e-09,3.5665069592975165e-09,3.6614260288696413e-09,3.2163741240667713e-09
RepsRanparQMC/SmoothGauss-16-Lat-Rp-16-10000.dat,SmoothGauss,16,Lat-Rp,16,qmc,False,1.3014454538580256e-05,1.0222402812958036e-06,0.5701805613429813,20.01597144764574,    ,9.310031069019165e-08,3.989529226424209e-08,3.7695440546929216e-08,4.7716431702933535e-08,5.5955992627903366e-08,4.598806312535751e-08
RepsRanparQMC/SmoothGauss-16-Lat-Rp-B-16-10000.dat,SmoothGauss,16,Lat-Rp,16,qmc,True,6.860536756496185e-05,3.939471362864392e-07,-7.638240424155798,80.08025636347519,    ,4.0520072484763445e-08,1.7932020729978663e-08,1.73210361679351e-08,2.0668294399343385e-08,2.325664966757485e-08,1.9367531038036416e-08
RepsRanparRQMC/SmoothGauss-16-Lat-Rv-RS-6-10000.dat,SmoothGauss,16,Lat-Rv,6,RS,False,3.586411466201592e-05,0.0001650467943073362,-0.1313576175013852,3.0591512762782114,    ,1.5005540262660145e-05,2.2645748453891106e-05,2.4113562944067166e-05,2.3211434901659104e-05,1.7630662368973535e-05,1.8037513808500355e-05
RepsRanparRQMC/SmoothGauss-16-Lat-Rv-RSB-6-10000.dat,SmoothGauss,16,Lat-Rv,6,RS,True,-4.062481790907351e-05,0.00020569236587904212,-0.12844203993837952,3.0208387260153744,    ,1.8700956364833976e-05,2.7722533334541898e-05,2.943699786848159e-05,2.844970003246119e-05,2.1441687893654098e-05,2.212810232945548e-05
RepsRanparQMC/SmoothGauss-16-Lat-Rv-6-10000.dat,SmoothGauss,16,Lat-Rv,6,qmc,False,-0.005572604747826546,0.00047109314007906045,-0.2687715780041817,2.9086958625721344,    ,7.388057277359536e-05,9.035623832720243e-05,9.29509183626287e-05,9.182485596818329e-05,7.988618840562533e-05,7.957019406479601e-05
RepsRanparQMC/SmoothGauss-16-Lat-Rv-B-6-10000.dat,SmoothGauss,16,Lat-Rv,6,qmc,True,0.0029343499840322478,0.00032508318863372706,-0.44481211650629776,3.2521119785079526,    ,3.816342697731069e-05,6.023106109977316e-05,6.53463602851338e-05,6.269505540250003e-05,4.81153672895908e-05,4.974010171203488e-05
RepsRanparRQMC/SmoothGauss-16-Lat-Rv-RS-8-10000.dat,SmoothGauss,16,Lat-Rv,8,RS,False,3.522724028181358e-05,3.4021790737954836e-05,-0.09418060167762991,3.159777062956783,    ,3.094131025544676e-06,4.583076460560646e-06,4.8890658253681564e-06,4.671475744800714e-06,3.575715934165911e-06,3.651189052646043e-06
RepsRanparRQMC/SmoothGauss-16-Lat-Rv-RSB-8-10000.dat,SmoothGauss,16,Lat-Rv,8,RS,True,8.309609057380833e-05,5.082117313289137e-05,-0.07046234485685636,3.283570926336038,    ,4.62701160871332e-06,6.317374145819566e-06,6.6250535247892135e-06,6.516957079075353e-06,5.300899814051313e-06,5.214782351584364e-06
RepsRanparQMC/SmoothGauss-16-Lat-Rv-8-10000.dat,SmoothGauss,16,Lat-Rv,8,qmc,False,-0.0006710967171072223,0.00015836981164658908,-0.15407462826215867,3.025731756685909,    ,1.4847626407947462e-05,2.209773494296549e-05,2.3463170638388526e-05,2.2441085563390395e-05,1.7410320588466677e-05,1.7630586650270035e-05
RepsRanparQMC/SmoothGauss-16-Lat-Rv-B-8-10000.dat,SmoothGauss,16,Lat-Rv,8,qmc,True,0.0018071838925884343,0.00010162983706083464,-0.6292150438682895,3.739185137664495,    ,1.2504989718070598e-05,2.0682172922492517e-05,2.2562573107601745e-05,2.0863451713369068e-05,1.654502723113897e-05,1.6513654804314607e-05
RepsRanparRQMC/SmoothGauss-16-Lat-Rv-RS-10-10000.dat,SmoothGauss,16,Lat-Rv,10,RS,False,-1.392120222069717e-05,7.776351534810767e-06,0.022355040905311943,3.6652116828176435,    ,7.071348484904301e-07,9.525104912918695e-07,9.896650099522366e-07,9.517564055632675e-07,7.927406231359175e-07,7.75041799598917e-07
RepsRanparRQMC/SmoothGauss-16-Lat-Rv-RSB-10-10000.dat,SmoothGauss,16,Lat-Rv,10,RS,True,-1.4858249950874258e-07,1.2302772535582924e-05,0.03480520729394198,4.816651389650595,    ,1.1184338889479341e-06,9.565490563877513e-07,9.332175745965759e-07,1.1255243156975194e-06,1.089491780232107e-06,9.92837958841053e-07
RepsRanparQMC/SmoothGauss-16-Lat-Rv-10-10000.dat,SmoothGauss,16,Lat-Rv,10,qmc,False,-3.697140222589348e-05,4.496908173801428e-05,-0.004988311801178119,3.3054166900064885,    ,4.089465224402029e-06,5.72070161907098e-06,5.992797174422752e-06,5.969219147087411e-06,4.719896346970633e-06,4.724177218099065e-06
RepsRanparQMC/SmoothGauss-16-Lat-Rv-B-10-10000.dat,SmoothGauss,16,Lat-Rv,10,qmc,True,0.0007134940122198388,2.7117334138264232e-05,-0.991066621412877,4.330865118514995,    ,2.974285899861221e-06,6.566098741514137e-06,7.310799087387726e-06,6.146084870871146e-06,4.254498780810611e-06,4.52474034222356e-06
RepsRanparRQMC/SmoothGauss-16-Lat-Rv-RS-12-10000.dat,SmoothGauss,16,Lat-Rv,12,RS,False,1.0578630916499376e-05,1.954025973435172e-06,0.0944703380917735,5.881193567229255,    ,1.7775063228981042e-07,1.876431690107692e-07,1.9044400247291132e-07,1.995958914207006e-07,1.7163720973973087e-07,1.6739716695643648e-07
RepsRanparRQMC/SmoothGauss-16-Lat-Rv-RSB-12-10000.dat,SmoothGauss,16,Lat-Rv,12,RS,True,5.628987817863274e-06,3.1521773805221058e-06,0.11066767477361635,9.834257641888493,    ,2.865932655513178e-07,1.3641717689200092e-07,1.2690041448814059e-07,1.6105834375410429e-07,1.8844053595816192e-07,1.5320912068604816e-07
RepsRanparQMC/SmoothGauss-16-Lat-Rv-12-10000.dat,SmoothGauss,16,Lat-Rv,12,qmc,False,3.472922045731399e-05,1.195537873212249e-05,0.1459806591732073,4.619552579150606,    ,1.0880587307647081e-06,1.0853362355169877e-06,1.0751473379423248e-06,1.199127387923301e-06,1.1052302418641008e-06,1.0293863823961183e-06
RepsRanparQMC/SmoothGauss-16-Lat-Rv-B-12-10000.dat,SmoothGauss,16,Lat-Rv,12,qmc,True,0.00021250525429402812,6.771839669673542e-06,-1.8673467661099588,7.453769414479251,    ,6.607802712547097e-07,1.0168669355464891e-06,1.1368940899948028e-06,1.151413638664046e-06,9.37071190868782e-07,8.608605176459831e-07
RepsRanparRQMC/SmoothGauss-16-Lat-Rv-RS-14-10000.dat,SmoothGauss,16,Lat-Rv,14,RS,False,-1.3947073045516344e-06,4.794454717879676e-07,0.3305616063638178,18.19083151769832,    ,4.35878971891897e-08,3.11853090615583e-08,3.038737640815046e-08,3.446572633002927e-08,3.271639640656069e-08,3.0126122061124485e-08
RepsRanparRQMC/SmoothGauss-16-Lat-Rv-RSB-14-10000.dat,SmoothGauss,16,Lat-Rv,14,RS,True,-3.1152098672808437e-06,7.575352749428156e-07,0.4693553448109142,32.28987254041212,    ,6.887654770913682e-08,2.212578107332463e-08,2.1345596385325136e-08,2.4953541841401097e-08,2.7969387098545217e-08,2.2854546711835967e-08
RepsRanparQMC/SmoothGauss-16-Lat-Rv-14-10000.dat,SmoothGauss,16,Lat-Rv,14,qmc,False,3.298181426421914e-05,3.2884192374903935e-06,0.4450205064686213,10.781702178855644,    ,3.0003500348037706e-07,1.7137665255392463e-07,1.6387373853397855e-07,2.0098748708483328e-07,2.167148794920148e-07,1.824921295920884e-07
RepsRanparQMC/SmoothGauss-16-Lat-Rv-B-14-10000.dat,SmoothGauss,16,Lat-Rv,14,qmc,True,5.2719419920494645e-05,1.8412937277896065e-06,-3.725549647633892,20.15024053702295,    ,1.7016967612671767e-07,1.3434120136764156e-07,1.4461497182353422e-07,1.5592313864282118e-07,1.5667139050336156e-07,1.2575601625944252e-07
RepsRanparRQMC/SmoothGauss-16-Lat-Rv-RS-16-10000.dat,SmoothGauss,16,Lat-Rv,16,RS,False,2.1075830351807377e-06,1.0792370730000663e-07,1.0131616883716148,51.193799491634834,    ,9.815688024432602e-09,5.977966513488478e-09,5.907598056147939e-09,6.486743596414576e-09,6.089115927235485e-09,5.6059815590757585e-09
RepsRanparRQMC/SmoothGauss-16-Lat-Rv-RSB-16-10000.dat,SmoothGauss,16,Lat-Rv,16,RS,True,8.688679645125763e-08,1.8045466973152854e-07,1.1721721532565832,131.81616345582665,    ,1.64049775249089e-08,3.787497797735104e-09,3.754822933898375e-09,4.257629906837134e-09,4.229393157672278e-09,3.748533019995915e-09
RepsRanparQMC/SmoothGauss-16-Lat-Rv-16-10000.dat,SmoothGauss,16,Lat-Rv,16,qmc,False,4.155964022757563e-06,8.052993434233134e-07,0.6126674555274729,31.316122143232967,    ,7.322630325725968e-08,2.5512125707711596e-08,2.4272672577774835e-08,3.052910518875858e-08,3.524938475010695e-08,2.908975800521938e-08
RepsRanparQMC/SmoothGauss-16-Lat-Rv-B-16-10000.dat,SmoothGauss,16,Lat-Rv,16,qmc,True,1.7530483694364818e-05,4.4929637931594194e-07,-7.403951214387081,71.69787772500376,    ,4.1152443250916744e-08,1.5103873072925513e-08,1.5277571865897855e-08,1.7139130990353586e-08,1.8308710786168097e-08,1.483051490692298e-08
RepsFixedparRQMC/SmoothGauss-16-Sob-DS-6-10000.dat,SmoothGauss,16,Sob,6,DS,False,2.7007550838871875e-05,0.00010125488736240613,-0.11767108605463501,2.9765986204902726,    ,9.205719168021053e-06,1.4017755815871855e-05,1.4955567124970056e-05,1.4156153881868361e-05,1.1124563236659708e-05,1.1135755610990504e-05
RepsFixedparRQMC/SmoothGauss-16-Sob-DS-8-10000.dat,SmoothGauss,16,Sob,8,DS,False,1.7353459568571817e-06,9.314712010786247e-06,0.09238453427495844,2.991075937627755,    ,8.467950124061579e-07,1.2916363538896735e-06,1.3734550636896475e-06,1.302360141939703e-06,1.0099025692229884e-06,1.0189473959111559e-06
RepsFixedparRQMC/SmoothGauss-16-Sob-DS-10-10000.dat,SmoothGauss,16,Sob,10,DS,False,-1.3749303789385237e-05,1.5037486217421294e-06,0.0034284342007754086,2.963943639372184,    ,1.368934635130682e-07,2.114014599428607e-07,2.2517340691460992e-07,2.118187253329651e-07,1.6492565200608568e-07,1.6627420577985206e-07
RepsFixedparRQMC/SmoothGauss-16-Sob-DS-12-10000.dat,SmoothGauss,16,Sob,12,DS,False,2.0539120532078402e-06,3.1559585070227144e-07,0.05641626439027074,2.934933231036964,    ,2.869475043674699e-08,4.507948417067074e-08,4.7989799364273964e-08,4.502655382534175e-08,3.4518812156801905e-08,3.509582269441795e-08
RepsFixedparRQMC/SmoothGauss-16-Sob-DS-14-10000.dat,SmoothGauss,16,Sob,14,DS,False,3.2968954144758646e-07,4.127709447499183e-08,0.05842770870472272,2.935750520086042,    ,3.752571829283906e-09,5.662652605519847e-09,6.060764824688477e-09,5.7657198248744495e-09,4.408668728603792e-09,4.4854293073873595e-09
RepsFixedparRQMC/SmoothGauss-16-Sob-DS-16-10000.dat,SmoothGauss,16,Sob,16,DS,False,7.363138141097014e-07,3.799706088442794e-09,-0.026119054269022623,2.9268412690508536,    ,3.459699842549209e-10,5.102965037131941e-10,5.471514177646358e-10,5.220595902790878e-10,4.0259826115335306e-10,4.0777806087899686e-10
RepsRanparRQMC/SmoothGauss-16-Sob-LMS-DS-6-10000.dat,SmoothGauss,16,Sob-LMS,6,DS,False,5.1122145104300276e-05,6.4567243856523e-05,-0.05245689961363445,2.8830142062230086,    ,5.872362915222156e-06,9.213015983469654e-06,9.82687422345285e-06,9.219203592548085e-06,7.25449697275858e-06,7.240909553378776e-06
RepsRanparQMC/SmoothGauss-16-Sob-LMS-6-10000.dat,SmoothGauss,16,Sob-LMS,6,qmc,False,0.04804065331283894,4.049008860601103e-05,-0.08998975284699494,2.907130419880388,    ,0.002311585287870384,0.0023172937517560014,0.0023190091406875986,0.002318063541323084,0.002313356263585212,0.002314331765247531
RepsRanparRQMC/SmoothGauss-16-Sob-LMS-DS-8-10000.dat,SmoothGauss,16,Sob-LMS,8,DS,False,-6.238400846158143e-05,8.877534778734837e-06,0.12261959493857882,3.021843036918955,    ,8.109403807603562e-07,1.2517900701639792e-06,1.3253966069331445e-06,1.253235884037601e-06,9.66706466643859e-07,9.868055112841247e-07
RepsRanparQMC/SmoothGauss-16-Sob-LMS-8-10000.dat,SmoothGauss,16,Sob-LMS,8,qmc,False,0.018086216814055898,4.037645446631993e-06,-0.07762913421402898,2.8613895834268184,    ,0.0003274782973220048,0.00032847253226572597,0.00032876159242866494,0.000328365418469589,0.0003278833086205063,0.00032792755614963166
RepsRanparRQMC/SmoothGauss-16-Sob-LMS-DS-10-10000.dat,SmoothGauss,16,Sob-LMS,10,DS,False,5.660407559360524e-06,1.3919689644902813e-06,0.0708651794741734,3.05400467120778,    ,1.265746733492182e-07,1.8996125340395362e-07,2.0177081313618707e-07,1.932509009228886e-07,1.533520359503777e-07,1.5267634904790663e-07
RepsRanparQMC/SmoothGauss-16-Sob-LMS-10-10000.dat,SmoothGauss,16,Sob-LMS,10,qmc,False,0.0054867851444929915,5.087665397658877e-07,-0.03792463907398679,2.969152599685114,    ,3.0151062725444057e-05,3.026321936612635e-05,3.028319475435765e-05,3.0228994343039384e-05,3.0196713026606525e-05,3.0194908806810805e-05
RepsRanparRQMC/SmoothGauss-16-Sob-LMS-DS-12-10000.dat,SmoothGauss,16,Sob-LMS,12,DS,False,-5.746595697647648e-08,2.8919293530208246e-07,0.02890007194997884,2.9653861541306563,    ,2.6290270147980073e-08,3.923610696639046e-08,4.162389324458411e-08,4.0521009691552674e-08,3.091831595138944e-08,3.1568094279974815e-08
RepsRanparQMC/SmoothGauss-16-Sob-LMS-12-10000.dat,SmoothGauss,16,Sob-LMS,12,qmc,False,0.0006501820983762863,1.2064492550322214e-07,0.04353611966026125,2.968760999123,    ,4.3370448154928374e-07,4.377931717328178e-07,4.3845614555083634e-07,4.378618116346559e-07,4.357433548265908e-07,4.352176289628974e-07
RepsRanparRQMC/SmoothGauss-16-Sob-LMS-DS-14-10000.dat,SmoothGauss,16,Sob-LMS,14,DS,False,1.8051299165332491e-06,5.340504941971013e-08,0.037266045140352075,2.903370752875516,    ,4.858262986716484e-09,7.378164855100304e-09,7.930107738066685e-09,7.557467915412912e-09,5.833661555256676e-09,5.877063394967219e-09
RepsRanparQMC/SmoothGauss-16-Sob-LMS-14-10000.dat,SmoothGauss,16,Sob-LMS,14,qmc,False,-0.00018765358528755608,2.83511076443997e-08,0.055365077521561966,2.9201178760183013,    ,3.779124149349223e-08,3.959268239453065e-08,3.997882622632871e-08,3.961584896825343e-08,3.846649377797228e-08,3.860716861546873e-08
RepsRanparRQMC/SmoothGauss-16-Sob-LMS-DS-16-10000.dat,SmoothGauss,16,Sob-LMS,16,DS,False,-1.4406897443705059e-06,1.328133404555771e-08,0.017404139525364713,2.466279222471993,    ,1.2094695910811445e-09,2.0293015743658053e-09,2.24356161469611e-09,2.108722738836277e-09,1.540038421645748e-09,1.5935101239474675e-09
RepsRanparQMC/SmoothGauss-16-Sob-LMS-16-10000.dat,SmoothGauss,16,Sob-LMS,16,qmc,False,-0.00020822846008575148,8.98271488260305e-09,-0.014689247946119926,2.143458045403181,    ,4.4175702033556404e-08,4.462165037998669e-08,4.478023419237439e-08,4.494162140256192e-08,4.447172902067968e-08,4.4519220358285256e-08
RepsRanparRQMC/SmoothGauss-16-Sob-NUS-6-10000.dat,SmoothGauss,16,Sob-NUS,6,NUS,False,5.7188459235120704e-05,6.369698806914111e-05,0.004757197078612651,2.994213581426176,    ,5.793905798882515e-06,8.628444933951867e-06,9.146521902310584e-06,8.936019309091336e-06,6.837693541920614e-06,6.964660132661507e-06
RepsRanparRQMC/SmoothGauss-16-Sob-NUS-8-10000.dat,SmoothGauss,16,Sob-NUS,8,NUS,False,-2.7242204862965436e-05,8.501956165934497e-06,0.08950316932640219,3.0766935129880335,    ,7.736472437198409e-07,1.1185002940581276e-06,1.1914453838353711e-06,1.1676629942790271e-06,9.020453638779694e-07,9.125691554107824e-07
RepsRanparRQMC/SmoothGauss-16-Sob-NUS-10-10000.dat,SmoothGauss,16,Sob-NUS,10,NUS,False,-1.6281418902339827e-05,1.4011553788715812e-06,0.04915287804923777,2.9737341601868366,    ,1.2764284631707175e-07,1.9676791484378753e-07,2.0982466984671354e-07,1.9987987665877317e-07,1.524564941481996e-07,1.5440247673572892e-07
RepsRanparRQMC/SmoothGauss-16-Sob-NUS-12-10000.dat,SmoothGauss,16,Sob-NUS,12,NUS,False,-5.710874042289205e-07,2.852716839938041e-07,-0.0068786156011175,2.9684084967149746,    ,2.5934115594805458e-08,3.948368560435993e-08,4.2107047644021027e-08,3.970090888089495e-08,3.064550232448902e-08,3.089608929887156e-08
RepsRanparRQMC/SmoothGauss-16-Sob-NUS-14-10000.dat,SmoothGauss,16,Sob-NUS,14,NUS,False,5.210757648409992e-06,5.421394792637156e-08,0.017120894371578193,2.891441271583082,    ,4.955692715849696e-09,7.6741575137696e-09,8.152040660870695e-09,7.682998984612546e-09,5.84008551513706e-09,5.9745927155194855e-09
RepsRanparRQMC/SmoothGauss-16-Sob-NUS-16-10000.dat,SmoothGauss,16,Sob-NUS,16,NUS,False,-2.312322459302929e-06,1.3162459495245953e-08,0.02045513653928744,2.5767313207485474,    ,1.201934061996338e-09,1.9120411411694494e-09,2.0866048194714045e-09,1.9785465465113745e-09,1.4835691207369492e-09,1.5245862423141151e-09
RepsFixedparRQMC/SmoothGauss-32-Lat-RS-6-10000.dat,SmoothGauss,32,Lat,6,RS,False,-0.00010829030412841338,0.0001620359200379918,-0.06997420275109052,2.9518451427554098,    ,1.4742264975240206e-05,2.275968453880098e-05,2.43764294489416e-05,2.2815066911759436e-05,1.765793805335552e-05,1.777210716724702e-05
RepsFixedparRQMC/SmoothGauss-32-Lat-RSB-6-10000.dat,SmoothGauss,32,Lat,6,RS,True,-3.488918484162504e-05,0.00020333856851987618,-0.16636184402975088,2.9080335494523517,    ,1.8486541666116748e-05,2.843965071323663e-05,3.0402532312140128e-05,2.9193654635149874e-05,2.235641820113813e-05,2.280552034562681e-05
RepsFixedparRQMC/SmoothGauss-32-Lat-RS-8-10000.dat,SmoothGauss,32,Lat,8,RS,False,-6.323497796058813e-05,3.526435302364134e-05,-0.0011810226998970154,2.9322999267257477,    ,3.2098489373141617e-06,5.027708842587275e-06,5.35383216766832e-06,5.037001243296424e-06,3.848669952017198e-06,3.930917579397972e-06
RepsFixedparRQMC/SmoothGauss-32-Lat-RSB-8-10000.dat,SmoothGauss,32,Lat,8,RS,True,-7.431593602531064e-05,5.866615884608099e-05,-0.03217691050218115,2.8079286244645916,    ,5.338810026172863e-06,8.627776994789735e-06,9.217990080169005e-06,8.620393768819352e-06,6.510206713274634e-06,6.671795024424386e-06
RepsFixedparRQMC/SmoothGauss-32-Lat-RS-10-10000.dat,SmoothGauss,32,Lat,10,RS,False,-6.660305050680578e-05,6.647295489397116e-06,-0.09546350627929866,2.9934178352876772,    ,6.087355562820045e-07,9.141832042116694e-07,9.645738347022947e-07,9.307866838835647e-07,7.043342504614942e-07,7.297812582019264e-07
RepsFixedparRQMC/SmoothGauss-32-Lat-RSB-10-10000.dat,SmoothGauss,32,Lat,10,RS,True,-5.7824305570825764e-05,8.939375333054804e-06,0.01618844402306157,2.548980312160426,    ,8.160141351379122e-07,1.4545645130418559e-06,1.5884538122996558e-06,1.408848004319511e-06,1.0107562876710526e-06,1.067637737087024e-06
RepsFixedparRQMC/SmoothGauss-32-Lat-RS-12-10000.dat,SmoothGauss,32,Lat,12,RS,False,-4.1534823059157686e-05,2.3439326664180186e-06,-0.48317363849081535,2.9572496094736604,    ,2.1480992938273907e-07,3.4299266672597554e-07,3.7094776138514154e-07,3.524983340557342e-07,2.628042248065629e-07,2.696663074463332e-07
RepsFixedparRQMC/SmoothGauss-32-Lat-RSB-12-10000.dat,SmoothGauss,32,Lat,12,RS,True,-8.292917689895901e-05,5.558936571030921e-06,0.04325273594487633,1.894313100494708,    ,5.122351184748589e-07,1.3158868737002539e-06,1.4988594634119079e-06,1.1855094407775928e-06,7.207989076229593e-07,8.314955698222907e-07
RepsFixedparRQMC/SmoothGauss-32-Lat-RS-14-10000.dat,SmoothGauss,32,Lat,14,RS,False,-3.0972288186920216e-06,2.420844985968259e-07,-0.02702875224255803,2.9571849329674644,    ,2.201727451697587e-08,3.279200940828879e-08,3.497147230798913e-08,3.3337512009641234e-08,2.658195080810075e-08,2.6360967866458523e-08
RepsFixedparRQMC/SmoothGauss-32-Lat-RSB-14-10000.dat,SmoothGauss,32,Lat,14,RS,True,9.83472615358727e-07,9.538013396796109e-08,-0.012442322049004226,2.940995912301287,    ,8.671888488199804e-09,1.3094716118399445e-08,1.3926618110507747e-08,1.3415671805914405e-08,1.043374301178428e-08,1.04922461684161e-08
RepsFixedparRQMC/SmoothGauss-32-Lat-RS-16-10000.dat,SmoothGauss,32,Lat,16,RS,False,-1.6172581410750175e-06,5.5174744393078775e-08,-0.20201202186897915,2.9518174754232493,    ,5.018501377811125e-09,7.844504303986351e-09,8.369643655416425e-09,7.850936673367388e-09,5.973995283960704e-09,6.107564462081924e-09
RepsFixedparRQMC/SmoothGauss-32-Lat-RSB-16-10000.dat,SmoothGauss,32,Lat,16,RS,True,1.366796248358837e-06,3.822602122623733e-08,-0.00914617561554451,2.9963657743662897,    ,3.4769609707333758e-09,5.194439038678717e-09,5.5435365800913296e-09,5.32654251325368e-09,4.1634130940960595e-09,4.191266616332398e-09
RepsRanparRQMC/SmoothGauss-32-Lat-Rp-RS-6-10000.dat,SmoothGauss,32,Lat-Rp,6,RS,False,0.00018398194309093502,0.00022214081103314292,-0.09289888782469154,3.076401225774187,    ,2.022846854021469e-05,3.0241727307334774e-05,3.1942623557804146e-05,3.0439653643932418e-05,2.4061756287689306e-05,2.407497573565164e-05
RepsRanparRQMC/SmoothGauss-32-Lat-Rp-RSB-6-10000.dat,SmoothGauss,32,Lat-Rp,6,RS,True,0.0001626051121673517,0.0001618577289786128,-0.20908016149907016,3.1156910270855542,    ,1.4740779420558667e-05,2.1427873049570457e-05,2.28087454577999e-05,2.2117253538928345e-05,1.7078983359680073e-05,1.733095383955697e-05
RepsRanparQMC/SmoothGauss-32-Lat-Rp-6-10000.dat,SmoothGauss,32,Lat-Rp,6,qmc,False,-0.00846123601583254,0.0004722095616748037,-0.48068888829264406,3.238339919453016,    ,0.00011452065688605843,0.00011425953971680194,0.00011276514044151892,0.0001162192750472864,0.00011037009930626207,0.00010968750781275893
RepsRanparQMC/SmoothGauss-32-Lat-Rp-B-6-10000.dat,SmoothGauss,32,Lat-Rp,6,qmc,True,0.04644810712242268,0.00034230965731341464,-0.2526142026671847,3.101165507729526,    ,0.002188545715011817,0.0022751090085689576,0.0022945746935492933,0.002269881196470009,0.002229283359234022,0.0022342967305766753
RepsRanparRQMC/SmoothGauss-32-Lat-Rp-RS-8-10000.dat,SmoothGauss,32,Lat-Rp,8,RS,False,2.148548866084351e-05,4.458627436081245e-05,-0.05982488257598611,3.121243566472136,    ,4.053759295387764e-06,5.8619051852639475e-06,6.208342331669135e-06,6.036860916712293e-06,4.680349864635598e-06,4.7353143115072865e-06
RepsRanparRQMC/SmoothGauss-32-Lat-Rp-RSB-8-10000.dat,SmoothGauss,32,Lat-Rp,8,RS,True,1.619220619108156e-05,4.054630913576616e-05,-0.08452268282567578,3.351294241480773,    ,3.6862902907928037e-06,5.356530160119796e-06,5.6573055756293044e-06,5.442313509822624e-06,4.284204750710501e-06,4.324016208778153e-06
RepsRanparQMC/SmoothGauss-32-Lat-Rp-8-10000.dat,SmoothGauss,32,Lat-Rp,8,qmc,False,-0.0012817726041796157,0.00018381029754364732,-0.33607225029254717,3.401354263551703,    ,1.835296805824788e-05,2.529872562324895e-05,2.6638066082610285e-05,2.602150686051845e-05,2.059575921494848e-05,2.0790108500861598e-05
RepsRanparQMC/SmoothGauss-32-Lat-Rp-B-8-10000.dat,SmoothGauss,32,Lat-Rp,8,qmc,True,0.01639866785193893,9.49636331535099e-05,-0.23992870402581706,3.525483340443962,    ,0.00027754936487762544,0.0002881517370915948,0.00029119734726091304,0.0002886919528432017,0.00028297612504011796,0.0002830177763464042
RepsRanparRQMC/SmoothGauss-32-Lat-Rp-RS-10-10000.dat,SmoothGauss,32,Lat-Rp,10,RS,False,4.6813824867864714e-05,1.07665146438481e-05,-0.022763827615073284,3.2364892610707705,    ,9.809655927304047e-07,1.5018533663932785e-06,1.5889262656985807e-06,1.5056878293995262e-06,1.1672405445999102e-06,1.1853902656410115e-06
RepsRanparRQMC/SmoothGauss-32-Lat-Rp-RSB-10-10000.dat,SmoothGauss,32,Lat-Rp,10,RS,True,1.1762323517889084e-05,1.0122229073626435e-05,-0.019556804727754368,3.5607102638311554,    ,9.203409953114881e-07,1.1792836305438453e-06,1.2201131525503893e-06,1.2174345384206305e-06,1.0076364682247018e-06,9.84624612249614e-07
RepsRanparQMC/SmoothGauss-32-Lat-Rp-10-10000.dat,SmoothGauss,32,Lat-Rp,10,qmc,False,-0.00021907932535271456,5.556614335316076e-05,-0.1738969878316865,3.1373364300152295,    ,5.099463328357069e-06,7.190210129533733e-06,7.621895749780963e-06,7.614236973329083e-06,5.991655958713032e-06,6.0044731265719005e-06
RepsRanparQMC/SmoothGauss-32-Lat-Rp-B-10-10000.dat,SmoothGauss,32,Lat-Rp,10,qmc,True,0.004961280863806862,2.300375061146635e-05,-0.43435846068636835,3.5216658308307585,    ,2.6705557865164016e-05,3.0277699785064434e-05,3.116198750718928e-05,3.029490855446997e-05,2.8388863361635818e-05,2.8564509675975452e-05
RepsRanparRQMC/SmoothGauss-32-Lat-Rp-RS-12-10000.dat,SmoothGauss,32,Lat-Rp,12,RS,False,4.920177741880145e-05,2.5607875247221864e-06,-0.004435170704461117,3.530588439577688,    ,2.3521968078500442e-07,3.2850403053259e-07,3.4118155146271494e-07,3.391803179110402e-07,2.6965249185252063e-07,2.709190489958308e-07
RepsRanparRQMC/SmoothGauss-32-Lat-Rp-RSB-12-10000.dat,SmoothGauss,32,Lat-Rp,12,RS,True,6.9710586029620766e-06,2.5611626547615245e-06,0.10307843825618004,5.399621807629349,    ,2.3288156427272998e-07,1.926940995319733e-07,1.8681211851371227e-07,2.193127779293439e-07,2.1836750488938914e-07,1.953972419193675e-07
RepsRanparQMC/SmoothGauss-32-Lat-Rp-12-10000.dat,SmoothGauss,32,Lat-Rp,12,qmc,False,-9.411312552979922e-06,1.531880096453766e-05,-0.09374394548087418,3.3385641463328195,    ,1.3927068423073936e-06,1.9493566352197007e-06,2.042374362973708e-06,1.9747688074955343e-06,1.5740252693970683e-06,1.5744373116731081e-06
RepsRanparQMC/SmoothGauss-32-Lat-Rp-B-12-10000.dat,SmoothGauss,32,Lat-Rp,12,qmc,True,0.0014156794332794208,5.770511623402874e-06,-0.9285189262701389,4.364471404167411,    ,2.5287402235742396e-06,3.834723886501558e-06,4.1223914085371196e-06,3.747967253711728e-06,3.1273986686359987e-06,3.2165820647142732e-06
RepsRanparRQMC/SmoothGauss-32-Lat-Rp-RS-14-10000.dat,SmoothGauss,32,Lat-Rp,14,RS,False,2.5967038581681812e-06,6.228387089376942e-07,0.06596719330538328,4.838619779254515,    ,5.6628443683444675e-08,6.504367836887453e-08,6.620633639919352e-08,6.776252263760824e-08,5.754562770351024e-08,5.641629780354762e-08
RepsRanparRQMC/SmoothGauss-32-Lat-Rp-RSB-14-10000.dat,SmoothGauss,32,Lat-Rp,14,RS,True,3.4001917941298363e-06,6.378279561270326e-07,0.04402101043230553,12.452662817468237,    ,5.799592095214892e-08,2.9225441810037576e-08,2.7877989286732527e-08,3.36687304709429e-08,3.861425609660736e-08,3.1695475469560466e-08
RepsRanparQMC/SmoothGauss-32-Lat-Rp-14-10000.dat,SmoothGauss,32,Lat-Rp,14,qmc,False,2.440020960654665e-06,3.860368157096266e-06,0.041407521894169776,4.099673501716747,    ,3.5094851343831267e-07,4.256792161769248e-07,4.335198729916296e-07,4.507374549810698e-07,3.8113400247224653e-07,3.6837352052644704e-07
RepsRanparQMC/SmoothGauss-32-Lat-Rp-B-14-10000.dat,SmoothGauss,32,Lat-Rp,14,qmc,True,0.00040609819442981695,1.460177290088164e-06,-1.983366568606501,8.591418234109742,    ,2.9765913352717235e-07,4.7654426108854263e-07,5.13985029006462e-07,5.065428626329064e-07,4.261518106585183e-07,4.157973923193936e-07
RepsRanparRQMC/SmoothGauss-32-Lat-Rp-RS-16-10000.dat,SmoothGauss,32,Lat-Rp,16,RS,False,5.885689020042617e-06,1.6323207144444052e-07,0.23834130064431036,11.406929797572293,    ,1.4873920557462516e-08,1.2508297539469933e-08,1.2410709510957975e-08,1.3556584119255916e-08,1.2861712397449958e-08,1.1848224521111697e-08
RepsRanparRQMC/SmoothGauss-32-Lat-Rp-RSB-16-10000.dat,SmoothGauss,32,Lat-Rp,16,RS,True,-1.3744069033890694e-06,1.7616406727076154e-07,-0.3620737818867192,41.292118391341134,    ,1.601680420076895e-08,5.28840475572724e-09,5.185497811089628e-09,5.911877159294687e-09,6.574837243335128e-09,5.378880316025633e-09
RepsRanparQMC/SmoothGauss-32-Lat-Rp-16-10000.dat,SmoothGauss,32,Lat-Rp,16,qmc,False,-5.636820343925386e-06,1.0071965851539892e-06,0.034192739611609194,6.894743020132396,    ,9.159509966667962e-08,7.173463497215664e-08,6.998752145106228e-08,8.242698140795801e-08,7.890640919481416e-08,7.228189902741299e-08
RepsRanparQMC/SmoothGauss-32-Lat-Rp-B-16-10000.dat,SmoothGauss,32,Lat-Rp,16,qmc,True,0.00011639870880578594,3.548198417615103e-07,-4.256789789737308,29.688929474684226,    ,4.580500866270054e-08,4.860528999261882e-08,5.070659286991938e-08,5.245424301621467e-08,5.091394089168813e-08,4.5362287777770516e-08
RepsRanparRQMC/SmoothGauss-32-Lat-Rv-RS-6-10000.dat,SmoothGauss,32,Lat-Rv,6,RS,False,-0.000135008673067379,0.00016764900867520413,-0.07993405000439732,2.9632153791075453,    ,1.5259046312276518e-05,2.208379806565234e-05,2.34529651809123e-05,2.335866350624014e-05,1.7855045262285467e-05,1.829501942446805e-05
RepsRanparRQMC/SmoothGauss-32-Lat-Rv-RSB-6-10000.dat,SmoothGauss,32,Lat-Rv,6,RS,True,0.0001740931666197,0.0002125493377793222,-0.1661521389470019,3.0397942489548258,    ,1.9352975501511146e-05,3.0297603796346744e-05,3.249490841202216e-05,3.070033951534205e-05,2.352046223909387e-05,2.3846355407050546e-05
RepsRanparQMC/SmoothGauss-32-Lat-Rv-6-10000.dat,SmoothGauss,32,Lat-Rv,6,qmc,False,-0.005323118594478884,0.00048131655560312294,-0.33361916547634096,2.9495896987830457,    ,7.209164208026166e-05,8.403625776634473e-05,8.55023354595685e-05,8.592589367113184e-05,7.48708394715491e-05,7.515391784296793e-05
RepsRanparQMC/SmoothGauss-32-Lat-Rv-B-6-10000.dat,SmoothGauss,32,Lat-Rv,6,qmc,True,0.0026566970279004835,0.00035204449904887073,-0.3962683233684744,3.138690934418964,    ,3.9062084466134424e-05,6.32050023521732e-05,6.83620281381311e-05,6.4330343578833e-05,4.9069470219094016e-05,5.0472515232818196e-05
RepsRanparRQMC/SmoothGauss-32-Lat-Rv-RS-8-10000.dat,SmoothGauss,32,Lat-Rv,8,RS,False,0.0001116618933797091,3.488927557633684e-05,-0.08382724072738379,3.0317633880504222,    ,3.1842207035546725e-06,4.809995654645765e-06,5.10516007730858e-06,4.914799515662367e-06,3.816946427240276e-06,3.852363770744829e-06
RepsRanparRQMC/SmoothGauss-32-Lat-Rv-RSB-8-10000.dat,SmoothGauss,32,Lat-Rv,8,RS,True,-6.551971182496752e-06,5.4074782788069497e-05,-0.10558999781550328,3.035074803686687,    ,4.9159322726963305e-06,7.633522765357808e-06,8.051525917314982e-06,7.714167082414743e-06,5.987588311037516e-06,6.040147830522067e-06
RepsRanparQMC/SmoothGauss-32-Lat-Rv-8-10000.dat,SmoothGauss,32,Lat-Rv,8,qmc,False,-0.0008768750696547237,0.00016317748538445753,-0.1560067583339932,2.947327618011728,    ,1.560322674091448e-05,2.2564747910310845e-05,2.394291462107533e-05,2.2659629296631977e-05,1.7764063819685794e-05,1.7979913199006582e-05
RepsRanparQMC/SmoothGauss-32-Lat-Rv-B-8-10000.dat,SmoothGauss,32,Lat-Rv,8,qmc,True,0.0017241424731475625,0.00010630205766634644,-0.38252727365914796,3.3134606970379124,    ,1.2636490691924705e-05,1.9137364501570193e-05,2.059356895916861e-05,1.9129469387823355e-05,1.509693670062883e-05,1.527247077006504e-05
RepsRanparRQMC/SmoothGauss-32-Lat-Rv-RS-10-10000.dat,SmoothGauss,32,Lat-Rv,10,RS,False,2.5318811628269866e-05,8.428397664158943e-06,-0.02778561845793406,3.2064737620783283,    ,7.668590116912626e-07,1.0888174450032383e-06,1.150164050327435e-06,1.142137242680245e-06,8.924694655981897e-07,9.001964345510189e-07
RepsRanparRQMC/SmoothGauss-32-Lat-Rv-RSB-10-10000.dat,SmoothGauss,32,Lat-Rv,10,RS,True,3.11287559489164e-06,1.334060508785197e-05,-0.027298629893933765,3.448747814315223,    ,1.2127919707082847e-06,1.6912996090134483e-06,1.7661841418605343e-06,1.7501278923678371e-06,1.400828341558037e-06,1.3967779893043735e-06
RepsRanparQMC/SmoothGauss-32-Lat-Rv-10-10000.dat,SmoothGauss,32,Lat-Rv,10,qmc,False,-0.00010041084037062771,4.7554549638794065e-05,-0.08302356688421629,3.0581682221191717,    ,4.333223213117942e-06,6.56602902253669e-06,6.974093365137081e-06,6.685718139833037e-06,5.0483033351915865e-06,5.225148271381905e-06
RepsRanparQMC/SmoothGauss-32-Lat-Rv-B-10-10000.dat,SmoothGauss,32,Lat-Rv,10,qmc,True,0.0007271984711858439,2.847949974560041e-05,-0.540482427520729,3.4908533596521836,    ,3.1178630479132478e-06,4.952007559972643e-06,5.398699222915913e-06,4.987580447264291e-06,3.889194304789333e-06,3.903320866804696e-06
RepsRanparRQMC/SmoothGauss-32-Lat-Rv-RS-12-10000.dat,SmoothGauss,32,Lat-Rv,12,RS,False,-1.0532595902931663e-05,1.996009960322013e-06,0.034808111494855166,3.6744967302122373,    ,1.8156638651481926e-07,2.3748047161467214e-07,2.4868671458031146e-07,2.490743197192354e-07,2.0309326535760086e-07,2.0034056562357405e-07
RepsRanparRQMC/SmoothGauss-32-Lat-Rv-RSB-12-10000.dat,SmoothGauss,32,Lat-Rv,12,RS,True,7.827922190609759e-06,3.3310584956765304e-06,0.050332765382400044,4.91726996557161,    ,3.028847759727795e-07,2.597808352030513e-07,2.533199452105096e-07,3.086676082710506e-07,2.926156842990654e-07,2.69277550136002e-07
RepsRanparQMC/SmoothGauss-32-Lat-Rv-12-10000.dat,SmoothGauss,32,Lat-Rv,12,qmc,False,9.062733570428949e-06,1.2424165374928415e-05,-0.00873265740701823,3.36089967105046,    ,1.1295517126787153e-06,1.5820614698145121e-06,1.6488358489716141e-06,1.6119538143120043e-06,1.3239253334551456e-06,1.2944041565446692e-06
RepsRanparQMC/SmoothGauss-32-Lat-Rv-B-12-10000.dat,SmoothGauss,32,Lat-Rv,12,qmc,True,0.0002464992992551551,7.294968479682734e-06,-0.9037293985920523,4.0449311135275074,    ,7.239408572317129e-07,1.4735971784729977e-06,1.629019211517871e-06,1.4228133730851146e-06,9.857371975192785e-07,1.047927482276751e-06
RepsRanparRQMC/SmoothGauss-32-Lat-Rv-RS-14-10000.dat,SmoothGauss,32,Lat-Rv,14,RS,False,-3.730774886276278e-06,5.142324409566403e-07,0.08143859541208058,6.1480941589175115,    ,4.6762322404583006e-08,4.9089688590746564e-08,4.916323727507208e-08,5.124777922873092e-08,4.437284443119935e-08,4.297809889448133e-08
RepsRanparRQMC/SmoothGauss-32-Lat-Rv-RSB-14-10000.dat,SmoothGauss,32,Lat-Rv,14,RS,True,3.647802166536718e-06,8.499763802913796e-07,0.1423840572068639,9.727635610385812,    ,7.728388648713524e-08,3.49551943187685e-08,3.226716373762117e-08,4.357804259693171e-08,5.152325847416907e-08,4.213255472778814e-08
RepsRanparQMC/SmoothGauss-32-Lat-Rv-14-10000.dat,SmoothGauss,32,Lat-Rv,14,qmc,False,1.4947859035092859e-05,3.38956301866683e-06,0.01740415697737568,4.774546213527395,    ,3.0836553109580847e-07,3.1288486509657494e-07,3.129999436231979e-07,3.408036187679551e-07,3.078845212658359e-07,2.8925600397479055e-07
RepsRanparQMC/SmoothGauss-32-Lat-Rv-B-14-10000.dat,SmoothGauss,32,Lat-Rv,14,qmc,True,5.9770778885858634e-05,1.950728768697653e-06,-1.8907476759702113,7.723865258686554,    ,1.8091152498113612e-07,2.695026795460178e-07,3.0241831024089727e-07,3.0610235913707746e-07,2.4618356353025137e-07,2.2824064049260334e-07
RepsRanparRQMC/SmoothGauss-32-Lat-Rv-RS-16-10000.dat,SmoothGauss,32,Lat-Rv,16,RS,False,-3.896613510472846e-06,1.3245826701582887e-07,-0.07271933901368083,17.037425375083128,    ,1.2056844234652624e-08,8.615192582678006e-09,8.434164753822986e-09,9.447379164598865e-09,9.009137699225095e-09,8.330109882974473e-09
RepsRanparRQMC/SmoothGauss-32-Lat-Rv-RSB-16-10000.dat,SmoothGauss,32,Lat-Rv,16,RS,True,-1.1885384854228376e-05,2.0438201743743647e-07,-0.6621060982996989,30.119613733267744,    ,1.872144577653644e-08,6.014302132392379e-09,5.882722426893748e-09,6.658479831026953e-09,7.951632958633797e-09,6.248791091241506e-09
RepsRanparQMC/SmoothGauss-32-Lat-Rv-16-10000.dat,SmoothGauss,32,Lat-Rv,16,qmc,False,7.359146034897668e-06,8.147688489127465e-07,0.09671701841768322,10.440043303274253,    ,7.412405238606717e-08,4.6706545235538204e-08,4.499000802625031e-08,5.3785004146783176e-08,5.6664028219664885e-08,4.933606434967298e-08
RepsRanparQMC/SmoothGauss-32-Lat-Rv-B-16-10000.dat,SmoothGauss,32,Lat-Rv,16,qmc,True,3.16998682625547e-05,4.601746228300692e-07,-3.953715850738645,25.66120001578044,    ,4.2838938268778706e-08,3.654769928835085e-08,3.936509836924427e-08,4.079361410830401e-08,3.906885711684104e-08,3.266718174453414e-08
RepsFixedparRQMC/SmoothGauss-32-Sob-DS-6-10000.dat,SmoothGauss,32,Sob,6,DS,False,-1.2052072262478108e-05,9.842146906475157e-05,-0.12223166863978964,3.0131140185275664,    ,8.9475515310596e-06,1.3755548824289498e-05,1.4667631277255134e-05,1.3975418260657778e-05,1.0924967150897572e-05,1.1050184026072766e-05
RepsFixedparRQMC/SmoothGauss-32-Sob-DS-8-10000.dat,SmoothGauss,32,Sob,8,DS,False,5.6395912263812795e-06,1.3754785638803399e-05,-0.0031124805635656394,2.969359922575751,    ,1.250466863062237e-06,1.962213436526281e-06,2.090417775705988e-06,1.967935289006446e-06,1.507149062898002e-06,1.543871208579018e-06
RepsFixedparRQMC/SmoothGauss-32-Sob-DS-10-10000.dat,SmoothGauss,32,Sob,10,DS,False,-1.6573201038472486e-05,3.170524696601306e-06,0.02062982769288763,2.7974967834332527,    ,2.885041888655076e-07,4.5151132634563046e-07,4.865776424491235e-07,4.627918768235272e-07,3.5116838357734734e-07,3.5889980724317565e-07
RepsFixedparRQMC/SmoothGauss-32-Sob-DS-12-10000.dat,SmoothGauss,32,Sob,12,DS,False,-9.440924838315523e-06,4.511342595923073e-07,0.056892889709141706,3.0208011106625126,    ,4.11013364792852e-08,6.070038778430245e-08,6.457955239918291e-08,6.13839790553841e-08,4.776249618256938e-08,4.7907753672289566e-08
RepsFixedparRQMC/SmoothGauss-32-Sob-DS-14-10000.dat,SmoothGauss,32,Sob,14,DS,False,-3.844170440643957e-06,8.254915714214841e-08,0.014441622767426622,2.95994677716379,    ,7.519246477481121e-09,1.1326368629990988e-08,1.2024607691620248e-08,1.1595074628889898e-08,8.719397927218143e-09,8.983673520675166e-09
RepsFixedparRQMC/SmoothGauss-32-Sob-DS-16-10000.dat,SmoothGauss,32,Sob,16,DS,False,3.4548379297937304e-07,1.3616184017742594e-08,-0.012538892867520655,2.826565525315717,    ,1.2379542697550837e-09,1.9477066427902246e-09,2.0847830290339287e-09,1.957089530952432e-09,1.4865331631409022e-09,1.5146398534303842e-09
RepsRanparRQMC/SmoothGauss-32-Sob-LMS-DS-6-10000.dat,SmoothGauss,32,Sob-LMS,6,DS,False,-0.0001519119829015061,8.571519439900053e-05,-0.09101016748244128,2.9962122819021197,    ,7.815367650458207e-06,1.2102591121062633e-05,1.282858234842299e-05,1.1969345385466585e-05,9.200183136026069e-06,9.363068930822715e-06
RepsRanparQMC/SmoothGauss-32-Sob-LMS-6-10000.dat,SmoothGauss,32,Sob-LMS,6,qmc,False,0.06455740968063496,3.373958376623533e-05,-0.25732844722905074,3.0981067572644223,    ,0.004170726379561181,0.004201034242041562,0.004207308341114525,0.004200993446955718,0.00418681357019232,0.0041898180379808005
RepsRanparRQMC/SmoothGauss-32-Sob-LMS-DS-8-10000.dat,SmoothGauss,32,Sob-LMS,8,DS,False,-1.0441939033937597e-05,2.0587965439636064e-05,-0.06943543751388509,2.8981676185384186,    ,1.8717422558758853e-06,2.9100137672701545e-06,3.1044634048027013e-06,2.941592500926743e-06,2.271412982054224e-06,2.2916792268678757e-06
RepsRanparQMC/SmoothGauss-32-Sob-LMS-8-10000.dat,SmoothGauss,32,Sob-LMS,8,qmc,False,0.023688315514651708,1.1858979605056883e-05,-0.10898780942799699,3.029842511974995,    ,0.000562214380976694,0.0005655450088241108,0.0005663102732322138,0.000565316558632082,0.0005638658787277228,0.0005638976582757924
RepsRanparRQMC/SmoothGauss-32-Sob-LMS-DS-10-10000.dat,SmoothGauss,32,Sob-LMS,10,DS,False,-1.7233504357916504e-05,3.933283327977455e-06,0.0006922287766137387,2.9068438767442104,    ,3.5786820530676845e-07,5.534558951725586e-07,5.913914313785405e-07,5.740741784016928e-07,4.241814656898865e-07,4.4447427303319585e-07
RepsRanparQMC/SmoothGauss-32-Sob-LMS-10-10000.dat,SmoothGauss,32,Sob-LMS,10,qmc,False,0.009381646665399895,2.3319959626943636e-06,0.008339282249398162,2.743572516507765,    ,8.822729378738119e-05,8.826270089311334e-05,8.827030955318116e-05,8.82981103346745e-05,8.824152944543344e-05,8.82408368260118e-05
RepsRanparRQMC/SmoothGauss-32-Sob-LMS-DS-12-10000.dat,SmoothGauss,32,Sob-LMS,12,DS,False,1.3418915565191908e-05,1.2117793720641633e-06,-0.022188647340010168,2.49090884042659,    ,1.1034182839168787e-07,1.8135219106350338e-07,1.9979863136703366e-07,1.8807216525247567e-07,1.374085334216808e-07,1.4271074308292456e-07
RepsRanparQMC/SmoothGauss-32-Sob-LMS-12-10000.dat,SmoothGauss,32,Sob-LMS,12,qmc,False,0.0019744433658786123,7.807756420418812e-07,-0.018695989669131996,1.8564129886183138,    ,3.969406208884053e-06,4.145796482119138e-06,4.173061371064209e-06,4.0881371877344735e-06,4.0007668456054395e-06,4.023946627737554e-06
RepsRanparRQMC/SmoothGauss-32-Sob-LMS-DS-14-10000.dat,SmoothGauss,32,Sob-LMS,14,DS,False,2.148705756330507e-06,8.251000833765978e-08,-0.023387133877447355,2.9078417670359964,    ,7.50552678530545e-09,1.1405106078831013e-08,1.2070789021411999e-08,1.1560874479625057e-08,8.925727940004214e-09,9.034970303169007e-09
RepsRanparQMC/SmoothGauss-32-Sob-LMS-14-10000.dat,SmoothGauss,32,Sob-LMS,14,qmc,False,0.0005870879034819439,3.7390852811850236e-08,0.03026759717435876,2.970641401918416,    ,3.480713748522652e-07,3.4871916070775054e-07,3.4895308796033037e-07,3.491886108502936e-07,3.48613543830569e-07,3.483088823484619e-07
RepsRanparRQMC/SmoothGauss-32-Sob-LMS-DS-16-10000.dat,SmoothGauss,32,Sob-LMS,16,DS,False,-9.039848192538872e-07,1.431231708891537e-08,-0.030201196138874103,2.858975790526441,    ,1.3019369239093843e-09,2.0584480925165548e-09,2.19420469056776e-09,2.0517735901640182e-09,1.5456442871671338e-09,1.5893439571500616e-09
RepsRanparQMC/SmoothGauss-32-Sob-LMS-16-10000.dat,SmoothGauss,32,Sob-LMS,16,qmc,False,-0.00016634314984512573,6.799204187929792e-09,0.00913679913404183,2.9916903763415177,    ,2.8288152972027932e-08,2.8684214695112135e-08,2.8736636936771616e-08,2.8736538329067776e-08,2.8524835480243732e-08,2.8528317975401473e-08
RepsRanparRQMC/SmoothGauss-32-Sob-NUS-6-10000.dat,SmoothGauss,32,Sob-NUS,6,NUS,False,7.228954503553232e-05,8.464141250586144e-05,-0.16479206313081687,3.0266704070750183,    ,7.699899642490667e-06,1.1822676546190536e-05,1.2588469086645392e-05,1.2054831981425507e-05,9.239383885835988e-06,9.384700081748639e-06
RepsRanparRQMC/SmoothGauss-32-Sob-NUS-8-10000.dat,SmoothGauss,32,Sob-NUS,8,NUS,False,-2.060767753614944e-05,2.0393654321541037e-05,-0.049040955050775506,2.9918010082610915,    ,1.8543932510589827e-06,2.9125878791497567e-06,3.0899728961015504e-06,2.9199467994470735e-06,2.2950187468660947e-06,2.2987280511646707e-06
RepsRanparRQMC/SmoothGauss-32-Sob-NUS-10-10000.dat,SmoothGauss,32,Sob-NUS,10,NUS,False,3.716949032248906e-05,3.97751059692984e-06,-0.005888994505030501,2.935493074880899,    ,3.629734434590009e-07,5.626021887171635e-07,6.000488594495902e-07,5.685907806708875e-07,4.299445665535139e-07,4.3995791129456325e-07
RepsRanparRQMC/SmoothGauss-32-Sob-NUS-12-10000.dat,SmoothGauss,32,Sob-NUS,12,NUS,False,-2.628040573915236e-06,1.2137631039171235e-06,-0.030787315758376326,2.475095302091662,    ,1.1034900695336028e-07,1.836922442172827e-07,2.0360731503653648e-07,1.9214733218244226e-07,1.4037346499886654e-07,1.4537025558726569e-07
RepsRanparRQMC/SmoothGauss-32-Sob-NUS-14-10000.dat,SmoothGauss,32,Sob-NUS,14,NUS,False,1.8173623585184483e-06,8.08060182525303e-08,0.007774538671155588,3.0345357656808494,    ,7.3493044652630966e-09,1.0791357140544296e-08,1.1361826515984649e-08,1.0956652742186466e-08,8.674627132965808e-09,8.699151783447685e-09
RepsRanparRQMC/SmoothGauss-32-Sob-NUS-16-10000.dat,SmoothGauss,32,Sob-NUS,16,NUS,False,1.1053306036117983e-06,1.411304286102832e-08,0.023341501442963944,2.8959529074903894,    ,1.2842256522004008e-09,1.936253154679962e-09,2.0698887118733966e-09,1.9718522884511945e-09,1.513219020715577e-09,1.5432879710345335e-09
RepsFixedparRQMC/SmoothPerB4-1-Lat-RS-8-10000.dat,SmoothPerB4,1,Lat,8,RS,False,-1.7526593075267031e-12,2.3301981122658417e-20,-0.11911000504540314,1.5373357065428628,    ,2.1214337348899344e-21,7.330151476374119e-21,8.288373259218401e-21,6.1871799006920685e-21,3.370682401496509e-21,4.267830330393289e-21
RepsFixedparRQMC/SmoothPerB4-1-Lat-RSB-8-10000.dat,SmoothPerB4,1,Lat,8,RS,True,-1.0874331176963488e-11,5.937918863389846e-18,-0.1367831359198793,1.539273753175256,    ,5.399290568412595e-19,1.8840982067887033e-18,2.1329205064300446e-18,1.581697557079016e-18,8.616989826798726e-19,1.0877465588135643e-18
RepsFixedparRQMC/SmoothPerB4-1-Lat-RS-10-10000.dat,SmoothPerB4,1,Lat,10,RS,False,-1.757093977510988e-15,3.527262016227249e-25,-0.129182690441974,1.5467154830752627,    ,3.2069105708584434e-26,1.1009457550647017e-25,1.2466718052310228e-25,9.335326401880612e-26,5.100553215716451e-26,6.441486288101448e-26
RepsFixedparRQMC/SmoothPerB4-1-Lat-RSB-10-10000.dat,SmoothPerB4,1,Lat,10,RS,True,-4.7811174641839505e-15,9.144035464073275e-23,-0.13840541817245902,1.5311898950892109,    ,8.312782371878093e-24,2.9445647774915455e-23,3.3278420287980273e-23,2.4590744821058656e-23,1.3319790769072634e-23,1.6926869599008774e-23
RepsFixedparRQMC/SmoothPerB4-1-Lat-RS-12-10000.dat,SmoothPerB4,1,Lat,12,RS,False,-1.0034360677205943e-17,5.6124914573509236e-30,-0.11270528915192099,1.6400640931370911,    ,5.103271845170115e-31,1.6559377591502288e-30,1.8781225185491264e-30,1.3898323042681171e-30,7.923164111073508e-31,9.493969600621572e-31
RepsFixedparRQMC/SmoothPerB4-1-Lat-RSB-12-10000.dat,SmoothPerB4,1,Lat,12,RS,True,-3.057414014118946e-16,1.4004161622357218e-27,-0.12434986277977705,1.5261767652639988,    ,1.2740403800778474e-28,4.504884656909604e-28,5.084359097651289e-28,3.76224783785137e-28,2.0360856557497167e-28,2.589928523837861e-28
RepsFixedparRQMC/SmoothPerB4-1-Lat-RS-14-10000.dat,SmoothPerB4,1,Lat,14,RS,False,6.180470713233483e-18,7.772730246899447e-31,-0.036306379162201016,3.607218654562636,    ,7.069938228095939e-32,9.964881181170683e-32,1.0450350421234242e-31,9.970166171430046e-32,8.159959710345876e-32,8.020266257129212e-32
RepsFixedparRQMC/SmoothPerB4-1-Lat-RSB-14-10000.dat,SmoothPerB4,1,Lat,14,RS,True,1.3536403562971741e-18,2.249063342886512e-31,-0.0012710946403787574,3.2689959273972726,    ,2.044786273209158e-32,2.9747009454417067e-32,3.1173352755352924e-32,2.942223290494958e-32,2.3912923302351142e-32,2.357337120128202e-32
RepsFixedparRQMC/SmoothPerB4-1-Lat-RS-16-10000.dat,SmoothPerB4,1,Lat,16,RS,False,2.822205897903104e-17,3.053431041692379e-30,-0.005310824741311895,3.487138216523318,    ,2.7838112476686854e-31,3.8685536733250775e-31,4.027421592124884e-31,3.8607642081014715e-31,3.1899560871546e-31,3.12428993672506e-31
RepsFixedparRQMC/SmoothPerB4-1-Lat-RSB-16-10000.dat,SmoothPerB4,1,Lat,16,RS,True,2.6301678914952697e-18,8.289379771559239e-31,-0.007352568857518746,3.3722347108542507,    ,7.536491570640326e-32,1.0368531278624196e-31,1.0836489567889176e-31,1.0478724805494142e-31,8.680324714653691e-32,8.47660750934597e-32
RepsFixedparRQMC/SmoothPerB4-1-Sob-DS-8-10000.dat,SmoothPerB4,1,Sob,8,DS,False,-4.239607843404358e-13,2.3257797474726058e-20,-0.1408451026473032,1.5398584511279896,    ,2.1145249677217548e-21,7.355126758097557e-21,8.324040690216041e-21,6.2011443323326736e-21,3.377038893086143e-21,4.270492409062921e-21
RepsFixedparRQMC/SmoothPerB4-1-Sob-DS-8-10000.dat,SmoothPerB4,1,Sob,8,DS,True,-2.1901373851793822e-11,5.975825534657798e-18,-0.11918982128373015,1.5306888525270448,    ,5.437365369636686e-19,1.9089898585115045e-18,2.1567943353440126e-18,1.5978323619269875e-18,8.66983627682408e-19,1.1009105515589147e-18
RepsFixedparRQMC/SmoothPerB4-1-Sob-DS-10-10000.dat,SmoothPerB4,1,Sob,10,DS,False,-2.311608783175486e-15,3.5294571298572167e-25,-0.12415637926919106,1.5372044734870316,    ,3.209131744295933e-26,1.123357104294812e-25,1.2717662984870607e-25,9.404701498776445e-26,5.1193008163144677e-26,6.469324149680287e-26
RepsFixedparRQMC/SmoothPerB4-1-Sob-DS-10-10000.dat,SmoothPerB4,1,Sob,10,DS,True,-1.4918215812930728e-14,9.142985870998589e-23,-0.14061971755103495,1.5330210959581854,    ,8.312027890434486e-24,2.928859362850423e-23,3.306074371985721e-23,2.4557699449961836e-23,1.3309036817289228e-23,1.6916905697933248e-23
RepsFixedparRQMC/SmoothPerB4-1-Sob-DS-12-10000.dat,SmoothPerB4,1,Sob,12,DS,False,-1.4001646417392117e-17,5.376853956450813e-30,-0.12325623804474752,1.5449432231490778,    ,4.890009512342898e-31,1.6768376383564787e-30,1.899459299518948e-30,1.4213207451757537e-30,7.769895755127479e-31,9.805264274340709e-31
RepsFixedparRQMC/SmoothPerB4-1-Sob-DS-12-10000.dat,SmoothPerB4,1,Sob,12,DS,True,-5.613099779745894e-16,1.3888694571899825e-27,-0.11263570991612619,1.5318361160088285,    ,1.265759286359177e-28,4.394666697113839e-28,4.969194559549832e-28,3.696133202386658e-28,2.0104745620170325e-28,2.546724195968093e-28
RepsFixedparRQMC/SmoothPerB4-1-Sob-DS-14-10000.dat,SmoothPerB4,1,Sob,14,DS,False,7.619178174998536e-20,3.1721609995611958e-34,-0.020387120293545873,2.5365778455362045,    ,2.884363245634438e-35,5.022035370176365e-35,5.476252286571911e-35,4.887259680149777e-35,3.6774706690551376e-35,3.7426851748440174e-35
RepsFixedparRQMC/SmoothPerB4-1-Sob-DS-14-10000.dat,SmoothPerB4,1,Sob,14,DS,True,-4.72541197053847e-18,2.133563685574964e-32,-0.08178860459905544,1.5557349232711768,    ,1.961932868814003e-33,6.635225394854864e-33,7.504100453644173e-33,5.552283947486279e-33,3.0702568745077352e-33,3.7938704026130606e-33
RepsFixedparRQMC/SmoothPerB4-1-Sob-DS-16-10000.dat,SmoothPerB4,1,Sob,16,DS,False,1.1567674550914831e-20,2.2680186641477375e-34,0.00605409368461487,2.3139790808738283,    ,2.0618485303346675e-35,4.0325259946233345e-35,4.4716889765701556e-35,3.824128991344587e-35,2.734298479836148e-35,2.8511576245669767e-35
RepsFixedparRQMC/SmoothPerB4-1-Sob-DS-16-10000.dat,SmoothPerB4,1,Sob,16,DS,True,-2.9247922100606055e-19,2.235375799333645e-34,-0.016811081453288242,2.3625410250848504,    ,2.040714227048072e-35,3.9273311921437567e-35,4.3288702102213856e-35,3.702555859382483e-35,2.675737945569154e-35,2.7758899130837724e-35
RepsRanparQMC/SmoothPerB4-1-SobLMS-8-10000.dat,SmoothPerB4,1,SobLMS,8,qmc,False,-1.7379244828030827e-06,8.873400321272031e-08,-0.5471916540225308,102.1720900074751,    ,8.069747946300682e-09,7.0281398008033946e-12,7.968630571368383e-12,1.2782339360823153e-10,7.433118130026763e-10,1.6368921740527798e-10
RepsRanparQMC/SmoothPerB4-1-SobLMS-10-10000.dat,SmoothPerB4,1,SobLMS,10,qmc,False,5.923660368644064e-07,1.27616963873585e-09,8.689821085500302,425.3104377689709,    ,1.1636631922488954e-10,1.2271737426419473e-15,2.278544416052239e-15,1.3923922923654205e-13,3.274859973252608e-12,1.9659615078398364e-13
RepsRanparQMC/SmoothPerB4-1-SobLMS-12-10000.dat,SmoothPerB4,1,SobLMS,12,qmc,False,9.527447144779856e-09,1.920218069080856e-11,-1.4441949273071035,1669.8118500489425,    ,1.745743562322602e-12,4.034110613072987e-20,4.035673458994931e-19,9.39056617688376e-17,8.605828331483458e-15,1.4969575055200147e-16
RepsRanparQMC/SmoothPerB4-1-SobLMS-14-10000.dat,SmoothPerB4,1,SobLMS,14,qmc,False,-2.294359736800557e-08,3.4723822236635644e-12,-49.021760980964906,2993.1822704890164,    ,3.1619751990232736e-13,2.5076555543640028e-25,1.7938675811223992e-23,1.1985522809396593e-20,2.2209102710147445e-17,2.415344877352637e-20
RepsRanparQMC/SmoothPerB4-1-SobLMS-16-10000.dat,SmoothPerB4,1,SobLMS,16,qmc,False,-7.091938665244384e-10,6.177354111238708e-15,-78.60933800710153,7002.2302908527945,    ,5.62080602416562e-16,5.279568596300663e-35,5.259271203420909e-29,9.510797605078047e-26,6.392804746287932e-21,2.410088778661353e-25
RepsRanparRQMC/SmoothPerB4-1-SobNUS-8-10000.dat,SmoothPerB4,1,SobNUS,8,DS,False,3.586016877770271e-07,8.393982250614917e-08,-0.013658018434809264,3.0066990045413866,    ,7.631021550274945e-09,1.1513856833119166e-08,1.2223393870580709e-08,1.1453742690382715e-08,9.155412585906e-09,9.07426509737555e-09
RepsRanparRQMC/SmoothPerB4-1-SobNUS-10-10000.dat,SmoothPerB4,1,SobNUS,10,DS,False,-6.910736935122147e-07,5.3607602065930154e-09,0.010525342060048107,3.068283029498089,    ,4.878194198128661e-10,7.549883054108082e-10,7.999725742214498e-10,7.376803305550809e-10,5.840116239394219e-10,5.823791228684895e-10
RepsRanparRQMC/SmoothPerB4-1-SobNUS-12-10000.dat,SmoothPerB4,1,SobNUS,12,DS,False,-4.528827156269518e-09,2.0811720538240468e-11,0.03221621855555198,2.9789576636938726,    ,1.8919951046609083e-12,2.9947146628557577e-12,3.182489382763991e-12,2.911825118520767e-12,2.290299474468693e-12,2.2885602806025584e-12
RepsRanparRQMC/SmoothPerB4-1-SobNUS-14-10000.dat,SmoothPerB4,1,SobNUS,14,DS,False,3.4297413168189304e-09,3.323168989166497e-13,0.010823180524118087,3.0443958265608733,    ,3.0222390299741176e-14,4.6089968226310696e-14,4.8953172662965406e-14,4.5589363032696693e-14,3.628850030759196e-14,3.604580958209021e-14
RepsRanparRQMC/SmoothPerB4-1-SobNUS-16-10000.dat,SmoothPerB4,1,SobNUS,16,DS,False,-9.85496243913314e-10,5.018518920547926e-15,-0.03250269004007974,3.0161042251724406,    ,4.572001956238514e-16,7.154375295595498e-16,7.59216240761969e-16,6.967828210107028e-16,5.496359659249271e-16,5.488489415463653e-16
RepsFixedparRQMC/SmoothPerB4-2-Lat-RS-8-10000.dat,SmoothPerB4,2,Lat,8,RS,False,4.035429490703091e-14,1.847869288311317e-15,0.02004723549146443,2.122650344831766,    ,1.6798811712083912e-16,3.396128283423011e-16,3.8409451482822e-16,3.2733480743241095e-16,2.2867855449002407e-16,2.4066792155464507e-16
RepsFixedparRQMC/SmoothPerB4-2-Lat-RSB-8-10000.dat,SmoothPerB4,2,Lat,8,RS,True,-1.1061797909258123e-09,6.172076570315756e-13,0.01586279497614063,1.5351648963696793,    ,5.6111010636600364e-14,1.9713708908920295e-13,2.221515245926376e-13,1.6335947534082976e-13,8.901022682940746e-14,1.1125766556109493e-13
RepsFixedparRQMC/SmoothPerB4-2-Lat-RS-10-10000.dat,SmoothPerB4,2,Lat,10,RS,False,2.020954615051028e-12,1.2514306078771427e-19,0.017607418736815497,2.334202664917298,    ,1.1380726147348302e-20,2.0494038668051252e-20,2.2824136882848096e-20,2.0361150292544663e-20,1.4924944368948776e-20,1.534374300564744e-20
RepsFixedparRQMC/SmoothPerB4-2-Lat-RSB-10-10000.dat,SmoothPerB4,2,Lat,10,RS,True,2.954204930570708e-10,4.932688224631507e-16,-0.012248033656687394,1.5144728774414846,    ,4.4929893491640866e-17,1.5744689442456474e-16,1.7813237327259187e-16,1.3245848320132992e-16,7.163976780483198e-17,9.119630784755127e-17
RepsFixedparRQMC/SmoothPerB4-2-Lat-RS-12-10000.dat,SmoothPerB4,2,Lat,12,RS,False,-2.269289670795515e-14,1.1662466137005901e-24,0.018096389091636363,1.7558225478463532,    ,1.065373869883243e-25,3.181875356517249e-25,3.599612118727347e-25,2.669230522145059e-25,1.5950695707977228e-25,1.8412526806379115e-25
RepsFixedparRQMC/SmoothPerB4-2-Lat-RSB-12-10000.dat,SmoothPerB4,2,Lat,12,RS,True,2.328684690522251e-12,6.922813477905479e-20,-0.00743336488911903,1.4886050050556363,    ,6.298889570483762e-21,2.2981450815349385e-20,2.5833940249512222e-20,1.9007654580080022e-20,1.0124785571063385e-20,1.3066033298367628e-20
RepsFixedparRQMC/SmoothPerB4-2-Lat-RS-14-10000.dat,SmoothPerB4,2,Lat,14,RS,False,-2.555796599641597e-17,6.018362342744822e-30,0.011280554848760343,2.5515323976057886,    ,5.477770589663123e-31,9.382859190885157e-31,1.027981131241197e-30,9.254998723133966e-31,6.971027636352372e-31,7.087585645287456e-31
RepsFixedparRQMC/SmoothPerB4-2-Lat-RSB-14-10000.dat,SmoothPerB4,2,Lat,14,RS,True,1.1196015637481892e-15,2.789544800399933e-26,0.0074539045098329735,1.8941033756305203,    ,2.5372033262069415e-27,6.662481467233527e-27,7.54551084029746e-27,5.7656098625032264e-27,3.667340468826433e-27,4.0640761802619e-27
RepsFixedparRQMC/SmoothPerB4-2-Lat-RS-16-10000.dat,SmoothPerB4,2,Lat,16,RS,False,-2.432633676347045e-17,3.118712467848683e-30,0.048715498917097,3.4291858297378677,    ,2.8411108591930094e-31,3.8641840992297356e-31,4.018553090321293e-31,3.890546260013922e-31,3.2474511663990795e-31,3.159771250332548e-31
RepsFixedparRQMC/SmoothPerB4-2-Lat-RSB-16-10000.dat,SmoothPerB4,2,Lat,16,RS,True,8.748510365360069e-18,8.82786225064828e-31,0.023801909433545012,3.26060868823389,    ,8.032982962132445e-32,1.1737367252933047e-31,1.236860121289213e-31,1.1674069559895632e-31,9.44345806117765e-32,9.319943479121251e-32
RepsRanparRQMC/SmoothPerB4-2-Lat-Rp-RS-8-10000.dat,SmoothPerB4,2,Lat-Rp,8,RS,False,-7.241708080658498e-05,0.0009228185685145374,-0.3604309977396449,70.04505510036539,    ,8.389784137127777e-05,6.6525898317867646e-06,5.907933417563965e-06,1.0243645967832879e-05,1.9483900891223444e-05,1.131662404284298e-05
RepsRanparRQMC/SmoothPerB4-2-Lat-Rp-RSB-8-10000.dat,SmoothPerB4,2,Lat-Rp,8,RS,True,0.0011728413522085674,0.0034828347284480026,2.2525273487342745,123.53777898013243,    ,0.0003179968957872688,9.244218121992053e-06,8.094616487428868e-06,1.638753308949795e-05,4.232847183964999e-05,1.9016927972517024e-05
RepsRanparQMC/SmoothPerB4-2-Lat-Rp-8-10000.dat,SmoothPerB4,2,Lat-Rp,8,qmc,False,-0.002811516635613377,0.0009024306158513344,0.9828185990011814,49.37155311365421,    ,8.994377268790662e-05,1.3062671418809984e-05,1.2306690986603605e-05,1.5603707757794032e-05,2.6328247196206876e-05,1.686021577020552e-05
RepsRanparRQMC/SmoothPerB4-2-Lat-Rp-RS-10-10000.dat,SmoothPerB4,2,Lat-Rp,10,RS,False,9.206507818204415e-05,0.0002696343626922418,3.220311762234963,320.3474575549339,    ,2.4520690768824467e-05,4.0748627703142656e-07,3.5765462243088377e-07,6.756346013828109e-07,1.7799405884334193e-06,7.764351154896348e-07
RepsRanparRQMC/SmoothPerB4-2-Lat-Rp-RSB-10-10000.dat,SmoothPerB4,2,Lat-Rp,10,RS,True,0.00018338140643932944,0.0012639994647636605,0.996669556054894,378.0590197426926,    ,0.00011494267099146952,5.15395297782394e-07,4.4751232693764587e-07,1.0131925746103485e-06,4.058551882399098e-06,1.2210306579098044e-06
RepsRanparQMC/SmoothPerB4-2-Lat-Rp-10-10000.dat,SmoothPerB4,2,Lat-Rp,10,qmc,False,0.0005708856728463863,0.0003047772859185596,4.158079034967542,219.3992619937019,    ,2.8032936444057598e-05,3.678030375353712e-07,3.2181904083367975e-07,7.114345714883048e-07,2.25610356313774e-06,8.655265734323805e-07
RepsRanparRQMC/SmoothPerB4-2-Lat-Rp-RS-12-10000.dat,SmoothPerB4,2,Lat-Rp,12,RS,False,4.980944595124388e-05,2.3612025326054964e-05,9.93928914482038,612.2199209963126,    ,2.1490287378200575e-06,2.549783939070948e-08,2.2527263339767376e-08,4.1737678191497344e-08,1.1745564389752782e-07,4.795419745551732e-08
RepsRanparRQMC/SmoothPerB4-2-Lat-Rp-RSB-12-10000.dat,SmoothPerB4,2,Lat-Rp,12,RS,True,-8.514422146570784e-05,0.0001320162413486188,-19.76901948848078,2014.3235069879452,    ,1.2008726024687074e-05,3.1660734625046314e-08,2.7688702151271675e-08,6.104670430212465e-08,1.8236411480444243e-07,7.231577709973631e-08
RepsRanparQMC/SmoothPerB4-2-Lat-Rp-12-10000.dat,SmoothPerB4,2,Lat-Rp,12,qmc,False,-7.137726345284774e-05,4.1239460059473044e-05,18.091108666135433,537.6395470810559,    ,3.7541365373264758e-06,4.0509833837632853e-08,3.787501436994408e-08,5.300312463004866e-08,1.3169770165975022e-07,6.013722239432435e-08
RepsRanparRQMC/SmoothPerB4-2-Lat-Rp-RS-14-10000.dat,SmoothPerB4,2,Lat-Rp,14,RS,False,-8.739642769109832e-05,2.3715749675498643e-05,-27.677861328452146,1712.6312073185393,    ,2.1636153788003144e-06,1.6549394582444119e-09,1.4530338096606104e-09,2.8045610618683225e-09,9.150659057582392e-09,3.273827414284346e-09
RepsRanparRQMC/SmoothPerB4-2-Lat-Rp-RSB-14-10000.dat,SmoothPerB4,2,Lat-Rp,14,RS,True,0.00011227914386367783,1.9731723752021667e-05,38.98174878232557,1914.582960157896,    ,1.8063996745123665e-06,1.996725881500819e-09,1.7365504930372958e-09,3.804808342836185e-09,1.6142643499818803e-08,4.5522418494434085e-09
RepsRanparQMC/SmoothPerB4-2-Lat-Rp-14-10000.dat,SmoothPerB4,2,Lat-Rp,14,qmc,False,-7.034120705924227e-05,1.6352188181403747e-05,-42.70368137029115,2437.9607064940024,    ,1.4915104473563465e-06,1.1690496733846425e-09,1.018731400582689e-09,1.8499012737314747e-09,4.865731472261318e-09,2.1984960036888254e-09
RepsRanparRQMC/SmoothPerB4-2-Lat-Rp-RS-16-10000.dat,SmoothPerB4,2,Lat-Rp,16,RS,False,2.2613023680124734e-05,1.681044787482698e-06,34.38626812049824,2127.722117874824,    ,1.533336022474759e-07,1.014182497599911e-10,8.891849695429182e-11,1.7572527974690118e-10,5.101548561499252e-10,2.0498318435545422e-10
RepsRanparRQMC/SmoothPerB4-2-Lat-Rp-RSB-16-10000.dat,SmoothPerB4,2,Lat-Rp,16,RS,True,-0.00010927333027870674,4.6194324196366264e-05,-66.39851749440761,4597.94645459782,    ,4.211424678561678e-06,1.2992210861059234e-10,1.1348318539363218e-10,2.6286023560244244e-10,8.892406446720849e-10,3.1394808403970885e-10
RepsRanparQMC/SmoothPerB4-2-Lat-Rp-16-10000.dat,SmoothPerB4,2,Lat-Rp,16,qmc,False,-6.834133028295782e-05,4.057561642125928e-06,-78.12006294313497,6855.10507271132,    ,3.735397776181105e-07,2.6050830568077953e-10,2.2610730117225286e-10,3.732782553165602e-10,9.54547069073542e-10,5.0012554900924e-10
RepsRanparRQMC/SmoothPerB4-2-Lat-Rv-RS-8-10000.dat,SmoothPerB4,2,Lat-Rv,8,RS,False,-2.6862202651468436e-05,0.0011100197083812422,0.8758030379789559,41.1490707993487,    ,0.00010091160415804421,5.977807482043706e-06,5.243613808005457e-06,1.0581782227675163e-05,2.528264174695663e-05,1.2249434559992834e-05
RepsRanparRQMC/SmoothPerB4-2-Lat-Rv-RSB-8-10000.dat,SmoothPerB4,2,Lat-Rv,8,RS,True,-1.8310539055727304e-05,0.0015213446849520118,0.10137746681769354,17.520243939683144,    ,0.00013830439754420522,8.101490374088396e-06,7.0114787735530275e-06,2.1526113494901557e-05,5.2510940234546454e-05,2.5491599529256305e-05
RepsRanparQMC/SmoothPerB4-2-Lat-Rv-8-10000.dat,SmoothPerB4,2,Lat-Rv,8,qmc,False,-0.0018331459506774987,0.00029682717112630437,-10.191788083043384,107.26317628810985,    ,3.03447123606948e-05,4.558922253133563e-13,1.1336153429323946e-11,9.345065083171926e-09,2.7612514696471477e-06,1.6850664225248942e-08
RepsRanparRQMC/SmoothPerB4-2-Lat-Rv-RS-10-10000.dat,SmoothPerB4,2,Lat-Rv,10,RS,False,-7.378462580945921e-05,0.0003109836061639237,0.3513408049929347,134.69852873392355,    ,2.8276681094998907e-05,4.4747190846900157e-07,3.9140223549676876e-07,7.188808681562084e-07,2.3573387002689343e-06,8.35523021612304e-07
RepsRanparRQMC/SmoothPerB4-2-Lat-Rv-RSB-10-10000.dat,SmoothPerB4,2,Lat-Rv,10,RS,True,0.00014217521704419056,0.00039871235611148477,-0.0003313413567385274,68.9191758868448,    ,3.6266791620658356e-05,5.732328797471625e-07,5.046029513413089e-07,9.382489358343822e-07,4.002776652803757e-06,1.1124542381991166e-06
RepsRanparQMC/SmoothPerB4-2-Lat-Rv-10-10000.dat,SmoothPerB4,2,Lat-Rv,10,qmc,False,6.132036569433597e-05,0.00017824906727035227,0.6735017381239624,243.86141785456718,    ,1.620822084819e-05,2.108765398760049e-17,3.4865362028460614e-15,1.1406568849837723e-11,4.2019650510668395e-07,1.9722701851677214e-11
RepsRanparRQMC/SmoothPerB4-2-Lat-Rv-RS-12-10000.dat,SmoothPerB4,2,Lat-Rv,12,RS,False,-5.83215528019017e-05,5.2268758886063014e-05,-13.967235321086948,562.3857833605528,    ,4.755106756799681e-06,1.9626291438432965e-08,1.73180081102922e-08,3.026912211562987e-08,9.127981892772411e-08,3.45063815196904e-08
RepsRanparRQMC/SmoothPerB4-2-Lat-Rv-RSB-12-10000.dat,SmoothPerB4,2,Lat-Rv,12,RS,True,-4.390045966547875e-05,7.532964844017449e-05,-3.3170954206484575,295.04213289696355,    ,6.850077108556522e-06,2.5992450871573715e-08,2.272602661364986e-08,4.4402031325099315e-08,1.7252474938253965e-07,5.140615994426816e-08
RepsRanparQMC/SmoothPerB4-2-Lat-Rv-12-10000.dat,SmoothPerB4,2,Lat-Rv,12,qmc,False,0.0001537982201831182,2.8987343873298826e-05,35.777883588129164,1292.6772872113738,    ,2.658866971922297e-06,3.7811613732411665e-21,1.2142370735255116e-19,9.078054117147361e-17,9.012285500448008e-12,1.1422143986270011e-16
RepsRanparRQMC/SmoothPerB4-2-Lat-Rv-RS-14-10000.dat,SmoothPerB4,2,Lat-Rv,14,RS,False,2.008525563489958e-05,2.0131748993202415e-05,-2.5730301514490916,1594.606564494514,    ,1.8305624168759571e-06,1.7889853294867238e-09,1.5595457220695468e-09,3.143464820313686e-09,1.1535009220403518e-08,3.745524223129955e-09
RepsRanparRQMC/SmoothPerB4-2-Lat-Rv-RSB-14-10000.dat,SmoothPerB4,2,Lat-Rv,14,RS,True,3.101989081752443e-05,2.716717430982722e-05,-0.43880752897168457,1165.3285090200195,    ,2.470705352701533e-06,2.4640400816187875e-09,2.1454582962807553e-09,4.442007980177847e-09,1.442161586061684e-08,5.227737384175893e-09
RepsRanparQMC/SmoothPerB4-2-Lat-Rv-14-10000.dat,SmoothPerB4,2,Lat-Rv,14,qmc,False,-2.1420822986846123e-05,4.08613084909189e-06,-99.87593762657833,9983.37018810399,    ,3.719252924839692e-07,4.620159360807398e-25,2.267670566778048e-23,8.679184122775603e-21,2.6669670463378693e-16,1.3374747112910305e-20
RepsRanparRQMC/SmoothPerB4-2-Lat-Rv-RS-16-10000.dat,SmoothPerB4,2,Lat-Rv,16,RS,False,3.2376806022910154e-08,2.606001444329606e-07,-14.419625809323135,1814.5270808143098,    ,2.3690923269435806e-08,6.184148010490277e-11,5.5412439944272066e-11,8.827012458825876e-11,2.2029464744511116e-10,9.816867588564853e-11
RepsRanparRQMC/SmoothPerB4-2-Lat-Rv-RSB-16-10000.dat,SmoothPerB4,2,Lat-Rv,16,RS,True,-1.7933498737981834e-05,2.8000040982938236e-06,-43.8098071210144,2993.663995559275,    ,2.5486743749460554e-07,6.371914969403741e-11,5.6123656738590344e-11,1.030134506837542e-10,3.1431368227806965e-10,1.1818156317099194e-10
RepsRanparQMC/SmoothPerB4-2-Lat-Rv-16-10000.dat,SmoothPerB4,2,Lat-Rv,16,qmc,False,-1.8316336082836893e-05,1.6971990275571353e-06,-70.67696597524834,4996.8309329671,    ,1.5462630885451172e-07,1.272113762242501e-29,7.585509317062744e-28,6.524462760763931e-25,1.2794658376750869e-20,1.1497945406725614e-24
RepsFixedparRQMC/SmoothPerB4-2-Sob-DS-8-10000.dat,SmoothPerB4,2,Sob,8,DS,False,1.3425217171629634e-05,3.659189156264804e-06,0.01958190054045054,2.1195406124560234,    ,3.3283379611654215e-07,4.894491691096059e-07,5.705602458974584e-07,6.138907142100686e-07,4.426926755430946e-07,4.637727863194831e-07
RepsFixedparRQMC/SmoothPerB4-2-Sob-DS-8-10000.dat,SmoothPerB4,2,Sob,8,DS,True,-6.412532720317436e-05,0.00010943164707679489,-0.0009986341124685436,2.02670089444068,    ,9.952443610024813e-06,1.4559091711353797e-05,1.5398031088050974e-05,1.94664917458897e-05,1.3372340775847197e-05,1.5043622410175945e-05
RepsFixedparRQMC/SmoothPerB4-2-Sob-DS-10-10000.dat,SmoothPerB4,2,Sob,10,DS,False,3.4929630700502625e-09,1.8354884095758865e-13,0.01908162758768274,2.395587775765784,    ,1.669845905988043e-14,2.8786522907708485e-14,3.1512731968300896e-14,2.8482646870106326e-14,2.147894112782512e-14,2.1792753040395006e-14
RepsFixedparRQMC/SmoothPerB4-2-Sob-DS-10-10000.dat,SmoothPerB4,2,Sob,10,DS,True,9.68791753499021e-07,9.927307250914378e-09,-0.010567464075857961,2.1327803000201766,    ,9.034210348175003e-10,1.3377230328563664e-09,1.5191741466347804e-09,1.6602557376550927e-09,1.2003154676068287e-09,1.2825908909079559e-09
RepsFixedparRQMC/SmoothPerB4-2-Sob-DS-12-10000.dat,SmoothPerB4,2,Sob,12,DS,False,2.0511648212588865e-10,1.365215835922252e-16,-0.028216216729994432,2.8028204607455978,    ,1.2453125825078354e-17,1.993796923102829e-17,2.1383893935710066e-17,1.9662249440572618e-17,1.533818891845927e-17,1.5372799954592154e-17
RepsFixedparRQMC/SmoothPerB4-2-Sob-DS-12-10000.dat,SmoothPerB4,2,Sob,12,DS,True,-1.81061892237982e-08,3.1522575547115274e-12,0.013194209743163281,2.0298242169559724,    ,2.868967026983468e-13,4.0367728950909186e-13,3.9611357778987044e-13,5.632027760206526e-13,3.830205838497104e-13,4.5230146030155375e-13
RepsFixedparRQMC/SmoothPerB4-2-Sob-DS-14-10000.dat,SmoothPerB4,2,Sob,14,DS,False,-2.818259956671646e-11,1.298000043331359e-16,0.040824567462050015,2.773937306917596,    ,1.1800794652839784e-17,1.9408236497206252e-17,2.0535998724576566e-17,1.8796076511459845e-17,1.4518144505671944e-17,1.4729609345753192e-17
RepsFixedparRQMC/SmoothPerB4-2-Sob-DS-14-10000.dat,SmoothPerB4,2,Sob,14,DS,True,-9.929045415468188e-09,3.1493694023649663e-12,0.006008698875184593,2.028889089077442,    ,2.864048952487685e-13,4.081607252804124e-13,3.9288231860487313e-13,5.629204596777304e-13,3.8153953778356527e-13,4.575784218070101e-13
RepsFixedparRQMC/SmoothPerB4-2-Sob-DS-16-10000.dat,SmoothPerB4,2,Sob,16,DS,False,-3.984432464925139e-11,1.3246123958738116e-16,0.00928367249607399,2.724537942408642,    ,1.2043518441786862e-17,1.998927252678012e-17,2.1247927305802044e-17,1.9448174413250974e-17,1.4896081697179402e-17,1.5183821885046295e-17
RepsFixedparRQMC/SmoothPerB4-2-Sob-DS-16-10000.dat,SmoothPerB4,2,Sob,16,DS,True,-7.746915587498928e-09,3.187686335158749e-12,0.005356939794586138,2.00561269472211,    ,2.898496815337334e-13,4.29501273317466e-13,4.1138185785182937e-13,5.795935107022849e-13,3.8925978451196067e-13,4.70272657591612e-13
RepsRanparRQMC/SmoothPerB4-2-SobLMS-DS-8-10000.dat,SmoothPerB4,2,SobLMS,8,DS,False,1.617952540031582e-05,1.1671516166245486e-06,0.15392279617042168,11.632286447097005,    ,1.0636646946259297e-07,1.8187381213505145e-08,1.6565788968663427e-08,3.768747046758734e-08,6.144356481194267e-08,4.103877954361406e-08
RepsRanparQMC/SmoothPerB4-2-SobLMS-8-10000.dat,SmoothPerB4,2,SobLMS,8,qmc,False,8.831884767682814e-05,1.2178427232701795e-05,0.4082748897047609,18.146551421293545,    ,1.1149299672823985e-06,5.963367827251165e-08,5.5611786288276076e-08,2.0358167355272834e-07,4.621543395022233e-07,2.428241040399613e-07
RepsRanparRQMC/SmoothPerB4-2-SobLMS-DS-10-10000.dat,SmoothPerB4,2,SobLMS,10,DS,False,-2.5250313801791715e-06,2.311925385777717e-08,-0.34753258388679237,28.017508477472592,    ,2.108126134177905e-09,9.061114108426098e-11,8.407206177431508e-11,2.838477870611737e-10,6.720858680286339e-10,3.344477461636295e-10
RepsRanparQMC/SmoothPerB4-2-SobLMS-10-10000.dat,SmoothPerB4,2,SobLMS,10,qmc,False,6.660608935124723e-06,2.4756022464630034e-08,0.6585373815019528,30.155910756962804,    ,2.294911208171212e-09,9.779508426958329e-11,8.99082380228788e-11,3.082026880939221e-10,7.197261782419909e-10,3.6533569586398643e-10
RepsRanparRQMC/SmoothPerB4-2-SobLMS-DS-12-10000.dat,SmoothPerB4,2,SobLMS,12,DS,False,-1.3398877298996665e-07,5.369984534105896e-10,-0.003679399321535895,70.17220137506366,    ,4.883599421043186e-11,2.6057014502365584e-13,2.5276159116225475e-13,1.6544351403924319e-12,6.993081534517112e-12,2.08346291283561e-12
RepsRanparQMC/SmoothPerB4-2-SobLMS-12-10000.dat,SmoothPerB4,2,SobLMS,12,qmc,False,-3.172057312524196e-07,4.277372036402897e-10,0.6997347247440131,85.21149371787574,    ,3.8985819806874805e-11,2.6715009090030007e-13,2.5494656960698464e-13,1.5250253327739393e-12,5.761949196319202e-12,1.9102654901498035e-12
RepsRanparRQMC/SmoothPerB4-2-SobLMS-DS-14-10000.dat,SmoothPerB4,2,SobLMS,14,DS,False,3.997898574134799e-08,9.746350674343987e-12,2.170734123349368,241.56441667468397,    ,8.876301987867239e-13,4.217010689392693e-16,4.557238709921709e-16,5.744495976939162e-15,4.217287807818766e-14,7.514389029991619e-15
RepsRanparQMC/SmoothPerB4-2-SobLMS-14-10000.dat,SmoothPerB4,2,SobLMS,14,qmc,False,6.283823378245381e-08,1.0309272000721606e-11,4.374931606362983,247.8519977889536,    ,9.411551891450442e-13,3.9850876867819366e-16,4.2223620510061864e-16,4.979080510000478e-15,3.928555459481279e-14,6.481891950358491e-15
RepsRanparRQMC/SmoothPerB4-2-SobLMS-DS-16-10000.dat,SmoothPerB4,2,SobLMS,16,DS,False,2.4233767551770105e-09,1.5025938751113782e-13,5.5623018562655915,820.5682010487837,    ,1.3665817074091879e-14,3.199388819839468e-19,4.301760825351871e-19,1.2423892436223915e-17,1.6376615848603134e-16,1.7341480741033267e-17
RepsRanparQMC/SmoothPerB4-2-SobLMS-16-10000.dat,SmoothPerB4,2,SobLMS,16,qmc,False,1.0713265625401903e-08,1.6879086284121481e-12,-8.858951380147372,1474.7342832286756,    ,1.5356101300691935e-13,1.8318716137942047e-18,2.5995677515887774e-18,9.695177501083205e-17,1.8082756581809272e-15,1.3524697062005565e-16
RepsRanparRQMC/SmoothPerB4-2-SobNUS-8-10000.dat,SmoothPerB4,2,SobNUS,8,DS,False,-6.0231230026150935e-06,1.1580555988875877e-06,0.06743504830681503,3.3824472272900046,    ,1.0531405972775806e-07,1.4703480816461568e-07,1.5458391498965933e-07,1.487000677714799e-07,1.220079304990339e-07,1.1959787168351103e-07
RepsRanparRQMC/SmoothPerB4-2-SobNUS-10-10000.dat,SmoothPerB4,2,SobNUS,10,DS,False,4.20291386737035e-06,2.638936166307955e-07,0.041613295858067084,3.443386607494848,    ,2.4007993269594308e-08,3.395150350419373e-08,3.553735021899216e-08,3.3868537005484365e-08,2.7739912568936745e-08,2.7252982420993857e-08
RepsRanparRQMC/SmoothPerB4-2-SobNUS-12-10000.dat,SmoothPerB4,2,SobNUS,12,DS,False,-4.044479093985864e-08,4.3416430264699864e-10,-0.01171345525471662,3.250580911922523,    ,3.947111783993223e-11,5.784799481074715e-11,6.056213530212836e-11,5.689452661503939e-11,4.6162088923109545e-11,4.553549037139219e-11
RepsRanparRQMC/SmoothPerB4-2-SobNUS-14-10000.dat,SmoothPerB4,2,SobNUS,14,DS,False,-5.158128347665875e-08,8.133075371502714e-12,0.033840723764846356,3.177212446979515,    ,7.420311171235279e-13,1.0947908240032e-12,1.1531310789691021e-12,1.0828148743056623e-12,8.745521602704568e-13,8.636210084523766e-13
RepsRanparRQMC/SmoothPerB4-2-SobNUS-16-10000.dat,SmoothPerB4,2,SobNUS,16,DS,False,2.149050591547649e-09,1.9378720470467545e-12,0.023170035354285783,3.3067954902744976,    ,1.7617480451360453e-13,2.521789432346867e-13,2.657455307599399e-13,2.5302388988160196e-13,2.0564195326837857e-13,2.0254873598177068e-13
RepsFixedparRQMC/SmoothPerB4-4-Lat-RS-8-10000.dat,SmoothPerB4,4,Lat,8,RS,False,-6.909624875113332e-08,4.1697991961222915e-10,0.05183059181030484,2.0320913865512904,    ,3.791203971088504e-11,8.697855110462531e-11,9.839969369741018e-11,7.921874094567652e-11,5.298262858100204e-11,5.705988691189643e-11
RepsFixedparRQMC/SmoothPerB4-4-Lat-RSB-8-10000.dat,SmoothPerB4,4,Lat,8,RS,True,1.5081934351098592e-05,5.33633619835286e-07,-0.034006804449773075,1.5038441468456176,    ,4.873961200152412e-08,1.765514897786907e-07,1.9881839324632409e-07,1.4536427333421672e-07,7.820610284568972e-08,9.928201624764604e-08
RepsFixedparRQMC/SmoothPerB4-4-Lat-RS-10-10000.dat,SmoothPerB4,4,Lat,10,RS,False,3.444076377233547e-10,9.431164123744334e-14,-0.08210021535625331,2.378920171944743,    ,8.573904183661226e-15,1.5609551301701984e-14,1.7270165891885556e-14,1.5257101448132674e-14,1.1205428700057577e-14,1.151525300462017e-14
RepsFixedparRQMC/SmoothPerB4-4-Lat-RSB-10-10000.dat,SmoothPerB4,4,Lat,10,RS,True,-4.3533177171194495e-10,1.4020216444641207e-12,0.03049066806654395,2.470592616442251,    ,1.2745670264685334e-13,2.213992114981829e-13,2.4313899680381404e-13,2.179549053235326e-13,1.636250328372695e-13,1.6639320097117932e-13
RepsFixedparRQMC/SmoothPerB4-4-Lat-RS-12-10000.dat,SmoothPerB4,4,Lat,12,RS,False,4.08766903892401e-10,5.312399492484714e-15,-0.009624683785553211,1.551859264737937,    ,4.83112498789419e-16,1.6805153736277914e-15,1.9003099132113422e-15,1.3882466210647753e-15,7.638492552611774e-16,9.434196170409407e-16
RepsFixedparRQMC/SmoothPerB4-4-Lat-RSB-12-10000.dat,SmoothPerB4,4,Lat,12,RS,True,3.1295223219983763e-09,2.966791348052037e-14,-0.009637102155014668,2.404705045768004,    ,2.706876953647556e-15,4.9409268421322754e-15,5.4493211066003674e-15,4.794306793631277e-15,3.5272021670651205e-15,3.626202832678717e-15
RepsFixedparRQMC/SmoothPerB4-4-Lat-RS-14-10000.dat,SmoothPerB4,4,Lat,14,RS,False,-2.614551893752643e-11,5.2184001512373974e-18,0.01585644325224314,1.554080020628143,    ,4.750836019093669e-19,1.6395595374148882e-18,1.85262755351573e-18,1.3598628049049762e-18,7.486886513072514e-19,9.240174875251612e-19
RepsFixedparRQMC/SmoothPerB4-4-Lat-RSB-14-10000.dat,SmoothPerB4,4,Lat,14,RS,True,9.80218564388465e-11,5.343546733242584e-15,0.002995018936272392,1.512369390577422,    ,4.857865840336655e-16,1.7452584180736444e-15,1.9656709510441884e-15,1.4387686691214611e-15,7.757433810023748e-16,9.799582633814929e-16
RepsFixedparRQMC/SmoothPerB4-4-Lat-RS-16-10000.dat,SmoothPerB4,4,Lat,16,RS,False,-1.966263186598824e-13,1.1012786694426317e-21,0.008518241298951084,1.9070933796606677,    ,1.0015490458579262e-22,2.6118915582014975e-22,2.9538380170190325e-22,2.259616878418737e-22,1.442477628337338e-22,1.5949093881389736e-22
RepsFixedparRQMC/SmoothPerB4-4-Lat-RSB-16-10000.dat,SmoothPerB4,4,Lat,16,RS,True,-2.130857955916552e-12,9.49092115546876e-20,0.004461697193135478,1.5297202565194805,    ,8.63265069696353e-21,3.0639389226946784e-20,3.45743434092703e-20,2.5200107401495025e-20,1.3711354857845202e-20,1.7118114120465858e-20
RepsRanparRQMC/SmoothPerB4-4-Lat-Rp-RS-8-10000.dat,SmoothPerB4,4,Lat-Rp,8,RS,False,0.0001540658318300089,0.0013691194616003125,0.034382161369966385,49.200609360068825,    ,0.00012448914188056587,2.0491070584637284e-05,1.8391561708300428e-05,3.0309464998961205e-05,4.6603169907346684e-05,3.2145437739051344e-05
RepsRanparRQMC/SmoothPerB4-4-Lat-Rp-RSB-8-10000.dat,SmoothPerB4,4,Lat-Rp,8,RS,True,-0.0005878420325320477,0.004772043957646935,-1.6677955105686748,84.82049676496413,    ,0.00043416773622311454,2.969147636428741e-05,2.6366339439031832e-05,5.1954908050522556e-05,9.702956682409467e-05,5.7817184326918704e-05
RepsRanparQMC/SmoothPerB4-4-Lat-Rp-8-10000.dat,SmoothPerB4,4,Lat-Rp,8,qmc,False,-0.009802492558622177,0.001437913292459236,-4.3820131762377565,57.08204085654208,    ,0.00022680825058541006,6.637747380735112e-05,6.041759143193227e-05,7.987628951941312e-05,0.00011047990474460084,9.157829014493844e-05
RepsRanparRQMC/SmoothPerB4-4-Lat-Rp-RS-10-10000.dat,SmoothPerB4,4,Lat-Rp,10,RS,False,-0.00034783393678622116,0.00030202865333910827,-3.078784089349164,187.28124704876146,    ,2.7578138751135496e-05,1.3181871346511664e-06,1.1586137143521868e-06,2.233374963489937e-06,4.551384029672412e-06,2.5208674997118035e-06
RepsRanparRQMC/SmoothPerB4-4-Lat-Rp-RSB-10-10000.dat,SmoothPerB4,4,Lat-Rp,10,RS,True,-9.801753814350959e-05,0.0015476169463063561,-2.5000026138559623,313.0663883604273,    ,0.00014070205710199792,1.8082083096955528e-06,1.5803783978507201e-06,3.7746675664361025e-06,9.78534933737701e-06,4.434908683611272e-06
RepsRanparQMC/SmoothPerB4-4-Lat-Rp-10-10000.dat,SmoothPerB4,4,Lat-Rp,10,qmc,False,-0.002078815533212953,0.00027906408263888183,-5.656636817936322,117.95961175936775,    ,2.969093607920762e-05,1.706611499077005e-06,1.4512633466608295e-06,2.8926054053502626e-06,6.499643714675185e-06,3.709630514128954e-06
RepsRanparRQMC/SmoothPerB4-4-Lat-Rp-RS-12-10000.dat,SmoothPerB4,4,Lat-Rp,12,RS,False,0.00012046666741653054,7.027414884484102e-05,5.398918104867882,345.3971343211216,    ,6.403071203853083e-06,8.590212334531349e-08,7.479636385458828e-08,1.6511189939040729e-07,4.551706786121553e-07,1.9338430054878326e-07
RepsRanparRQMC/SmoothPerB4-4-Lat-Rp-RSB-12-10000.dat,SmoothPerB4,4,Lat-Rp,12,RS,True,0.00017480307190776562,0.00021742181009769333,20.285372506691406,1020.2723966237746,    ,1.979617521373869e-05,1.0756676836812604e-07,9.365819850173059e-08,2.2781228274727848e-07,7.191460804563607e-07,2.710063925816469e-07
RepsRanparQMC/SmoothPerB4-4-Lat-Rp-12-10000.dat,SmoothPerB4,4,Lat-Rp,12,qmc,False,-8.016372859465122e-05,0.0001857254090663481,-24.725726883079112,910.7775308296314,    ,1.6890554320322932e-05,1.3588780437637365e-07,1.2876372626647687e-07,2.1248277875262977e-07,5.188669953983836e-07,2.324653379124136e-07
RepsRanparRQMC/SmoothPerB4-4-Lat-Rp-RS-14-10000.dat,SmoothPerB4,4,Lat-Rp,14,RS,False,-9.454720388685267e-06,1.5612466060457258e-05,4.983951509440791,1084.8868660477065,    ,1.4194044881428336e-06,5.739443871383303e-09,4.998892238493188e-09,1.175564691572383e-08,4.204064647783731e-08,1.4199532578618589e-08
RepsRanparRQMC/SmoothPerB4-4-Lat-Rp-RSB-14-10000.dat,SmoothPerB4,4,Lat-Rp,14,RS,True,7.516691100204342e-06,2.616315137308707e-05,24.191504457582763,1822.4741791492193,    ,2.378524807289375e-06,7.002910108508386e-09,6.129855888809898e-09,1.533697362804732e-08,5.214267044762337e-08,1.842761606417321e-08
RepsRanparQMC/SmoothPerB4-4-Lat-Rp-14-10000.dat,SmoothPerB4,4,Lat-Rp,14,qmc,False,0.0003050385522820532,1.4077524896535885e-05,21.990791027098684,819.7597475656205,    ,1.3728235089725022e-06,1.980928634747897e-08,1.8404165857648964e-08,2.6439475799869705e-08,6.052428844199383e-08,3.1364296656074065e-08
RepsRanparRQMC/SmoothPerB4-4-Lat-Rp-RS-16-10000.dat,SmoothPerB4,4,Lat-Rp,16,RS,False,-2.3349858431794533e-05,2.513313298839799e-06,-40.35185621722064,2907.6471099049318,    ,2.2902824305603932e-07,3.4831412357654317e-10,3.027830592920816e-10,7.455009747827911e-10,2.5961355027749166e-09,8.930336842447609e-10
RepsRanparRQMC/SmoothPerB4-4-Lat-Rp-RSB-16-10000.dat,SmoothPerB4,4,Lat-Rp,16,RS,True,3.414463203238105e-05,9.692624743002009e-06,75.92821663131227,6786.892908764032,    ,8.823135598059002e-07,4.129642890927542e-10,3.603792396647759e-10,8.963284193099136e-10,3.0653937120140004e-09,1.0778047084538928e-09
RepsRanparQMC/SmoothPerB4-4-Lat-Rp-16-10000.dat,SmoothPerB4,4,Lat-Rp,16,qmc,False,2.1157412794454856e-05,1.169775030486587e-06,24.071313798630143,1374.7062967270592,    ,1.0679082070584469e-07,3.126461221239496e-10,2.78578430524143e-10,5.864579856242671e-10,2.2471968069239344e-09,6.925194708148507e-10
RepsRanparRQMC/SmoothPerB4-4-Lat-Rv-RS-8-10000.dat,SmoothPerB4,4,Lat-Rv,8,RS,False,-0.0007477202653769766,0.002517114390751171,-0.025201862823845244,30.04830995694561,    ,0.00022938766657263458,2.7526643555977975e-05,2.4032999699349696e-05,4.664072603514574e-05,8.637576189695137e-05,5.190910695896397e-05
RepsRanparRQMC/SmoothPerB4-4-Lat-Rv-RSB-8-10000.dat,SmoothPerB4,4,Lat-Rv,8,RS,True,-0.0006891610770003169,0.00239057229276087,-0.025178960532374284,9.909459644698735,    ,0.00021779969687740406,4.1594020358596165e-05,3.6541892474700135e-05,8.098910902507408e-05,0.00013307266086460382,8.832195032444327e-05
RepsRanparQMC/SmoothPerB4-4-Lat-Rv-8-10000.dat,SmoothPerB4,4,Lat-Rv,8,qmc,False,0.0009424037544967654,0.0006029972470183903,1.0813061543226448,21.907307294037604,    ,5.570605638361599e-05,3.5986774789635755e-08,6.295513324400312e-08,3.1616498067463664e-06,1.4885141463119589e-05,3.4713191745709074e-06
RepsRanparRQMC/SmoothPerB4-4-Lat-Rv-RS-10-10000.dat,SmoothPerB4,4,Lat-Rv,10,RS,False,0.00011590687296827511,0.00019592239938238875,0.5690435763992246,118.30775472520628,    ,1.782456161978208e-05,3.092587950250576e-07,3.135946637015879e-07,3.321488420807918e-07,1.2149058584721475e-06,3.1645638080226023e-07
RepsRanparRQMC/SmoothPerB4-4-Lat-Rv-RSB-10-10000.dat,SmoothPerB4,4,Lat-Rv,10,RS,True,-3.2635982432756805e-05,0.00033209687340011394,0.32388712574537437,74.33956591972718,    ,3.0191689961905164e-05,3.5526271539982345e-07,3.484170669896464e-07,5.121381093006654e-07,3.152557388274765e-06,5.700364525784249e-07
RepsRanparQMC/SmoothPerB4-4-Lat-Rv-10-10000.dat,SmoothPerB4,4,Lat-Rv,10,qmc,False,-0.0004235240526634663,0.0001221025826050913,-0.47884623175862684,139.5439479401823,    ,1.1279607405465514e-05,1.3814547535944318e-10,1.9692785412636389e-10,5.665156686192173e-09,5.703846573598074e-07,8.071889886615547e-09
RepsRanparRQMC/SmoothPerB4-4-Lat-Rv-RS-12-10000.dat,SmoothPerB4,4,Lat-Rv,12,RS,False,9.079790619480193e-05,4.623985348006681e-05,5.0438984233083115,484.368706704719,    ,4.211867303411797e-06,4.888656935625814e-08,4.343139623620141e-08,7.298816121055736e-08,1.7244248241396785e-07,8.131111239475092e-08
RepsRanparRQMC/SmoothPerB4-4-Lat-Rv-RSB-12-10000.dat,SmoothPerB4,4,Lat-Rv,12,RS,True,0.00013639939508170525,9.183243898213725e-05,3.2205117357475377,251.42742396971275,    ,8.367008338809315e-06,5.4891626743332165e-08,4.82481752717587e-08,9.456288853964844e-08,3.660647973174425e-07,1.105368433852361e-07
RepsRanparQMC/SmoothPerB4-4-Lat-Rv-12-10000.dat,SmoothPerB4,4,Lat-Rv,12,qmc,False,0.00025535548942100765,2.5939455031140206e-05,19.308116707358813,440.77394365811097,    ,2.4233387015356427e-06,1.1907579381849938e-13,3.5047740966376636e-13,8.459644766086743e-11,5.006856115495606e-08,1.4796219274072162e-10
RepsRanparRQMC/SmoothPerB4-4-Lat-Rv-RS-14-10000.dat,SmoothPerB4,4,Lat-Rv,14,RS,False,-1.3824098234976567e-05,2.0347121539669483e-05,5.574402253954646,914.9474855028471,    ,1.849929427480145e-06,3.9576711808250865e-09,3.4562965794365347e-09,7.119434617824236e-09,2.1559664882225834e-08,8.319652139507858e-09
RepsRanparRQMC/SmoothPerB4-4-Lat-Rv-RSB-14-10000.dat,SmoothPerB4,4,Lat-Rv,14,RS,True,-1.2238589728645133e-05,2.7565590483970426e-05,3.7356020458181427,666.0542414179714,    ,2.506112554348585e-06,4.669147260920563e-09,4.040675684526445e-09,9.617224387113422e-09,3.199260528126724e-08,1.1450590590208014e-08
RepsRanparQMC/SmoothPerB4-4-Lat-Rv-14-10000.dat,SmoothPerB4,4,Lat-Rv,14,qmc,False,4.0577142441161745e-05,5.37953160121807e-06,50.028520805991036,2805.3333342925366,    ,4.906948318721512e-07,9.751495717375917e-17,4.2106161568281057e-16,8.623254010318256e-14,3.901667369904488e-11,1.4671282684619266e-13
RepsRanparRQMC/SmoothPerB4-4-Lat-Rv-RS-16-10000.dat,SmoothPerB4,4,Lat-Rv,16,RS,False,-2.0324800199129745e-06,8.824397009120165e-06,10.233539747124345,3166.6750963609693,    ,8.022220408950463e-07,1.951715999313361e-10,1.7180712519245736e-10,3.332204829294716e-10,9.444925637142212e-10,3.8459625422341985e-10
RepsRanparRQMC/SmoothPerB4-4-Lat-Rv-RSB-16-10000.dat,SmoothPerB4,4,Lat-Rv,16,RS,True,1.371676646775128e-05,2.295041331734984e-06,48.673129542316076,3558.826173143906,    ,2.0882827074914757e-07,2.154637340390472e-10,1.8745890421478324e-10,4.1487475170140836e-10,1.2066689061904429e-09,4.88784151837373e-10
RepsRanparQMC/SmoothPerB4-4-Lat-Rv-16-10000.dat,SmoothPerB4,4,Lat-Rv,16,qmc,False,-5.67778310601286e-06,2.9003111241583262e-06,-47.62394866999768,4387.761955507993,    ,2.6369688487175587e-07,4.580705748151169e-20,3.0698175345420286e-19,8.579726773893782e-17,2.5657866859602747e-13,1.490317471975287e-16
RepsFixedparRQMC/SmoothPerB4-4-Sob-DS-8-10000.dat,SmoothPerB4,4,Sob,8,DS,False,4.469366391985652e-06,1.1748565130618924e-05,0.020791798377694095,2.0445751624178494,    ,1.068071350746757e-06,2.432677534267255e-06,2.738298080456267e-06,2.220711213422373e-06,1.489056254677618e-06,1.6024480295120564e-06
RepsFixedparRQMC/SmoothPerB4-4-Sob-DS-8-10000.dat,SmoothPerB4,4,Sob,8,DS,True,0.00023198191337999815,0.00011339633789838708,-0.02801238490936451,2.0587970786109584,    ,1.0362573598897907e-05,1.5026487898066659e-05,1.6686996764206204e-05,1.9890874459186432e-05,1.3895750128161558e-05,1.5138168479139353e-05
RepsFixedparRQMC/SmoothPerB4-4-Sob-DS-10-10000.dat,SmoothPerB4,4,Sob,10,DS,False,-6.274886962774922e-07,5.948829314948151e-09,-0.014209117858101057,2.535567314372602,    ,5.411964070592424e-10,9.296204321624908e-10,1.0095916360751145e-09,9.040383254108025e-10,6.864595918208703e-10,6.950871682785356e-10
RepsFixedparRQMC/SmoothPerB4-4-Sob-DS-10-10000.dat,SmoothPerB4,4,Sob,10,DS,True,2.9930562281549776e-06,2.6023617765276145e-07,-0.001112081778936663,1.9621793347072771,    ,2.366679271765412e-08,5.7659050138059835e-08,6.54435360240838e-08,5.2003782911168936e-08,3.374500599744153e-08,3.6994866816502053e-08
RepsFixedparRQMC/SmoothPerB4-4-Sob-DS-12-10000.dat,SmoothPerB4,4,Sob,12,DS,False,1.8175115005932691e-07,5.373659678431363e-10,-0.1083552918115226,2.6132631877174815,    ,4.888448510265118e-11,8.386807800051926e-11,9.01357843771563e-11,8.053711675917074e-11,6.164000683757905e-11,6.224791621445259e-11
RepsFixedparRQMC/SmoothPerB4-4-Sob-DS-12-10000.dat,SmoothPerB4,4,Sob,12,DS,True,-4.110523403643218e-06,1.9338404366163343e-07,0.022902036275073586,1.2586345161131594,    ,1.7597264008254935e-08,1.0333066459520398e-07,1.0745277598253411e-07,6.529542558936309e-08,3.087902363701676e-08,4.390586614929175e-08
RepsFixedparRQMC/SmoothPerB4-4-Sob-DS-14-10000.dat,SmoothPerB4,4,Sob,14,DS,False,1.0948269390995917e-08,2.849003653965536e-12,-0.02058191720248972,1.9660346004573044,    ,2.5912019678134287e-13,6.776523330523392e-13,7.6160315875622e-13,5.829080761018547e-13,3.7178888139566894e-13,4.1249686109754926e-13
RepsFixedparRQMC/SmoothPerB4-4-Sob-DS-14-10000.dat,SmoothPerB4,4,Sob,14,DS,True,-6.353054433450234e-06,1.7992883898985355e-07,0.03111883848091071,1.0070050976461902,    ,1.6397528481530158e-08,1.6694762497841732e-07,1.34252529904868e-07,7.6764197889734e-08,3.125560382525717e-08,6.743138769909619e-08
RepsFixedparRQMC/SmoothPerB4-4-Sob-DS-16-10000.dat,SmoothPerB4,4,Sob,16,DS,False,1.1702487934030247e-10,1.8741010061259693e-14,0.0464387270490327,2.47401870444353,    ,1.7037418822096294e-15,3.0481128028452067e-15,3.3112882723706648e-15,2.9106315332232835e-15,2.184898965586789e-15,2.2234703338324533e-15
RepsFixedparRQMC/SmoothPerB4-4-Sob-DS-16-10000.dat,SmoothPerB4,4,Sob,16,DS,True,-9.40449431911074e-09,3.3659591390111385e-12,0.003099096747183624,2.1063729536587226,    ,3.0608472987804714e-13,4.2098885585959726e-13,4.893609046184788e-13,5.652211185902037e-13,4.0703526781668394e-13,4.2840800527224434e-13
RepsRanparRQMC/SmoothPerB4-4-SobLMS-DS-8-10000.dat,SmoothPerB4,4,SobLMS,8,DS,False,1.7268181114814318e-06,7.815434147916121e-06,0.0019770438759111296,4.744494359846415,    ,7.104969953477102e-07,6.754372042537784e-07,6.700560961909288e-07,7.416164782754345e-07,7.051455476032114e-07,6.475665552729168e-07
RepsRanparQMC/SmoothPerB4-4-SobLMS-8-10000.dat,SmoothPerB4,4,SobLMS,8,qmc,False,7.090230872781972e-05,8.691106835925122e-05,0.12464128101830067,10.026940551782403,    ,7.90603335186032e-06,2.139501815863829e-06,1.9327785517821e-06,3.44830018707723e-06,4.99329247879038e-06,3.616037054245855e-06
RepsRanparRQMC/SmoothPerB4-4-SobLMS-DS-10-10000.dat,SmoothPerB4,4,SobLMS,10,DS,False,7.364723554833752e-06,3.4808246903257566e-07,0.1101184452165088,8.156049881350842,    ,3.1698099974182365e-08,1.5240927427996326e-08,1.4154390191014045e-08,2.0060840858229107e-08,2.4091939902050204e-08,1.9596276728185348e-08
RepsRanparQMC/SmoothPerB4-4-SobLMS-10-10000.dat,SmoothPerB4,4,SobLMS,10,qmc,False,0.00010642043766379121,3.331177910069317e-07,1.5375496907608808,7.980505973958404,    ,4.160874509863757e-08,1.6796115548391772e-08,1.517664193769007e-08,2.274922012395039e-08,2.9833553164488214e-08,2.4000983660966704e-08
RepsRanparRQMC/SmoothPerB4-4-SobLMS-DS-12-10000.dat,SmoothPerB4,4,SobLMS,12,DS,False,-8.604923909637435e-07,9.100070083450837e-09,-0.14408254363064496,11.208273819694737,    ,8.280195456504371e-10,2.7247873605541983e-10,2.4942452514497617e-10,4.0079806027576526e-10,5.370237686719355e-10,4.0861424928117675e-10
RepsRanparQMC/SmoothPerB4-4-SobLMS-12-10000.dat,SmoothPerB4,4,SobLMS,12,qmc,False,-3.4499622673393794e-06,1.2475351583117974e-07,-0.33581561249672903,31.854110065416876,    ,1.1353130951571496e-08,9.879321756574074e-10,8.917749395094214e-10,2.31293342864933e-09,4.3981428731830055e-09,2.61164218632799e-09
RepsRanparRQMC/SmoothPerB4-4-SobLMS-DS-14-10000.dat,SmoothPerB4,4,SobLMS,14,DS,False,3.341326902055117e-08,2.361537589294323e-10,0.20612732779193507,20.992954174742305,    ,2.1469639985585942e-11,4.080830328782803e-12,3.719079746549274e-12,7.077175997621107e-12,1.0831375430348365e-11,7.5375724268866e-12
RepsRanparQMC/SmoothPerB4-4-SobLMS-14-10000.dat,SmoothPerB4,4,SobLMS,14,qmc,False,-4.6570420364468667e-07,2.134023090619737e-10,-0.5088613448112599,17.43200230406886,    ,1.9617090320017215e-11,3.9311228143301285e-12,3.562575305324157e-12,6.741958685909714e-12,1.0361702025730072e-11,7.22115104069159e-12
RepsRanparRQMC/SmoothPerB4-4-SobLMS-DS-16-10000.dat,SmoothPerB4,4,SobLMS,16,DS,False,-2.981480326935153e-08,5.618013969050693e-12,-0.5898881707448939,40.5194183939036,    ,5.116174651349622e-13,3.8060631331047244e-14,3.4112247827044435e-14,8.369938579284704e-14,1.6353892671485054e-13,9.485626280688428e-14
RepsRanparQMC/SmoothPerB4-4-SobLMS-16-10000.dat,SmoothPerB4,4,SobLMS,16,qmc,False,1.3834730408958298e-08,6.529618155480707e-12,0.5352338498955078,39.46435482930367,    ,5.937930502637347e-13,4.0739583796006714e-14,3.6604834266724566e-14,9.02375772809645e-14,1.8223432698704514e-13,1.0291632211310735e-13
RepsRanparRQMC/SmoothPerB4-4-SobNUS-8-10000.dat,SmoothPerB4,4,SobNUS,8,DS,False,4.601661981993121e-06,8.061360432628745e-06,0.02162176764992849,3.16370747932112,    ,7.328721237137915e-07,1.0761440463314142e-06,1.1352270677704933e-06,1.0717189189443986e-06,8.652696264916099e-07,8.547130421067438e-07
RepsRanparRQMC/SmoothPerB4-4-SobNUS-10-10000.dat,SmoothPerB4,4,SobNUS,10,DS,False,7.510099994274788e-06,3.5601794896119446e-07,0.10971892193853938,5.576712716205044,    ,3.242166968930532e-08,3.4249911097211715e-08,3.4265428249992987e-08,3.495426332491005e-08,3.165457697530887e-08,2.985506903788146e-08
RepsRanparRQMC/SmoothPerB4-4-SobNUS-12-10000.dat,SmoothPerB4,4,SobNUS,12,DS,False,-2.885762650936241e-06,1.2056825449946922e-07,-0.05866576868856564,4.068211780198943,    ,1.0969078035120195e-08,1.4317873285946872e-08,1.482480636047784e-08,1.4425090104942231e-08,1.2115558461822065e-08,1.1790080008498444e-08
RepsRanparRQMC/SmoothPerB4-4-SobNUS-14-10000.dat,SmoothPerB4,4,SobNUS,14,DS,False,1.0713752158753725e-08,2.2641365068468738e-10,0.024641145562455093,3.4031766960327228,    ,2.0583173937638716e-11,2.9062100454419584e-11,3.0467006218267925e-11,2.911005153942963e-11,2.384522198233643e-11,2.340421936886161e-11
RepsRanparRQMC/SmoothPerB4-4-SobNUS-16-10000.dat,SmoothPerB4,4,SobNUS,16,DS,False,-1.6175960474286503e-07,3.718334719873445e-10,-0.010138948055280253,10.028601168705341,    ,3.3829209077666977e-11,2.963213290377955e-11,2.943125326459461e-11,3.1705245108051735e-11,2.9942544358806054e-11,2.7674750649410492e-11
RepsFixedparRQMC/SmoothPerB4-8-Lat-RS-8-10000.dat,SmoothPerB4,8,Lat,8,RS,False,1.875318365181733e-06,4.255207422315653e-07,-0.014978235219518346,2.4210139098906143,    ,3.8687220658203996e-08,7.319579807637037e-08,8.02875672939235e-08,6.910490197880636e-08,5.043132828200233e-08,5.2075479945014e-08
RepsFixedparRQMC/SmoothPerB4-8-Lat-RSB-8-10000.dat,SmoothPerB4,8,Lat,8,RS,True,2.5372900056606618e-05,5.2581102154853634e-06,-0.09254011215114219,2.580179611823868,    ,4.786538036468611e-07,8.491185447477709e-07,9.239533011172541e-07,8.157696483314019e-07,6.114778941110011e-07,6.234956080603248e-07
RepsFixedparRQMC/SmoothPerB4-8-Lat-RS-10-10000.dat,SmoothPerB4,8,Lat,10,RS,False,-5.197366475876153e-08,1.7219071168952366e-09,-0.3003947935227668,2.8197374910701387,    ,1.5653971188866816e-10,2.5946945807261097e-10,2.809990247496691e-10,2.5579775178892003e-10,1.959074867130222e-10,1.975513710952516e-10
RepsFixedparRQMC/SmoothPerB4-8-Lat-RSB-10-10000.dat,SmoothPerB4,8,Lat,10,RS,True,9.399187054375424e-07,1.8274646670513564e-08,-0.011212487735650534,2.1340272536125657,    ,1.6622149626740646e-09,3.7063124500717407e-09,4.152170688493638e-09,3.371789592433312e-09,2.290145999956883e-09,2.4511322227673554e-09
RepsFixedparRQMC/SmoothPerB4-8-Lat-RS-12-10000.dat,SmoothPerB4,8,Lat,12,RS,False,3.473580948790342e-07,5.031963583683789e-10,-0.1543478097006344,2.1771767659276913,    ,4.586578113411244e-11,9.454198808428522e-11,1.0636038136204066e-10,8.998254945563941e-11,6.276029601253292e-11,6.612558376652183e-11
RepsFixedparRQMC/SmoothPerB4-8-Lat-RSB-12-10000.dat,SmoothPerB4,8,Lat,12,RS,True,8.108669213007978e-07,6.414213125384906e-10,-0.12130399261281238,2.5117405483668707,    ,5.896853357664989e-11,1.0694391262608793e-10,1.1698108441461404e-10,1.0284342751961563e-10,7.647853415626049e-11,7.82544950513484e-11
RepsFixedparRQMC/SmoothPerB4-8-Lat-RS-14-10000.dat,SmoothPerB4,8,Lat,14,RS,False,-6.965342377452722e-10,2.3275886817882633e-14,-0.36269117251386124,2.59900002443297,    ,2.1164748706609544e-15,3.854025709798832e-15,4.252352701377869e-15,3.759259922131314e-15,2.763287536555813e-15,2.830621859564244e-15
RepsFixedparRQMC/SmoothPerB4-8-Lat-RSB-14-10000.dat,SmoothPerB4,8,Lat,14,RS,True,-8.319446165820816e-09,5.699236481308994e-12,0.055789645687884706,2.249847527872046,    ,5.181816205762327e-13,9.233704283026977e-13,1.0408943324120691e-12,9.409923277847184e-13,6.855566767191048e-13,7.059590100547273e-13
RepsFixedparRQMC/SmoothPerB4-8-Lat-RS-16-10000.dat,SmoothPerB4,8,Lat,16,RS,False,6.757421301944452e-10,5.5450092783071714e-15,-0.007442039264417363,1.7190255244954253,    ,5.045483799998989e-16,1.5376947115115623e-15,1.74468499730856e-15,1.2894048682867362e-15,7.637866188915266e-16,8.859458252455676e-16
RepsFixedparRQMC/SmoothPerB4-8-Lat-RSB-16-10000.dat,SmoothPerB4,8,Lat,16,RS,True,-9.954053581940703e-10,7.405539444239642e-15,0.01941511827285402,2.1364043345753743,    ,6.742216903943616e-16,1.4051381924541387e-15,1.5831889921342139e-15,1.3272955523166154e-15,9.193324206924257e-16,9.723331790163131e-16
RepsFixedparRQMC/SmoothPerB4-8-Lat-RS-30-10000.dat,SmoothPerB4,8,Lat,30,RS,False,0.0,0.0,,,    ,0.0,,,,,
RepsRanparRQMC/SmoothPerB4-8-Lat-Rp-RS-8-10000.dat,SmoothPerB4,8,Lat-Rp,8,RS,False,-0.00011627499219517147,0.001613434963290366,0.7391983074457635,39.25840100555446,    ,0.0001466894256274796,4.4867665949096075e-05,4.136834246415902e-05,5.767999403572346e-05,7.28389437972824e-05,5.73745206847183e-05
RepsRanparRQMC/SmoothPerB4-8-Lat-Rp-RSB-8-10000.dat,SmoothPerB4,8,Lat-Rp,8,RS,True,-0.0003733628504138267,0.005190005752178119,-0.901046291519542,68.5187667471008,    ,0.00047195810456153453,7.287228425219206e-05,6.557573070133117e-05,0.00010314851278331282,0.00015144304083959933,0.00010772169170004515
RepsRanparQMC/SmoothPerB4-8-Lat-Rp-8-10000.dat,SmoothPerB4,8,Lat-Rp,8,qmc,False,-0.006411925074530522,0.0015731868862156764,-2.583086597038193,22.285897327074473,    ,0.0001841297728173638,5.373031109088784e-05,4.8041225989499334e-05,6.800078938319043e-05,9.434733239982325e-05,7.472411653112104e-05
RepsRanparRQMC/SmoothPerB4-8-Lat-Rp-RS-10-10000.dat,SmoothPerB4,8,Lat-Rp,10,RS,False,1.2805008937530005e-05,0.00034023032442909195,2.2340957184546264,103.06549231306181,    ,3.093019346180771e-05,3.562717528604264e-06,3.1740314726460937e-06,5.464681630674992e-06,9.019808612156291e-06,5.902099846887993e-06
RepsRanparRQMC/SmoothPerB4-8-Lat-Rp-RSB-10-10000.dat,SmoothPerB4,8,Lat-Rp,10,RS,True,-0.0008395571749197472,0.001185918886089357,-8.410984225360012,315.1060255865441,    ,0.00010851566407626441,5.572538377473007e-06,4.962124723106065e-06,9.365876632983805e-06,1.687654934064377e-05,1.0339423809884414e-05
RepsRanparQMC/SmoothPerB4-8-Lat-Rp-10-10000.dat,SmoothPerB4,8,Lat-Rp,10,qmc,False,-0.0014730684550731332,0.000363320002798672,-0.7973206701728314,50.95343503165312,    ,3.5199021836847177e-05,3.608870250074004e-06,3.157619370810317e-06,5.960155495191273e-06,1.114320888909907e-05,6.841082477390802e-06
RepsRanparRQMC/SmoothPerB4-8-Lat-Rp-RS-12-10000.dat,SmoothPerB4,8,Lat-Rp,12,RS,False,-1.4610388867184908e-05,8.75318473829686e-05,0.49395162096808415,250.3663072139035,    ,7.957654134641814e-06,2.793321525086664e-07,2.468131721332064e-07,4.908759712249215e-07,9.929740389102124e-07,5.527364588883213e-07
RepsRanparRQMC/SmoothPerB4-8-Lat-Rp-RSB-12-10000.dat,SmoothPerB4,8,Lat-Rp,12,RS,True,0.0002575827676985348,0.0004918017966303315,8.764016071055236,1110.1883062461382,    ,4.4775603121336284e-05,3.658519304187709e-07,3.199317383522987e-07,7.437339448824422e-07,1.8993151612356636e-06,8.713264483705853e-07
RepsRanparQMC/SmoothPerB4-8-Lat-Rp-12-10000.dat,SmoothPerB4,8,Lat-Rp,12,qmc,False,-1.3978602915526395e-05,7.306998116659703e-05,5.68242883091404,179.15640365652993,    ,6.642920961939199e-06,3.149977548632548e-07,2.839701012845172e-07,5.309820581812137e-07,1.069519442477632e-06,5.913169792736591e-07
RepsRanparRQMC/SmoothPerB4-8-Lat-Rp-RS-14-10000.dat,SmoothPerB4,8,Lat-Rp,14,RS,False,-3.364054722874057e-05,9.573068555903577e-06,3.3154249108141736,294.01802724637935,    ,8.71410646045447e-07,1.9941583787611386e-08,1.7625074711773377e-08,3.8325628876964646e-08,9.218636375284922e-08,4.433857673537436e-08
RepsRanparRQMC/SmoothPerB4-8-Lat-Rp-RSB-14-10000.dat,SmoothPerB4,8,Lat-Rp,14,RS,True,-7.496469119216265e-05,5.018576382007801e-05,-16.551871353309217,802.3309301848143,    ,4.567961870387174e-06,2.4963764924655326e-08,2.1865414031673428e-08,5.069660199287843e-08,1.438758575779038e-07,5.985480215580955e-08
RepsRanparQMC/SmoothPerB4-8-Lat-Rp-14-10000.dat,SmoothPerB4,8,Lat-Rp,14,qmc,False,2.3351469279983793e-05,1.776806103769987e-05,12.549107442214266,897.7070595973576,    ,1.6158235672720677e-06,1.9323046450510148e-08,1.6961599676789404e-08,3.719632933490927e-08,9.339873590553013e-08,4.332642838133615e-08
RepsRanparRQMC/SmoothPerB4-8-Lat-Rp-RS-16-10000.dat,SmoothPerB4,8,Lat-Rp,16,RS,False,1.8885946357316662e-05,3.360749544945925e-06,20.889963177671902,1457.4672257196628,    ,3.0587936487398644e-07,1.2714813313439017e-09,1.1182692965593791e-09,2.3888792601870927e-09,7.46344119833046e-09,2.8043484206531655e-09
RepsRanparRQMC/SmoothPerB4-8-Lat-Rp-RSB-16-10000.dat,SmoothPerB4,8,Lat-Rp,16,RS,True,-3.4540226434663166e-05,2.8667539125674603e-06,-22.18542363161595,1004.7627241197104,    ,2.618070192937451e-07,1.5846930265115243e-09,1.3914684410931901e-09,3.3826673279262948e-09,1.0427857844903857e-08,4.017228755514516e-09
RepsRanparQMC/SmoothPerB4-8-Lat-Rp-16-10000.dat,SmoothPerB4,8,Lat-Rp,16,qmc,False,9.442130307663845e-06,5.114308923330272e-06,43.95700608526108,3420.7792733091487,    ,4.650263286729535e-07,9.479532972367817e-10,8.422243957433459e-10,1.8561092660461577e-09,5.739520051860792e-09,2.196315348656583e-09
RepsRanparRQMC/SmoothPerB4-8-Lat-Rp-RS-30-10000.dat,SmoothPerB4,8,Lat-Rp,30,RS,False,0.015934808674435297,0.0031401972032120405,0.129068295245954,1.702371917640195,    ,0.0005393906005101348,0.0015397244525362337,0.0016680698562046414,0.0009891761692622466,0.0006819024406398369,0.000801360828321228
RepsRanparQMC/SmoothPerB4-8-Lat-Rp-30-10000.dat,SmoothPerB4,8,Lat-Rp,30,qmc,False,0.025885447661734895,0.023812121134020585,0.39333290398533266,1.1755006726223811,    ,0.0028347946855593787,0.017484029957085152,0.01635526340825803,0.009703358889598425,0.004456071903635551,0.008698136354432668
RepsRanparRQMC/SmoothPerB4-8-Lat-Rv-RS-8-10000.dat,SmoothPerB4,8,Lat-Rv,8,RS,False,0.00045259439766087153,0.004898381059550285,0.42785569268385526,24.792753975847994,    ,0.00044551221073881996,8.733133882056841e-05,7.743524997618035e-05,0.00013372040143201658,0.00020419701131467097,0.00014196460560496566
RepsRanparRQMC/SmoothPerB4-8-Lat-Rv-RSB-8-10000.dat,SmoothPerB4,8,Lat-Rv,8,RS,True,0.0006629090770153667,0.002422986943482057,0.32947922129905105,8.975481343920167,    ,0.00022071098876094,0.00011590026394391471,0.00010949363007249384,0.00014653972736901428,0.00016814680483067095,0.00014011603046063523
RepsRanparQMC/SmoothPerB4-8-Lat-Rv-8-10000.dat,SmoothPerB4,8,Lat-Rv,8,qmc,False,-0.002066736347815909,0.0010382730104981175,-2.375572841889041,21.61345153161053,    ,9.865985463121231e-05,2.3596285328081922e-06,2.2733849405327326e-06,1.3011269562398722e-05,3.561963073184574e-05,1.5768562659858865e-05
RepsRanparRQMC/SmoothPerB4-8-Lat-Rv-RS-10-10000.dat,SmoothPerB4,8,Lat-Rv,10,RS,False,0.00013333298417708193,0.0009942306691574888,1.4939154019517502,96.14397162566213,    ,9.0402383971714e-05,7.088383697143788e-06,6.344108911017251e-06,1.0778664275536456e-05,1.9545270488998055e-05,1.1764691192417537e-05
RepsRanparRQMC/SmoothPerB4-8-Lat-Rv-RSB-10-10000.dat,SmoothPerB4,8,Lat-Rv,10,RS,True,2.4008357007843985e-06,0.0007067146565113855,-0.06607162281633207,22.789854157834835,    ,6.424679271959256e-05,9.412367516772873e-06,8.354507597397395e-06,1.731261396812321e-05,2.9142163999820326e-05,1.8968401803488087e-05
RepsRanparQMC/SmoothPerB4-8-Lat-Rv-10-10000.dat,SmoothPerB4,8,Lat-Rv,10,qmc,False,-0.0004399429071019853,0.00028041110927402765,2.8497781447528503,71.91267248702842,    ,2.5685468786420953e-05,5.819562998615309e-08,5.793677346743656e-08,6.466746541907365e-07,3.963640514849272e-06,7.833084196786977e-07
RepsRanparRQMC/SmoothPerB4-8-Lat-Rv-RS-12-10000.dat,SmoothPerB4,8,Lat-Rv,12,RS,False,-4.191082586955463e-05,8.641433370154222e-05,-0.25390408565832445,148.19759227525313,    ,7.857605035647088e-06,1.7200203292020147e-07,1.518894460473967e-07,2.9027602635557216e-07,8.051284885027737e-07,3.350705683823415e-07
RepsRanparRQMC/SmoothPerB4-8-Lat-Rv-RSB-12-10000.dat,SmoothPerB4,8,Lat-Rv,12,RS,True,-0.00010415661572227961,0.0001391490988478054,0.9129264475987822,113.19362000842017,    ,1.2660766677671938e-05,2.3188904299961395e-07,2.0404128509635531e-07,4.664661337463655e-07,1.5656536262303968e-06,5.600117527331759e-07
RepsRanparQMC/SmoothPerB4-8-Lat-Rv-12-10000.dat,SmoothPerB4,8,Lat-Rv,12,qmc,False,-2.2646092345574597e-05,4.159834094700127e-05,-2.089002525903901,259.6508220236005,    ,3.7821802043168214e-06,1.1496637775978686e-09,1.1819187398514096e-09,9.289040993717909e-09,1.148468248833578e-07,1.230568726674579e-08
RepsRanparRQMC/SmoothPerB4-8-Lat-Rv-RS-14-10000.dat,SmoothPerB4,8,Lat-Rv,14,RS,False,-2.884839408488009e-05,2.6087223741836262e-05,-9.498599169140645,599.2942419526402,    ,2.372398024553664e-06,1.898692805289444e-08,1.6765764400267355e-08,3.485142344570095e-08,9.339516844171863e-08,4.011305158350571e-08
RepsRanparRQMC/SmoothPerB4-8-Lat-Rv-RSB-14-10000.dat,SmoothPerB4,8,Lat-Rv,14,RS,True,4.913496523913743e-05,3.641772781178211e-05,2.865349877266798,359.626646771639,    ,3.3131167731528796e-06,2.6350906966680525e-08,2.3557858658741668e-08,4.597570773490874e-08,1.5999209303649488e-07,5.310565800710945e-08
RepsRanparQMC/SmoothPerB4-8-Lat-Rv-14-10000.dat,SmoothPerB4,8,Lat-Rv,14,qmc,False,0.00018620464220023796,2.117680819904926e-05,27.245522606496046,900.0659408529059,    ,1.959836550508669e-06,6.804664308665809e-12,8.826715425460649e-12,2.3294268897678085e-10,1.6189090903884438e-08,3.146600241572943e-10
RepsRanparRQMC/SmoothPerB4-8-Lat-Rv-RS-16-10000.dat,SmoothPerB4,8,Lat-Rv,16,RS,False,1.581974847059242e-06,2.5784862323701314e-06,-6.975842308333208,1962.3662663219154,    ,2.3441034195079232e-07,6.415133237910824e-10,5.629358303133469e-10,1.1913264379866018e-09,2.8318586892569316e-09,1.3741643321890452e-09
RepsRanparRQMC/SmoothPerB4-8-Lat-Rv-RSB-16-10000.dat,SmoothPerB4,8,Lat-Rv,16,RS,True,2.3248899866662798e-05,4.948622074736027e-06,16.7269738482801,1909.7417749539045,    ,4.504152454119217e-07,7.704761779139837e-10,6.710464073080514e-10,1.5571497790272155e-09,4.449035539717139e-09,1.833014623832685e-09
RepsRanparQMC/SmoothPerB4-8-Lat-Rv-16-10000.dat,SmoothPerB4,8,Lat-Rv,16,qmc,False,0.0003709558737261229,5.3367887054535734e-05,26.142499690128805,743.1160522818813,    ,4.989234356118796e-06,2.028054970059138e-13,2.503152855876828e-13,3.875147447842674e-11,5.306616111756695e-08,5.216236873887117e-11
RepsRanparRQMC/SmoothPerB4-8-Lat-Rv-RS-30-10000.dat,SmoothPerB4,8,Lat-Rv,30,RS,False,0.013155746568056431,0.0034969464196703257,-0.8981267065233351,2.2654004086959927,    ,0.0004909778877329582,0.002000003804075594,0.0024175868280056387,0.0014777325810426223,0.0008886498208283367,0.0010965436330466595
RepsRanparQMC/SmoothPerB4-8-Lat-Rv-30-10000.dat,SmoothPerB4,8,Lat-Rv,30,qmc,False,0.08378354481375308,0.011355620408076824,0.40823730578357964,1.1666726432171013,    ,0.008052011509565155,0.011431836843207433,0.012723151852802457,0.009459676736851143,0.008102941332560799,0.009419191220261063
RepsFixedparRQMC/SmoothPerB4-8-Sob-DS-8-10000.dat,SmoothPerB4,8,Sob,8,DS,False,4.216289429722942e-05,2.4406485451727282e-05,0.00934803674028413,2.5083342386002903,    ,2.2205491143579996e-06,3.821686877814369e-06,4.177106530249046e-06,3.7536661043606993e-06,2.8365096588875406e-06,2.876888607491925e-06
RepsFixedparRQMC/SmoothPerB4-8-Sob-DS-8-10000.dat,SmoothPerB4,8,Sob,8,DS,True,-3.119314831801319e-05,0.00016603048952455827,0.05459188923319136,2.4556413012464433,    ,1.5094653878370923e-05,2.8153862959243997e-05,3.0259697469536424e-05,2.592814010847092e-05,1.9390812302624045e-05,1.9788681507319105e-05
RepsFixedparRQMC/SmoothPerB4-8-Sob-DS-10-10000.dat,SmoothPerB4,8,Sob,10,DS,False,8.551564354126873e-06,7.136461660909375e-07,-0.08256445045283406,2.3987026510994327,    ,6.4950053442988e-08,1.2265136309567258e-07,1.350625423094145e-07,1.1707623408902632e-07,8.519641452949382e-08,8.810451609067461e-08
RepsFixedparRQMC/SmoothPerB4-8-Sob-DS-10-10000.dat,SmoothPerB4,8,Sob,10,DS,True,-9.022117305614108e-06,6.077657425437547e-07,0.08176434665716291,2.6826589474470772,    ,5.5332829741017594e-08,9.329739265647725e-08,1.0091612785686084e-07,9.073994547312812e-08,6.933384409809795e-08,7.004195232051316e-08
RepsFixedparRQMC/SmoothPerB4-8-Sob-DS-12-10000.dat,SmoothPerB4,8,Sob,12,DS,False,2.2902416144388038e-08,9.409566087415048e-09,-0.00011708620058315105,2.254527853796891,    ,8.554156233765786e-10,1.8790409065725046e-09,2.0836792110338124e-09,1.6902422840237235e-09,1.1604041598317767e-09,1.2370569146925379e-09
RepsFixedparRQMC/SmoothPerB4-8-Sob-DS-12-10000.dat,SmoothPerB4,8,Sob,12,DS,True,8.999213101310555e-06,2.326660262813178e-07,-0.015141723953469757,1.744352036156352,    ,2.1232442771108054e-08,7.162316898563609e-08,7.973932544970228e-08,5.5355167540381535e-08,3.2316562285850866e-08,3.7886604784176796e-08
RepsFixedparRQMC/SmoothPerB4-8-Sob-DS-14-10000.dat,SmoothPerB4,8,Sob,14,DS,False,-1.3583413459575256e-08,1.1472480591609659e-09,0.05791371565372772,2.5124005144479815,    ,1.0429546261466358e-10,1.762168975805453e-10,1.92767412529939e-10,1.7494860686414645e-10,1.3285368114404367e-10,1.3437506617423444e-10
RepsFixedparRQMC/SmoothPerB4-8-Sob-DS-14-10000.dat,SmoothPerB4,8,Sob,14,DS,True,1.943483384626221e-06,1.957340921665311e-07,-0.009062888864575588,1.2833076895492455,    ,1.7797785506441872e-08,1.0456074880268273e-07,1.0748488937727748e-07,6.518828236315199e-08,3.104075342692982e-08,4.3495868354171116e-08
RepsFixedparRQMC/SmoothPerB4-8-Sob-DS-16-10000.dat,SmoothPerB4,8,Sob,16,DS,False,-2.1464082305910627e-07,3.0279893110722656e-10,0.020539115531951646,1.2399429222046796,    ,2.7573246238125906e-11,1.7332272924413455e-10,1.7419852491719283e-10,1.0477173803051742e-10,4.8715632749766355e-11,7.055301711904374e-11
RepsFixedparRQMC/SmoothPerB4-8-Sob-DS-16-10000.dat,SmoothPerB4,8,Sob,16,DS,True,-1.845261585737945e-07,6.102505114731692e-10,0.007506282185479124,1.6380129312103444,    ,5.551136912803157e-11,1.884882875985582e-10,2.1456707218390823e-10,1.503830540863577e-10,8.593996565825219e-11,1.0213324780658345e-10
RepsFixedparRQMC/SmoothPerB4-8-Sob-DS-30-10000.dat,SmoothPerB4,8,Sob,30,DS,False,-3.0119377537810084e-07,4.594671546637507e-10,-0.04521732961813554,1.9270471363064114,    ,4.186045902339475e-11,,,,,
RepsRanparRQMC/SmoothPerB4-8-SobLMS-DS-8-10000.dat,SmoothPerB4,8,SobLMS,8,DS,False,-7.3496323966539375e-06,2.5086987448604336e-05,0.08400755140174161,3.554785156250412,    ,2.28068923969676e-06,3.11082447790621e-06,3.244763651417461e-06,3.135721447885397e-06,2.6043592227260886e-06,2.539585816566948e-06
RepsRanparQMC/SmoothPerB4-8-SobLMS-8-10000.dat,SmoothPerB4,8,SobLMS,8,qmc,False,0.0008056191565705359,2.4063806244786685e-05,0.1366641540099306,3.2818723706698365,    ,2.836640974959484e-06,3.6662739206233877e-06,3.787934765598007e-06,3.692553773385989e-06,3.171749344466736e-06,3.120263486208478e-06
RepsRanparRQMC/SmoothPerB4-8-SobLMS-DS-10-10000.dat,SmoothPerB4,8,SobLMS,10,DS,False,-1.1336455011336532e-05,1.723663813455782e-06,-0.07036107041347522,4.204004100027998,    ,1.5682522552638606e-07,1.6480410267382964e-07,1.6552769973671055e-07,1.7793989112574915e-07,1.6374660626884753e-07,1.5239255915370175e-07
RepsRanparQMC/SmoothPerB4-8-SobLMS-10-10000.dat,SmoothPerB4,8,SobLMS,10,qmc,False,0.00023903264055942736,1.5141420153727685e-06,0.5110748910178389,3.962303114792358,    ,1.9478587737760952e-07,1.829857382623546e-07,1.8080818110051897e-07,1.990704097583272e-07,1.923814709584787e-07,1.8113597143814223e-07
RepsRanparRQMC/SmoothPerB4-8-SobLMS-DS-12-10000.dat,SmoothPerB4,8,SobLMS,12,DS,False,-3.1931853389430388e-06,4.953097087659191e-08,0.06886965921133122,4.885982229847427,    ,4.513011966844469e-09,4.712682607187919e-09,4.707752127622118e-09,4.953051453024934e-09,4.550547442567812e-09,4.249895491278147e-09
RepsRanparQMC/SmoothPerB4-8-SobLMS-12-10000.dat,SmoothPerB4,8,SobLMS,12,qmc,False,1.5804828491444489e-06,4.331936768798604e-07,0.020262872378611078,8.411102104421898,    ,3.938374127875102e-08,1.8622772271840918e-08,1.722896301593462e-08,2.4842798904475762e-08,3.001196542285946e-08,2.4319353697498516e-08
RepsRanparRQMC/SmoothPerB4-8-SobLMS-DS-14-10000.dat,SmoothPerB4,8,SobLMS,14,DS,False,-1.1718960356199292e-07,2.1111039405521266e-09,-0.024229413528248,6.8911602030474715,    ,1.9193227345337634e-10,1.5267719728327303e-10,1.478471128593905e-10,1.6895373008065188e-10,1.6964390785329469e-10,1.5203167297528011e-10
RepsRanparQMC/SmoothPerB4-8-SobLMS-14-10000.dat,SmoothPerB4,8,SobLMS,14,qmc,False,-2.4421179202335775e-06,3.8420943274441926e-08,-0.2942475968949794,19.44144057853484,    ,3.498776964885592e-09,7.854821680076349e-10,7.147422673057234e-10,1.1680134872137472e-09,1.7046666292148515e-09,1.2221516177202525e-09
RepsRanparRQMC/SmoothPerB4-8-SobLMS-DS-16-10000.dat,SmoothPerB4,8,SobLMS,16,DS,False,-1.09045985349313e-06,9.507055044585557e-09,0.0004573939356524433,1.0009831829824694,    ,8.6546683401804e-10,9.24493732108231e-09,0.00039990210180628784,3.985394127931568e-09,1.663321311330151e-09,3.6994710378367762e-09
RepsRanparQMC/SmoothPerB4-8-SobLMS-16-10000.dat,SmoothPerB4,8,SobLMS,16,qmc,False,2.1833569222438273e-07,1.0334735650194772e-10,0.7831870015877358,9.81745829373166,    ,9.442884701948894e-12,5.22654531542511e-12,4.959453154022897e-12,6.309784105251591e-12,7.131990341371143e-12,5.9835861603228075e-12
RepsRanparRQMC/SmoothPerB4-8-SobLMS-DS-30-10000.dat,SmoothPerB4,8,SobLMS,30,DS,False,1.6527101950974504e-06,4.54901997442639e-09,1.13675030727588e-05,1.001052769830126,    ,4.1627872139137814e-10,,,,,
RepsRanparRQMC/SmoothPerB4-8-SobNUS-8-10000.dat,SmoothPerB4,8,SobNUS,8,DS,False,1.365767688159547e-05,2.5223095792841587e-05,0.02597044991206193,3.068232816889764,    ,2.2931952405779463e-06,3.4836173010327683e-06,3.7024043256883873e-06,3.4529526883798457e-06,2.7470368788482004e-06,2.730677175960109e-06
RepsRanparRQMC/SmoothPerB4-8-SobNUS-10-10000.dat,SmoothPerB4,8,SobNUS,10,DS,False,-3.967841276908981e-05,7.655682206234577e-06,-0.004907496090784452,3.6766182948585002,    ,6.975454860975631e-07,9.577003964321119e-07,9.932337341213818e-07,9.50008469764161e-07,7.881929879520987e-07,7.706241169022815e-07
RepsRanparRQMC/SmoothPerB4-8-SobNUS-12-10000.dat,SmoothPerB4,8,SobNUS,12,DS,False,-1.5801307853344104e-06,4.1894244620665523e-07,0.016854933638827133,3.187950750773473,    ,3.808817374117651e-08,5.773536625723714e-08,6.082520350859967e-08,5.642467766823389e-08,4.511836550716455e-08,4.4800293942372344e-08
RepsRanparRQMC/SmoothPerB4-8-SobNUS-14-10000.dat,SmoothPerB4,8,SobNUS,14,DS,False,-9.662818556570585e-08,2.2456982143047942e-09,0.039808848043685216,3.9339983597947037,    ,2.0416372012486338e-10,2.7035148288632327e-10,2.8111905580938613e-10,2.7308994695857845e-10,2.2813366043055747e-10,2.222104285655672e-10
RepsRanparRQMC/SmoothPerB4-8-SobNUS-16-10000.dat,SmoothPerB4,8,SobNUS,16,DS,False,3.305179153468424e-10,1.0160287108963383e-10,-0.029017510556172365,4.441516190488921,    ,9.23662475375426e-12,1.1303959241819756e-11,1.1599892510214944e-11,1.1511478027346582e-11,9.892872812964882e-12,9.531701903760851e-12
RepsRanparRQMC/SmoothPerB4-8-SobNUS-30-10000.dat,SmoothPerB4,8,SobNUS,30,DS,False,0.0,0.0,,,    ,0.0,,,,,
RepsFixedparRQMC/SmoothPerB4-16-Lat-RS-8-10000.dat,SmoothPerB4,16,Lat,8,RS,False,9.749648465583149e-06,2.0457570456485955e-06,0.13080994331786935,2.9158303631215983,    ,1.8607296888598385e-07,2.9516814307327666e-07,3.1640001789729446e-07,2.9081948609370344e-07,2.272695730143133e-07,2.2740678704858236e-07
RepsFixedparRQMC/SmoothPerB4-16-Lat-RSB-8-10000.dat,SmoothPerB4,16,Lat,8,RS,True,3.331517190156523e-05,9.28121522224887e-06,0.012701048900702906,2.8466520904329675,    ,8.448567390650918e-07,1.3405679817865282e-06,1.4348039661774847e-06,1.3219760904529018e-06,1.0348665206263808e-06,1.0353243448885033e-06
RepsFixedparRQMC/SmoothPerB4-16-Lat-RS-10-10000.dat,SmoothPerB4,16,Lat,10,RS,False,5.557334516391888e-06,1.1706986216219371e-07,0.043437402705894655,2.8793584028103685,    ,1.067359870894469e-08,1.696393093036804e-08,1.808619477589175e-08,1.6590468321752865e-08,1.3027490612023686e-08,1.301846384593612e-08
RepsFixedparRQMC/SmoothPerB4-16-Lat-RSB-10-10000.dat,SmoothPerB4,16,Lat,10,RS,True,5.448188029585355e-07,4.775565679212683e-07,0.12663706457971013,2.841148816670121,    ,4.341453027491608e-08,6.948915258305593e-08,7.432326465319098e-08,6.802021586861405e-08,5.3241666329291265e-08,5.319360797291394e-08
RepsFixedparRQMC/SmoothPerB4-16-Lat-RS-12-10000.dat,SmoothPerB4,16,Lat,12,RS,False,-3.322568823270422e-07,6.77697951961104e-09,0.13654582448431812,2.712022094892058,    ,6.161994418732209e-10,1.0108922289263308e-09,1.08923081186435e-09,9.910768318056408e-10,7.671869445526992e-10,7.693002930807475e-10
RepsFixedparRQMC/SmoothPerB4-16-Lat-RSB-12-10000.dat,SmoothPerB4,16,Lat,12,RS,True,-3.7394568346931776e-07,1.7347779578974948e-08,0.06577868217018232,2.582970361906524,    ,1.5772107061900897e-09,2.742355019936091e-09,2.991919380631714e-09,2.6660967010962462e-09,2.005567817792271e-09,2.0400806207671667e-09
RepsFixedparRQMC/SmoothPerB4-16-Lat-RS-14-10000.dat,SmoothPerB4,16,Lat,14,RS,False,-1.1111516488210363e-07,4.90390745730373e-11,-0.07555178572022964,2.79217151097772,    ,4.4704442683247136e-12,7.28759920146772e-12,7.794812471658163e-12,7.076014144357701e-12,5.4945275178202215e-12,5.52202947732913e-12
RepsFixedparRQMC/SmoothPerB4-16-Lat-RSB-14-10000.dat,SmoothPerB4,16,Lat,14,RS,True,5.872202233313889e-07,3.2806516530407825e-09,-0.014598754226999825,2.317251296550165,    ,2.985858869580332e-10,5.030010048930175e-10,5.649165662149461e-10,5.239690123611886e-10,3.8999541901845313e-10,3.9751539336095666e-10
RepsFixedparRQMC/SmoothPerB4-16-Lat-RS-16-10000.dat,SmoothPerB4,16,Lat,16,RS,False,1.956381909246955e-08,1.940497722940188e-12,-0.029340373049925973,2.456099833287433,    ,1.7679162692113636e-13,3.25135352381454e-13,3.5648091524498824e-13,3.1139830535986404e-13,2.293037838481693e-13,2.358746385136024e-13
RepsFixedparRQMC/SmoothPerB4-16-Lat-RSB-16-10000.dat,SmoothPerB4,16,Lat,16,RS,True,-3.442953849604018e-09,1.131977540634234e-11,-0.42812248221182225,2.516187527991706,    ,1.0290823454168778e-12,1.9651906733950935e-12,2.192617590164138e-12,1.9137844033014964e-12,1.3806741992291624e-12,1.4212598712657384e-12
RepsRanparRQMC/SmoothPerB4-16-Lat-Rp-RS-8-10000.dat,SmoothPerB4,16,Lat-Rp,8,RS,False,-0.00012837482213079029,0.001508816119351905,0.5769898073598432,22.357117780361875,    ,0.00013718158185422122,6.632907920874749e-05,6.262523176131445e-05,7.799070757409242e-05,8.770990600902225e-05,7.39340780242921e-05
RepsRanparRQMC/SmoothPerB4-16-Lat-Rp-RSB-8-10000.dat,SmoothPerB4,16,Lat-Rp,8,RS,True,0.0006270403784633345,0.004827233009399488,-0.436313363116908,44.57517021266165,    ,0.000439232544127086,0.00012041785321132057,0.00011077762482804563,0.00015204573125504793,0.0001938972758195366,0.00015134961733603513
RepsRanparQMC/SmoothPerB4-16-Lat-Rp-8-10000.dat,SmoothPerB4,16,Lat-Rp,8,qmc,False,0.007870307614199778,0.001926422006197793,3.4041278564884148,37.86192807831983,    ,0.00023707101523283945,8.501416834059615e-05,7.692819563595617e-05,0.00010261535724554123,0.0001301494064255295,0.00010870547798885121
RepsRanparRQMC/SmoothPerB4-16-Lat-Rp-RS-10-10000.dat,SmoothPerB4,16,Lat-Rp,10,RS,False,0.00028439693577906553,0.00038680755821335897,3.687525078449201,115.19769315644935,    ,3.524520509102224e-05,6.796887452825913e-06,6.236078909932852e-06,9.223755363442183e-06,1.2389256817625195e-05,9.35183301623334e-06
RepsRanparRQMC/SmoothPerB4-16-Lat-Rp-RSB-10-10000.dat,SmoothPerB4,16,Lat-Rp,10,RS,True,3.0965680596820275e-05,0.0012415548737327855,-2.604632588486839,223.24607664111977,    ,0.00011286958375817351,1.1607367663199177e-05,1.0408260656958331e-05,1.67705840200797e-05,2.6043811169312297e-05,1.778197781692396e-05
RepsRanparQMC/SmoothPerB4-16-Lat-Rp-10-10000.dat,SmoothPerB4,16,Lat-Rp,10,qmc,False,0.0006270058865927936,0.0006411418201113656,6.562350426683983,134.56263985757184,    ,5.867875639194616e-05,7.275500296052632e-06,6.723411794079327e-06,9.805360940163215e-06,1.3857782697603454e-05,9.974239549396739e-06
RepsRanparRQMC/SmoothPerB4-16-Lat-Rp-RS-12-10000.dat,SmoothPerB4,16,Lat-Rp,12,RS,False,-9.222795836528874e-06,9.99585460402322e-05,-1.3284095075440976,151.69009221192826,    ,9.08722560907506e-06,6.47574124449251e-07,5.834317867143004e-07,9.917526288145563e-07,1.6946735732409354e-06,1.0699908718026573e-06
RepsRanparRQMC/SmoothPerB4-16-Lat-Rp-RSB-12-10000.dat,SmoothPerB4,16,Lat-Rp,12,RS,True,0.0002280311346248297,0.000291240490867911,-4.902361850107748,862.0733714372926,    ,2.652840645907747e-05,8.853853867260865e-07,7.907434953284252e-07,1.421146031177944e-06,2.608245423792045e-06,1.5731101577376782e-06
RepsRanparQMC/SmoothPerB4-16-Lat-Rp-12-10000.dat,SmoothPerB4,16,Lat-Rp,12,qmc,False,-0.0002731105989626883,0.0001945494078611291,-16.37560729143266,592.2229461905123,    ,1.776089920482295e-05,6.335287775933908e-07,5.711186916834504e-07,1.00364258669272e-06,1.748136807917395e-06,1.0919711784660769e-06
RepsRanparRQMC/SmoothPerB4-16-Lat-Rp-RS-14-10000.dat,SmoothPerB4,16,Lat-Rp,14,RS,False,-5.218663214183739e-06,1.720598074757945e-05,-12.63881731777134,692.6566521545091,    ,1.5642073024075114e-06,5.19317203369519e-08,4.6105360887244166e-08,8.960753168530851e-08,1.7724247958100222e-07,1.0003244295524638e-07
RepsRanparRQMC/SmoothPerB4-16-Lat-Rp-RSB-14-10000.dat,SmoothPerB4,16,Lat-Rp,14,RS,True,1.6757500331434106e-05,0.00012398393884980864,-68.47885941201213,6194.656916329961,    ,1.127154798198178e-05,6.754255514953443e-08,5.969618000058747e-08,1.2119912585046814e-07,2.779950621848268e-07,1.3827848732462314e-07
RepsRanparQMC/SmoothPerB4-16-Lat-Rp-14-10000.dat,SmoothPerB4,16,Lat-Rp,14,qmc,False,-0.00020794108865512787,1.6303013726885113e-05,-13.160907733936305,526.5169313261285,    ,1.5253316533406355e-06,5.60014665097152e-08,4.987406841914729e-08,9.110194199070829e-08,1.740524378592416e-07,1.0345554670402289e-07
RepsRanparRQMC/SmoothPerB4-16-Lat-Rp-RS-16-10000.dat,SmoothPerB4,16,Lat-Rp,16,RS,False,1.9452739356977666e-05,4.7309906363675035e-06,30.424840475447308,1842.5500677957145,    ,4.304684669200817e-07,3.937894031118699e-09,3.4821369172693594e-09,7.429141600202679e-09,1.7836869372471523e-08,8.549580596116919e-09
RepsRanparRQMC/SmoothPerB4-16-Lat-Rp-RSB-16-10000.dat,SmoothPerB4,16,Lat-Rp,16,RS,True,-8.604533107687382e-05,3.274683582102895e-05,-33.129684761782826,2060.3184322430266,    ,2.9843888736391244e-06,5.2328861416622516e-09,4.621421666025567e-09,9.657983281482908e-09,2.3462992428686522e-08,1.1071669523874122e-08
RepsRanparQMC/SmoothPerB4-16-Lat-Rp-16-10000.dat,SmoothPerB4,16,Lat-Rp,16,qmc,False,-1.7047527905315786e-05,1.674102443214034e-06,-1.5682659887935093,208.41591533269872,    ,1.5248174940895835e-07,4.260066938932898e-09,3.770413438136041e-09,7.607926196860777e-09,1.712865530623954e-08,8.725162879308179e-09
RepsRanparRQMC/SmoothPerB4-16-Lat-Rv-RS-8-10000.dat,SmoothPerB4,16,Lat-Rv,8,RS,False,-3.6042904058976435e-05,0.001985540761994051,0.2314978025766349,12.22142201670738,    ,0.0001805050047267558,8.9030345664312e-05,8.363000710398634e-05,0.00010741677664470856,0.00012375346609994395,0.0001028872719975205
RepsRanparRQMC/SmoothPerB4-16-Lat-Rv-RSB-8-10000.dat,SmoothPerB4,16,Lat-Rv,8,RS,True,0.0005713086358232601,0.0031932665333473985,0.24229518799467514,7.759832059711728,    ,0.0002906233511344025,0.00017444003194234855,0.00016459092807938607,0.0002114582252180608,0.00023530945657595302,0.00019960033926516089
RepsRanparQMC/SmoothPerB4-16-Lat-Rv-8-10000.dat,SmoothPerB4,16,Lat-Rv,8,qmc,False,-0.0011826700877483178,0.0011821486257172081,-1.3840985553317664,17.24433435321232,    ,0.00010886676541983717,1.8292600509660427e-05,1.6960225935340258e-05,3.5805173271708356e-05,5.6400290356285e-05,3.8381019534334895e-05
RepsRanparRQMC/SmoothPerB4-16-Lat-Rv-RS-10-10000.dat,SmoothPerB4,16,Lat-Rv,10,RS,False,-0.00043303174948885825,0.001015628593666743,-0.10020563828242793,68.64189756063037,    ,9.251738864758746e-05,1.193680911608159e-05,1.0749648221259359e-05,1.7588037280570847e-05,2.7606057011140562e-05,1.8727639207234315e-05
RepsRanparRQMC/SmoothPerB4-16-Lat-Rv-RSB-10-10000.dat,SmoothPerB4,16,Lat-Rv,10,RS,True,-0.00043475134014821465,0.0008295685011034739,0.3049163904662129,23.812197366396493,    ,7.560432700989466e-05,1.7487603114523516e-05,1.581702491475059e-05,2.6709296979837367e-05,3.872924776737571e-05,2.7970976687056282e-05
RepsRanparQMC/SmoothPerB4-16-Lat-Rv-10-10000.dat,SmoothPerB4,16,Lat-Rv,10,qmc,False,0.001186656584259397,0.00022389100114838137,-0.3268093953897916,67.56347804488749,    ,2.176188122609176e-05,5.374459942936779e-07,4.648621145295757e-07,1.960809997823748e-06,5.4153266304700625e-06,2.479606839849401e-06
RepsRanparRQMC/SmoothPerB4-16-Lat-Rv-RS-12-10000.dat,SmoothPerB4,16,Lat-Rv,12,RS,False,-1.7543879887957912e-05,0.0003371264226750996,0.0863330098524879,351.464564022974,    ,3.0648164394548764e-05,1.17197208556028e-06,1.0564113592900446e-06,1.6887227317337283e-06,2.9624159769592933e-06,1.8172463525859585e-06
RepsRanparRQMC/SmoothPerB4-16-Lat-Rv-RSB-12-10000.dat,SmoothPerB4,16,Lat-Rv,12,RS,True,0.000123570861352761,0.00017405469734769859,0.7247485370943275,69.77949781806826,    ,1.58384240621117e-05,1.3838955623631927e-06,1.213982138518253e-06,2.4884016285924328e-06,4.609765928358807e-06,2.7795737493825836e-06
RepsRanparQMC/SmoothPerB4-16-Lat-Rv-12-10000.dat,SmoothPerB4,16,Lat-Rv,12,qmc,False,0.00016519811688802085,6.207466654962508e-05,6.281780407609578,214.93187406916238,    ,5.670441922334719e-06,2.7456962526000403e-08,2.381263672290336e-08,8.030273658668703e-08,3.9604844966772014e-07,1.0191205664281113e-07
RepsRanparRQMC/SmoothPerB4-16-Lat-Rv-RS-14-10000.dat,SmoothPerB4,16,Lat-Rv,14,RS,False,-3.14816833976348e-05,6.579941180702049e-05,-17.827425782660335,1235.8648473671713,    ,5.982755806118684e-06,9.4999755081594e-08,8.455980934492753e-08,1.5294028459555722e-07,3.1438741187980796e-07,1.6988854956766663e-07
RepsRanparRQMC/SmoothPerB4-16-Lat-Rv-RSB-14-10000.dat,SmoothPerB4,16,Lat-Rv,14,RS,True,4.562080769692472e-05,4.340350047457771e-05,2.9100752863181034,247.81161925474188,    ,3.9478540285110756e-06,1.1419787333316424e-07,1.0059181522723899e-07,1.8832247727302672e-07,4.2577351523162044e-07,2.1388083534753986e-07
RepsRanparQMC/SmoothPerB4-16-Lat-Rv-14-10000.dat,SmoothPerB4,16,Lat-Rv,14,qmc,False,-2.4594829549511977e-05,2.4606482281580284e-05,7.199411793366136,732.9405871057679,    ,2.2375578403296863e-06,1.2647783253708202e-09,1.155748085649957e-09,3.598969956052463e-09,2.2179880516340583e-08,4.490924090886531e-09
RepsRanparRQMC/SmoothPerB4-16-Lat-Rv-RS-16-10000.dat,SmoothPerB4,16,Lat-Rv,16,RS,False,3.428428068612739e-05,1.965274902932442e-05,9.61875057476879,1356.8742649273986,    ,1.787788960022567e-06,9.183794059705735e-09,8.143761345315546e-09,1.608617178955082e-08,4.0027322638323726e-08,1.8246973320258018e-08
RepsRanparRQMC/SmoothPerB4-16-Lat-Rv-RSB-16-10000.dat,SmoothPerB4,16,Lat-Rv,16,RS,True,-4.622941814157953e-05,1.1240002646256228e-05,-30.78352614259893,1889.0981895113625,    ,1.0239555814886387e-06,8.512200458087569e-09,7.563848722502999e-09,1.4329436762345265e-08,3.3971484937410664e-08,1.6237700318349197e-08
RepsRanparQMC/SmoothPerB4-16-Lat-Rv-16-10000.dat,SmoothPerB4,16,Lat-Rv,16,qmc,False,1.96895431551865e-05,2.384550852447093e-06,35.17674887847001,2213.3226301946484,    ,2.1716502833212294e-07,2.3072654899194367e-11,2.2498640919928752e-11,1.598987858281596e-10,9.23585150924064e-10,2.0164163490303909e-10
RepsFixedparRQMC/SmoothPerB4-16-Sob-DS-8-10000.dat,SmoothPerB4,16,Sob,8,DS,False,4.582687654684445e-05,2.815704122965526e-05,0.0083665526518304,2.654154941218009,    ,2.561831123491791e-06,4.288219075397395e-06,4.6431574766414294e-06,4.200394473495045e-06,3.2145141185096064e-06,3.245790737246174e-06
RepsFixedparRQMC/SmoothPerB4-16-Sob-DS-8-10000.dat,SmoothPerB4,16,Sob,8,DS,True,-0.0001459600771566727,0.0003057083879075935,0.13818306420501858,2.837543971214567,    ,2.7812975972086626e-05,4.468641266337365e-05,4.790155845639072e-05,4.3805145482244156e-05,3.419416633820595e-05,3.420076341695266e-05
RepsFixedparRQMC/SmoothPerB4-16-Sob-DS-10-10000.dat,SmoothPerB4,16,Sob,10,DS,False,2.2189862575585194e-06,1.5207380744852283e-06,-0.027099779442677864,2.65177770359911,    ,1.382538397623047e-07,2.3630443800045194e-07,2.5560639116802427e-07,2.2886909737925627e-07,1.7383168728779106e-07,1.7634879108748106e-07
RepsFixedparRQMC/SmoothPerB4-16-Sob-DS-10-10000.dat,SmoothPerB4,16,Sob,10,DS,True,2.120823380696093e-05,7.725604088270866e-06,0.09563117829041179,2.2585708234895283,    ,7.027774335694712e-07,1.5074538576293963e-06,1.6712524531806823e-06,1.3699945425683321e-06,9.495076475906212e-07,1.0063109645593943e-06
RepsFixedparRQMC/SmoothPerB4-16-Sob-DS-12-10000.dat,SmoothPerB4,16,Sob,12,DS,False,-1.1131451121990654e-06,3.9253449571605085e-08,0.06300475600140398,2.7926370837376,    ,3.569734507641275e-09,5.809414620054966e-09,6.230112138085145e-09,5.669638029916635e-09,4.401960764544184e-09,4.4191707135824764e-09
RepsFixedparRQMC/SmoothPerB4-16-Sob-DS-12-10000.dat,SmoothPerB4,16,Sob,12,DS,True,-1.8798971817745436e-05,8.197591865465722e-07,0.0021631811636023423,2.5418890477752822,    ,7.487696375472913e-08,1.3104865589047646e-07,1.4086964511169162e-07,1.2415818881340133e-07,9.45956864408232e-08,9.56716746305486e-08
RepsFixedparRQMC/SmoothPerB4-16-Sob-DS-14-10000.dat,SmoothPerB4,16,Sob,14,DS,False,1.4500564468072242e-06,4.721244779564232e-09,-0.0007657443653964011,2.5601133159941996,    ,4.313067345684028e-10,7.743255441093914e-10,8.450498627047891e-10,7.431433994673894e-10,5.527270172887701e-10,5.663358030963995e-10
RepsFixedparRQMC/SmoothPerB4-16-Sob-DS-14-10000.dat,SmoothPerB4,16,Sob,14,DS,True,3.5261480015108315e-06,2.105449975951805e-07,-0.025344803472493245,1.5547529364758967,    ,1.915288804656315e-08,8.075585358669378e-08,8.830055311058468e-08,5.718230640882569e-08,3.076963713538117e-08,3.827168280304269e-08
RepsFixedparRQMC/SmoothPerB4-16-Sob-DS-16-10000.dat,SmoothPerB4,16,Sob,16,DS,False,-1.5532472697550453e-07,6.841822096060348e-10,-0.023723890714445365,2.202279097727636,    ,6.222250846226772e-11,9.014367157333054e-11,1.0512254722996571e-10,1.1081436275074924e-10,8.188980951982564e-11,8.408566556047657e-11
RepsFixedparRQMC/SmoothPerB4-16-Sob-DS-16-10000.dat,SmoothPerB4,16,Sob,16,DS,True,-4.6091715237144006e-07,1.0844447019520311e-09,-0.002235207507123007,2.524011042262378,    ,9.879832661698939e-11,1.7879769758519164e-10,1.9534100406102045e-10,1.7092060495861788e-10,1.2669497194184877e-10,1.299016326684567e-10
RepsRanparRQMC/SmoothPerB4-16-SobLMS-DS-8-10000.dat,SmoothPerB4,16,SobLMS,8,DS,False,0.00011510751800538443,4.651342645616084e-05,0.08023192938961785,3.300529596426264,    ,4.2417430548978e-06,6.162833031237877e-06,6.483133347636863e-06,6.131327443991717e-06,4.972704924724561e-06,4.90274538447813e-06
RepsRanparQMC/SmoothPerB4-16-SobLMS-8-10000.dat,SmoothPerB4,16,SobLMS,8,qmc,False,-0.00023945203275935753,0.0002155942356875765,-0.044220549734988686,4.916001921729487,    ,1.965681324759045e-05,1.7475830469655346e-05,1.7154037926775793e-05,1.9538193937593735e-05,1.9109052846046007e-05,1.7308268053894556e-05
RepsRanparRQMC/SmoothPerB4-16-SobLMS-DS-10-10000.dat,SmoothPerB4,16,SobLMS,10,DS,False,-2.050965979862598e-05,3.0881156449946434e-06,0.03951758227436955,3.2668826494008125,    ,2.811584320536593e-07,3.8580283518503333e-07,4.049920216245883e-07,3.93882300707385e-07,3.2609960328506246e-07,3.1810330506123624e-07
RepsRanparQMC/SmoothPerB4-16-SobLMS-10-10000.dat,SmoothPerB4,16,SobLMS,10,qmc,False,5.500452361253139e-05,1.4382853355843322e-05,0.07406418696263656,5.682799509679466,    ,1.3105576208763255e-06,1.1614182725888914e-06,1.1352813619325502e-06,1.2632279163572305e-06,1.2309605766753572e-06,1.1191478126440174e-06
RepsRanparRQMC/SmoothPerB4-16-SobLMS-DS-12-10000.dat,SmoothPerB4,16,SobLMS,12,DS,False,3.0095388566575344e-06,1.854830549952984e-07,0.05164692670502447,3.550681810021395,    ,1.6871153232793223e-08,2.3007513453279723e-08,2.3900136486780834e-08,2.3060370227956056e-08,1.9183956137342515e-08,1.8717783238947594e-08
RepsRanparQMC/SmoothPerB4-16-SobLMS-12-10000.dat,SmoothPerB4,16,SobLMS,12,qmc,False,2.4434883088579884e-06,7.65093116902977e-07,-0.013738301496461344,5.185191556383806,    ,6.955989035356798e-08,6.46216860444726e-08,6.342514977134039e-08,7.033271413732128e-08,6.76677578166719e-08,6.185466561169338e-08
RepsRanparRQMC/SmoothPerB4-16-SobLMS-DS-14-10000.dat,SmoothPerB4,16,SobLMS,14,DS,False,1.2487042760857548e-07,1.502955080765058e-08,0.003126414285262626,6.92578324146925,    ,1.3663383933191984e-09,1.0148399408521843e-09,9.641479595996725e-10,1.0976162572677644e-09,1.136984844616764e-09,1.005404491201307e-09
RepsRanparQMC/SmoothPerB4-16-SobLMS-14-10000.dat,SmoothPerB4,16,SobLMS,14,qmc,False,-2.632355154769117e-05,1.5074293232929747e-08,-1.306447721759939,6.062973328549567,    ,2.0633196599866584e-09,1.161619301586714e-09,1.0568127571265142e-09,1.2824126954523142e-09,1.547209145186569e-09,1.324546578899575e-09
RepsRanparRQMC/SmoothPerB4-16-SobLMS-DS-16-10000.dat,SmoothPerB4,16,SobLMS,16,DS,False,1.5337879303925633e-07,6.360365482880741e-10,-0.03429330820709691,4.469693416977903,    ,5.78450294439791e-11,6.389713470336675e-11,6.475270433167559e-11,6.749565031326577e-11,6.047593315214287e-11,5.710816836762131e-11
RepsRanparQMC/SmoothPerB4-16-SobLMS-16-10000.dat,SmoothPerB4,16,SobLMS,16,qmc,False,2.3523318246589333e-06,6.265480428016408e-10,0.012711207084303585,4.3548457203742235,    ,6.249237799527058e-11,6.896358054154444e-11,6.943314992190815e-11,7.230498557322804e-11,6.557689776902415e-11,6.218959089807624e-11
RepsRanparRQMC/SmoothPerB4-16-SobNUS-8-10000.dat,SmoothPerB4,16,SobNUS,8,DS,False,-4.258384794794594e-05,4.4610505626503525e-05,0.042789264778387924,3.062474560236598,    ,4.057313895606374e-06,6.354640545291472e-06,6.734160628168275e-06,6.17368529706813e-06,4.873637771646581e-06,4.864902362704341e-06
RepsRanparRQMC/SmoothPerB4-16-SobNUS-10-10000.dat,SmoothPerB4,16,SobNUS,10,DS,False,1.417591657182875e-05,3.1833343250325574e-06,0.09243203407115791,3.1205740845406393,    ,2.8959498615906577e-07,4.381026740329223e-07,4.608655806517401e-07,4.2859845679842186e-07,3.4396386173952704e-07,3.4080687400402455e-07
RepsRanparRQMC/SmoothPerB4-16-SobNUS-12-10000.dat,SmoothPerB4,16,SobNUS,12,DS,False,5.279202314944653e-06,7.671798736855093e-07,0.02294388851610854,3.2930029790595214,    ,6.977149485758296e-08,1.0175890520142173e-07,1.0714635410399094e-07,1.0117506784073082e-07,8.193336527080877e-08,8.08248325369871e-08
RepsRanparRQMC/SmoothPerB4-16-SobNUS-14-10000.dat,SmoothPerB4,16,SobNUS,14,DS,False,2.0061679854237238e-06,5.7847664688959554e-08,-0.03269182320519261,3.586142469674106,    ,5.262903318072971e-09,7.46064398379046e-09,7.826486491537793e-09,7.448863745051869e-09,6.077778209994958e-09,5.983295844729238e-09
RepsRanparRQMC/SmoothPerB4-16-SobNUS-16-10000.dat,SmoothPerB4,16,SobNUS,16,DS,False,3.1238632645692046e-07,6.536756517767782e-10,0.04828928057050965,3.6536133266532578,    ,5.952264446939163e-11,8.239298641847689e-11,8.601655196566672e-11,8.236025971508956e-11,6.788467949723987e-11,6.652706396780642e-11
RepsFixedparRQMC/SmoothPerB4-32-Lat-RS-8-10000.dat,SmoothPerB4,32,Lat,8,RS,False,-2.647119767166473e-07,4.8358134325164436e-06,0.1445887152962823,3.0734772405344333,    ,4.3961947302847096e-07,6.660936086073355e-07,7.062672284645907e-07,6.588267242646397e-07,5.268546987504043e-07,5.213969942104218e-07
RepsFixedparRQMC/SmoothPerB4-32-Lat-RSB-8-10000.dat,SmoothPerB4,32,Lat,8,RS,True,1.327080746266951e-06,2.4125184633938594e-05,0.14029545966448026,2.9440788525711423,    ,2.193200364228634e-06,3.551781372363201e-06,3.7901020556572763e-06,3.439904820717296e-06,2.6794694431111343e-06,2.686348125895714e-06
RepsFixedparRQMC/SmoothPerB4-32-Lat-RS-10-10000.dat,SmoothPerB4,32,Lat,10,RS,False,2.3004744548718036e-07,2.237218550075441e-07,0.0982603115261305,2.9943081828949247,    ,2.0338403377058456e-08,3.1046481887535346e-08,3.290922938713108e-08,3.066088574574717e-08,2.4454313625767377e-08,2.4245772585404012e-08
RepsFixedparRQMC/SmoothPerB4-32-Lat-RSB-10-10000.dat,SmoothPerB4,32,Lat,10,RS,True,-5.240327553613744e-06,1.0630266609532112e-06,0.11205412256930675,3.0444811478565144,    ,9.6666248392252e-08,1.4854716304250308e-07,1.580723361266199e-07,1.4670961731794015e-07,1.163692326798539e-07,1.1567155060985221e-07
RepsFixedparRQMC/SmoothPerB4-32-Lat-RS-12-10000.dat,SmoothPerB4,32,Lat,12,RS,False,1.2646764695288804e-06,2.062196904480605e-08,0.09847319686495366,2.864573255028862,    ,1.8763238651913117e-09,3.100530751583531e-09,3.3193544551721415e-09,2.9886305695360204e-09,2.3103972674114105e-09,2.3251122791383204e-09
RepsFixedparRQMC/SmoothPerB4-32-Lat-RSB-12-10000.dat,SmoothPerB4,32,Lat,12,RS,True,2.735666658316671e-06,5.607159372214619e-08,0.08303818979827468,2.882107047864805,    ,5.104901483169625e-09,8.171618987831862e-09,8.744770285004085e-09,8.004708442707432e-09,6.248375505853935e-09,6.259661379703189e-09
RepsFixedparRQMC/SmoothPerB4-32-Lat-RS-14-10000.dat,SmoothPerB4,32,Lat,14,RS,False,3.7931444550531323e-07,8.197223315884464e-10,0.023856160855773863,2.8021675159449706,    ,7.466409141115504e-11,1.2185364320529507e-10,1.3093667709090982e-10,1.1909778471521388e-10,9.221344387974711e-11,9.271872271839458e-11
RepsFixedparRQMC/SmoothPerB4-32-Lat-RSB-14-10000.dat,SmoothPerB4,32,Lat,14,RS,True,-5.826569544408689e-07,7.870612989138064e-09,0.03876735637311979,2.8018634814548657,    ,7.158497608663823e-10,1.1483522280633267e-09,1.2311887423063129e-09,1.1276391564373658e-09,8.799350698008482e-10,8.811094452129763e-10
RepsFixedparRQMC/SmoothPerB4-32-Lat-RS-16-10000.dat,SmoothPerB4,32,Lat,16,RS,False,2.6749164203422952e-08,1.768174447740512e-11,0.0647522317781709,2.866413251823883,    ,1.6081468339133198e-12,2.521134728684041e-12,2.7013855801944284e-12,2.500299552925129e-12,1.964937807128615e-12,1.9614626435916277e-12
RepsFixedparRQMC/SmoothPerB4-32-Lat-RSB-16-10000.dat,SmoothPerB4,32,Lat,16,RS,True,-8.332586773524206e-08,1.0290508405648576e-10,0.01404925540464028,2.8611236940505584,    ,9.361950841732537e-12,1.4742145219431364e-11,1.5780202019575184e-11,1.4556875887900476e-11,1.1424926341308198e-11,1.1416738886991437e-11
RepsRanparRQMC/SmoothPerB4-32-Lat-Rp-RS-8-10000.dat,SmoothPerB4,32,Lat-Rp,8,RS,False,-8.927078213532411e-05,0.0017588041770653724,0.14536611914927544,21.164184488145892,    ,0.00015989925809666784,8.488218415052597e-05,8.021995285213885e-05,9.6429034572023e-05,0.00010588280641541303,9.0537707669311e-05
RepsRanparRQMC/SmoothPerB4-32-Lat-Rp-RSB-8-10000.dat,SmoothPerB4,32,Lat-Rp,8,RS,True,-0.0004978748845540764,0.005655272434834416,-1.1055754499841304,56.62813734863262,    ,0.0005143635552947076,0.0001447631238641283,0.00013559503571793948,0.00017615177001303902,0.0002120752783714492,0.0001712651952062199
RepsRanparQMC/SmoothPerB4-32-Lat-Rp-8-10000.dat,SmoothPerB4,32,Lat-Rp,8,qmc,False,-0.002467800203515654,0.001473741374917342,0.6721159163617849,11.615311034972846,    ,0.00014006652647332118,0.0001002603879691626,9.92954359537615e-05,0.0001111803860417397,0.00011323979497507412,9.980073068064934e-05
RepsRanparRQMC/SmoothPerB4-32-Lat-Rp-RS-10-10000.dat,SmoothPerB4,32,Lat-Rp,10,RS,False,0.00020554872563608483,0.0003956431881637889,2.1050668456619035,84.07680572188852,    ,3.600981283895507e-05,9.599056277026719e-06,8.965976929958006e-06,1.2334990299676314e-05,1.5450439233500245e-05,1.2186806170479256e-05
RepsRanparRQMC/SmoothPerB4-32-Lat-Rp-RSB-10-10000.dat,SmoothPerB4,32,Lat-Rp,10,RS,True,-0.00020001701253010112,0.0013503587248482427,-5.540983061020835,259.8283411659154,    ,0.00012279989088241446,1.625687976054719e-05,1.5003981399010827e-05,2.1200958103163688e-05,2.8427084475530467e-05,2.1412292437237818e-05
RepsRanparQMC/SmoothPerB4-32-Lat-Rp-10-10000.dat,SmoothPerB4,32,Lat-Rp,10,qmc,False,-0.0010968687969423279,0.0003649354843197787,-1.2688741380864532,44.50136267299814,    ,3.4379074277685596e-05,9.758944025241901e-06,9.06270597037675e-06,1.2367135204947605e-05,1.5556321060205902e-05,1.2376004130410898e-05
RepsRanparRQMC/SmoothPerB4-32-Lat-Rp-RS-12-10000.dat,SmoothPerB4,32,Lat-Rp,12,RS,False,3.333648728651593e-05,9.901476566605832e-05,-0.93571610314456,246.08868960523287,    ,9.002453654662633e-06,1.0449252585895759e-06,9.476284707628326e-07,1.4856094968619282e-06,2.2180801281355586e-06,1.5525160919731106e-06
RepsRanparRQMC/SmoothPerB4-32-Lat-Rp-RSB-12-10000.dat,SmoothPerB4,32,Lat-Rp,12,RS,True,0.00035854733406742484,0.0002985753136562701,16.77369186775208,836.535087491974,    ,2.727176652315505e-05,1.5045117554645386e-06,1.3625196267804476e-06,2.1938803254223526e-06,3.5423296263820894e-06,2.3311784042016373e-06
RepsRanparQMC/SmoothPerB4-32-Lat-Rp-12-10000.dat,SmoothPerB4,32,Lat-Rp,12,qmc,False,-0.0002003598493679169,8.804900607371753e-05,-4.982363318566468,154.7210639984877,    ,8.04459916684942e-06,1.0117839953472787e-06,9.187062855569346e-07,1.4025624592473438e-06,2.042913953930876e-06,1.4596292272675032e-06
RepsRanparRQMC/SmoothPerB4-32-Lat-Rp-RS-14-10000.dat,SmoothPerB4,32,Lat-Rp,14,RS,False,5.680753523959901e-05,1.4842804382247279e-05,10.857082328294924,570.659581566299,    ,1.3525729489915693e-06,9.668404350586339e-08,8.667693605443695e-08,1.528752294101052e-07,2.6706388227260004e-07,1.6676006572589733e-07
RepsRanparRQMC/SmoothPerB4-32-Lat-Rp-RSB-14-10000.dat,SmoothPerB4,32,Lat-Rp,14,RS,True,3.2488979418204164e-05,6.02272115245411e-05,-0.9782281291398657,557.8104055580396,    ,5.4762565814691905e-06,1.4406177715545855e-07,1.2907154141043813e-07,2.2675432108293942e-07,4.3014752757736963e-07,2.485085082121256e-07
RepsRanparQMC/SmoothPerB4-32-Lat-Rp-14-10000.dat,SmoothPerB4,32,Lat-Rp,14,qmc,False,3.279521759506805e-05,4.1900421121728914e-05,11.758302128863024,1232.2967679923966,    ,3.810204719181555e-06,1.0347798267787688e-07,9.35590774156469e-08,1.5613508976877943e-07,2.7707273226389596e-07,1.686481824457239e-07
RepsRanparRQMC/SmoothPerB4-32-Lat-Rp-RS-16-10000.dat,SmoothPerB4,32,Lat-Rp,16,RS,False,1.5436826937628558e-05,3.1466762734392972e-06,-5.012554495385667,484.6854516070838,    ,2.862997750294748e-07,8.677829589575698e-09,7.784580077250225e-09,1.3947904976989695e-08,2.6246142699207872e-08,1.5363991737827502e-08
RepsRanparRQMC/SmoothPerB4-32-Lat-Rp-RSB-16-10000.dat,SmoothPerB4,32,Lat-Rp,16,RS,True,-5.531197713802776e-05,2.2301896249757585e-05,-75.08945739186245,6897.34852346859,    ,2.0305045284292435e-06,1.1348807674377349e-08,1.0068948566330092e-08,1.9042615849961944e-08,3.961342837032728e-08,2.1418015264705342e-08
RepsRanparQMC/SmoothPerB4-32-Lat-Rp-16-10000.dat,SmoothPerB4,32,Lat-Rp,16,qmc,False,3.8370908225489675e-05,3.1976890286014276e-06,9.785756639900873,460.9942815716934,    ,2.921713291981787e-07,8.927791439818693e-09,7.929835408062726e-09,1.4469607062987428e-08,2.7826805652675628e-08,1.5997251769423224e-08
RepsRanparRQMC/SmoothPerB4-32-Lat-Rv-RS-8-10000.dat,SmoothPerB4,32,Lat-Rv,8,RS,False,-0.00023397485530459648,0.001728354441899082,0.1694036373678633,10.409229370835616,    ,0.00015717787531464955,9.377921535936887e-05,8.903199750281678e-05,0.00010642901112001164,0.00011578775414009992,9.949723151365728e-05
RepsRanparRQMC/SmoothPerB4-32-Lat-Rv-RSB-8-10000.dat,SmoothPerB4,32,Lat-Rv,8,RS,True,-0.0009908302363532328,0.002824019858890901,0.0938308832621069,6.893798666416122,    ,0.0002577108226382628,0.00017945461134368572,0.00017110397870778745,0.000207254047203203,0.00021966758255708433,0.00019143269038837047
RepsRanparQMC/SmoothPerB4-32-Lat-Rv-8-10000.dat,SmoothPerB4,32,Lat-Rv,8,qmc,False,0.007533660673310544,0.0008303396095428699,2.4106954481497107,12.415205657567356,    ,0.00013224146218993767,4.0749668084768455e-05,3.5716912635454705e-05,5.468985972987683e-05,7.985607798977306e-05,6.36423467053292e-05
RepsRanparRQMC/SmoothPerB4-32-Lat-Rv-RS-10-10000.dat,SmoothPerB4,32,Lat-Rv,10,RS,False,-0.00014437524792150142,0.0007826968705339309,0.8672419530871628,56.71435969496868,    ,7.117510516984249e-05,1.5270258328473326e-05,1.4006982814658673e-05,2.0113453099281045e-05,2.724816674116823e-05,2.0414371217462312e-05
RepsRanparRQMC/SmoothPerB4-32-Lat-Rv-RSB-10-10000.dat,SmoothPerB4,32,Lat-Rv,10,RS,True,0.00017187516121211388,0.0008925752839520506,0.18219276457638797,20.614501830413047,    ,8.117274870304629e-05,2.3428307777287177e-05,2.1509785193557245e-05,3.1840630075235896e-05,4.25848308119515e-05,3.230487623226877e-05
RepsRanparQMC/SmoothPerB4-32-Lat-Rv-10-10000.dat,SmoothPerB4,32,Lat-Rv,10,qmc,False,-0.0008292072535427323,0.00029678064649283167,-4.042595132762781,49.13417380288407,    ,2.7667643441403485e-05,1.7452618255885765e-06,1.5492856207207552e-06,3.908423520244253e-06,8.149494955835592e-06,4.489850693981838e-06
RepsRanparRQMC/SmoothPerB4-32-Lat-Rv-RS-12-10000.dat,SmoothPerB4,32,Lat-Rv,12,RS,False,9.591211837463973e-05,0.0001728414682840418,-0.9182133376281837,203.9853923580937,    ,1.5722059887545823e-05,1.3985966668832136e-06,1.254781218902859e-06,2.027029927970716e-06,3.2153148461871513e-06,2.155082885410059e-06
RepsRanparRQMC/SmoothPerB4-32-Lat-Rv-RSB-12-10000.dat,SmoothPerB4,32,Lat-Rv,12,RS,True,-0.0002916330537423118,0.00022586415516013804,-0.6180673049418929,65.34157267921834,    ,2.061815485259307e-05,1.917282817945613e-06,1.7009102319991167e-06,3.046337898421868e-06,5.3781356635492065e-06,3.3432896764971013e-06
RepsRanparQMC/SmoothPerB4-32-Lat-Rv-12-10000.dat,SmoothPerB4,32,Lat-Rv,12,qmc,False,-0.00041086440363157965,8.880795011126151e-05,-10.453543607228351,168.91182013501367,    ,8.242259568286216e-06,1.0054798029177199e-07,8.752071453143235e-08,2.4875381487648663e-07,7.81907953522441e-07,3.003568311102314e-07
RepsRanparRQMC/SmoothPerB4-32-Lat-Rv-RS-14-10000.dat,SmoothPerB4,32,Lat-Rv,14,RS,False,-0.00019844106248837826,3.996231453079574e-05,-8.945419067807917,388.63862493681074,    ,3.672316539899311e-06,1.5989254927312172e-07,1.4371063431127897e-07,2.3762763886069818e-07,4.223064705228571e-07,2.5919231811503276e-07
RepsRanparRQMC/SmoothPerB4-32-Lat-Rv-RSB-14-10000.dat,SmoothPerB4,32,Lat-Rv,14,RS,True,-6.772890549417099e-05,5.7521290395001455e-05,-2.8924009038539453,225.65809797565282,    ,5.2337954223668435e-06,1.8172099570487496e-07,1.5941941601936278e-07,3.146912848060101e-07,6.773422955182335e-07,3.579715360359775e-07
RepsRanparQMC/SmoothPerB4-32-Lat-Rv-14-10000.dat,SmoothPerB4,32,Lat-Rv,14,qmc,False,2.0547928215269805e-05,1.7971579050759305e-05,-11.30351904039794,1283.9222876998222,    ,1.6342021310593312e-06,6.090605273749368e-09,5.3242255617374035e-09,1.2437684335209643e-08,4.3331866029027916e-08,1.5006402517564862e-08
RepsRanparRQMC/SmoothPerB4-32-Lat-Rv-RS-16-10000.dat,SmoothPerB4,32,Lat-Rv,16,RS,False,3.8406586917809627e-07,1.912393490828063e-05,8.00405736215008,1952.5589832121038,    ,1.7385396846230128e-06,8.457593415994903e-09,7.511152242227837e-09,1.3504051954862125e-08,3.0754934207903084e-08,1.515087032892617e-08
RepsRanparRQMC/SmoothPerB4-32-Lat-Rv-RSB-16-10000.dat,SmoothPerB4,32,Lat-Rv,16,RS,True,8.083492947360682e-06,1.5207567002766526e-05,-9.400407226300002,1103.3482033020048,    ,1.3825714340188232e-06,1.1842921417918096e-08,1.0576651222828903e-08,1.8376424620616314e-08,4.4074753265997985e-08,2.0465687180688607e-08
RepsRanparQMC/SmoothPerB4-32-Lat-Rv-16-10000.dat,SmoothPerB4,32,Lat-Rv,16,qmc,False,-2.1535595188546597e-05,2.389663802679633e-06,-11.570045358143133,688.1354853025988,    ,2.1770594574009159e-07,3.8495042137318765e-10,3.418246315998618e-10,8.516734781877412e-10,3.333257939923042e-09,1.013166747295577e-09
RepsFixedparRQMC/SmoothPerB4-32-Sob-DS-8-10000.dat,SmoothPerB4,32,Sob,8,DS,False,-2.3685008731300884e-05,6.218162283750615e-05,0.03174598169101812,2.796630471328206,    ,5.653435783048251e-06,8.99047346318058e-06,9.646120268429334e-06,8.88390435291358e-06,6.949235313351209e-06,6.946893761591414e-06
RepsFixedparRQMC/SmoothPerB4-32-Sob-DS-8-10000.dat,SmoothPerB4,32,Sob,8,DS,True,0.00020044226506297065,0.0003223205535018109,0.13636926718189973,2.7984352020457157,    ,2.9342045601788202e-05,4.813745608969362e-05,5.179417472401116e-05,4.7017043993896485e-05,3.6311387790100824e-05,3.651560206243818e-05
RepsFixedparRQMC/SmoothPerB4-32-Sob-DS-10-10000.dat,SmoothPerB4,32,Sob,10,DS,False,-2.479195329632198e-05,2.6663157542711505e-06,0.04665210435352586,2.9052131725912096,    ,2.430069822456243e-07,3.7946435705531444e-07,4.0542210055796213e-07,3.7481590163510056e-07,2.953317956652787e-07,2.944736664754144e-07
RepsFixedparRQMC/SmoothPerB4-32-Sob-DS-10-10000.dat,SmoothPerB4,32,Sob,10,DS,True,-2.3242199571752843e-05,1.1425905551637766e-05,0.10614760192596148,2.664025391044448,    ,1.0392588863534574e-06,1.8152868610910714e-06,1.968295509764058e-06,1.7422292211574764e-06,1.3135426798330625e-06,1.3353889966091379e-06
RepsFixedparRQMC/SmoothPerB4-32-Sob-DS-12-10000.dat,SmoothPerB4,32,Sob,12,DS,False,-4.134722607783081e-06,9.063191999028347e-08,-0.032627660544420775,2.9117037485565374,    ,8.256361384705446e-09,1.2887380162224523e-08,1.3682689113742538e-08,1.2613080140313781e-08,9.983394118106021e-09,9.944648100772163e-09
RepsFixedparRQMC/SmoothPerB4-32-Sob-DS-12-10000.dat,SmoothPerB4,32,Sob,12,DS,True,4.189589055734055e-06,1.0284487379464313e-06,0.004881974478966068,2.620287123917878,    ,9.351289246976786e-08,1.5434975760594788e-07,1.6813349082144434e-07,1.537478077901184e-07,1.1767336739379892e-07,1.187279202955981e-07
RepsFixedparRQMC/SmoothPerB4-32-Sob-DS-14-10000.dat,SmoothPerB4,32,Sob,14,DS,False,2.2791151732867722e-07,2.11333546339748e-08,0.009967542235078041,2.7095400472034656,    ,1.921266001293804e-09,3.095949513461732e-09,3.3358408977938214e-09,3.065243515266374e-09,2.382970093541864e-09,2.3890393531062667e-09
RepsFixedparRQMC/SmoothPerB4-32-Sob-DS-14-10000.dat,SmoothPerB4,32,Sob,14,DS,True,6.552934550698719e-07,3.0641501168634865e-07,-0.03530016873291063,2.2225427128086053,    ,2.785633956281668e-08,5.916099078111313e-08,6.591911277476507e-08,5.4531921789683694e-08,3.779382505037424e-08,4.0025744820134504e-08
RepsFixedparRQMC/SmoothPerB4-32-Sob-DS-16-10000.dat,SmoothPerB4,32,Sob,16,DS,False,1.1652285407852125e-07,1.1523358206603047e-09,0.03369826318925548,2.7419748042182706,    ,1.0477137945373213e-10,1.6946075247819117e-10,1.8226039045045051e-10,1.668700677013461e-10,1.2963841002618275e-10,1.3002182661032812e-10
RepsFixedparRQMC/SmoothPerB4-32-Sob-DS-16-10000.dat,SmoothPerB4,32,Sob,16,DS,True,2.372646106401477e-07,6.104510038436136e-09,0.035672519875906916,2.7933427437653546,    ,5.55011752535111e-10,8.9656270126825e-10,9.623542787215445e-10,8.797812035732246e-10,6.839450367037202e-10,6.861678191050821e-10
RepsRanparRQMC/SmoothPerB4-32-SobLMS-DS-8-10000.dat,SmoothPerB4,32,SobLMS,8,DS,False,-3.255368324398233e-05,8.611150529106806e-05,0.07115095903456785,3.131369265871493,    ,7.829378405117119e-06,1.167934516314658e-05,1.2333903040609867e-05,1.1557210888999433e-05,9.28939574419816e-06,9.1855303081542e-06
RepsRanparQMC/SmoothPerB4-32-SobLMS-8-10000.dat,SmoothPerB4,32,SobLMS,8,qmc,False,-0.002079392669677016,8.111691300690025e-05,0.009735244921808694,2.9668251408192496,    ,1.1698138693515621e-05,1.5264468185471493e-05,1.5962055162551987e-05,1.5160171468000794e-05,1.3005290271162843e-05,1.287896110522688e-05
RepsRanparRQMC/SmoothPerB4-32-SobLMS-DS-10-10000.dat,SmoothPerB4,32,SobLMS,10,DS,False,1.1738291230271348e-05,6.332045278027337e-06,0.1096994744497395,3.292428245321464,    ,5.757782673016736e-07,8.209500768624131e-07,8.614441142183574e-07,8.211417243173898e-07,6.719180173119505e-07,6.592114154534145e-07
RepsRanparQMC/SmoothPerB4-32-SobLMS-10-10000.dat,SmoothPerB4,32,SobLMS,10,qmc,False,5.03045520131387e-05,1.7875865331302833e-05,-0.011775972705396731,4.9974399373742955,    ,1.6276092144353182e-06,1.664281102603904e-06,1.6659389940574257e-06,1.7752872956832963e-06,1.6360615622087314e-06,1.526509602267078e-06
RepsRanparRQMC/SmoothPerB4-32-SobLMS-DS-12-10000.dat,SmoothPerB4,32,SobLMS,12,DS,False,-7.166073133157225e-06,3.5690586215991766e-07,0.07947991305729217,3.208147312566126,    ,3.249734007323318e-08,4.7812575966003436e-08,5.064226229938623e-08,4.7770423510117224e-08,3.846902237685867e-08,3.7988446625765726e-08
RepsRanparQMC/SmoothPerB4-32-SobLMS-12-10000.dat,SmoothPerB4,32,SobLMS,12,qmc,False,-2.236515029975816e-06,1.2804080778032215e-06,0.028644877612211204,4.981676197850682,    ,1.1640573634522671e-07,1.2415312768248004e-07,1.2405730990234168e-07,1.2867611237132777e-07,1.1710305698815326e-07,1.0996349429182963e-07
RepsRanparRQMC/SmoothPerB4-32-SobLMS-DS-14-10000.dat,SmoothPerB4,32,SobLMS,14,DS,False,4.93857758860844e-07,2.7562867103541255e-08,-0.0806281808771435,4.27947684894894,    ,2.50595908671701e-09,3.0373196906548326e-09,3.100601272296414e-09,3.097574850737493e-09,2.6797134466010023e-09,2.5750832326548518e-09
RepsRanparQMC/SmoothPerB4-32-SobLMS-14-10000.dat,SmoothPerB4,32,SobLMS,14,qmc,False,-2.5708748773427676e-05,2.762524738182297e-08,-0.6328201647172105,4.131804012945324,    ,3.172325889115489e-09,3.2193410192151786e-09,3.180919343480047e-09,3.271063857965769e-09,3.063752788832666e-09,2.900932763438413e-09
RepsRanparRQMC/SmoothPerB4-32-SobLMS-DS-16-10000.dat,SmoothPerB4,32,SobLMS,16,DS,False,2.665434265875663e-07,1.846127918008941e-09,0.07160966490564154,3.627098717016339,    ,1.679008561263426e-10,2.243121238078115e-10,2.33120243365057e-10,2.2703125289385369e-10,1.9006793790497872e-10,1.8479822254380156e-10
RepsRanparQMC/SmoothPerB4-32-SobLMS-16-10000.dat,SmoothPerB4,32,SobLMS,16,qmc,False,-8.276248183277726e-06,1.8639809019910075e-09,-0.19148317545577662,3.5414133605433054,    ,2.379490932631177e-10,2.8116666427417254e-10,2.871280991337893e-10,2.8124914763534227e-10,2.49244914107922e-10,2.4338185926470587e-10
RepsRanparRQMC/SmoothPerB4-32-SobNUS-8-10000.dat,SmoothPerB4,32,SobNUS,8,DS,False,-0.00022284097648933498,0.000245718455615146,0.13974298086741002,3.2302403456508686,    ,2.2387699520361447e-05,3.31489699686857e-05,3.489476304104816e-05,3.266363812104782e-05,2.6379495009018543e-05,2.6024799505176365e-05
RepsRanparRQMC/SmoothPerB4-32-SobNUS-10-10000.dat,SmoothPerB4,32,SobNUS,10,DS,False,-3.099228574676793e-05,6.432863674774445e-06,0.08609664551439998,3.2095052373910145,    ,5.85766310391668e-07,8.724671811998427e-07,9.221166039513611e-07,8.629475285492119e-07,6.927053803911201e-07,6.857751643198377e-07
RepsRanparRQMC/SmoothPerB4-32-SobNUS-12-10000.dat,SmoothPerB4,32,SobNUS,12,DS,False,1.2303975028106252e-05,1.3052517717212342e-06,0.05881403703669799,3.175750449271272,    ,1.1881063977614991e-07,1.7737493840175043e-07,1.8679485891867424e-07,1.7468589185094286e-07,1.4053770472223833e-07,1.3904029099198644e-07
RepsRanparRQMC/SmoothPerB4-32-SobNUS-14-10000.dat,SmoothPerB4,32,SobNUS,14,DS,False,-6.062154881892478e-06,1.298334756231743e-07,0.048340148806754565,3.3312296590429855,    ,1.1839792960282442e-08,1.755784726605031e-08,1.8541517800324314e-08,1.7319318753810605e-08,1.3893262111741169e-08,1.37722684329334e-08
RepsRanparRQMC/SmoothPerB4-32-SobNUS-16-10000.dat,SmoothPerB4,32,SobNUS,16,DS,False,-1.1807573542129967e-06,9.463432669682423e-09,-0.004403129418994366,3.3221532968272545,    ,8.617062488097484e-10,1.2420450068252028e-09,1.3052427968701547e-09,1.2360858773745112e-09,1.004615184682585e-09,9.897915354590702e-10
RepsFixedparRQMC/SumUeU-4-Lat-RS-6-10000.dat,SumUeU,4,Lat,6,RS,False,9.899802052985018e-06,0.000606221041991062,0.0017158534333009579,2.712600412386784,    ,5.511110182344996e-05,8.732897442419312e-05,9.406683471070414e-05,8.903054768425569e-05,6.622942644977281e-05,6.83495294743025e-05
RepsFixedparRQMC/SumUeU-4-Lat-RSB-6-10000.dat,SumUeU,4,Lat,6,RS,True,3.489662190192533e-08,1.0506587674159211e-07,0.3470198515623623,2.7769387955180145,    ,9.551444557918958e-09,1.6041584854772845e-08,1.7433316199402262e-08,1.6058065684679037e-08,1.2097532269747264e-08,1.223971832176674e-08
RepsFixedparRQMC/SumUeU-4-Lat-RS-8-10000.dat,SumUeU,4,Lat,8,RS,False,-1.772300563948299e-05,3.803190103118587e-05,-0.009895090259300701,2.680686529733354,    ,3.4577596532185216e-06,5.631126253939089e-06,6.06677410455884e-06,5.685638729240964e-06,4.258227190788412e-06,4.360248151351207e-06
RepsFixedparRQMC/SumUeU-4-Lat-RSB-8-10000.dat,SumUeU,4,Lat,8,RS,True,-2.6609953800216245e-08,4.1248790372332144e-10,0.3333157809030958,2.7890973768528733,    ,3.749960842812501e-11,6.245837872201329e-11,6.789653920389747e-11,6.403143162638089e-11,4.636528718251198e-11,4.8360160215090453e-11
RepsFixedparRQMC/SumUeU-4-Lat-RS-10-10000.dat,SumUeU,4,Lat,10,RS,False,-6.8411090702902745e-06,2.3464099052359024e-06,-0.02934622891512497,2.6785333332009107,    ,2.1335679215839364e-07,3.43406563045447e-07,3.703408171680982e-07,3.528464421265965e-07,2.5918363590294514e-07,2.719535046582965e-07
RepsFixedparRQMC/SumUeU-4-Lat-RSB-10-10000.dat,SumUeU,4,Lat,10,RS,True,-3.3876375356944874e-08,1.5796941416437458e-12,0.32374851009414185,2.778011527026342,    ,1.4475616713857423e-13,2.433133732402639e-13,2.656212095632452e-13,2.457359303151171e-13,1.7976764630950912e-13,1.8676577078396367e-13
RepsFixedparRQMC/SumUeU-4-Lat-RS-12-10000.dat,SumUeU,4,Lat,12,RS,False,-5.239855112713831e-06,1.4371000911447527e-07,-0.015410794430865876,2.737186886387906,    ,1.3092002364736349e-08,2.0446852628256067e-08,2.206415542075701e-08,2.087088283641747e-08,1.5972218627603774e-08,1.6257097656558156e-08
RepsFixedparRQMC/SumUeU-4-Lat-RSB-12-10000.dat,SumUeU,4,Lat,12,RS,True,1.6514805780687426e-10,6.345474554020434e-15,0.32206606604206267,2.7896462022751147,    ,5.768885969737641e-16,9.788829277745975e-16,1.0589475292619183e-15,9.667596408884962e-16,7.156036451890951e-16,7.380140601483506e-16
RepsFixedparRQMC/SumUeU-4-Lat-RS-14-10000.dat,SumUeU,4,Lat,14,RS,False,-1.5566834964365395e-06,9.134242697804627e-09,-0.005816236841150735,2.6961318208992684,    ,8.328089633084985e-10,1.3515967087105724e-09,1.45263216543481e-09,1.3430454130718318e-09,1.0259340256669671e-09,1.0338299641409813e-09
RepsFixedparRQMC/SumUeU-4-Lat-RSB-14-10000.dat,SumUeU,4,Lat,14,RS,True,-2.351292422986262e-11,2.407788077531072e-17,0.3266966936199445,2.7693911542832597,    ,2.1894511099068136e-18,3.549972254552139e-18,3.872475958358258e-18,3.671786955874599e-18,2.7241616966864804e-18,2.790042866008311e-18
RepsFixedparRQMC/SumUeU-4-Lat-RS-16-10000.dat,SumUeU,4,Lat,16,RS,False,-1.3399270140452835e-07,5.746689154394865e-10,-0.00839994081378172,2.7283739984175606,    ,5.226058272034664e-11,8.399031972082014e-11,9.014231775310604e-11,8.550790236737415e-11,6.417105934689367e-11,6.595535186762564e-11
RepsFixedparRQMC/SumUeU-4-Lat-RSB-16-10000.dat,SumUeU,4,Lat,16,RS,True,7.325667628066412e-13,9.452827921212227e-20,0.30122781505767293,2.7576397856264707,    ,8.59401658243672e-21,1.437001506895241e-20,1.5651931400189054e-20,1.475179703844467e-20,1.0716888971952735e-20,1.115720787075091e-20
RepsRanparRQMC/SumUeU-4-Lat-Rp-RS-6-10000.dat,SumUeU,4,Lat-Rp,6,RS,False,0.0004927824065104682,0.001145879134771029,0.034924575050905175,3.013190447669677,    ,0.00010441366493389616,0.00015465394927378725,0.00016321709143562514,0.00016035263450676424,0.0001241943456276271,0.00012579980849304723
RepsRanparRQMC/SumUeU-4-Lat-Rp-RSB-6-10000.dat,SumUeU,4,Lat-Rp,6,RS,True,-1.4028652057225521e-05,8.438325925088098e-07,0.25399666976387314,3.8422452226409467,    ,7.690885694297995e-08,9.607728930489336e-08,9.862638241561368e-08,1.0228379269413562e-07,8.472358829370003e-08,8.388335536050416e-08
RepsRanparRQMC/SumUeU-4-Lat-Rp-RS-8-10000.dat,SumUeU,4,Lat-Rp,8,RS,False,4.522589866880149e-05,7.92159961752229e-05,-0.033906257571337396,3.177205736300545,    ,7.203499579657937e-06,1.0360813906974926e-05,1.0871984804398401e-05,1.0772771829956528e-05,8.623883882628949e-06,8.530342115654106e-06
RepsRanparRQMC/SumUeU-4-Lat-Rp-RSB-8-10000.dat,SumUeU,4,Lat-Rp,8,RS,True,-2.425153335720687e-07,4.033557962586049e-09,0.23654341832896578,4.451502263970043,    ,3.667459011948402e-10,4.035407796730596e-10,4.0736394796785613e-10,4.3828546779735335e-10,3.8413736250620134e-10,3.6751497937889134e-10
RepsRanparRQMC/SumUeU-4-Lat-Rp-RS-10-10000.dat,SumUeU,4,Lat-Rp,10,RS,False,4.473980191194675e-05,4.664578879417714e-06,0.024944972854203735,3.1838021057499146,    ,4.2605427527673056e-07,6.089970563253915e-07,6.440721822856196e-07,6.356763438186372e-07,4.934064823252309e-07,5.025974216843727e-07
RepsRanparRQMC/SumUeU-4-Lat-Rp-RSB-10-10000.dat,SumUeU,4,Lat-Rp,10,RS,True,-3.0573889919383035e-08,1.499585848319549e-11,0.2534628046134076,4.4268984447385105,    ,1.3641946248534835e-12,1.5368751600564497e-12,1.5551619279469575e-12,1.6506981551826518e-12,1.4310784616587203e-12,1.3742126078886494e-12
RepsRanparRQMC/SumUeU-4-Lat-Rp-RS-12-10000.dat,SumUeU,4,Lat-Rp,12,RS,False,-2.0543807886371115e-06,2.9459973948259597e-07,0.0031219339412719067,3.08979176368926,    ,2.6786014978842537e-08,3.927954323484972e-08,4.150817895644686e-08,4.073468553775556e-08,3.186481237166495e-08,3.2069974912391876e-08
RepsRanparRQMC/SumUeU-4-Lat-Rp-RSB-12-10000.dat,SumUeU,4,Lat-Rp,12,RS,True,-6.121462057695481e-10,6.174418701394337e-14,0.2740516415505572,4.576432082312276,    ,5.613482633335726e-15,6.1436972311769305e-15,6.124354278478374e-15,6.5589234086861954e-15,5.7726380098467624e-15,5.534321426420473e-15
RepsRanparRQMC/SumUeU-4-Lat-Rp-RS-14-10000.dat,SumUeU,4,Lat-Rp,14,RS,False,-2.472353534145544e-07,1.8023471075367205e-08,0.0052033737592147,3.136474767097507,    ,1.6385584958079058e-09,2.387736317162299e-09,2.5140067316882386e-09,2.4757347118646965e-09,1.934580008701254e-09,1.9408816609816772e-09
RepsRanparRQMC/SumUeU-4-Lat-Rp-RSB-14-10000.dat,SumUeU,4,Lat-Rp,14,RS,True,-1.1877047429997844e-10,2.3267114530088386e-16,0.22650509181974307,4.430563194518379,    ,2.116602872564579e-17,2.332868992699778e-17,2.357024989369894e-17,2.5621215995137204e-17,2.183772841084709e-17,2.114426455315081e-17
RepsRanparRQMC/SumUeU-4-Lat-Rp-RS-16-10000.dat,SumUeU,4,Lat-Rp,16,RS,False,2.82420867674027e-07,1.1476409092216225e-09,0.0032582135814599464,3.2149871954516986,    ,1.0441075329391797e-10,1.5053396738343869e-10,1.5727400378349868e-10,1.5164634534024192e-10,1.2228365826493959e-10,1.206663814542582e-10
RepsRanparRQMC/SumUeU-4-Lat-Rp-RSB-16-10000.dat,SumUeU,4,Lat-Rp,16,RS,True,-6.2650094001526215e-12,9.215689913317447e-19,0.2677590641628224,4.319081843498365,    ,8.381824955476081e-20,9.307248807253341e-20,9.364225547800571e-20,1.0028997170164483e-19,8.600457245597293e-20,8.283603880738736e-20
RepsRanparRQMC/SumUeU-4-Lat-Rv-RS-6-10000.dat,SumUeU,4,Lat-Rv,6,RS,False,-3.996280098737941e-05,0.0005979469705978032,-0.021849828177506758,2.6908812741951085,    ,5.4360412534353955e-05,8.738549384255774e-05,9.439585976022296e-05,8.995339112338792e-05,6.804051719408729e-05,6.879921749262096e-05
RepsRanparRQMC/SumUeU-4-Lat-Rv-RSB-6-10000.dat,SumUeU,4,Lat-Rv,6,RS,True,1.297341984288769e-06,1.0466556217986801e-07,0.3301955595778117,2.788000744771846,    ,9.516734203484927e-09,1.5699939406461193e-08,1.7096303868744708e-08,1.5948580321916087e-08,1.1761111634281461e-08,1.2151390321990275e-08
RepsRanparRQMC/SumUeU-4-Lat-Rv-RS-8-10000.dat,SumUeU,4,Lat-Rv,8,RS,False,1.3874057307579646e-05,3.786495979258235e-05,0.00892669898047248,2.6863870119839874,    ,3.4424615615191146e-06,5.715542817364207e-06,6.154076531400964e-06,5.744179546253505e-06,4.243917202511938e-06,4.403787731901153e-06
RepsRanparRQMC/SumUeU-4-Lat-Rv-RSB-8-10000.dat,SumUeU,4,Lat-Rv,8,RS,True,2.9535191967733353e-08,4.059993843000675e-10,0.3225607588663849,2.787358529679467,    ,3.6909907263934344e-11,6.051592230913732e-11,6.618704723839243e-11,6.089957385457267e-11,4.5706877698938476e-11,4.664208843848442e-11
RepsRanparRQMC/SumUeU-4-Lat-Rv-RS-10-10000.dat,SumUeU,4,Lat-Rv,10,RS,False,7.229498540583679e-06,2.3416228808610934e-06,-0.029594947627249707,2.727304090172084,    ,2.129270730001568e-07,3.3440019629467233e-07,3.5736123756597413e-07,3.34247567906914e-07,2.511373001026665e-07,2.589630052624763e-07
RepsRanparRQMC/SumUeU-4-Lat-Rv-RSB-10-10000.dat,SumUeU,4,Lat-Rv,10,RS,True,-2.9131655488789933e-09,1.5945544962934292e-12,0.2982394058556461,2.7767400425047337,    ,1.449679861965542e-13,2.4098024119173e-13,2.630063335339857e-13,2.3967228535473246e-13,1.7855905353786865e-13,1.8257126609512154e-13
RepsRanparRQMC/SumUeU-4-Lat-Rv-RS-12-10000.dat,SumUeU,4,Lat-Rv,12,RS,False,3.580201984505882e-06,1.4449623221733716e-07,-0.02726797860274376,2.7135992806982885,    ,1.3148838956916874e-08,2.096960499521842e-08,2.254573981649362e-08,2.1683196430975518e-08,1.611821571734108e-08,1.673162555618572e-08
RepsRanparRQMC/SumUeU-4-Lat-Rv-RSB-12-10000.dat,SumUeU,4,Lat-Rv,12,RS,True,4.4964075618381116e-11,6.307336280940943e-15,0.33699110891063355,2.8106491652855117,    ,5.733962291263639e-16,9.435639196251272e-16,1.0265738491667185e-15,9.709663001499948e-16,7.125240569326066e-16,7.35631694904899e-16
RepsRanparRQMC/SumUeU-4-Lat-Rv-RS-14-10000.dat,SumUeU,4,Lat-Rv,14,RS,False,-6.173677368768171e-07,9.007880133645193e-09,0.008968534484026966,2.745607907293103,    ,8.192793368902812e-10,1.3543798255058747e-09,1.4585030682271304e-09,1.3567157777689963e-09,1.0357542597332318e-09,1.054127625643035e-09
RepsRanparRQMC/SumUeU-4-Lat-Rv-RSB-14-10000.dat,SumUeU,4,Lat-Rv,14,RS,True,-6.544070672021007e-11,2.4318172453934214e-17,0.3559405078397092,2.798334755606578,    ,2.215025436453696e-18,3.6259089537625284e-18,3.975527082745775e-18,3.787664147393879e-18,2.782609866658082e-18,2.8590108444854052e-18
RepsRanparRQMC/SumUeU-4-Lat-Rv-RS-16-10000.dat,SumUeU,4,Lat-Rv,16,RS,False,-1.1132306951124882e-07,5.739521620165847e-10,-0.018047455606231683,2.688893973812568,    ,5.218986210004038e-11,8.627243109296458e-11,9.306821563728575e-11,8.573666187284578e-11,6.384776426262648e-11,6.559070278453655e-11
RepsRanparRQMC/SumUeU-4-Lat-Rv-RSB-16-10000.dat,SumUeU,4,Lat-Rv,16,RS,True,2.003767241021137e-12,9.434305604075755e-20,0.3255412257051433,2.8132517325330775,    ,8.580656541406876e-21,1.405973622393249e-20,1.525368907189747e-20,1.4159900024430994e-20,1.0653649585861525e-20,1.0817232188624603e-20
RepsFixedparRQMC/SumUeU-4-Sob-DS-6-10000.dat,SumUeU,4,Sob,6,DS,False,9.902333653975904e-06,0.0006062210424517987,0.0017158534330465646,2.7126004123867924,    ,5.511110191546623e-05,8.732897457841997e-05,9.406683492198545e-05,8.903054778346927e-05,6.6229426781917e-05,6.834952964555546e-05
RepsFixedparRQMC/SumUeU-4-Sob-DS-8-10000.dat,SumUeU,4,Sob,8,DS,False,-1.7720474049002587e-05,3.803190106009028e-05,-0.009895090259387044,2.6806865297333364,    ,3.4577595661178196e-06,5.631126393969382e-06,6.066774261083965e-06,5.6856387923823155e-06,4.258227253877905e-06,4.360248199186466e-06
RepsFixedparRQMC/SumUeU-4-Sob-DS-10-10000.dat,SumUeU,4,Sob,10,DS,False,-6.838577475716123e-06,2.3464099070194484e-06,-0.02934622891518399,2.6785333332008032,    ,2.1335675768911397e-07,3.434065689912155e-07,3.7034083227055383e-07,3.528464473308753e-07,2.5918362451050426e-07,2.719534918915683e-07
RepsFixedparRQMC/SumUeU-4-Sob-DS-12-10000.dat,SumUeU,4,Sob,12,DS,False,-5.237323517467241e-06,1.4371000922370295e-07,-0.015410794432744804,2.7371868863874855,    ,1.309197585069052e-08,2.0446826179053178e-08,2.2064131081261466e-08,2.087086186384828e-08,1.5972191308706306e-08,1.6257074324650125e-08
RepsFixedparRQMC/SumUeU-4-Sob-DS-14-10000.dat,SumUeU,4,Sob,14,DS,False,-1.5541518996393222e-06,9.134242704742065e-09,-0.005816236828396751,2.6961318209074308,    ,8.328010885582493e-10,1.3515844480231551e-09,1.4526200059217141e-09,1.3430356052994825e-09,1.0259250757993653e-09,1.0338206517147651e-09
RepsFixedparRQMC/SumUeU-4-Sob-DS-16-10000.dat,SumUeU,4,Sob,16,DS,False,-1.3146110479027583e-07,5.746689158631223e-10,-0.008399940800505155,2.7283739983375304,    ,5.225991073690198e-11,8.398966587644778e-11,9.014178530023611e-11,8.550702399134943e-11,6.417011197025983e-11,6.595441494453153e-11
RepsRanparRQMC/SumUeU-4-Sob-LMS-DS-6-10000.dat,SumUeU,4,Sob-LMS,6,DS,False,3.153836130447636e-05,1.2059937802473296e-05,0.039767483258373454,8.959388195465195,    ,1.0973526502767988e-06,1.7773316522797083e-07,1.6750304557565346e-07,4.2883399128123774e-07,7.026601643119506e-07,4.6825445777417133e-07
RepsRanparRQMC/SumUeU-4-Sob-LMS-DS-8-10000.dat,SumUeU,4,Sob-LMS,8,DS,False,9.123284566249046e-06,1.700008808998463e-07,0.9666474435601032,29.93499735089198,    ,1.5537859857626422e-08,1.336788787737057e-10,1.5180099822251378e-10,1.5038252310128347e-09,4.416894494510953e-09,1.8325380907680876e-09
RepsRanparRQMC/SumUeU-4-Sob-LMS-DS-10-10000.dat,SumUeU,4,Sob-LMS,10,DS,False,1.0800194103325837e-07,3.0188206849904016e-09,0.4847665182099731,106.73346950050345,    ,2.7444990850930347e-10,4.5024367013152826e-14,6.605086616865562e-14,3.403836806488421e-12,2.912514474772891e-11,3.994957915582513e-12
RepsRanparRQMC/SumUeU-4-Sob-LMS-DS-12-10000.dat,SumUeU,4,Sob-LMS,12,DS,False,9.740784346972831e-08,4.199720731864917e-11,6.484517882391029,395.85598525976076,    ,3.827416226028439e-12,1.9837189469878346e-18,9.115855233187803e-18,3.490022981606887e-15,1.1879292065965808e-13,2.949741933874912e-15
RepsRanparRQMC/SumUeU-4-Sob-LMS-DS-14-10000.dat,SumUeU,4,Sob-LMS,14,DS,False,-7.887971041776557e-09,6.4337070173717e-13,-6.230405873417404,1626.71247428259,    ,5.85504656996259e-14,3.818090938053302e-23,1.6824735931376968e-21,2.910399075167166e-17,2.075742789553519e-16,1.037050645759788e-17
RepsRanparRQMC/SumUeU-4-Sob-LMS-DS-16-10000.dat,SumUeU,4,Sob-LMS,16,DS,False,-2.638517466020853e-09,2.0356756709338366e-14,-48.61867449052475,3141.4533079760668,    ,1.857576020721985e-15,5.79996847202939e-29,4.259578687849437e-25,3.906628074428517e-21,2.5348693589850903e-17,2.3963779321438873e-21
RepsRanparRQMC/SumUeU-4-Sob-NUS-6-10000.dat,SumUeU,4,Sob-NUS,6,NUS,False,1.926332757216156e-05,1.1523438409267517e-05,-0.02016768289045219,3.0425420688274465,    ,1.0479563857225632e-06,1.5849079301930371e-06,1.6870894172136632e-06,1.5725802005566668e-06,1.2395359024191358e-06,1.2398099656723244e-06
RepsRanparRQMC/SumUeU-4-Sob-NUS-8-10000.dat,SumUeU,4,Sob-NUS,8,NUS,False,-5.673569497844034e-06,1.743032977037256e-07,0.05015129474154672,3.089051715171801,    ,1.5877943727549193e-08,2.2750166398558107e-08,2.4223606198485074e-08,2.3480548420079566e-08,1.8399535779324664e-08,1.8393425160231374e-08
RepsRanparRQMC/SumUeU-4-Sob-NUS-10-10000.dat,SumUeU,4,Sob-NUS,10,NUS,False,6.205238523786516e-07,2.8089158350215944e-09,-0.016197171779999957,3.03763776768941,    ,2.55741034853334e-10,3.832025067886743e-10,4.0755077817831685e-10,3.8599809743888434e-10,2.9625846534782656e-10,3.002681353661509e-10
RepsRanparRQMC/SumUeU-4-Sob-NUS-12-10000.dat,SumUeU,4,Sob-NUS,12,NUS,False,-1.5964631575413612e-07,4.33083605722023e-11,0.014301155358915357,3.0736344353113334,    ,3.962610634515897e-12,5.889084264833582e-12,6.259958863038634e-12,6.04708592456553e-12,4.755772389608056e-12,4.7624686790286895e-12
RepsRanparRQMC/SumUeU-4-Sob-NUS-14-10000.dat,SumUeU,4,Sob-NUS,14,NUS,False,-5.5744750213193586e-09,6.853822995663965e-13,-0.026720081576925476,3.1023428297544267,    ,6.233855655052662e-14,9.297259987273058e-14,9.7695675740358e-14,9.432902519062597e-14,7.317968836991906e-14,7.415012026294872e-14
RepsRanparRQMC/SumUeU-4-Sob-NUS-16-10000.dat,SumUeU,4,Sob-NUS,16,NUS,False,-1.1978883136976036e-09,1.0638223644168316e-14,-0.021594833464067962,3.0330644506912035,    ,9.685461767910312e-16,1.451781133112687e-15,1.5377346896172543e-15,1.4841576603257679e-15,1.1314013229972557e-15,1.1580849444627571e-15
RepsFixedparRQMC/SumUeU-8-Lat-RS-6-10000.dat,SumUeU,8,Lat,6,RS,False,0.00015259085532503506,0.001216781879102319,0.0060524884842028835,2.878749030991019,    ,0.00011063981843297601,0.00016962433491523723,0.00018069372010526724,0.00017488913926378032,0.0001336510107850287,0.0001361416829149646
RepsFixedparRQMC/SumUeU-8-Lat-RSB-6-10000.dat,SumUeU,8,Lat,6,RS,True,1.0156085394533498e-06,2.1272109074381412e-07,0.2766707709717379,2.882016412163591,    ,1.9339312437415784e-08,3.0585235032316674e-08,3.296728199102515e-08,3.188010055198993e-08,2.3601355153433085e-08,2.4443231747981848e-08
RepsFixedparRQMC/SumUeU-8-Lat-RS-8-10000.dat,SumUeU,8,Lat,8,RS,False,3.1285315981367126e-05,7.549154953462642e-05,-0.015134199770212499,2.784097012696256,    ,6.863846910507548e-06,1.099016566955215e-05,1.1756431938695991e-05,1.1126713605154314e-05,8.36897373608472e-06,8.552753361117674e-06
RepsFixedparRQMC/SumUeU-8-Lat-RSB-8-10000.dat,SumUeU,8,Lat,8,RS,True,-2.5412400697533145e-08,8.123445795393112e-10,0.2344131306674697,2.9255281205527335,    ,7.385015302095569e-11,1.141571002122762e-10,1.2298464248019763e-10,1.1646746631472763e-10,8.656086672730801e-11,8.946741550676303e-11
RepsFixedparRQMC/SumUeU-8-Lat-RS-10-10000.dat,SumUeU,8,Lat,10,RS,False,-8.7994394939936e-06,4.715748131413767e-06,0.00772164641832781,2.8214567444926644,    ,4.2878180571847816e-07,6.514666652955626e-07,7.024225809822289e-07,6.661327677494357e-07,5.048087394948187e-07,5.140835397816709e-07
RepsFixedparRQMC/SumUeU-8-Lat-RSB-10-10000.dat,SumUeU,8,Lat,10,RS,True,-2.824120520683593e-08,3.203441763796244e-12,0.2542769454024298,2.9416943506230546,    ,2.920195441984659e-13,4.5367665469104503e-13,4.886202016692717e-13,4.729135110007592e-13,3.5918749706232796e-13,3.6619073555269446e-13
RepsFixedparRQMC/SumUeU-8-Lat-RS-12-10000.dat,SumUeU,8,Lat,12,RS,False,-2.753485621610885e-06,2.9014697494886396e-07,0.008159642380590599,2.9180682636137205,    ,2.638457940569241e-08,4.0159773467348e-08,4.2837252232017785e-08,4.217288599218941e-08,3.21366327815723e-08,3.2851138708451156e-08
RepsFixedparRQMC/SumUeU-8-Lat-RSB-12-10000.dat,SumUeU,8,Lat,12,RS,True,-1.0332856680506097e-09,1.2786081462816939e-14,0.2609757109405022,2.9268392390495035,    ,1.163438721346066e-15,1.8637613060963205e-15,1.9884067254255448e-15,1.8980029435200204e-15,1.4327594989681212e-15,1.4727141745805694e-15
RepsFixedparRQMC/SumUeU-8-Lat-RS-14-10000.dat,SumUeU,8,Lat,14,RS,False,-6.793473119876658e-07,1.8140382505485015e-08,0.015629279902610666,2.813750146034052,    ,1.6495871950871246e-09,2.5642767429168664e-09,2.7511089418832118e-09,2.649809275273649e-09,2.035311669398969e-09,2.0639689206334342e-09
RepsFixedparRQMC/SumUeU-8-Lat-RSB-14-10000.dat,SumUeU,8,Lat,14,RS,True,-1.7843267574590982e-11,4.7897624223249375e-17,0.2593172465245836,2.980843013146614,    ,4.354647857038591e-18,6.728575279855846e-18,7.256436079732115e-18,7.033084054997268e-18,5.292921672012067e-18,5.415301677110561e-18
RepsFixedparRQMC/SumUeU-8-Lat-RS-16-10000.dat,SumUeU,8,Lat,16,RS,False,-3.516685431470101e-07,1.1470029467762466e-09,-0.031349143919956,2.8869966053954546,    ,1.043966659257161e-10,1.5944757209318515e-10,1.6987791911749514e-10,1.6161064910755608e-10,1.233171837007444e-10,1.2546097504663456e-10
RepsFixedparRQMC/SumUeU-8-Lat-RSB-16-10000.dat,SumUeU,8,Lat,16,RS,True,2.259127640513725e-12,1.8806193332596338e-19,0.20604353888923033,2.8415635490280007,    ,1.7101643050965532e-20,2.803863354006605e-20,3.0175956243834426e-20,2.808083245630508e-20,2.0849069984930546e-20,2.1596373746973774e-20
RepsRanparRQMC/SumUeU-8-Lat-Rp-RS-6-10000.dat,SumUeU,8,Lat-Rp,6,RS,False,-0.00023087878726335277,0.0022615164253752384,0.010251645842916206,3.239319445537005,    ,0.00020564570732124805,0.00029503502912821603,0.00030904470003337026,0.00030548000531064294,0.00024120401676054785,0.00024281935781728627
RepsRanparRQMC/SumUeU-8-Lat-Rp-RSB-6-10000.dat,SumUeU,8,Lat-Rp,6,RS,True,-7.2349466413515806e-06,1.6881151459030275e-06,0.2203314310066056,4.229490385332136,    ,1.535173577168148e-07,1.7750632984615222e-07,1.8050697037825843e-07,1.8709060798581593e-07,1.6345806957315945e-07,1.555405198389073e-07
RepsRanparRQMC/SumUeU-8-Lat-Rp-RS-8-10000.dat,SumUeU,8,Lat-Rp,8,RS,False,0.0001539801340206318,0.00015247984466857213,0.0013622488370842116,3.3059930094365715,    ,1.3885513942452296e-05,1.9687411626280248e-05,2.0611003444314942e-05,2.0189251895026843e-05,1.638457776563501e-05,1.60984861949173e-05
RepsRanparRQMC/SumUeU-8-Lat-Rp-RSB-8-10000.dat,SumUeU,8,Lat-Rp,8,RS,True,-3.341695276830592e-07,7.812106652944153e-09,0.18614942233416287,4.656725002180526,    ,7.103031831772458e-10,7.818352278991135e-10,7.84981619102899e-10,8.417606326247857e-10,7.365538466471042e-10,7.012323860058317e-10
RepsRanparRQMC/SumUeU-8-Lat-Rp-RS-10-10000.dat,SumUeU,8,Lat-Rp,10,RS,False,-5.202765556193967e-05,9.166980542731434e-06,-0.047991041354701315,3.2367759715584827,    ,8.360687444643112e-07,1.1870470545433185e-06,1.2406935100913652e-06,1.231647439784885e-06,9.553066105781657e-07,9.773504400191529e-07
RepsRanparRQMC/SumUeU-8-Lat-Rp-RSB-10-10000.dat,SumUeU,8,Lat-Rp,10,RS,True,1.272056490204676e-08,2.918254604514794e-11,0.19802101883992157,4.66638744334132,    ,2.6531205441485125e-12,2.8881056854069324e-12,2.8967173750420286e-12,3.099551609959864e-12,2.7528543749411644e-12,2.643516692414111e-12
RepsRanparRQMC/SumUeU-8-Lat-Rp-RS-12-10000.dat,SumUeU,8,Lat-Rp,12,RS,False,1.1868123243819363e-05,5.928920397903491e-07,0.027974311464327356,3.3772536733990504,    ,5.404012869390767e-08,7.884800173652589e-08,8.282510124474528e-08,8.003970465649967e-08,6.25941692824243e-08,6.318378757072797e-08
RepsRanparRQMC/SumUeU-8-Lat-Rp-RSB-12-10000.dat,SumUeU,8,Lat-Rp,12,RS,True,1.2656618674000696e-09,1.1780469866584703e-13,0.1995132854336389,4.5783363305914415,    ,1.0711119960494139e-14,1.1379697614024784e-14,1.1436269318860116e-14,1.2214968246530277e-14,1.0961240464480918e-14,1.032042105609775e-14
RepsRanparRQMC/SumUeU-8-Lat-Rp-RS-14-10000.dat,SumUeU,8,Lat-Rp,14,RS,False,-1.7801007602358253e-08,3.706266284479708e-08,-0.0216088494418233,3.30198208067622,    ,3.3693333027665157e-09,4.567727809942354e-09,4.818793825438279e-09,4.81491398725097e-09,3.825137243630464e-09,3.8039997988880886e-09
RepsRanparRQMC/SumUeU-8-Lat-Rp-RSB-14-10000.dat,SumUeU,8,Lat-Rp,14,RS,True,-1.1743897001537108e-10,4.644890084086902e-16,0.20998982134199343,4.940327941665261,    ,4.2240065403377384e-17,4.4528330897918914e-17,4.451584138240813e-17,4.836468014227803e-17,4.217598484523487e-17,4.0488339353179395e-17
RepsRanparRQMC/SumUeU-8-Lat-Rp-RS-16-10000.dat,SumUeU,8,Lat-Rp,16,RS,False,-3.576871601937093e-07,2.2701515170010838e-09,-0.04004707472139243,3.368934431286558,    ,2.065053507410296e-10,2.96283733945297e-10,3.126649431016072e-10,3.0564500278406214e-10,2.5030790014549625e-10,2.451762308497297e-10
RepsRanparRQMC/SumUeU-8-Lat-Rp-RSB-16-10000.dat,SumUeU,8,Lat-Rp,16,RS,True,-4.227580951976506e-12,1.8216984426357164e-18,0.1793643597848289,4.706543483107729,    ,1.656268217712252e-19,1.750247593612209e-19,1.7688025540081347e-19,1.954617102129778e-19,1.6930626210281534e-19,1.617509430938547e-19
RepsRanparRQMC/SumUeU-8-Lat-Rv-RS-6-10000.dat,SumUeU,8,Lat-Rv,6,RS,False,-8.354191777305698e-05,0.0012305914259813332,-0.008441018861351113,2.8329758628229618,    ,0.00011187892706851003,0.0001734202336674534,0.00018527198702667893,0.00017509497134819802,0.00013377416681504612,0.00013639042206305515
RepsRanparRQMC/SumUeU-8-Lat-Rv-RSB-6-10000.dat,SumUeU,8,Lat-Rv,6,RS,True,2.0024173627295916e-06,2.1160954961107972e-07,0.2755805575142277,2.9178906632290524,    ,1.924124145811999e-08,3.111971534952394e-08,3.3773887070284665e-08,3.0550652191580014e-08,2.34842968592771e-08,2.3574943380938744e-08
RepsRanparRQMC/SumUeU-8-Lat-Rv-RS-8-10000.dat,SumUeU,8,Lat-Rv,8,RS,False,-1.1959042164211642e-05,7.558361220591774e-05,-0.010498029839062608,2.802397507320556,    ,6.8713804919547345e-06,1.0970763689819787e-05,1.1763255321455575e-05,1.1017470324855355e-05,8.2157871374267e-06,8.49135523220914e-06
RepsRanparRQMC/SumUeU-8-Lat-Rv-RSB-8-10000.dat,SumUeU,8,Lat-Rv,8,RS,True,-4.914392747187967e-07,8.108072199117949e-10,0.25516863509460286,2.9670821100041653,    ,7.395125982544476e-11,1.1776274555323059e-10,1.2612814852464036e-10,1.1764146590652758e-10,8.954071605629165e-11,9.149620297889865e-11
RepsRanparRQMC/SumUeU-8-Lat-Rv-RS-10-10000.dat,SumUeU,8,Lat-Rv,10,RS,False,4.0821148037925245e-06,4.6513524150087235e-06,0.02368554208717839,2.8321915386982575,    ,4.2286688320751894e-07,6.55181638417331e-07,7.052288007311414e-07,6.814162257414103e-07,5.077683766484379e-07,5.212984919364508e-07
RepsRanparRQMC/SumUeU-8-Lat-Rv-RSB-10-10000.dat,SumUeU,8,Lat-Rv,10,RS,True,-3.6563644238718496e-08,3.1545122475691744e-12,0.2706766512066901,2.945886704061475,    ,2.8811074076812233e-13,4.423644266586512e-13,4.762797762049685e-13,4.565070345234635e-13,3.550606289267071e-13,3.547032723102817e-13
RepsRanparRQMC/SumUeU-8-Lat-Rv-RS-12-10000.dat,SumUeU,8,Lat-Rv,12,RS,False,2.166675503473403e-06,2.916208785616335e-07,-0.029634107504477345,2.8173356602901225,    ,2.651568344288585e-08,4.135619813646625e-08,4.425487424269395e-08,4.092815349629572e-08,3.183057804737921e-08,3.189280898219551e-08
RepsRanparRQMC/SumUeU-8-Lat-Rv-RSB-12-10000.dat,SumUeU,8,Lat-Rv,12,RS,True,-6.358422286467658e-11,1.2386829688580526e-14,0.26250408867422637,2.9754822662513423,    ,1.1260794691879906e-15,1.7526680719803918e-15,1.8802463306909617e-15,1.8052921232294808e-15,1.3776594113555327e-15,1.3970225077616515e-15
RepsRanparRQMC/SumUeU-8-Lat-Rv-RS-14-10000.dat,SumUeU,8,Lat-Rv,14,RS,False,3.91441521466529e-07,1.866275860970532e-08,-0.0036523609484505853,2.809903735481991,    ,1.6967676455288479e-09,2.5777605960078863e-09,2.7557763039754787e-09,2.6608393996012604e-09,2.049445914811917e-09,2.085107739281329e-09
RepsRanparRQMC/SumUeU-8-Lat-Rv-RSB-14-10000.dat,SumUeU,8,Lat-Rv,14,RS,True,-1.9205684864687102e-11,4.8610907751093415e-17,0.24935064201119753,2.8914160893933927,    ,4.419542290248705e-18,7.146445536823597e-18,7.657487176854407e-18,7.301985925931664e-18,5.517866556190308e-18,5.632318308050768e-18
RepsRanparRQMC/SumUeU-8-Lat-Rv-RS-16-10000.dat,SumUeU,8,Lat-Rv,16,RS,False,-5.542450696595758e-07,1.1470561061610467e-09,0.022184930294309475,2.892894010510479,    ,1.0458501543006438e-10,1.6035672744574776e-10,1.7071516234205905e-10,1.6067506118985715e-10,1.246932435952821e-10,1.2593658588221508e-10
RepsRanparRQMC/SumUeU-8-Lat-Rv-RSB-16-10000.dat,SumUeU,8,Lat-Rv,16,RS,True,-3.2955123074884795e-13,1.8596995103033796e-19,0.20346853536253476,2.825566939665071,    ,1.6906467788589864e-20,2.80513239103905e-20,3.027661723752271e-20,2.7958548104138625e-20,2.098318996251522e-20,2.1535381733084116e-20
RepsFixedparRQMC/SumUeU-8-Sob-DS-6-10000.dat,SumUeU,8,Sob,6,DS,False,0.0001525959185774651,0.0012167818800270977,0.006052488484015085,2.878749030990981,    ,0.00011063982006228447,0.00016962433600333795,0.00018069372126762175,0.0001748891409927432,0.00013365101178617863,0.00013614168431993071
RepsFixedparRQMC/SumUeU-8-Sob-DS-8-10000.dat,SumUeU,8,Sob,8,DS,False,3.1290379187719974e-05,7.549154959200141e-05,-0.015134199770274961,2.7840970126962197,    ,6.863847232557113e-06,1.0990166826161055e-05,1.1756433242459046e-05,1.112671498376901e-05,8.368974426096813e-06,8.55275439379828e-06
RepsFixedparRQMC/SumUeU-8-Sob-DS-10-10000.dat,SumUeU,8,Sob,10,DS,False,-8.794376302770424e-06,4.7157481349975345e-06,0.0077216464179696844,2.821456744493369,    ,4.287817169634215e-07,6.514664645148073e-07,7.024223507830215e-07,6.661326302418983e-07,5.048086174758034e-07,5.140833943875193e-07
RepsFixedparRQMC/SumUeU-8-Sob-DS-12-10000.dat,SumUeU,8,Sob,12,DS,False,-2.748422427990782e-06,2.90146975169129e-07,0.008159642379425881,2.91806826361692,    ,2.6384551568490775e-08,4.0159706157296813e-08,4.283718441668522e-08,4.2172843340349785e-08,3.2136581610395626e-08,3.2851095176641873e-08
RepsFixedparRQMC/SumUeU-8-Sob-DS-14-10000.dat,SumUeU,8,Sob,14,DS,False,-6.742841175173986e-07,1.8140382519248576e-08,0.015629279920680878,2.8137501460396055,    ,1.6495803426391885e-09,2.5642541928979243e-09,2.7510840436641473e-09,2.649793484583609e-09,2.035303970695518e-09,2.0639569569815593e-09
RepsFixedparRQMC/SumUeU-8-Sob-DS-16-10000.dat,SumUeU,8,Sob,16,DS,False,-3.4660534900083917e-07,1.1470029476641364e-09,-0.03134914377771779,2.886996605566261,    ,1.0439313051015023e-10,1.5944543140853187e-10,1.698763878243243e-10,1.61608515901164e-10,1.2331415096157295e-10,1.2545788324065563e-10
RepsRanparRQMC/SumUeU-8-Sob-LMS-DS-6-10000.dat,SumUeU,8,Sob-LMS,6,DS,False,6.63638973042219e-05,2.3515249089339342e-05,0.04252867933670652,5.98735818737084,    ,2.142154084078073e-06,8.51250153057773e-07,8.181657523598122e-07,1.4741110600899804e-06,1.7922748168695254e-06,1.4366077442449842e-06
RepsRanparRQMC/SumUeU-8-Sob-LMS-DS-8-10000.dat,SumUeU,8,Sob-LMS,8,DS,False,1.0161230254635533e-05,3.5670505229712854e-07,0.43584883482768744,15.028391191184461,    ,3.253098262729941e-08,1.172859113940045e-09,1.2080055573413339e-09,5.838229678572594e-09,1.4270515386530959e-08,7.144385147638872e-09
RepsRanparRQMC/SumUeU-8-Sob-LMS-DS-10-10000.dat,SumUeU,8,Sob-LMS,10,DS,False,-3.760536694869546e-07,5.824692184319145e-09,-0.24832698628721853,54.40632499326732,    ,5.296588876640751e-10,6.716318700350554e-13,8.97610202863192e-13,1.649776762313554e-11,9.14524078664563e-11,2.2071240709691203e-11
RepsRanparRQMC/SumUeU-8-Sob-LMS-DS-12-10000.dat,SumUeU,8,Sob-LMS,12,DS,False,7.077006421119622e-08,8.53860042102093e-11,4.221485415956151,193.66503812465515,    ,7.767372421098393e-12,9.882325423727779e-17,1.992656977043476e-16,5.745092785388409e-14,4.830116642214176e-13,6.196171427369422e-14
RepsRanparRQMC/SumUeU-8-Sob-LMS-DS-14-10000.dat,SumUeU,8,Sob-LMS,14,DS,False,-8.832088974655368e-09,1.1657892152830926e-12,-12.15739352447707,961.6567738306748,    ,1.0605884354866464e-13,1.973424345916611e-21,5.996288871486298e-20,5.912260431602286e-17,1.4709228027831174e-15,3.83836137686413e-17
RepsRanparRQMC/SumUeU-8-Sob-LMS-DS-16-10000.dat,SumUeU,8,Sob-LMS,16,DS,False,-1.577978827176092e-10,1.4106597746149448e-14,63.594656555352955,5886.595146985495,    ,1.2824428770944672e-15,1.1126500626302268e-26,4.930913782470223e-24,8.306816545355615e-22,9.699871192758785e-19,1.5483554036379938e-21
RepsRanparRQMC/SumUeU-8-Sob-NUS-6-10000.dat,SumUeU,8,Sob-NUS,6,NUS,False,4.198186444844127e-05,2.3004192000979e-05,0.004512642427027574,3.116727614525448,    ,2.0930526588497493e-06,3.1622918851065113e-06,3.3506464667316543e-06,3.140882039694912e-06,2.4681532557287714e-06,2.471686062037586e-06
RepsRanparRQMC/SumUeU-8-Sob-NUS-8-10000.dat,SumUeU,8,Sob-NUS,8,NUS,False,-1.1844042785114173e-05,3.5448955560781837e-07,0.02057802401516841,2.992104458914791,    ,3.236660458657001e-08,4.810534671143163e-08,5.103553250075855e-08,4.962578738755244e-08,3.8489254534739076e-08,3.9089721045958514e-08
RepsRanparRQMC/SumUeU-8-Sob-NUS-10-10000.dat,SumUeU,8,Sob-NUS,10,NUS,False,1.1160218899100016e-07,5.559850196947662e-09,0.03703648902847157,3.0231915623476313,    ,5.054533820438296e-10,7.454672498403711e-10,7.932980734341604e-10,7.617315011856601e-10,5.848530606782952e-10,5.964408974420835e-10
RepsRanparRQMC/SumUeU-8-Sob-NUS-12-10000.dat,SumUeU,8,Sob-NUS,12,NUS,False,-2.0459110426758188e-07,8.752183493064688e-11,0.026873743471200386,3.046470158194564,    ,7.998387968186054e-12,1.2188780955667403e-11,1.2911635393622881e-11,1.2130051209911952e-11,9.42246431656992e-12,9.487878131599478e-12
RepsRanparRQMC/SumUeU-8-Sob-NUS-14-10000.dat,SumUeU,8,Sob-NUS,14,NUS,False,-1.2248044229501432e-08,1.3595253509065834e-12,0.014809273254656849,2.958362370228656,    ,1.2374322830622811e-13,1.872921754044264e-13,2.0034578872771628e-13,1.9412835087914e-13,1.4783106646548757e-13,1.508760661800211e-13
RepsRanparRQMC/SumUeU-8-Sob-NUS-16-10000.dat,SumUeU,8,Sob-NUS,16,NUS,False,-2.477469450301584e-09,2.1143604497444122e-14,-0.018531630228532398,3.015738770014085,    ,1.928283718281189e-15,2.8674139397273254e-15,3.05003060697473e-15,2.9225291148035203e-15,2.2544021141561986e-15,2.27078096749174e-15
RepsFixedparRQMC/SumUeU-16-Lat-RS-6-10000.dat,SumUeU,16,Lat,6,RS,False,-0.00016728260690733113,0.0024607996897356562,-0.022755261269879545,2.9781207184393703,    ,0.00022373704617381518,0.00034298678522791154,0.00036308969694954585,0.00034910926601429935,0.00026506269520174485,0.0002717500220303726
RepsFixedparRQMC/SumUeU-16-Lat-RSB-6-10000.dat,SumUeU,16,Lat,6,RS,True,-2.9345324048826174e-07,4.232605347763251e-07,0.12467569701843062,2.877745026594075,    ,3.8478316549015724e-08,5.8367017417247223e-08,6.23380406855532e-08,6.019379904575446e-08,4.58571782315204e-08,4.661430025402625e-08
RepsFixedparRQMC/SumUeU-16-Lat-RS-8-10000.dat,SumUeU,16,Lat,8,RS,False,-7.923387729777325e-05,0.00014977738042494084,0.03232885446707954,2.9335043579119526,    ,1.3622403500488079e-05,2.0703637642783902e-05,2.1959289211840218e-05,2.1377418055304654e-05,1.6552785443526923e-05,1.6629314267863516e-05
RepsFixedparRQMC/SumUeU-16-Lat-RSB-8-10000.dat,SumUeU,16,Lat,8,RS,True,-6.325264486253701e-07,1.622938608541736e-09,0.17487589606999654,2.919020630332145,    ,1.479399632120048e-10,2.3531885275942046e-10,2.5359589096359725e-10,2.3641469161699677e-10,1.799140595655394e-10,1.8374745767426876e-10
RepsFixedparRQMC/SumUeU-16-Lat-RS-10-10000.dat,SumUeU,16,Lat,10,RS,False,-3.36903736879453e-05,9.244839190168837e-06,-0.02183418675363708,2.9392618220132603,    ,8.415749676582187e-07,1.2963218614913852e-06,1.3796716095000914e-06,1.3302622297060582e-06,1.0096265218636443e-06,1.0322441284078784e-06
RepsFixedparRQMC/SumUeU-16-Lat-RSB-10-10000.dat,SumUeU,16,Lat,10,RS,True,-3.105070825029088e-08,6.434378546949764e-12,0.17325408728125022,2.966991796503121,    ,5.859076507510051e-13,9.256746463740056e-13,9.880571880018055e-13,9.044093242406883e-13,6.988658611385534e-13,7.049206276504877e-13
RepsFixedparRQMC/SumUeU-16-Lat-RS-12-10000.dat,SumUeU,16,Lat,12,RS,False,3.0564694104207033e-08,5.852575025898965e-07,-0.023975019466070214,2.824927612850555,    ,5.320522844237294e-08,8.204093041543419e-08,8.817292609294419e-08,8.447385701904306e-08,6.414733968742367e-08,6.537187681500181e-08
RepsFixedparRQMC/SumUeU-16-Lat-RSB-12-10000.dat,SumUeU,16,Lat,12,RS,True,4.4340026299494183e-10,2.482205835902214e-14,0.1897682209270409,2.966466215995528,    ,2.256747363704328e-15,3.478440080307705e-15,3.683734336583326e-15,3.5309186800261098e-15,2.7100812720388507e-15,2.7590743712547177e-15
RepsFixedparRQMC/SumUeU-16-Lat-RS-14-10000.dat,SumUeU,16,Lat,14,RS,False,-1.1309304585546797e-06,3.728498168329354e-08,0.009893403051182005,2.9693408362749714,    ,3.390822793092409e-09,5.198816291429971e-09,5.514857878279029e-09,5.237749769865422e-09,4.002805974372271e-09,4.091174498117137e-09
RepsFixedparRQMC/SumUeU-16-Lat-RSB-14-10000.dat,SumUeU,16,Lat,14,RS,True,-3.605830301012247e-11,9.471289119364937e-17,0.15123441393516393,2.9845642308261158,    ,8.611563037002277e-18,1.3287834554635676e-17,1.4251291888615957e-17,1.3460199380591428e-17,1.0419729849076468e-17,1.0520522790571265e-17
RepsFixedparRQMC/SumUeU-16-Lat-RS-16-10000.dat,SumUeU,16,Lat,16,RS,False,-9.235327125670878e-07,2.2866447010943717e-09,0.0160477913601971,2.9543729025314898,    ,2.0872970367976074e-10,3.2188032987560114e-10,3.4140002433064083e-10,3.2447844702801717e-10,2.496239051357964e-10,2.5312017734399034e-10
RepsFixedparRQMC/SumUeU-16-Lat-RSB-16-10000.dat,SumUeU,16,Lat,16,RS,True,1.135569149823823e-12,3.771117359237072e-19,0.13178745932516375,2.890258392495588,    ,3.428417460126741e-20,5.3087349809979114e-20,5.671604354233905e-20,5.257591450793842e-20,4.134996234192961e-20,4.1334043976414334e-20
RepsRanparRQMC/SumUeU-16-Lat-Rp-RS-6-10000.dat,SumUeU,16,Lat-Rp,6,RS,False,-3.4673934631934954e-05,0.004584392891297936,-0.00630142077541574,3.210525218548738,    ,0.00041676419239973706,0.000608776714604646,0.0006396263566330294,0.0006166752793420172,0.0004886099560279724,0.0004851447523124991
RepsRanparRQMC/SumUeU-16-Lat-Rp-RSB-6-10000.dat,SumUeU,16,Lat-Rp,6,RS,True,2.9301919071523486e-05,3.3247544984936053e-06,0.07276384597927871,4.053083537648423,    ,3.0310901141523824e-07,3.5689819568871507e-07,3.6131709769032186e-07,3.844277181446614e-07,3.243414460250871e-07,3.181190516956745e-07
RepsRanparRQMC/SumUeU-16-Lat-Rp-RS-8-10000.dat,SumUeU,16,Lat-Rp,8,RS,False,-0.00010340522480390782,0.0003130443484543099,0.013382878973305668,3.4087358772101646,    ,2.846926977272674e-05,3.9911436431743776e-05,4.1649558295712856e-05,4.091492028546602e-05,3.246346816903306e-05,3.260229460450058e-05
RepsRanparRQMC/SumUeU-16-Lat-Rp-RSB-8-10000.dat,SumUeU,16,Lat-Rp,8,RS,True,1.8113235765490289e-06,1.6295199164361243e-08,0.15965261898689714,5.019839520459784,    ,1.4846626353136207e-09,1.5059812782331219e-09,1.514111652728873e-09,1.6509591590325637e-09,1.4616495230211272e-09,1.395571741844202e-09
RepsRanparRQMC/SumUeU-16-Lat-Rp-RS-10-10000.dat,SumUeU,16,Lat-Rp,10,RS,False,9.782722798176379e-07,1.809426769385304e-05,0.008718728095771691,3.325261911033252,    ,1.6449343837305661e-06,2.2861475255409397e-06,2.422281419073497e-06,2.3836011291641703e-06,1.8515748253041458e-06,1.8853515764774838e-06
RepsRanparRQMC/SumUeU-16-Lat-Rp-RSB-10-10000.dat,SumUeU,16,Lat-Rp,10,RS,True,-1.6145598864447662e-08,5.94891833833767e-11,0.1487388438525202,4.685146405636591,    ,5.408368260669664e-12,5.695973908172115e-12,5.668985148194405e-12,6.1651492524296744e-12,5.4628948900466055e-12,5.192676349106307e-12
RepsRanparRQMC/SumUeU-16-Lat-Rp-RS-12-10000.dat,SumUeU,16,Lat-Rp,12,RS,False,2.2414618645507643e-06,1.1875547244774752e-06,-0.015220979640300013,3.4058647402705793,    ,1.0796454455833343e-07,1.467163187559466e-07,1.5345471817217295e-07,1.4967989488995638e-07,1.2314973183606706e-07,1.208138114226485e-07
RepsRanparRQMC/SumUeU-16-Lat-Rp-RSB-12-10000.dat,SumUeU,16,Lat-Rp,12,RS,True,5.127761490086869e-09,2.5338779891938833e-13,0.26514822995797105,5.264952450336188,    ,2.3061548385116338e-14,2.3841572461622725e-14,2.3896679082740357e-14,2.5949724306117577e-14,2.306462181572478e-14,2.202188322790629e-14
RepsRanparRQMC/SumUeU-16-Lat-Rp-RS-14-10000.dat,SumUeU,16,Lat-Rp,14,RS,False,1.2723257628289631e-06,7.547865183511521e-08,-0.00612650717489534,3.429628469919004,    ,6.863314434220868e-09,9.836457452124056e-09,1.028152194114177e-08,9.928490693396694e-09,7.681577431999024e-09,7.824815642915945e-09
RepsRanparRQMC/SumUeU-16-Lat-Rp-RSB-14-10000.dat,SumUeU,16,Lat-Rp,14,RS,True,1.516845561155833e-10,9.77110855164248e-16,0.171138007906838,5.027009068655951,    ,8.885126776495016e-17,8.803055321927623e-17,8.811530716818115e-17,9.356262448927684e-17,8.698686806367285e-17,8.029560331478322e-17
RepsRanparRQMC/SumUeU-16-Lat-Rp-RS-16-10000.dat,SumUeU,16,Lat-Rp,16,RS,False,3.8822175732029507e-07,4.7023185299563396e-09,0.03142440499948388,3.4927951571666105,    ,4.2763421885616046e-10,5.986344291506487e-10,6.262989049064172e-10,6.122496730298907e-10,4.938963416037806e-10,4.926641509159855e-10
RepsRanparRQMC/SumUeU-16-Lat-Rp-RSB-16-10000.dat,SumUeU,16,Lat-Rp,16,RS,True,-2.1841698583102697e-11,3.797475563602167e-18,0.14258868772586836,4.935476467631758,    ,3.457021110335557e-19,3.5647101179037127e-19,3.5478216522946625e-19,3.874272803339423e-19,3.517119149517429e-19,3.31234214285876e-19
RepsRanparRQMC/SumUeU-16-Lat-Rv-RS-6-10000.dat,SumUeU,16,Lat-Rv,6,RS,False,-0.0005768823674331136,0.002452620484992085,-0.014992327019662388,3.0634377060026443,    ,0.00022329829190149934,0.00033332793277105334,0.0003538803455813099,0.0003429070950621632,0.0002623831997310316,0.00026813084892220797
RepsRanparRQMC/SumUeU-16-Lat-Rv-RSB-6-10000.dat,SumUeU,16,Lat-Rv,6,RS,True,4.827285517591839e-06,4.200933880839214e-07,0.1692748188087778,2.9079088512629037,    ,3.821361069309757e-08,5.8829048055329726e-08,6.289143338467517e-08,5.8577654260961844e-08,4.596253634976535e-08,4.5616866145540114e-08
RepsRanparRQMC/SumUeU-16-Lat-Rv-RS-8-10000.dat,SumUeU,16,Lat-Rv,8,RS,False,-1.0121437735310046e-05,0.00015186755206598687,0.028307741651056106,2.9305948124362593,    ,1.3806243540409727e-05,2.089434402950301e-05,2.222360933064717e-05,2.1778984570376224e-05,1.6509169423899678e-05,1.695520754850431e-05
RepsRanparRQMC/SumUeU-16-Lat-Rv-RSB-8-10000.dat,SumUeU,16,Lat-Rv,8,RS,True,-4.293700664707245e-07,1.6382748483438443e-09,0.15764748943370702,2.9343651497509673,    ,1.4911843577614874e-10,2.257187496919116e-10,2.408524693725233e-10,2.3529325096143215e-10,1.7557295118606308e-10,1.8113589901557015e-10
RepsRanparRQMC/SumUeU-16-Lat-Rv-RS-10-10000.dat,SumUeU,16,Lat-Rv,10,RS,False,-2.488465577985597e-05,9.208764703769827e-06,-0.006909684864401037,2.8914351886588787,    ,8.377796737087207e-07,1.3088559399753582e-06,1.4009809364665442e-06,1.3312140726808718e-06,9.89159023282076e-07,1.0302902834759577e-06
RepsRanparRQMC/SumUeU-16-Lat-Rv-RSB-10-10000.dat,SumUeU,16,Lat-Rv,10,RS,True,-1.9761754976421743e-08,6.464808772588565e-12,0.17874645965424957,2.9984455428070054,    ,5.881004153768904e-13,9.286221388528922e-13,9.873761864550516e-13,9.543297460361425e-13,7.206584524856442e-13,7.427111276066448e-13
RepsRanparRQMC/SumUeU-16-Lat-Rv-RS-12-10000.dat,SumUeU,16,Lat-Rv,12,RS,False,7.368646957678138e-07,5.874484431895708e-07,-0.003972421681562759,2.856191188937787,    ,5.340494689590449e-08,8.205064306191729e-08,8.755224592059925e-08,8.305680074127608e-08,6.445469738933062e-08,6.496687082562977e-08
RepsRanparRQMC/SumUeU-16-Lat-Rv-RSB-12-10000.dat,SumUeU,16,Lat-Rv,12,RS,True,-1.6029614169355e-10,2.468602421505972e-14,0.14053006046429373,2.8815052096846987,    ,2.2442097144039255e-15,3.555888110382901e-15,3.804889114847965e-15,3.624502001113931e-15,2.7364733183501265e-15,2.805524133374351e-15
RepsRanparRQMC/SumUeU-16-Lat-Rv-RS-14-10000.dat,SumUeU,16,Lat-Rv,14,RS,False,-2.2660961243635924e-06,3.6501840652646344e-08,0.017187846634612564,2.972754313777323,    ,3.3234843418854326e-09,5.137256658849755e-09,5.425106017649871e-09,5.048760068173213e-09,3.9188710545957035e-09,3.957159366814775e-09
RepsRanparRQMC/SumUeU-16-Lat-Rv-RSB-14-10000.dat,SumUeU,16,Lat-Rv,14,RS,True,-6.491734865221587e-11,9.507549700440891e-17,0.10860747637750952,2.9519918457591334,    ,8.647441262556844e-18,1.3336208486898812e-17,1.4116931907480235e-17,1.354381495091226e-17,1.0283617123899373e-17,1.0614632276502773e-17
RepsRanparRQMC/SumUeU-16-Lat-Rv-RS-16-10000.dat,SumUeU,16,Lat-Rv,16,RS,False,-4.991315385776574e-07,2.2569575223994646e-09,0.012156297578034207,2.934712450204999,    ,2.054270888745724e-10,3.1363728958374647e-10,3.3274805464629357e-10,3.136530727827757e-10,2.4620091242475626e-10,2.475142746343892e-10
RepsRanparRQMC/SumUeU-16-Lat-Rv-RSB-16-10000.dat,SumUeU,16,Lat-Rv,16,RS,True,-4.781564300060381e-12,3.8678017884252633e-19,0.16374778302650123,2.9478719881107893,    ,3.5184697797385283e-20,5.422501575260585e-20,5.790051903137188e-20,5.488214436623352e-20,4.221627664160728e-20,4.2550762452401354e-20
RepsFixedparRQMC/SumUeU-16-Sob-DS-6-10000.dat,SumUeU,16,Sob,6,DS,False,-0.00016727248058198577,0.002460799691605897,-0.022755261269997735,2.9781207184394023,    ,0.00022373704295602343,0.00034298678021415244,0.0003630896928807317,0.0003491092676494923,0.0002650626947809007,0.00027175002295425695
RepsFixedparRQMC/SumUeU-16-Sob-DS-8-10000.dat,SumUeU,16,Sob,8,DS,False,-7.922375093898956e-05,0.00014977738053877435,0.032328854467078436,2.9335043579120073,    ,1.3622401906237783e-05,2.0703635635602277e-05,2.1959286986278943e-05,2.1377416875945875e-05,1.6552784761109313e-05,1.6629313333256737e-05
RepsFixedparRQMC/SumUeU-16-Sob-DS-10-10000.dat,SumUeU,16,Sob,10,DS,False,-3.368024731162702e-05,9.244839197196648e-06,-0.021834186753620817,2.9392618220131004,    ,8.415742860768494e-07,1.2963213608541958e-06,1.379671248655713e-06,1.3302619706705474e-06,1.009625998296802e-06,1.0322436918837199e-06
RepsFixedparRQMC/SumUeU-16-Sob-DS-12-10000.dat,SumUeU,16,Sob,12,DS,False,4.069108263653476e-08,5.852575030359998e-07,-0.023975019464097424,2.8249276128504537,    ,5.320522920449146e-08,8.204087903817107e-08,8.817288292793707e-08,8.447380211568378e-08,6.414729973399228e-08,6.537183009035519e-08
RepsFixedparRQMC/SumUeU-16-Sob-DS-14-10000.dat,SumUeU,16,Sob,14,DS,False,-1.1208040694260292e-06,3.72849817117425e-08,0.009893403030707522,2.969340836265336,    ,3.3907999937386327e-09,5.198795832828909e-09,5.514834839830117e-09,5.237729441947597e-09,4.0027909950295154e-09,4.091153371858053e-09
RepsFixedparRQMC/SumUeU-16-Sob-DS-16-10000.dat,SumUeU,16,Sob,16,DS,False,-9.134063268998461e-07,2.2866447025561855e-09,0.01604779132209067,2.9543729023220417,    ,2.0871110225949206e-10,3.2186032593840793e-10,3.41379938436828e-10,3.244550275092872e-10,2.4960207788380017e-10,2.530974366760943e-10
RepsRanparRQMC/SumUeU-16-Sob-LMS-DS-6-10000.dat,SumUeU,16,Sob-LMS,6,DS,False,-6.492308165587293e-05,4.540120327773334e-05,0.05100522014568733,4.388126549051302,    ,4.131597122689271e-06,3.526678186263968e-06,3.554223664999051e-06,4.391005350883492e-06,4.174106025698034e-06,3.8088273396639824e-06
RepsRanparRQMC/SumUeU-16-Sob-LMS-DS-8-10000.dat,SumUeU,16,Sob-LMS,8,DS,False,-1.4311560987021465e-05,7.018027378287937e-07,-0.14174882235156203,9.308624578866494,    ,6.400506967141192e-08,9.143372510300587e-09,8.67652427219497e-09,2.5414840437941357e-08,3.9864776806028335e-08,2.714678778995184e-08
RepsRanparRQMC/SumUeU-16-Sob-LMS-DS-10-10000.dat,SumUeU,16,Sob-LMS,10,DS,False,1.7622615486274213e-07,1.1889902772345117e-08,0.0034545483209997624,27.74295488441333,    ,1.0809313076890319e-09,1.0323859534678948e-11,1.0413663841713656e-11,8.653854698623453e-11,3.081236143519594e-10,1.1443241950785649e-10
RepsRanparRQMC/SumUeU-16-Sob-LMS-DS-12-10000.dat,SumUeU,16,Sob-LMS,12,DS,False,2.1679955309685515e-07,1.827938413787435e-10,1.1475542429470313,99.61531114923048,    ,1.6664623989745133e-11,2.4877432476198e-15,3.652739843040945e-15,1.2954130705518497e-13,1.5426665927284467e-12,1.7769689708585797e-13
RepsRanparRQMC/SumUeU-16-Sob-LMS-DS-14-10000.dat,SumUeU,16,Sob-LMS,14,DS,False,3.7077005384178854e-08,2.4994870202109952e-12,8.373099609951776,419.77028361812387,    ,2.2860079707471253e-13,3.62021389978493e-19,1.0300622426658654e-18,9.0992916043926e-17,7.282834809655671e-15,1.4396224203070048e-16
RepsRanparRQMC/SumUeU-16-Sob-LMS-DS-16-10000.dat,SumUeU,16,Sob-LMS,16,DS,False,1.0049426952672403e-09,4.8837270221912817e-14,10.993249595257298,1559.2396747146665,    ,4.4407617481764814e-15,3.9539317459478555e-24,1.2705047642541776e-22,1.3739311468293559e-19,6.353114003578553e-17,1.1927866743389205e-19
RepsRanparRQMC/SumUeU-16-Sob-NUS-6-10000.dat,SumUeU,16,Sob-NUS,6,NUS,False,-7.520778965945851e-06,4.671385668279503e-05,0.029317813705884155,3.0597649345723013,    ,4.246770806006712e-06,6.341044795502173e-06,6.7096845310296404e-06,6.462289460104952e-06,5.006083180627587e-06,5.085139350799904e-06
RepsRanparRQMC/SumUeU-16-Sob-NUS-8-10000.dat,SumUeU,16,Sob-NUS,8,NUS,False,-1.1233087155085463e-05,7.126981612429852e-07,0.033722139217130284,3.0153297646705015,    ,6.491692417821421e-08,9.880689710841381e-08,1.053297477784401e-07,1.0170964556967659e-07,7.914718690243077e-08,8.015955017175878e-08
RepsRanparRQMC/SumUeU-16-Sob-NUS-10-10000.dat,SumUeU,16,Sob-NUS,10,NUS,False,-4.172034563806548e-07,1.109241723999492e-08,0.03963760130538449,2.954410761773881,    ,1.0085756259962815e-09,1.5745948822635664e-09,1.6699338303240027e-09,1.5506584858033447e-09,1.2012101797822054e-09,1.2163387571440922e-09
RepsRanparRQMC/SumUeU-16-Sob-NUS-12-10000.dat,SumUeU,16,Sob-NUS,12,NUS,False,-2.3002353972216837e-07,1.73146837538292e-10,0.020925320618333566,2.9299196680747444,    ,1.5793532423216496e-11,2.4310681474008803e-11,2.5959312605135532e-11,2.4518470675644167e-11,1.8880993616434578e-11,1.917840428947496e-11
RepsRanparRQMC/SumUeU-16-Sob-NUS-14-10000.dat,SumUeU,16,Sob-NUS,14,NUS,False,-1.1324484646557664e-08,2.7042945839183308e-12,0.004161458014299082,2.8911412651777386,    ,2.459732061269038e-13,3.792809271631098e-13,4.040996006551287e-13,3.950325207900154e-13,2.940539591873017e-13,3.0404176442552964e-13
RepsRanparRQMC/SumUeU-16-Sob-NUS-16-10000.dat,SumUeU,16,Sob-NUS,16,NUS,False,-5.755830816234209e-09,4.312406044347971e-14,0.024912045723436194,3.015615555081938,    ,3.95349871961054e-15,5.9466963344585346e-15,6.3065393860049585e-15,5.9418429236432135e-15,4.645399863938104e-15,4.663924252206107e-15
RepsFixedparRQMC/SumUeU-32-Lat-RS-6-10000.dat,SumUeU,32,Lat,6,RS,False,-0.00038543932544958255,0.004892405916751163,-0.02603799946045018,3.0521274753016625,    ,0.0004449127377237087,0.0006514247375375808,0.0006875282515336877,0.0006673657541283763,0.0005202372752221642,0.0005258933636815742
RepsFixedparRQMC/SumUeU-32-Lat-RSB-6-10000.dat,SumUeU,32,Lat,6,RS,True,1.4990409803452565e-06,8.294703303864937e-07,0.1138425386189617,2.956115856832589,    ,7.540864079536018e-08,1.1499120719381195e-07,1.2236891988372281e-07,1.1686132542227769e-07,9.076386256503677e-08,9.139448241226044e-08
RepsFixedparRQMC/SumUeU-32-Lat-RS-8-10000.dat,SumUeU,32,Lat,8,RS,False,3.337720458503455e-05,0.00030075141950812234,-0.036476731335491556,3.043463211831263,    ,2.7342152174887942e-05,4.1897186843842273e-05,4.441933361688959e-05,4.312366896323082e-05,3.281076997359018e-05,3.384249303909649e-05
RepsFixedparRQMC/SumUeU-32-Lat-RSB-8-10000.dat,SumUeU,32,Lat,8,RS,True,-9.177431833112593e-07,3.28362040268725e-09,0.08763666952780823,2.8169910361556294,    ,2.993531982493552e-10,4.72093758629285e-10,5.071707903538127e-10,4.755195589319884e-10,3.5582634693198574e-10,3.670840466551945e-10
RepsFixedparRQMC/SumUeU-32-Lat-RS-10-10000.dat,SumUeU,32,Lat,10,RS,False,-3.860865482858742e-05,1.8479526999966795e-05,-0.06056770898315698,2.959959182628272,    ,1.6814476282246542e-06,2.6037430554788592e-06,2.7600806105869733e-06,2.650320148086659e-06,2.005192068020483e-06,2.0601691545469176e-06
RepsFixedparRQMC/SumUeU-32-Lat-RSB-10-10000.dat,SumUeU,32,Lat,10,RS,True,-4.3961289742355804e-08,1.2982422474151631e-11,0.16846861645252653,3.016296382915675,    ,1.182152819918687e-12,1.7894980369438819e-12,1.918257336129879e-12,1.8472539977336246e-12,1.4307158835786576e-12,1.4503977948031939e-12
RepsFixedparRQMC/SumUeU-32-Lat-RS-12-10000.dat,SumUeU,32,Lat,12,RS,False,-3.8228248711416054e-06,1.1736209470227646e-06,-0.03748365612611242,2.93390929753166,    ,1.067074273557013e-07,1.611180168435188e-07,1.7148980005480213e-07,1.6423566455235893e-07,1.2628402654250545e-07,1.2816425591717827e-07
RepsFixedparRQMC/SumUeU-32-Lat-RSB-12-10000.dat,SumUeU,32,Lat,12,RS,True,-2.1935536942407907e-10,5.030088513955952e-14,0.11649369892911952,2.9346099955317047,    ,4.572855856738051e-15,7.0269722335471575e-15,7.477213251065183e-15,7.101947725643146e-15,5.4936826464869106e-15,5.550090119485074e-15
RepsFixedparRQMC/SumUeU-32-Lat-RS-14-10000.dat,SumUeU,32,Lat,14,RS,False,-1.583019662274765e-06,7.316005544917685e-08,-0.004701950866755431,2.9439599811104302,    ,6.653420082994498e-09,1.0009708236214635e-08,1.0670388608228332e-08,9.876758777537263e-09,7.725647033878874e-09,7.731249835516692e-09
RepsFixedparRQMC/SumUeU-32-Lat-RSB-14-10000.dat,SumUeU,32,Lat,14,RS,True,-1.7929335065502982e-10,1.9491468798741555e-16,0.10351636539244935,2.9654215067674494,    ,1.7751663195354157e-17,2.757001958337611e-17,2.9269648752886486e-17,2.783476746012804e-17,2.1252577693484455e-17,2.172774238856153e-17
RepsFixedparRQMC/SumUeU-32-Lat-RS-16-10000.dat,SumUeU,32,Lat,16,RS,False,-1.1723445369881346e-06,4.5808591918599766e-09,-0.005238951008937562,2.9071092640259435,    ,4.1781613642794923e-10,6.588452434435196e-10,7.015051820082876e-10,6.579028305734827e-10,5.013823502174335e-10,5.154068301643644e-10
RepsFixedparRQMC/SumUeU-32-Lat-RSB-16-10000.dat,SumUeU,32,Lat,16,RS,True,4.723582236465518e-12,7.449131323381353e-19,0.09312816735295529,2.9315994128702925,    ,6.774168789624786e-20,1.056715740675617e-19,1.1311092309456108e-19,1.0744941125938704e-19,8.150547356055304e-20,8.340148941203612e-20
RepsRanparRQMC/SumUeU-32-Lat-Rp-RS-6-10000.dat,SumUeU,32,Lat-Rp,6,RS,False,0.00013176175358196787,0.009012868310321893,-0.020619671969743025,3.2513694142028253,    ,0.0008193690257344246,0.001145202826831912,0.0012099516852770202,0.0011788672678671639,0.0009307604431012002,0.0009375078440269687
RepsRanparRQMC/SumUeU-32-Lat-Rp-RSB-6-10000.dat,SumUeU,32,Lat-Rp,6,RS,True,-4.043469406048459e-05,6.747787777003515e-06,0.12986861723780102,4.446175401273338,    ,6.1507021693863e-07,6.810770175577581e-07,6.862750920604728e-07,7.356382084066674e-07,6.400873466657629e-07,6.129279041180235e-07
RepsRanparRQMC/SumUeU-32-Lat-Rp-RS-8-10000.dat,SumUeU,32,Lat-Rp,8,RS,False,9.431042960529438e-05,0.000606662527674606,-0.010833297764188088,3.4309976775946174,    ,5.516003333664197e-05,7.571038028764218e-05,7.882906101559e-05,7.825320388952798e-05,6.277611836585443e-05,6.246993644150823e-05
RepsRanparRQMC/SumUeU-32-Lat-Rp-RSB-8-10000.dat,SumUeU,32,Lat-Rp,8,RS,True,-1.8273834266793188e-07,3.175727033597195e-08,0.1158941997136448,4.616680280595852,    ,2.887057969299331e-09,3.0018493996119937e-09,3.0194158554839194e-09,3.33122745817022e-09,2.9502772093665472e-09,2.797391728598967e-09
RepsRanparRQMC/SumUeU-32-Lat-Rp-RS-10-10000.dat,SumUeU,32,Lat-Rp,10,RS,False,1.0887829580375907e-05,3.614452142513713e-05,-0.026500346387001328,3.4099283865501935,    ,3.285984128936347e-06,4.618219728317001e-06,4.838108021855554e-06,4.687576835122299e-06,3.7872963262275196e-06,3.7508985176976815e-06
RepsRanparRQMC/SumUeU-32-Lat-Rp-RSB-10-10000.dat,SumUeU,32,Lat-Rp,10,RS,True,-1.0002686745735901e-07,1.1617270876081484e-10,0.012021700592351702,4.586773034706281,    ,1.0571160716105591e-11,1.1535774210984695e-11,1.1523373263503581e-11,1.250115534414641e-11,1.0962069957872956e-11,1.0508127016910146e-11
RepsRanparRQMC/SumUeU-32-Lat-Rp-RS-12-10000.dat,SumUeU,32,Lat-Rp,12,RS,False,-6.462345355160437e-06,2.398029270487641e-06,-0.01541434218435255,3.3434530959465683,    ,2.1804442286091128e-07,3.0578981263007837e-07,3.190787752212137e-07,3.148861867071095e-07,2.4603020147424695e-07,2.4857633795888954e-07
RepsRanparRQMC/SumUeU-32-Lat-Rp-RSB-12-10000.dat,SumUeU,32,Lat-Rp,12,RS,True,2.1500069077973196e-09,4.748414450647475e-13,0.052853936849676895,5.048509993355424,    ,4.3172026626498805e-14,4.277713849718336e-14,4.2887003045740166e-14,4.841099992794381e-14,4.260481142273754e-14,4.058651647199652e-14
RepsRanparRQMC/SumUeU-32-Lat-Rp-RS-14-10000.dat,SumUeU,32,Lat-Rp,14,RS,False,-2.7228875139361007e-06,1.4746700567952088e-07,0.02134888334152369,3.383227016467673,    ,1.3413505541824538e-08,1.8239022175746994e-08,1.9017298667937346e-08,1.8955263007630167e-08,1.5105797279941115e-08,1.5201397597476155e-08
RepsRanparRQMC/SumUeU-32-Lat-Rp-RSB-14-10000.dat,SumUeU,32,Lat-Rp,14,RS,True,-3.1017739630101457e-10,1.8558568584052876e-15,0.19001862770654673,4.86391701052469,    ,1.6881046987220223e-16,1.7164615183607355e-16,1.7207535984575772e-16,1.9414883045422579e-16,1.712360923911755e-16,1.6318477806656367e-16
RepsRanparRQMC/SumUeU-32-Lat-Rp-RS-16-10000.dat,SumUeU,32,Lat-Rp,16,RS,False,1.202195578176557e-06,9.257781823135619e-09,0.012710991064950942,3.3952823835475425,    ,8.430618035841525e-10,1.155432647225886e-09,1.2071205751519256e-09,1.2077262307541036e-09,9.676549404065255e-10,9.603514752971613e-10
RepsRanparRQMC/SumUeU-32-Lat-Rp-RSB-16-10000.dat,SumUeU,32,Lat-Rp,16,RS,True,7.8300139705334e-12,7.565108731925348e-18,0.08111965324086433,4.792815554344344,    ,6.877984665665376e-19,6.885074994863916e-19,6.899875882216151e-19,7.731602006905813e-19,6.687089835452525e-19,6.4537965793197e-19
RepsRanparRQMC/SumUeU-32-Lat-Rv-RS-6-10000.dat,SumUeU,32,Lat-Rv,6,RS,False,-0.0006940362400005985,0.004891864403153436,0.022586574000318937,2.970719604439136,    ,0.00044519663204365566,0.0006846147766462029,0.000727923779058667,0.0007060689178974427,0.0005495403982507929,0.0005520184276829544
RepsRanparRQMC/SumUeU-32-Lat-Rv-RSB-6-10000.dat,SumUeU,32,Lat-Rv,6,RS,True,4.7932274102318924e-06,8.232329840687197e-07,0.16839447421924605,3.054907176563432,    ,7.486233721707163e-08,1.1360610058939905e-07,1.205094163194268e-07,1.1548971217137783e-07,8.649139287303828e-08,8.852686236008571e-08
RepsRanparRQMC/SumUeU-32-Lat-Rv-RS-8-10000.dat,SumUeU,32,Lat-Rv,8,RS,False,6.998529809633389e-05,0.00029856941460372087,-0.028294359550014345,2.9943358554149864,    ,2.7147571996833348e-05,4.0984453730347964e-05,4.35129974209582e-05,4.1033809728673034e-05,3.226118936175505e-05,3.230187599971424e-05
RepsRanparRQMC/SumUeU-32-Lat-Rv-RSB-8-10000.dat,SumUeU,32,Lat-Rv,8,RS,True,-1.3919542018566488e-06,3.320735247862378e-09,0.09341170852911865,2.882309235201639,    ,3.038225590330098e-10,4.712923918274725e-10,5.060309753407921e-10,4.717658161959212e-10,3.6209891697280864e-10,3.6494806768254314e-10
RepsRanparRQMC/SumUeU-32-Lat-Rv-RS-10-10000.dat,SumUeU,32,Lat-Rv,10,RS,False,-2.045121044077156e-05,1.894965897100281e-05,-0.039763775556164234,2.98610213616445,    ,1.7231145220996573e-06,2.5493184041067483e-06,2.706327330274727e-06,2.553632420505928e-06,2.01238345489153e-06,2.0153827230186495e-06
RepsRanparRQMC/SumUeU-32-Lat-Rv-RSB-10-10000.dat,SumUeU,32,Lat-Rv,10,RS,True,7.268318448439004e-09,1.2729700996325004e-11,0.12724058107455716,2.95887830960665,    ,1.1572983735735228e-12,1.7592065973137013e-12,1.870720967237844e-12,1.7578299236736332e-12,1.400134419579594e-12,1.388242386166014e-12
RepsRanparRQMC/SumUeU-32-Lat-Rv-RS-12-10000.dat,SumUeU,32,Lat-Rv,12,RS,False,5.761489519953855e-06,1.1700763244079075e-06,-0.021048934368593133,2.9165374177795464,    ,1.0640376970766195e-07,1.633670511208208e-07,1.736801941738387e-07,1.640139091848959e-07,1.2708997115327809e-07,1.2835250557678517e-07
RepsRanparRQMC/SumUeU-32-Lat-Rv-RSB-12-10000.dat,SumUeU,32,Lat-Rv,12,RS,True,2.4725459784491476e-09,4.946463700103775e-14,0.09941890848959609,2.928733134725287,    ,4.5028986655280675e-15,6.949581777444388e-15,7.445013021992599e-15,7.103185707379576e-15,5.473425807021409e-15,5.530796540716767e-15
RepsRanparRQMC/SumUeU-32-Lat-Rv-RS-14-10000.dat,SumUeU,32,Lat-Rv,14,RS,False,4.683091998739286e-07,7.423064042255639e-08,-0.01884522435063041,2.8873715527382906,    ,6.748459351920904e-09,1.0334105549981054e-08,1.10773143623113e-08,1.0583534331512194e-08,8.057184110766134e-09,8.257257321411964e-09
RepsRanparRQMC/SumUeU-32-Lat-Rv-RSB-14-10000.dat,SumUeU,32,Lat-Rv,14,RS,True,-3.629299705210087e-11,1.9439974199971059e-16,0.07834650510452885,2.9235110325015965,    ,1.767402099979053e-17,2.7569027365804123e-17,2.931945877362228e-17,2.781594704702186e-17,2.1549886792574397e-17,2.173048688973793e-17
RepsRanparRQMC/SumUeU-32-Lat-Rv-RS-16-10000.dat,SumUeU,32,Lat-Rv,16,RS,False,-8.506703970777352e-07,4.579078934306168e-09,0.029473369100242845,2.898036834108622,    ,4.170035432432069e-10,6.440636630879512e-10,6.847125704726629e-10,6.438148648378557e-10,4.941396515205215e-10,5.021163298431289e-10
RepsRanparRQMC/SumUeU-32-Lat-Rv-RSB-16-10000.dat,SumUeU,32,Lat-Rv,16,RS,True,7.375596311476329e-12,7.540390559757313e-19,0.11351691156072619,2.9085063497041146,    ,6.86034045096527e-20,1.0833869621347106e-19,1.151474361607902e-19,1.0767546922806087e-19,8.212401457618815e-20,8.356131856767376e-20
RepsFixedparRQMC/SumUeU-32-Sob-DS-6-10000.dat,SumUeU,32,Sob,6,DS,False,-0.0003854190728181777,0.004892405920469479,-0.026037999460552495,3.052127475301692,    ,0.0004449127224498265,0.000651424719230564,0.000687528235508323,0.0006673657335855492,0.0005202372522287881,0.0005258933391179791
RepsFixedparRQMC/SumUeU-32-Sob-DS-8-10000.dat,SumUeU,32,Sob,8,DS,False,3.3397457375566476e-05,0.0003007514197367005,-0.03647673133552141,3.0434632118312304,    ,2.734215354804102e-05,4.1897191616507914e-05,4.441933985995226e-05,4.312367297238384e-05,3.2810771933415714e-05,3.384249531018912e-05
RepsFixedparRQMC/SumUeU-32-Sob-DS-10-10000.dat,SumUeU,32,Sob,10,DS,False,-3.85884020651595e-05,1.8479527014005512e-05,-0.06056770898334327,2.959959182629493,    ,1.6814460660471708e-06,2.6037435142957892e-06,2.7600812901992477e-06,2.650320775166742e-06,2.005191950715764e-06,2.0601693061741847e-06
RepsFixedparRQMC/SumUeU-32-Sob-DS-12-10000.dat,SumUeU,32,Sob,12,DS,False,-3.8025720939252494e-06,1.1736209479156527e-06,-0.037483656127310715,2.9339092975317422,    ,1.0670727300140702e-07,1.611179657818144e-07,1.7148982113975453e-07,1.64235838118273e-07,1.2628398192024818e-07,1.2816430509871492e-07
RepsFixedparRQMC/SumUeU-32-Sob-DS-14-10000.dat,SumUeU,32,Sob,14,DS,False,-1.5627668833257502e-06,7.31600555049797e-08,-0.004701950879036528,2.9439599810695203,    ,6.6533563771479556e-09,1.0009591884494816e-08,1.0670266482090057e-08,9.8766609570014e-09,7.725567151215495e-09,7.731158367059214e-09
RepsFixedparRQMC/SumUeU-32-Sob-DS-16-10000.dat,SumUeU,32,Sob,16,DS,False,-1.1520917575658985e-06,4.5808591952975316e-09,-0.0052389510281909,2.907109264565665,    ,4.177690604448996e-10,6.587993660194629e-10,7.014583603569184e-10,6.578579518277451e-10,5.013386955520511e-10,5.153616706805473e-10
RepsRanparRQMC/SumUeU-32-Sob-LMS-DS-6-10000.dat,SumUeU,32,Sob-LMS,6,DS,False,4.659454336414761e-05,9.338974787309056e-05,0.012746473161385679,3.689996705501968,    ,8.492148130843183e-06,9.902879303902098e-06,1.0157178814028755e-05,1.0954351705262243e-05,9.34497415009681e-06,9.046160590577777e-06
RepsRanparRQMC/SumUeU-32-Sob-LMS-DS-8-10000.dat,SumUeU,32,Sob-LMS,8,DS,False,6.740909919119176e-06,1.4685561533016944e-06,-0.11028847983726578,6.339269755466798,    ,1.3355054471214628e-07,5.350224498337817e-08,5.157986281094527e-08,9.411165692307578e-08,1.1347021680263327e-07,9.139009713211857e-08
RepsRanparRQMC/SumUeU-32-Sob-LMS-DS-10-10000.dat,SumUeU,32,Sob-LMS,10,DS,False,7.481096227493403e-07,2.4555513520354904e-08,-0.282459234449147,16.90020782942352,    ,2.232879078949005e-09,7.376568134134908e-11,7.535111976840044e-11,3.771329322806443e-10,9.303859084911621e-10,4.529236502115533e-10
RepsRanparRQMC/SumUeU-32-Sob-LMS-DS-12-10000.dat,SumUeU,32,Sob-LMS,12,DS,False,1.892264045947894e-07,3.566845357852601e-10,-0.026003483662359574,52.78952147013023,    ,3.2461673521764974e-11,3.5331929061775274e-14,5.258488706515644e-14,9.2288411956429e-13,5.930274811628466e-12,1.2146708194598734e-12
RepsRanparRQMC/SumUeU-32-Sob-LMS-DS-14-10000.dat,SumUeU,32,Sob-LMS,14,DS,False,-2.402972670901088e-08,5.849273097154122e-12,-2.047860495048571,205.4069962596767,    ,5.323295275069936e-13,5.736917028271201e-18,1.3632917659157002e-17,9.940413315560177e-16,2.661658943941908e-14,1.966983720871169e-15
RepsRanparRQMC/SumUeU-32-Sob-LMS-DS-16-10000.dat,SumUeU,32,Sob-LMS,16,DS,False,-9.45321901152967e-10,1.195304281953268e-13,1.4575984757280043,748.2668244215645,    ,1.0867296196708328e-14,2.7636150353836498e-22,7.400773833971821e-21,9.10324874612139e-19,4.3819981267213444e-17,7.164467759654711e-19
RepsRanparRQMC/SumUeU-32-Sob-NUS-6-10000.dat,SumUeU,32,Sob-NUS,6,NUS,False,-8.067978128213689e-05,9.117899794536855e-05,0.009343101959611588,3.0997505928361666,    ,8.295509040323056e-06,1.211826230317182e-05,1.2875512033020604e-05,1.250905863468733e-05,9.767973160394403e-06,9.950875098739112e-06
RepsRanparRQMC/SumUeU-32-Sob-NUS-8-10000.dat,SumUeU,32,Sob-NUS,8,NUS,False,-1.2298779414441441e-05,1.4242715703167936e-06,-0.007410592483725652,2.929504858305887,    ,1.2963049364024814e-07,2.0767506273051054e-07,2.1957820087089402e-07,2.0496600903069035e-07,1.5742276457379797e-07,1.603782635005605e-07
RepsRanparRQMC/SumUeU-32-Sob-NUS-10-10000.dat,SumUeU,32,Sob-NUS,10,NUS,False,-4.2697784007614813e-07,2.2551442865092044e-08,-0.0015680532849922395,3.073276163968772,    ,2.050313479629738e-09,3.0686460278221237e-09,3.2540872432865143e-09,3.1786395654123894e-09,2.463341339087849e-09,2.4850860270850913e-09
RepsRanparRQMC/SumUeU-32-Sob-NUS-12-10000.dat,SumUeU,32,Sob-NUS,12,NUS,False,-6.708943493762831e-08,3.4569729773548344e-10,-0.015137059147549859,2.9415550176922682,    ,3.1431528059142385e-11,4.5803051671885895e-11,4.8702758971229805e-11,4.7431758451479086e-11,3.664965357223834e-11,3.698579277365161e-11
RepsRanparRQMC/SumUeU-32-Sob-NUS-14-10000.dat,SumUeU,32,Sob-NUS,14,NUS,False,-2.6981199855669046e-08,5.513155479931425e-12,-0.026775255553907883,2.9092006123434677,    ,5.019239378666901e-13,7.792596133484878e-13,8.300278348324052e-13,7.696693969208886e-13,5.997451508034329e-13,6.023548582693008e-13
RepsRanparRQMC/SumUeU-32-Sob-NUS-16-10000.dat,SumUeU,32,Sob-NUS,16,NUS,False,-1.7611941149198174e-08,8.541923004288531e-14,0.011990498761966124,3.002273187345999,    ,8.07556502039603e-15,1.2065255737224604e-14,1.2744048606519283e-14,1.2134581988537057e-14,9.557490213710798e-15,9.594011450742631e-15
